sex pc1 pc2 pc3 pc4 cc p_geno rsid.19.49206674.G.A.rec bld_grp O_nonO lewis_neg
M -0.00955887 -0.0040393 -0.0083711 -0.00503443 0 control 0 A 1 1
M 0.0197032 -0.00771831 -0.015711 0.000627824 0 [8] 0 B 0 0
F 0.0035372 0.00514168 0.02251 0.0449152 0 control 0.716 A 1 1
M -0.034475 0.00041385 0.0017357 0.00857797 0 [8] 0.026 B 1 0
M 0.0148377 -0.00200469 -0.00389311 0.00234934 1 control 0.986 A 1 0
M 0.0102302 -0.000641671 -0.0142158 -0.0103182 1 control 0 B 0 0
M 0.0401306 0.000570076 0.000771781 -0.00388878 0 [8] 0 O 0 0
M 0.0338442 -0.00493637 0.0297326 -0.0159272 0 [4] 0 O 0 0
M 0.000510236 0.000885009 -0.0163156 0.0283208 0 control 0 A 0 0
M -0.00593309 -0.00592374 0.0336836 0.00741344 1 [8] 0 A 1 0
F 0.0256745 -0.0123135 -0.00855489 -0.0122435 0 control 0.225 O 0 0
F 0.0401029 -0.0052806 -0.0267643 -0.0192059 0 control 0 O 1 1
M 0.026843 -0.00389123 -0.00607073 -0.0424558 0 control 0.001 O 1 0
F 0.0543135 0.0126955 -0.0105633 -0.0383389 0 [8] 0 B 1 1
M -0.058582 -0.00387553 -0.0149852 -0.00267688 0 control 0.003 O 1 0
F -0.0298862 -0.00979649 -0.015516 0.0898278 0 [8] 0 O 1 0
M -0.0218657 -0.007626 -0.0226523 -0.016867 0 control 0 B 0 0
F 0.00892144 0.00167112 -0.0136649 -0.02712 0 control 0.025 O 0 0
M -0.00217356 -0.00955323 -0.00695335 -0.00441082 1 [8] 0 O 1 1
F -0.0475058 -0.00799412 -0.000935176 0.00575558 0 control 0.064 O 1 0
F -0.0145526 -0.0126563 -0.0137011 0.0249609 0 control 0.15 AB 1 0
F -0.00114493 0.00735148 1.79e-05 0.0471907 0 control 0 A 0 1
M -0.0401538 0.00493101 -0.0117127 0.0449937 0 control 0 A 1 0
F 0.0238374 -0.0111079 -0.0330952 -0.00370196 0 control 0 O 0 0
F 0.00128026 0.00336013 0.0142448 -0.0108411 0 control 0.001 B 1 0
F 0.0274872 -0.00371389 -0.00578537 0.00743194 1 control 0 A 0 0
M 0.0403991 -0.00974525 0.000552659 0.0550828 1 control 0 A 0 0
F 0.0364625 -0.00634843 0.0025766 0.0028559 0 [4] 0 A 1 1
F -0.0419539 -0.001864 -0.0109322 0.00631135 1 [8] 0.994 AB 0 0
F -0.0245673 -0.00703322 -0.00370862 -0.00135849 0 control 0.889 O 1 0
F 0.0209442 -0.00847649 -0.0258116 0.00548933 0 [8] 0 O 1 1
M -0.0126608 -0.00327552 0.0114112 0.0278754 0 control 0.072 B 1 0
M 0.0380659 -0.00179275 -0.0161014 0.00251306 0 control 0 O 0 0
M -0.0454201 0.00889945 0.00201786 6.17e-05 0 control 0 A 1 0
F -0.0282234 0.00965937 -0.0267404 -0.00788508 1 control 0.796 A 0 0
F -0.0321202 -0.00495418 0.0153686 0.0226163 0 NA 0 B 0 1
F 0.0169542 -0.0185878 -0.0271077 -0.012118 1 control 0 O 0 0
M -0.0383376 -0.0113104 0.00120413 -0.00606886 1 control 0 A 1 0
M -0.0323823 0.00401923 -0.00569904 -0.00551328 1 [4] 0.052 A 1 0
M 0.00672776 -0.0101469 -0.00777049 -0.0233631 0 control 0.948 A 0 0
M 0.0234582 0.00058634 -0.0133002 0.00388086 0 control 0 B 1 0
M -0.0336358 -0.00911569 0.00710574 -0.00760203 0 [8] 0.043 O 0 0
M -0.0326674 0.00242573 -0.0153072 0.00206681 0 control 0.007 O 1 0
F -0.00509362 -0.0137749 -0.0150106 0.00541793 1 control 0.004 B 0 0
F -0.0264312 -0.00769826 -0.0246627 0.00972041 0 [8] 0.001 O 1 1
F 0.0258435 -0.00224801 -0.00489333 -0.011951 0 control 0.952 O 0 1
F 0.00135015 0.0121983 -0.00990893 0.0259115 0 control 0 A 1 0
M -0.0337528 -0.0221852 -0.0252265 0.0035168 0 control 0 B 1 0
M -0.0258514 -0.00410707 -0.0424787 -0.00632126 0 control 0 A 0 0
M -0.0447738 -0.00736996 -0.0326387 -0.031297 0 control 0.05 B 1 1
F -0.0394038 -0.00984321 -0.011094 0.0111427 1 [8] 0 O 0 0
M 0.0431342 -0.00394654 -0.00567514 -0.0017365 0 control 0 A 0 0
F 0.0353651 -0.00423926 -0.0165934 0.0256101 1 control 0 O 0 0
M -0.00445428 -0.00965062 -0.00447246 0.00626731 0 control 0.126 O 1 1
F 0.0443297 0.00646881 -0.0137257 0.0335285 1 control 0.012 O 0 0
F 0.0254555 -0.0156215 -0.016705 0.0038125 0 control 0 O 0 0
F 0.0262812 -0.00981182 0.00941771 0.00791081 0 [8] 0 O 0 0
M -0.0133568 -0.0012665 -0.00866904 -0.0273991 0 control 0 O 1 0
M 0.0169136 -0.00417829 0.00518491 -0.0144975 0 control 0 B 1 0
F 0.0266694 -0.0138147 -0.00685297 -0.0245263 0 control 0.077 O 0 0
M 0.0334606 0.0146557 -0.00460755 -0.00119234 0 control 0.996 O 0 1
M -0.0345621 0.0142992 -0.0117491 0.010733 0 [4] 0.005 O 0 0
M 0.0494455 -0.000804941 0.0136279 -0.000148804 0 [8] 0 A 1 0
F -0.019984 -0.00793287 -0.0201879 0.00421353 0 control 0.007 O 0 1
M -0.0254897 0.0037698 -0.00630337 -0.0291819 0 control 0.343 O 1 0
F 0.0328578 0.00801679 -0.0195993 0.00684355 0 [8] 0 O 0 0
M -0.0458937 0.00846448 -0.0348881 -0.0101127 1 control 0 B 0 0
M 0.00660816 -0.014155 -0.0112933 0.000995808 0 control 0.001 O 0 0
F 0.0268561 -0.00477991 -0.000717511 0.0467889 0 control 0 O 0 0
F -0.0442979 -0.0013941 -0.00682575 -0.0127928 1 control 0.041 O 1 0
F 0.0307052 -0.0069136 -0.0124695 0.0416535 0 control 0 A 1 0
M -0.031535 -0.0175132 -0.00810509 -0.0249704 1 control 0 O 0 0
M 0.0244614 0.0413887 0.0141642 -0.00184752 1 control 0.001 A 0 0
F 0.0337258 -0.00168934 -0.0120026 -0.00597837 0 NA 0.02 A 1 0
F -0.00243702 -0.0109139 -0.0112605 0.00448794 1 control 0 O 1 0
F -0.0433042 0.00724468 -0.00371715 -0.00313703 1 [8] 0.015 O 1 0
M 0.0136424 -0.00141113 0.00263953 -0.00243987 0 control 0.955 B 0 0
F 0.00353136 0.00173123 -0.0229966 0.013354 0 control 0 A 1 1
F -0.0029525 -0.00622227 -0.0169461 -0.0155765 0 control 0.001 O 0 0
F 0.0030025 -0.00526388 -0.00896657 0.00845878 1 control 0 O 0 0
M 0.0087844 -0.0127438 -0.0247095 -0.0327038 0 [8] 0 B 1 0
F 0.0370224 -0.0129808 -0.00655322 0.0035017 0 control 0 O 1 0
M 0.024161 -0.000790941 -0.02822 0.00506919 1 control 1 O 1 0
F -0.0268329 -0.0158925 0.0559361 -0.00106292 1 control 0 A 1 0
F 0.04092 -0.000184921 -0.0281995 0.00550204 0 [8] 0 B 0 0
M -0.0295034 0.00803165 -0.0119122 0.020959 0 control 0 O 0 0
M 0.0134315 -0.00388634 0.0247873 0.000418366 0 control 0 B 0 0
F -0.0350347 0.11894 -0.0171388 -0.000728395 0 control 0 O 1 0
F 0.0040096 -0.00930769 -0.0112025 -0.00445623 0 control 0 A 0 0
F 0.00123659 0.00163051 -0.0187457 0.00391858 0 control 0.915 A 0 0
F 0.0107046 0.0165179 -0.00797337 -0.00995976 1 control 0 A 1 0
M 0.0275252 -0.0022152 -0.0257495 0.0230917 0 control 0.001 A 1 1
M 0.024598 0.0436137 0.00868282 -0.00862044 0 control 0.001 A 0 1
M 0.0169778 -0.00670123 -0.0249696 0.00439724 0 control 0 A 1 0
F -0.00916378 5.36e-05 -0.0367084 -0.00549568 0 control 0.001 O 0 0
F -0.00126345 -0.00881375 0.00144575 0.0030249 0 control 0 B 1 0
F 0.00362832 -0.0037897 0.0241825 0.0955928 0 control 0 B 1 0
F -0.0372285 0.00181396 -0.0102669 -0.0236362 1 [8] 0 O 0 0
M 0.0235357 0.00138991 -0.0125825 -0.00567511 0 [6] 0 O 1 0
F 0.025716 0.117985 -0.00137664 -0.000694523 0 [8] 0 O 0 0
M -0.0397613 -0.00306673 0.0359561 0.000639729 0 control 0.002 O 1 0
M -0.0428314 -0.0062675 -0.014563 0.0137255 0 control 0.009 O 0 0
M -0.0305443 0.018439 -0.0100975 -0.00123854 0 [8] 0 B 0 1
F 0.000292403 -0.0125745 0.00562701 -0.00749927 0 [8] 0.085 AB 0 0
F -0.000585583 0.0407417 -0.016574 -0.00281123 0 control 0.008 O 1 1
M 0.0337395 -0.0132482 -0.0139104 -0.00350813 1 [4] 0 O 1 0
M 0.0239237 0.0289026 0.0674833 -0.000449332 0 control 0.002 O 0 1
F -0.0334581 -0.0105152 0.0431152 0.00629153 0 control 0.128 O 1 0
M -0.0438644 -0.00443205 -0.0100482 -0.0147182 0 control 0 A 0 0
F -0.0447212 -0.0195657 0.00102098 -0.00405409 0 control 0 B 1 0
M 0.0403154 -0.00703366 0.055298 -0.000796516 0 control 0 B 1 0
M 0.0305215 -0.00455731 -0.0360017 0.0319127 1 control 0 B 0 0
F -0.0450637 -0.00633856 -0.00108914 0.010007 0 [8] 0.002 B 0 0
M -0.00223035 0.00677621 -0.0309576 -0.0532621 0 control 0 O 0 0
M -0.0412526 -0.00167676 -0.018712 -0.00886316 0 control 0 O 0 0
F 0.0304439 0.00533706 -0.00618297 0.00599201 0 control 0.977 B 0 0
M 0.036624 -0.00318662 0.0035558 0.00792716 0 control 0.031 O 1 0
M 0.0102919 -0.00642278 0.0217432 -0.0147552 1 control 0.135 B 0 0
F 0.0295615 0.00118299 -0.0054799 0.0116466 0 control 0 A 1 1
F 0.0189924 -0.00550566 -0.0288027 -0.00905026 1 control 0.029 O 0 0
M -0.0299399 -0.00317277 -0.00503239 0.0279447 0 control 0.333 O 0 0
M -0.038389 -0.0138817 -0.0105434 0.00297715 1 control 0 A 0 0
M 0.000486301 -0.00560433 -0.02967 -0.00685524 0 [8] 0.941 O 1 0
M -0.0334174 -0.00335223 0.114974 0.00471918 0 control 0 A 0 0
M -0.0252322 0.0064875 0.0232729 0.00958284 0 [8] 0 O 0 0
M -0.0141048 0.0480158 -0.00954116 0.00547352 0 control 0.072 O 1 0
F -0.0629675 -0.00550299 0.0493782 0.00167819 1 [8] 0 B 0 0
M 0.015924 -0.0083912 -0.007257 -0.0719045 0 control 0 O 1 0
M -1.89e-05 -0.00120671 0.0588067 -0.0109758 0 control 0.756 B 0 0
F 0.034228 -0.00137019 0.0477136 0.00368738 0 control 0.994 O 0 0
F -0.020282 0.00195184 -0.00484729 0.0422919 1 [8] 0 O 0 0
M -0.0370276 -0.0081717 0.0506179 -0.00522282 0 control 0.872 O 0 0
F -0.0444436 -0.000502044 -0.0214995 -0.00198061 1 control 0.004 B 1 0
M 0.0256527 -0.0120693 -0.019914 0.0170244 0 control 1 O 1 0
M 0.0341601 -0.00692753 0.024147 -0.0179888 0 control 0 A 1 0
M -0.0148542 0.0237478 0.0227738 -0.0167924 0 control 0 A 0 1
F -0.0264496 0.0024978 -0.00299918 0.0389092 0 [8] 0.01 O 0 0
F -0.031412 -0.0117177 -0.0300221 0.00347065 1 control 0.04 B 0 0
M -0.0405309 0.00841793 -0.00580028 0.00596437 0 control 0 O 1 0
M 0.0465111 -0.0109403 -0.0255078 0.0113463 1 control 0.535 A 0 1
F -0.0118179 -0.00597143 -0.00969054 -0.0193024 1 control 0.993 O 1 1
F -0.0439552 -0.0112153 -0.0211411 -0.0127712 0 control 0 O 1 0
M 6.41e-05 -0.00753702 0.0294553 -0.0130324 0 [4] 0.982 O 1 1
M -0.00735388 -0.0043055 -0.0214834 0.00575815 0 control 0 B 0 1
F 0.00509018 -0.00915717 0.00242228 -0.0122065 0 control 0 O 0 1
M -0.0198423 -0.0146781 -0.0177799 -0.00354735 0 control 0.016 O 1 0
F 0.00237513 0.00675707 -0.015418 -0.0343715 0 [4] 0 A 0 0
M 0.0276236 -0.00355061 -0.0215695 -0.00429841 1 control 0 A 1 0
F 0.0161924 0.0420938 0.00699388 0.0133301 0 control 0.227 O 1 0
F 0.00385826 0.0226325 -0.00827642 -0.0129642 0 control 0 A 0 0
F -0.0513869 -0.00237155 0.00453679 -0.000345954 1 control 0 A 0 0
M 0.0369846 -0.00684406 -0.02032 0.0251714 0 [8] 0 B 1 0
F -0.0382943 -0.0045477 -0.0126648 -0.014001 0 NA 0 A 1 0
F -0.0383065 2.97e-05 0.00604308 0.00752307 0 [4] 0 B 1 0
F 0.0375567 -0.00473189 0.0292569 0.0157732 0 control 0 B 1 0
M -0.033343 -0.0103734 -0.0100887 0.00688177 0 control 0 O 0 0
M -0.000212167 0.00570355 0.0648947 -0.0064444 1 NA 0 A 1 0
F -0.0507924 -0.00993271 -0.0215655 -0.0243993 0 control 0 O 1 0
M 0.00057876 0.010843 0.0122438 0.00555486 0 control 0 A 0 0
F 0.0358262 -0.00437579 0.0212084 -0.0200531 0 control 0 O 0 0
M 0.0182932 -0.00815391 -0.00941552 -0.0105793 1 control 0.017 A 1 0
M 0.0319763 -0.02399 0.0205207 -0.00252141 1 NA 0 O 1 0
F 0.013336 0.000918157 0.00368013 -0.00761468 0 [8] 0.195 O 0 0
M -0.044588 -0.00129739 -0.00899235 -0.00272658 1 [8] 0 A 1 0
M -0.000892238 -0.00542843 0.0155236 -0.00415768 0 control 0 O 1 0
M 0.0337283 -0.0111354 -0.0175933 -0.125799 0 control 0 O 1 0
M -0.0495084 -0.0087693 -0.0072615 -0.0170337 0 control 0 A 1 0
F 0.013725 -0.00446532 -0.0232903 0.013911 1 control 0 B 0 0
F 0.04888 -0.00357217 0.043612 -0.00101319 0 [8] 0.089 O 0 0
M -0.0584396 -0.00934536 0.00312893 -0.00746953 0 control 0 O 0 1
M -0.0330136 -0.0102895 0.0965101 -0.00259113 1 control 0 AB 0 0
F 0.0356658 -0.0104641 0.00105846 -0.00279864 1 control 0.006 O 0 0
M -0.0383074 -0.00431154 0.0585747 -0.026664 0 control 0.599 O 1 0
F 0.0321177 -0.0141368 0.0485104 0.00799412 0 control 0.083 O 1 0
M -0.0285897 0.00926341 0.0650483 -0.0037106 1 control 0.006 O 1 0
M -0.0558291 -0.0086637 -0.0099859 -0.00229524 0 control 0 O 1 1
F -0.0279347 0.00344968 0.0280974 0.00513061 0 NA 1 O 0 0
F -0.035841 -0.00208937 -0.021842 -0.00922182 1 NA 0.046 B 1 0
F -0.0562443 -0.00602237 -0.0134362 0.0013922 0 control 0.882 O 1 0
M -0.00925652 0.0137735 0.0501682 0.0335092 1 [8] 0.037 A 1 0
F 0.0346273 -0.00851977 -0.0078002 -0.00944332 1 control 0 O 1 0
M 0.0318992 -0.00924226 0.0499013 0.00334279 1 control 0.021 O 0 0
M 0.0246753 0.00258306 -0.0116196 -0.00782038 0 control 0.996 B 0 0
M 0.02421 -0.01265 -0.00482022 -0.00312226 1 control 0.915 A 1 0
M 0.0160515 -0.00528954 0.00279779 -0.00506536 1 control 0.036 A 1 0
F 0.0290119 -0.00807907 -0.00750061 0.0447595 1 [8] 0.01 A 1 0
M 0.0369348 0.00196463 0.0200576 0.0122776 0 [8] 0 O 1 0
M -0.0220905 -0.00215443 -0.012731 -0.0094342 0 control 0 O 0 0
F -0.040156 0.0062339 -0.00872113 -0.0094074 1 control 0.974 O 1 0
F 0.0494231 0.0117664 -0.0185174 0.00684522 1 control 0 O 1 0
F 0.0370332 -0.0134338 -0.0213193 -0.00305156 0 control 0.031 B 1 0
F -0.0424702 -0.00511988 -0.0106849 -0.000159292 0 control 0.105 A 1 0
F -0.0184085 -0.00224479 -0.0305807 0.0958463 0 [8] 0 O 0 0
M 0.00242544 -0.0122586 -0.0169495 0.0219388 0 control 0 A 0 0
M -0.0393407 -0.0135336 0.00844043 -0.00396753 0 control 0.001 O 0 0
M -0.0375268 0.00810317 -0.0151683 0.0335394 0 [6] 0 A 1 0
F -0.0447972 -0.00340249 -0.013951 -0.00847906 1 control 0.135 O 1 0
M -0.0692355 -0.00520877 0.0219222 -0.0115971 1 control 0 O 0 0
F -0.00676128 0.00768986 -0.00562175 0.00129422 0 [8] 0.001 O 1 0
M -0.00241027 -0.00978725 0.00390279 -0.00608737 0 control 0.002 O 0 0
M 0.0357335 0.0082557 -0.0226633 -0.0016967 1 control 0 O 0 0
F 0.00099741 0.00209374 0.00903057 -0.00737941 0 control 0 B 0 0
F 0.0117013 -0.00624528 0.0690156 -0.0149176 0 control 0 A 0 0
M -0.0217714 0.0611307 0.00145633 0.0116803 0 [8] 0.003 O 0 0
F -0.0277501 -0.0160135 -0.0131239 -0.0161789 0 [8] 0.001 A 1 0
F -0.041021 0.0595488 -0.0146146 -0.0297146 1 control 0 O 0 0
F 0.0265176 -0.00423286 0.0105975 -0.00817124 0 control 0 B 1 0
M -0.00538011 0.010219 0.0908307 0.00482726 1 control 0 A 0 1
F -0.0374174 0.0114158 -0.00351363 0.0151671 0 control 0 O 0 0
F 0.0213383 -0.0155844 -0.0314878 0.00440006 0 NA 0 B 1 0
F 0.0116652 0.0105906 -0.0103888 0.00184478 0 control 0 A 0 0
F 0.0334918 -0.00823383 0.03417 -0.00928247 1 [4] 0.004 O 1 1
M -0.00851324 -0.0129915 -0.00895915 -0.00182092 0 control 0.271 B 1 1
M -0.0438525 -0.010335 -0.0181305 -0.0261177 0 control 0 O 1 0
M 0.00231053 -0.00534626 0.0125327 0.0281122 0 control 0.99 B 0 0
F 0.0190901 0.000483885 -0.00575382 0.00149986 0 control 0.119 A 1 0
M -0.0184108 -0.0125465 0.0493365 0.000525183 0 control 0 A 0 0
F -0.0238009 0.00253195 0.0121712 0.00169618 0 control 0 AB 0 0
F -0.0329792 -0.00940787 -0.00539054 0.00556508 0 control 0.076 B 0 1
M -0.0473399 -0.00137979 -0.0153601 0.00185733 0 control 0.999 B 0 0
F -0.0246434 -0.0128264 -0.0128029 -0.00466785 0 control 0.002 O 1 1
M -0.00243492 0.00481555 -0.0118697 -0.0163867 1 control 0 B 0 0
F 0.0109167 0.00532246 -0.00241821 0.00132575 0 [8] 0 O 1 0
M 0.0307566 -0.0138771 -0.0139877 -0.00799153 0 [8] 0 A 1 0
M -0.015096 -0.00270352 -0.00357498 -0.0253722 0 control 0.003 O 0 1
F 0.00929375 -0.0139524 -0.00459558 -0.0124499 0 [8] 0.004 O 0 0
F 0.0212891 0.00833446 -0.0267014 0.00558751 0 control 0.46 O 0 0
M 0.0241491 -0.00377342 0.0792017 0.027172 1 control 0.004 O 0 0
F -0.00185327 -0.00443671 0.0545436 0.0114642 0 control 0.081 B 0 0
M 0.0550619 -0.0104526 -0.00228961 0.0102929 1 control 0 B 1 0
M 0.0223721 0.0179048 0.00245997 0.00315835 1 control 0 O 0 0
M 0.00927792 -0.00761684 -0.0213531 -0.00486757 1 control 0 A 1 0
F -0.0428115 -0.00951304 0.00432284 0.0557005 0 control 0.954 A 1 0
F -0.00883921 0.00220856 -0.00711566 -0.0065891 0 control 0 O 1 0
M 0.0495754 -0.00808262 -0.0177593 -0.0034793 1 control 0.744 O 0 0
F 0.00425643 -0.0125105 -2.5e-05 0.0325377 1 control 0.002 O 0 0
M -0.0486921 -0.00808284 -0.00426415 -0.00268789 0 NA 0.019 O 0 1
M -0.0309648 -0.0121343 -0.0120424 0.00655237 0 NA 0.032 O 1 0
M 0.036781 0.0021731 -0.00342606 -0.00975928 0 [6] 0 O 1 0
M 0.0277607 -0.00439923 0.00153805 0.0106291 1 [6] 0.996 O 0 0
M 0.0328806 -0.00482849 -0.00551584 0.00523993 1 [8] 0.001 A 0 0
M 0.0308423 0.0038182 -0.0119448 -0.0187818 0 control 0.022 O 0 0
M 0.0313196 -0.00712942 -0.0103143 0.0185087 0 control 0 B 1 0
F -0.038595 0.0105779 -0.0125117 -0.00518423 0 control 0.001 O 0 0
M -0.0203312 0.0104436 -0.00386809 -0.000967441 0 control 0.962 AB 0 0
M 0.0207251 0.00845872 -0.0048593 0.00522158 0 [8] 0 O 0 0
M 0.00239594 -0.0116861 -0.00615165 0.0425615 0 control 0 O 0 0
M -0.0207256 -0.000326948 -0.0264092 0.00206978 1 control 0 O 0 0
F -0.0314718 -0.0064897 -0.00589869 0.00692345 1 [6] 0 B 0 0
M 0.0311755 0.0258621 -0.0141119 0.00104856 1 [8] 0 O 1 0
M 0.0152045 0.00797976 0.0318728 -0.00150399 0 control 0.001 O 1 0
M 0.0481854 0.00419161 -0.00646096 0.00350793 0 control 0 AB 0 0
M -0.029011 0.00970434 0.000486179 -0.00854661 0 control 0 A 0 0
M -0.013532 -0.00742576 -0.00666332 -0.00419694 0 control 0.001 O 1 1
M -0.0359091 0.00442166 0.0373535 0.0258543 1 [4] 0.16 AB 1 0
F -0.0181122 -0.00546939 -0.0139655 0.0112326 0 control 0.448 O 0 0
M -0.00663402 0.0399192 0.0249707 -0.0118425 1 control 0 O 1 1
F 0.0253475 -0.0177531 0.013955 0.00718769 0 control 0.655 A 0 0
M -0.00441121 -0.00300059 -0.00330072 0.0013 0 NA 0.004 O 1 0
F -0.0126725 -0.00642587 -0.0125739 -0.00338842 0 control 0.973 A 0 1
M -0.010564 0.00384806 -0.00621392 0.010379 0 [8] 0.904 B 1 0
M 0.0183094 -0.00809026 -0.00131546 0.0142693 0 control 0 B 1 1
M 0.00831462 -0.000449004 -0.00876663 -0.0167046 1 control 0.957 A 0 1
F 0.0294531 0.00574572 -0.0273541 -0.0193063 0 control 0.437 B 0 0
M 0.0115699 -0.00789888 -0.00111131 0.00631833 0 control 0 A 1 0
M -0.0111236 0.00814363 -0.0105096 -0.00728479 1 control 0.003 B 1 0
M 0.0210742 0.0220697 -0.00146156 0.00428295 0 [6] 0.027 O 0 0
M 0.0386868 0.00171444 0.0249555 0.000273266 1 control 0.074 O 0 1
F 0.0254876 -0.0167844 -0.00759532 -0.016169 1 control 0.091 O 0 0
F -0.00297474 0.00223931 0.0208104 0.0268455 0 control 0.999 O 0 0
M -0.0342346 -0.00942165 0.0127602 -0.066893 0 control 0.151 O 0 0
M 0.00255212 -0.0158146 -0.014238 -0.0376251 0 control 0.115 A 1 0
M 0.0280471 -0.0042223 -0.00911814 0.0144673 0 control 0.425 A 0 0
F 0.0261217 -0.005535 0.0041645 0.00324205 0 control 0 B 1 0
F 0.0373343 -0.00587031 0.0708022 -0.00647753 0 control 0 O 1 1
M -0.026967 0.000920706 0.0465509 -0.0333116 1 control 0.938 O 1 0
F 0.0220796 0.0538986 0.0373685 -0.0354977 1 control 0.066 O 1 1
M 0.0185653 0.00282588 -0.0267331 -0.0229859 0 control 0.001 B 0 0
M -0.0290041 -0.0125991 -0.0177224 -0.00839555 0 NA 0 A 0 0
M 0.0297732 -0.00475839 -0.0332305 -0.00199539 0 control 0.999 B 0 0
F -0.0446258 -0.0155537 -0.0235847 -0.0024224 1 control 0 O 1 0
F -0.00374482 0.00211725 -0.00870061 -0.0284326 0 control 0 O 1 0
F -0.000157209 -0.00893896 -0.00640525 -0.00438798 0 control 0 O 1 0
F 0.0289263 0.0680698 0.0135002 0.00255569 0 control 0.004 O 0 0
M 0.0348491 -0.0131976 -0.0205511 0.013999 0 NA 0 O 0 0
M -0.0583631 -0.00401767 -0.0105067 -0.00934962 0 control 0 O 0 0
F -0.00579224 -0.00510061 -0.0246927 -0.0135031 0 [8] 0.117 O 0 0
F 0.00158148 -0.00255954 -0.018549 0.00984879 0 control 0.002 O 0 0
M 0.0317284 -0.00522424 0.0237307 -0.00596396 1 [8] 0.309 A 0 0
M -0.0491261 -0.00238628 -0.00234996 0.00140373 0 [8] 0.001 O 0 1
F 0.0179866 -0.00993794 0.0263719 -0.00144869 0 [8] 0 O 0 1
F 0.0290985 0.0435655 0.000833216 -0.0295745 1 control 0.876 A 0 0
M 0.0417334 -0.0116515 0.0083388 0.0308064 0 control 0.06 A 0 0
M -0.00207993 0.00341025 -0.0138301 0.0075075 0 control 0 AB 1 1
M 0.0418558 -0.0106357 -0.0321619 -0.00675024 1 control 0 O 0 1
F 0.0564266 -0.0126226 -0.0027896 0.0322816 0 control 0.082 A 1 0
M -0.0490416 0.0101121 0.00493939 -0.00914558 0 NA 0 A 1 0
M 0.0529055 0.00419203 -0.0187329 -0.00910227 0 control 0.123 O 0 0
M -0.02925 -0.0179166 -0.00233547 -0.000450884 0 control 0.218 O 1 0
M 0.00476738 -0.00178543 0.0534417 0.0686814 0 control 0 O 0 0
F -0.0309634 0.0247413 -0.00480159 9.69e-05 0 [8] 0 O 1 0
F 0.00555748 -0.00480273 -0.0115312 0.0154471 1 [8] 0 O 0 0
F -0.0402359 -0.0137415 -0.029876 0.0142919 1 control 0 A 1 0
M -0.0156317 0.00837547 -0.00931458 0.000741013 0 control 0 B 0 0
F 0.0140387 0.00196382 -0.0245874 0.0103105 0 control 0 A 1 0
M 0.0330174 0.00235907 -0.0118798 -0.00457997 0 control 0 B 0 0
F 0.0525908 -0.01197 0.00916274 0.0440577 0 control 0 O 1 0
M 0.0151273 -0.0118171 -0.0102923 -0.00336563 0 control 0.461 O 1 0
M 0.0325943 -0.0176628 -0.00786392 0.033106 0 control 0 O 0 0
F 0.0211725 -0.00792953 -0.00907937 -0.0043392 0 control 0 A 0 0
M -0.0341516 -0.00423812 -0.0197581 0.00155325 1 control 0 A 1 0
F -0.0295347 -0.00973454 -0.00870288 -0.00691123 0 control 0.019 O 1 0
M -0.0488505 -0.00115538 0.0231178 -0.00413642 0 control 0.959 O 1 0
M -0.0317277 -0.00792343 -0.0115259 0.00081988 0 control 0.956 O 0 1
M -0.0523282 -0.00150689 -0.0184456 0.00601716 0 control 0 A 1 0
F -0.0268797 -0.0111576 0.0246004 0.00441213 0 control 0 AB 1 1
M -0.000791491 -0.00342483 -0.0395129 0.00240499 0 control 0 O 1 0
M 0.02706 -0.00539496 -0.0189345 -0.000581736 0 control 0.994 O 0 0
M 3.78e-05 -0.0037184 -0.0145065 -0.00905208 0 [6] 0 O 1 1
M 0.000491497 0.00137902 -0.0140745 -0.0057636 0 control 0 O 0 0
F 0.0256203 -0.0025049 -0.00915886 -0.00664452 0 control 0 A 1 0
F -0.00186298 0.00457514 0.0183999 -0.00866961 0 [8] 0.044 O 1 0
M 0.013929 0.00849676 0.00083242 -0.00669509 0 control 0 O 0 0
M 0.0379741 -0.011787 0.0505674 -0.0241945 0 control 0 O 1 0
F -0.0561101 -0.00691544 -0.0148789 -0.0193728 0 control 0.545 O 0 1
M 0.0372545 0.0073633 -0.0068776 0.00152954 1 control 0.581 A 1 0
M 0.021585 -0.00808469 -0.00292907 0.00507311 0 [8] 0 O 1 0
M 0.000918778 -0.0158649 -0.00432287 0.0667648 0 control 0.112 O 0 0
M -0.0494794 -0.00845819 -0.0364254 -0.00717931 0 [4] 0 O 0 0
M 0.0124394 -0.00188259 0.0336336 -0.006657 0 control 0 O 1 0
M 0.0175554 -0.00936662 0.0313489 -0.00971586 0 [8] 0.676 O 1 0
F 0.0185407 0.00579544 -0.0213042 -0.0564089 0 control 0 O 1 0
M 0.00600051 -0.000491685 -0.0196053 0.0484176 1 [8] 0.244 A 1 0
M -0.00905538 -0.00523235 0.00110792 0.0126343 1 control 0 B 1 0
F -0.0427918 -0.000899113 0.0227283 -0.00244035 0 control 0.723 O 0 0
M 0.0454127 -0.0122984 0.0542732 -0.00111247 0 [4] 0.003 O 0 0
M -0.0553388 -0.0073496 0.0386924 -0.00925308 1 control 0 AB 1 0
M -0.0622745 0.00766231 0.026749 0.0164921 0 [6] 0 B 0 0
F -0.0154898 0.0309996 -0.00851336 0.00441416 0 control 0.031 A 0 0
F 0.0316366 -0.00319406 0.00619854 0.0710256 1 control 0.198 A 1 0
M 0.018777 -0.00830021 -0.00630821 0.00364836 0 control 0.012 O 0 0
M 0.00638585 -0.0102923 -0.00640633 -0.0165121 1 control 0 O 0 0
F 0.0295592 7.56e-05 0.0301181 0.00105894 0 control 0.035 A 1 0
F 0.0181796 -0.0131105 -0.036816 0.00176225 0 control 0.11 A 1 0
M -0.00370924 -0.0030419 -0.00320064 0.00560722 0 [8] 0 O 0 0
M -0.0108605 -0.00513022 -0.0258872 -0.0375556 0 control 0.013 B 1 0
F 0.0663764 -0.00233006 -0.0192777 0.000704074 0 control 0.426 B 0 0
F 0.0501653 0.000680098 -0.00672208 -0.0422111 0 control 0 B 1 0
F 0.0234583 0.000516962 -0.00853089 0.0013555 0 [8] 0.033 A 0 0
F -0.0355171 -0.0138135 -0.0129063 -0.00765072 1 control 0.027 B 1 0
M 0.0390314 -0.0171147 0.0335772 -0.0124694 1 control 0 A 0 0
M -0.0417259 -0.0041178 -0.0231529 0.0207162 0 control 0 O 0 0
M 0.00161556 -0.00131901 -0.00829564 0.0171362 1 control 0 AB 1 0
F -0.0501698 0.0365218 -0.00650523 -0.00578735 0 control 0.945 B 1 0
F 0.0262775 0.111929 -0.00769475 -0.010136 0 [8] 0.268 O 0 0
F 0.00883217 -0.0135443 -0.000414301 -0.00965211 0 control 0.336 B 1 0
M -0.0258174 -0.0140381 -0.00602632 0.0631546 0 [6] 0.158 O 1 0
M -0.0227214 -0.00407 0.00473555 0.000268051 0 NA 0.013 O 1 0
F 0.00235721 0.00358437 -0.00693153 -0.0122159 0 control 0.981 O 0 0
M 0.00255304 -0.00360865 -0.00808281 0.00827022 0 control 0 O 0 0
M 0.0239165 -0.0115276 0.0391807 0.024302 1 control 0.976 A 1 1
F -0.0389455 0.000820857 -0.0259077 -0.00152096 0 control 0.053 A 0 1
M 0.00319517 -0.0121362 -0.0134491 -0.00858196 0 control 0 O 1 1
F -0.0260586 -0.00649017 0.00414016 -0.00625247 0 control 0.242 O 0 0
F 0.0252469 -0.00714186 0.00572003 -0.0219919 0 [6] 0.933 O 0 0
M 0.012875 0.0106473 0.0636635 0.00412558 0 control 0 B 0 0
M -0.0293487 -0.00808239 0.0117533 -0.0204345 0 control 0.002 A 1 1
M -0.0223942 -0.003031 -0.00644568 -0.00684948 0 [8] 0.992 A 1 0
M -0.0484037 -0.000949793 0.0124161 0.00564159 0 control 0.045 B 0 0
M -0.0167407 0.00194213 -0.0170685 -0.00286989 0 control 0.009 O 0 0
M 0.0239359 0.00142343 -0.0123427 0.000956812 0 control 0.053 O 0 0
F 0.0231455 -0.0011857 0.00665603 0.00786859 0 control 0.942 O 0 0
F 0.0343691 0.0102694 0.0251362 -0.0127248 0 control 0.001 O 1 0
M 0.026396 -0.00270253 0.00988693 0.00845371 0 control 0.574 O 1 0
F 0.0423176 -0.00272654 -0.0116032 0.0270507 0 control 0 AB 1 0
M 0.0308978 -0.0158382 -0.00830949 0.00911709 0 control 0 B 0 0
F 0.0488497 0.00189295 0.00700518 0.0223906 1 control 0.18 B 0 0
F -0.0380276 -0.0116728 0.00170158 -0.00916624 0 control 0 O 1 0
M 0.0259106 -0.00142221 0.00289462 0.00356851 0 [8] 0.02 A 1 0
F -0.0474993 -0.0105395 -0.00523133 -0.010205 0 control 0 AB 0 1
F -0.00940315 -0.00518303 -0.00946094 0.011083 1 control 0.855 O 0 1
M 0.00799673 -0.00185842 -0.00113337 -0.00932388 0 [8] 0 A 0 0
M 0.0368765 0.00971881 -0.00534187 -0.00427192 0 control 0 A 0 1
F 0.0439396 -0.00443012 0.00337464 -0.00391798 1 control 0.002 O 1 0
M -0.0476799 -0.007722 -0.01885 -0.00593717 0 control 0.997 B 0 0
F -0.0639949 -0.00360287 0.0183974 -0.00610706 1 [8] 0.03 B 1 0
F -0.000918546 -0.0092829 -0.0165715 -0.00559808 0 [8] 0.907 O 1 0
M -0.00274954 -0.0226731 -0.0249828 -0.013404 0 control 0.15 A 1 0
M 0.0508481 -0.00474662 -0.00642754 -0.0406824 0 control 0.203 B 0 0
F -0.0221997 -0.000485159 0.0234452 0.0012679 0 control 0 O 0 0
F -0.0495324 -0.0162068 -0.00108424 -0.00244881 0 control 0 O 0 0
M 0.0270075 0.000186444 -0.021411 -0.0153926 0 control 0.999 A 0 0
M -0.0628948 -0.00607173 -0.0172817 -0.006729 1 control 0.996 A 1 0
F 0.0296042 -0.00244129 -0.0203055 -0.00637999 0 [6] 0 A 0 1
F -0.0532857 -0.00374891 0.00935329 -0.0518261 0 NA 0.002 B 0 0
M 0.0178779 9.96e-05 0.0110206 -0.000963857 0 control 0.998 O 0 0
M -0.0350146 -0.0103173 0.00893666 -0.0347496 0 control 0 O 0 0
F -0.0351132 -0.00228495 0.00635651 0.0189226 1 control 0.002 A 1 0
M -0.0352409 0.00514328 -0.00849295 0.00303575 1 control 0.001 A 1 0
F 0.0156329 -0.00400068 -0.0143344 -0.0331602 0 control 0.012 O 1 0
F -0.0358329 0.0136534 -0.0269681 0.000448342 0 control 0.094 B 1 0
M -0.0451182 -0.01058 -0.0267666 -0.0117346 0 [4] 0 B 1 0
F 0.0368146 -0.00622849 0.000641732 0.0358562 0 control 0 B 0 1
M 0.00140323 -0.00656466 -0.0117369 -0.00732622 0 control 0 B 0 1
M 0.0359189 0.0119826 -0.0193858 0.000671174 0 control 0.002 O 0 0
M -0.0511271 0.0115729 0.00266234 -0.00964826 0 [8] 0.133 A 0 0
F 0.006107 -0.0161394 -0.0162574 0.022335 0 control 0.042 A 1 1
M 0.0320877 -0.00406235 0.0468054 -0.0145249 0 control 0.999 O 1 0
M -0.0363208 -0.00578438 -0.0179689 0.0023193 0 control 0.001 O 1 0
F 0.0317939 -0.0073311 0.026115 -0.0117166 0 [6] 0 B 0 0
F -0.0288785 -0.011275 -0.0033374 -0.0117168 0 control 0.779 A 1 1
F 0.000870008 -0.006684 -0.00406468 -0.0185256 1 control 0 O 0 0
F 0.00584332 -0.00199165 0.00647541 -0.000802412 0 [8] 0.412 O 0 0
M -0.0510062 0.00243966 0.000673772 -0.000681334 0 control 0.986 B 1 0
F -0.0527018 0.00696647 -0.00310714 -0.0065601 1 control 0 B 1 0
M 0.0283714 0.000331235 -0.00646228 -0.00382502 1 control 0 O 1 0
F 0.0255946 -0.00965046 0.136818 -0.00471615 0 control 0 AB 1 0
M 0.023773 -0.00983325 0.0162941 -0.00286308 1 NA 0.003 O 0 0
M -0.052946 -0.0183879 -0.0146773 -0.00352565 0 control 0 O 1 0
F 0.0213075 0.0940968 0.0271308 -0.0153337 1 NA 0 O 0 0
M -0.0382293 -0.0108624 0.00590187 0.000239299 1 control 0.926 B 1 0
M 0.021204 -0.00492438 -0.0194251 0.0186789 1 control 0.995 B 1 0
M 0.000882626 -0.0140864 0.00828579 0.00500447 0 control 0 O 1 0
F 0.00573451 -0.00455184 -0.0170976 0.0358946 0 control 0 A 1 0
F -0.029203 -0.00221475 -0.0154054 -0.019905 1 [4] 0 B 0 1
F -0.00950724 -0.000450645 0.0121985 0.00365416 0 control 0 O 0 0
M -0.0362373 0.0456004 -0.0283206 1.77e-05 0 control 0 A 1 1
M 0.0129661 -0.0112627 0.00690792 0.000998021 0 control 0.006 B 0 0
M 0.00521166 -0.012566 -0.0220964 0.00532865 0 control 0 O 0 1
M 0.0148005 -0.00880071 -0.0214759 0.00159545 0 control 0 O 1 0
M 0.047924 -0.0077436 -0.014441 0.00625109 0 control 0 B 1 0
F -0.0327939 -0.0111794 -0.0155561 -0.0326533 1 control 0 A 0 1
M -0.0447461 -0.00745485 0.0250459 0.0319686 1 control 0 O 1 0
M -0.0366056 0.00578236 0.0163728 0.0176577 0 control 0 O 1 0
F -0.0414612 -0.00636057 0.0126472 5.75e-05 1 control 0 A 1 0
M 0.0195873 -0.00208416 -0.0328563 -0.00261869 0 control 0.98 B 1 0
F -0.0172169 -0.00746169 -0.013001 -0.00668377 0 control 0 O 1 0
M -0.00115014 -0.0110449 0.0319326 0.0124604 0 control 0.007 A 1 0
M -0.0377369 0.0443498 0.0462808 -0.00647674 0 control 0.692 A 0 0
F -0.0298582 -0.0111903 -0.0102262 0.0018776 0 [8] 0 O 1 0
F -0.00415606 -0.00237023 -0.0252274 0.00724572 0 [8] 0.008 A 0 1
M 0.00959314 0.00189474 0.00673743 0.00860906 0 [8] 0.001 O 1 1
M 0.0331445 -0.00537 -0.00436195 0.0220583 0 control 0.001 O 1 0
F -0.0455726 -0.00409413 -0.0116455 -0.00362202 0 control 0.933 A 0 0
F 0.0457414 1.17e-05 -0.00426212 0.00252249 0 control 0.028 O 1 1
M 0.0274908 0.00372841 -0.0257846 0.00173298 0 control 0 O 1 1
M -0.0039665 0.00493145 0.0137064 -0.00727033 0 control 0 B 0 0
F 0.0163556 -0.000900031 -0.0272874 0.00990884 0 [8] 0 O 0 0
M -0.0368604 -0.0168351 -0.00297004 0.00465202 0 control 0 B 0 0
M -0.0385127 -0.0067907 0.0058036 -0.00445465 0 control 0 O 1 0
M 0.0267912 0.00410594 -0.00483785 0.0458898 0 control 0 AB 1 0
M -0.0279331 -0.0017993 0.00773751 0.0371589 0 control 0.002 B 1 0
M 0.0241917 -0.017273 -0.0182669 0.00213322 0 control 0 O 1 0
M 0.0261954 -0.0129264 -0.00840524 0.0581603 0 control 0.043 O 1 1
F -0.0427325 0.00837104 -0.0115297 -0.00163506 0 control 0.002 B 1 0
M 0.00391542 0.0759658 0.049647 -0.0148685 0 [8] 0 O 0 0
M -0.020832 -0.00621128 0.00179332 0.0119994 0 control 0 O 0 0
M -0.0402961 -0.00645819 -0.0173542 0.0128141 0 control 0 A 0 1
M 0.0313734 -0.00869891 -0.0086023 0.00377412 0 [8] 0.001 O 1 0
F 0.0326602 0.0113404 0.0160484 -0.00877557 0 [4] 0.001 A 0 0
M -0.0449262 -0.0100435 -0.00332593 -0.0262482 0 control 0 O 0 0
M 0.00279412 -0.00883705 -0.00400688 0.00258794 1 control 0.679 O 0 1
M -0.0706472 -0.0139601 -0.0264001 0.0474 0 control 0 A 1 0
F -0.0297553 0.00751475 -0.012928 -0.00578754 1 control 0 B 0 0
M -0.00152103 -0.00875002 -0.0158811 -0.0105179 0 control 0 O 0 0
F 0.0099556 -0.00542613 -0.0228242 -0.0157139 1 control 0.01 O 1 0
F -0.00158771 -0.00650885 0.0314387 0.0203305 0 control 0.002 O 0 1
M 0.0415631 -0.00805012 0.0654921 0.00948351 0 control 0 A 1 0
M 0.0359369 -0.00868949 -0.018119 -0.0164291 0 control 0 AB 0 0
M -0.0024163 -0.0137516 -0.0215687 0.0178114 0 [4] 0 O 1 1
M 0.0156122 -0.00853544 -0.00405776 -0.00491412 0 control 0 AB 0 0
F 0.0205663 -0.006181 -0.0128709 -0.0100076 0 control 0.311 O 1 0
M 0.0259583 -0.00169857 0.00971732 -0.00550781 0 [8] 0.125 A 1 0
M 0.0494436 -0.015775 -0.00100249 0.0464395 0 control 0 O 0 0
M 0.031776 0.00335393 -0.0130255 0.00574741 0 [8] 0 A 1 0
M -0.0247167 -0.00671741 -0.0265772 0.00399431 1 control 0.027 O 1 0
F -0.0301207 0.0104308 -0.0108766 -0.0494917 0 control 0.04 O 0 1
M 0.00888302 0.00243665 -0.0099404 0.0958252 0 NA 0.128 O 0 1
M 0.0327099 -0.00998025 -0.0151311 0.00537542 0 control 0.132 A 0 0
M 0.0450238 -0.00571605 -0.0229015 -0.0151542 0 [8] 0.811 AB 1 0
F -0.00267755 -0.00763142 -0.0106508 -0.0115399 1 [8] 0 O 1 0
M -0.0156702 -0.00264204 0.022057 -0.0101979 0 control 0 O 1 0
F 0.0397373 0.0081144 0.015369 0.0186595 0 [6] 0 O 0 0
F 0.0234686 -0.00420665 -0.014603 0.00734806 1 control 0 A 0 1
M 0.0286244 0.0328852 0.0545573 0.0468684 0 control 0.673 A 1 0
F 0.0286788 0.0624559 0.0540713 0.000126601 0 control 0 B 1 0
F 0.00047863 -0.00577123 0.0453657 0.0270323 1 [8] 0 A 1 0
F 0.0405813 -0.0169989 -0.0241991 -0.0136233 1 control 0 A 1 0
F 0.00372843 -0.00762988 0.0230016 0.0039598 0 control 0.016 O 0 0
F -0.00307667 -0.00459276 -0.0070774 -0.00482832 1 control 0 B 1 0
M 0.0131943 -0.00464965 -0.00504848 0.00862521 0 control 0 B 0 1
M 0.0236971 -0.0215757 -0.00587122 -0.00558948 0 control 0.045 B 1 1
M -0.000547659 0.000526928 -0.00387027 0.0132816 1 control 0 B 1 0
M -0.0154383 -0.0145374 -0.0077164 -0.0634427 0 control 0.032 O 0 0
M 0.00900244 -0.00878973 -0.025027 0.0228405 0 [8] 0.785 O 0 0
M -0.0173312 -0.0141853 -0.00616062 0.0139228 1 control 0 A 1 0
M -0.0517092 -0.012655 0.0043803 0.0109349 0 control 0.067 O 1 1
F -0.0376901 0.00203586 -0.0107055 0.00231506 0 control 0 B 0 0
M 0.0241682 -0.0105044 -0.0264763 0.000445484 1 [8] 0 A 1 0
M 0.0124855 0.00166504 -0.00384807 -0.00782277 0 [8] 0.486 AB 1 0
F 0.0239835 -0.00162069 -0.0137184 -0.00213358 0 [8] 0.008 O 1 0
F 0.0170641 -0.00657933 -0.00579009 0.0136686 1 control 0 O 1 0
M 0.00138386 -0.00257192 -0.0433898 -0.0141578 0 control 0 B 1 0
M 0.0318892 0.0249699 0.0393635 0.0168821 0 [4] 0 A 0 0
M 0.00421622 0.00315713 -0.0074866 -0.0115085 0 control 0.013 O 1 1
M -0.0130021 0.00646457 -0.0094991 0.004734 0 [8] 0.461 O 0 0
M 0.00808862 -0.00532802 0.0258414 0.00122113 0 control 0.989 A 1 0
F 0.014581 -0.00753783 0.00371453 0.0242277 0 control 0 O 1 0
F 0.043419 -0.0043639 -0.0203845 -0.0026663 0 [4] 0 O 0 0
M -0.0446821 -0.00765543 0.0111706 0.00589958 1 control 0.366 B 1 0
F -0.0403085 -0.00489783 -0.0130819 0.00572684 0 [8] 0 A 1 0
M -0.0435604 -0.00933456 -0.00296277 -0.0356051 0 control 0.007 O 1 0
M 0.0234507 0.013668 -0.0136732 0.0101189 0 control 0.001 O 0 0
M 0.0262256 0.001841 -0.00425899 -0.00147428 0 control 0.843 O 1 0
F -0.00860913 0.0250904 -0.00500516 0.00703425 0 [8] 0 O 0 0
M 0.0043514 -0.00186448 -0.0171029 0.012571 0 control 0 B 1 0
F -0.0329374 -0.0150818 0.0202716 0.00208573 0 [8] 0.001 B 0 0
M 0.00580112 0.00312411 0.0718307 0.00132921 0 control 0.001 B 0 0
F 0.0521814 -0.00739913 -0.0105297 -0.0687625 0 [8] 0 A 0 1
F 0.000368293 0.00208625 -0.0161017 -0.000356685 1 [8] 0 A 1 0
F 0.0402947 -0.00519922 0.0205199 -0.00112645 1 [8] 0.001 O 0 1
F -0.0466142 -0.0152217 -0.000256006 -0.0156274 0 control 0 A 0 0
F 0.0343953 0.00017055 0.00300225 -0.000787335 0 control 0.004 B 0 0
M -0.0755801 0.00480248 -0.0428446 -0.00551733 0 control 0.964 A 1 0
F 0.0259834 0.00288411 0.00323845 0.0130459 0 control 0.106 B 0 1
F -0.0422822 -0.00249781 -0.00285838 -0.0353521 1 NA 0.893 O 1 0
M -0.0545346 -0.000129302 -0.0198146 -0.00973144 0 [8] 0 B 1 0
M 0.00780417 -0.00684238 0.00122634 0.00498435 0 control 0 A 0 0
M -0.0428383 0.00584001 -0.0247062 -0.00732743 0 control 0.364 A 1 0
F 0.0340564 -0.0166853 0.00494816 -0.00209421 0 control 0.008 O 1 0
F 0.00503605 -0.00118885 0.085626 -0.00906181 0 control 0 B 0 1
M -0.0445039 0.00692601 0.103392 -0.00774961 1 control 0 A 1 0
F 0.0462709 -0.0059383 -0.0120943 -0.00403202 0 control 0.007 O 0 0
M 0.00672397 -0.00299803 0.00470279 0.0247891 0 control 0 O 0 1
F 0.0203826 -0.0150571 -0.0129582 -0.015312 0 control 0.269 B 1 0
F -0.0288061 -0.00554272 -0.00968971 0.00482647 1 control 0.98 O 0 0
F -0.0299832 -0.00516191 0.0284491 0.0197371 1 control 0 A 1 0
M 0.00932301 -0.00564564 -0.0137016 0.0121187 1 [8] 0.12 O 1 1
M -0.0289072 -0.00767926 -0.017718 -0.0123616 1 NA 0 B 1 0
F 0.0241626 -0.00294374 0.0164618 0.0761839 0 [8] 0.886 A 1 0
M 0.0344979 -0.000549604 0.0587398 0.00570971 0 control 0.071 O 0 1
M 0.0258806 -0.0128784 0.0079389 -0.00738834 0 [8] 0.002 O 0 0
M -0.0309139 -0.00758544 0.125666 -0.00282968 0 NA 0 O 1 0
F -0.0327807 -0.0105177 -0.02027 0.0157416 1 control 0.035 O 1 0
M 0.00496818 0.01306 -0.00612099 -0.0208577 0 control 0 O 1 0
M -0.0195511 -0.00835637 -0.0149631 0.0213607 1 control 0.004 O 1 0
M -0.0106232 0.00810463 0.0264031 -0.00575554 0 control 0.005 O 0 1
M -0.0153755 0.00516284 -0.0187315 0.0584994 0 control 0 O 1 0
F 0.0313207 -0.0131148 -0.0262285 -0.0042715 0 control 0.753 A 0 0
F 0.00347107 0.0119656 -0.00514531 -0.00683539 0 [8] 0.086 A 1 1
M 0.00818333 0.0267347 0.0142233 0.00238541 1 control 0 A 1 0
M 0.0182466 -0.00246644 -0.00765506 -0.00242234 0 control 0 O 1 0
F 0.04026 -0.0115254 -0.00702401 0.0136279 1 control 0 A 0 0
F 0.00552966 -0.00622106 -0.0161279 0.00634671 0 control 0 B 1 0
F -0.0406338 -0.0111559 -0.0138742 0.0450821 0 control 0 O 0 0
M -0.0193618 -0.00907614 -0.00969223 -0.0117383 1 control 0 O 1 0
M -0.0398203 0.00885952 -0.0140324 0.031987 0 NA 0 B 0 0
M -0.0183769 0.0031765 -0.0106204 0.0198534 0 [4] 0.24 O 0 0
F -0.0336835 -0.0110049 0.0279714 -0.0071344 0 control 0 O 1 1
M 0.0222521 -0.00956647 -0.0232941 -0.00154665 0 control 0.001 B 1 0
M 0.00449958 -1.71e-05 0.0105051 0.0733637 1 control 0 A 0 0
F 0.00936593 -0.0121439 -0.0113077 0.0295316 0 [8] 0.033 O 1 0
M 0.0439284 -0.00830069 0.0178089 -0.00115061 1 control 0 B 1 1
M 0.0325621 -0.012524 -0.00596618 -0.00323524 0 control 0.031 A 1 0
F 0.0391058 -0.0101561 0.0171509 -0.00154006 0 control 0 O 1 0
M -0.0574215 -0.00734425 -0.0280034 -0.0116513 0 control 0.003 O 1 0
M -0.0409493 0.00245474 -0.00440102 0.0195443 0 NA 0 O 1 0
M -0.0362582 -0.00940805 -0.00662028 -0.0525985 1 control 0 B 0 0
M -0.0118391 -0.00501348 -0.0123909 0.0121245 0 [8] 0 A 0 0
F 0.0269487 -0.0129899 0.0454601 -0.00276176 0 control 0.003 B 1 0
F 0.0127486 0.00745098 -0.0170823 -0.0219334 0 control 0 O 0 1
F 0.00620302 -0.0174738 -0.00439473 -0.00914207 1 control 0.002 O 0 0
M 0.00741508 -0.0082342 0.0580168 0.0244874 1 control 0 A 1 0
F 0.0258577 0.000867516 -0.00871884 0.00599376 0 [8] 0 B 0 0
M 0.0446148 -0.0197423 -0.0058323 -0.00472345 0 control 0.001 O 1 0
M 0.0441334 -0.0111916 -0.0163773 -0.00565271 0 [4] 0.001 A 1 0
M 0.00174071 -0.00704016 -0.00195069 -0.0233533 0 control 0.326 O 1 0
F -0.043874 -0.0119947 4.4e-05 -0.00816574 0 control 0.994 A 1 0
F -0.0112177 -0.0108797 0.00224266 0.0122559 0 control 0 O 0 1
F -0.0233994 -0.00960357 -0.00788967 -0.000416929 0 [4] 0.275 O 1 0
F 0.0166152 0.0117636 0.00951118 -0.0201033 1 control 0 O 1 0
M 0.0468002 -0.00397974 -0.00787712 -0.00897635 1 control 0.001 B 1 0
F -0.0408693 -0.0114091 -0.0143682 -0.00668156 0 control 0.002 O 1 0
F -0.00342672 0.00798059 -0.00888434 0.016911 1 control 0.31 B 0 0
F 0.00888533 0.00166743 -0.00772065 -0.00162119 0 control 0.004 B 0 1
F -0.0276517 0.0290734 0.0286905 -0.00781184 0 control 0 A 0 1
M 0.028382 0.00341562 -0.00919013 0.00932813 0 control 0 O 1 0
M -0.000531434 0.00179253 0.0077822 -0.0106018 0 control 0 O 0 0
M -0.0541951 -0.00461974 0.0196046 0.000602785 0 [8] 0 B 1 0
M 0.00585434 -0.0116143 0.0150941 0.00206873 0 [8] 0 O 1 0
M -0.0224746 -0.0031778 0.0485581 -0.0100995 0 control 0 O 1 0
F -0.00526039 -0.00487047 -0.0217779 -0.00759107 0 control 0 B 0 0
F -0.052551 0.00364028 0.00659647 -0.00142269 1 control 0 B 1 0
F 0.0560837 0.00934757 0.00668762 -0.0389012 0 control 0 O 1 0
M -0.0144053 0.00299263 0.0115314 -0.0258459 1 control 0 B 1 0
M 0.0266433 0.003691 -0.00805876 -0.00816606 1 control 0 A 0 0
M 0.0315345 -0.00270243 -0.0136345 -0.00141139 1 control 0 O 0 0
M -0.0137627 -0.00589785 -0.013711 0.0111865 0 control 0.009 A 1 0
M 0.0244337 -0.00652677 -0.0168124 0.00640323 0 [8] 0 O 1 0
M 0.0551747 -0.0193045 0.0525296 0.0148404 1 control 0.03 A 0 0
M -0.0300529 -0.0110589 0.0240958 -0.00445764 0 control 0 A 0 0
M -0.0357125 -0.00837977 0.00925141 -0.00548915 1 control 0 O 0 1
M -0.0373062 -0.00367117 0.0045165 -0.0178868 1 control 0 B 1 0
F -0.0365064 -0.00162384 -0.0143329 -0.000307267 1 [4] 0.835 A 1 0
F -0.0359588 -0.000292148 -0.0104739 -0.0057369 0 control 0 O 0 0
F 0.0391206 -0.0103092 0.00342111 -0.0079942 1 control 0 B 1 0
F 0.0164347 -0.0128072 -0.00464157 0.00460894 0 control 0 O 1 1
F 0.0172105 0.000535598 -0.0177118 0.0191908 1 control 0 B 1 0
F -0.0480453 -0.0090857 -0.0146528 -0.0116331 0 control 0 B 1 1
M 0.0076951 -0.00664389 -0.0170379 0.0044853 1 control 0 O 1 0
F 0.0470582 -0.000535681 -0.0089825 0.00245102 0 control 0.037 O 0 0
F -0.00137478 -0.00539784 0.0108079 -0.00133123 1 control 0 AB 0 0
F -0.0318392 -0.00727926 -0.0143862 -0.0120316 0 control 0.903 O 1 0
F -0.0538463 -0.00405659 -0.0192124 -0.00562519 0 control 0.008 B 1 0
F -0.0016102 -0.00874982 0.0417589 0.0492691 0 control 0 A 1 1
F 0.0149075 -0.00571616 -0.0097789 -0.0156423 0 control 0.002 AB 0 0
M 0.0394401 0.00758217 0.0227954 -0.0101866 0 NA 0 A 0 0
F -0.0443126 0.0183857 -0.00201473 0.0227502 0 control 0.998 A 1 1
M 0.0236652 -0.00342119 0.0272997 -0.0150169 0 control 0.077 O 0 0
M 0.000240874 -0.00124323 0.0387668 -1.64e-05 0 control 0 AB 1 0
M 0.029017 -0.00256513 0.00109103 0.000625793 0 control 0 O 1 0
M 0.0260658 0.00706551 -0.030811 -0.00454589 0 NA 0 O 0 0
M -0.0353497 -0.0135399 -0.00555749 -0.0171307 0 control 0.99 O 1 0
F -0.0127024 -0.007371 0.0115051 -0.0206302 0 control 0 O 1 0
M 0.0322378 -0.00867124 -0.0176739 0.00796736 1 [8] 0.005 O 0 0
F 0.0291356 0.00386808 -0.0142779 -0.000204837 1 control 0.008 O 1 0
M 0.0605613 0.00871908 0.0190381 0.00618338 0 control 0.996 O 0 0
M 0.000826377 -0.0110337 0.00237064 1.62e-05 0 control 0 B 0 1
F -0.0407047 0.00220947 -0.00997538 0.00278546 0 [8] 0.002 O 1 0
F 0.00185974 0.0125313 0.0357332 -0.0302275 0 control 0 B 0 0
F 0.0279822 0.0807144 -2.49e-05 0.00707234 0 [8] 0 O 1 0
M 0.02181 -0.0308274 -0.018562 0.00199227 1 control 0.929 B 0 0
F -0.00301645 -0.00760343 -0.00827119 -0.0155455 0 control 0 B 1 0
F 0.00449283 -0.00653845 -0.000976726 -0.00155076 0 control 0.032 A 0 0
M 0.0159023 -0.0133425 0.0318741 0.0102055 0 control 0 O 1 0
M 0.0355812 -0.00539361 -0.000147055 -0.0108456 1 control 0.689 O 1 0
F -0.0465168 -0.00103512 0.00487991 0.0120571 0 control 0 O 1 0
M 0.02391 -0.00483108 -0.00105048 -7.62e-05 0 control 0 B 1 0
M 0.0602099 -0.0117317 -0.0187119 -0.00198333 0 control 0 A 0 0
M -0.0368608 -0.00625824 -0.0142371 -0.0704525 1 control 0 O 0 1
M 0.00628694 -0.00708033 0.00110841 -0.0261666 0 control 0.019 O 1 0
M 0.0359182 -0.00760744 -0.0349156 -0.00503926 1 control 0 O 0 1
M 0.0388362 -0.00786463 -0.0218616 -0.0161045 0 control 0 B 0 0
M 0.000433414 0.000227414 0.00147102 -0.00809419 0 [4] 0.01 O 0 0
M 0.0296025 -0.0121338 0.00486273 0.00115867 1 [8] 0.143 O 1 0
M 0.0141859 -0.00176084 0.00172673 -0.00140831 0 control 0.005 A 0 0
F 0.0454388 -0.00849525 0.0175121 0.00319064 0 control 0 A 0 0
M 0.0409412 -0.00375002 -0.00769663 0.00133108 0 control 0 O 0 1
M -0.0309349 -0.00335298 0.0138315 -0.0433305 1 control 0 O 0 0
M 0.0247269 -0.0143257 0.00965311 -0.000905148 0 control 0.03 O 1 0
F 0.0493091 -0.00179509 0.0383323 0.00550074 0 control 0 O 0 0
F 0.0350104 -0.00584246 -0.0074662 -0.00244396 0 control 0 B 1 0
F 0.0482159 -0.00739019 -0.0170687 -0.0096566 0 control 0 A 0 1
F 0.0355584 -0.01022 -0.0113135 -0.000590199 0 control 0.005 O 0 0
F 0.0148559 -0.0145228 -0.00780969 0.0291953 0 control 0 O 1 0
M 0.0465697 -0.00219961 0.010931 -0.0279768 1 control 0 O 0 0
F -0.00531324 -0.00453908 0.0831333 -0.005287 0 control 0 O 1 0
M 0.022144 -0.0150101 -0.0102733 -0.0004983 0 control 0.836 O 1 0
F -0.00254265 -0.00918019 -0.0156001 0.0101067 1 [8] 0 O 0 0
M 0.0231727 -0.0116754 -0.00622972 0.00335707 0 [8] 0.413 A 1 0
F 0.0228859 -0.00470252 -0.00202169 0.00205787 0 [8] 0.001 O 1 0
M 0.0173752 -0.00524485 0.0184136 -0.0067049 0 [8] 0 A 0 0
M -0.0478106 0.00414981 -0.0167163 -0.00757104 0 control 0.017 A 0 0
F -0.00580701 -0.013339 0.0183878 0.0420454 0 NA 0 O 0 0
F 0.0476546 0.0141497 -0.0172614 -0.00572109 0 control 0 O 1 0
F 0.0217823 0.00167593 -0.0138333 0.0255135 0 control 0 O 0 1
F -0.0402086 -0.0111614 0.0729317 0.00253886 0 control 0.115 B 1 1
F 0.00644321 0.00453286 -0.0068122 -0.00498183 0 control 0 O 0 0
M -0.00866532 0.00268586 0.017877 -0.00693735 1 control 0 O 1 1
M 0.0485678 -0.00918424 0.0199093 0.0178782 0 control 0.022 O 1 1
F -0.0477002 -0.00637712 -0.0147033 0.00597687 0 control 0.196 O 1 0
M 0.0416735 -0.00701779 -0.00446713 0.0167687 0 control 0.01 O 1 0
F 0.0174151 0.00630848 -0.00860062 0.00343494 0 control 0.863 A 0 0
F 0.0346943 0.0101248 -0.0126859 0.00880268 0 control 0 O 0 0
M -0.0516487 0.0123394 0.0103625 0.0993595 1 control 0 B 0 0
F 0.0184659 -0.000697208 0.0102878 0.0147007 1 control 0.04 B 1 0
F -0.0139093 0.00340578 0.0549817 -0.000780523 1 control 0.952 O 0 0
M 0.0317679 -0.0145289 -0.0120989 0.0132193 1 control 1 O 1 0
F 0.0206929 0.000730699 -0.0110095 -0.00121756 0 control 0 O 1 0
M -0.0520029 0.00504056 0.00620367 -0.0386676 1 control 0 O 1 0
F -0.00661945 0.00386642 0.0089012 0.0319414 1 control 0 O 0 0
F -0.0379932 0.0337334 0.0168396 -0.0396957 0 control 0.001 B 0 0
F -0.00525703 -0.000839962 0.0186115 0.0497917 0 control 0 B 0 0
F 0.0111634 -0.00775704 -0.00717477 -0.00668459 0 control 0.012 B 0 0
F 0.0139862 -0.00503635 -0.0156789 0.00530905 0 control 0.001 B 1 0
M 0.014585 -0.0118429 -0.00625905 -0.00596485 1 control 0.984 B 1 0
F 0.0217081 -0.00938131 -0.00978796 0.0011204 0 control 0.07 O 1 0
M 0.0320971 -0.00814942 -0.0133824 0.00726841 1 control 0 A 0 0
F 0.0137288 -0.000107571 0.00222553 0.00962633 0 control 0 B 0 1
M 0.0186905 -0.00844255 0.0593941 0.000625264 1 control 0 B 1 0
F 0.0130588 -0.00474942 -0.00189748 -0.00957051 0 control 0 O 0 0
M -0.0473578 -0.00443134 -0.0174561 -0.0045405 0 [8] 0 O 0 0
F -0.00182225 -0.0242722 0.0132582 0.00383541 1 [8] 0 O 1 0
M 0.0230833 -0.00298053 -0.0266457 -0.00475139 0 control 0 B 1 0
F -0.0257699 0.00201881 -0.0159471 -0.0111706 1 control 0.779 A 1 0
M 0.0138988 0.00284632 -0.0127988 -0.00986983 0 control 0.014 O 1 0
F 0.0116812 -0.011117 -0.0166089 0.000134887 0 control 0 O 1 0
F -0.00620602 0.00485228 -0.00901366 -0.0103184 0 control 0.001 B 0 0
M 0.0258357 -0.00150637 -0.0141938 -0.01109 0 control 0.95 O 1 0
M -0.0126166 -0.020318 0.00173941 -0.00277606 0 control 0 B 1 0
M 0.0544099 -0.000873349 0.000106675 0.000137033 1 control 0.036 O 0 0
F -0.0183177 0.00439361 0.00891037 -0.00652932 0 control 0.653 A 1 0
F 0.0373035 0.038497 0.0198647 -0.00503669 0 control 0.007 B 1 0
M 0.00890111 -0.0102521 0.0016506 0.0430229 1 [6] 0.001 B 1 0
M 0.00842605 -0.00941961 -0.00274849 -0.000765108 0 control 0.017 B 1 1
F 0.0301241 0.00183765 -0.0156532 0.00373844 0 control 0 B 0 1
M 0.0179861 -0.00244345 0.010725 -0.0223257 0 [4] 0 O 1 0
F 0.00752472 -0.00523625 -0.0391022 0.0466378 0 [4] 0 O 1 0
M 0.0330767 -0.00201278 0.028606 0.00066329 0 control 0 O 1 0
F 0.0517317 -0.0057916 -0.0122892 -0.00168711 0 control 0 A 1 0
M -0.0132153 0.0137107 0.0639302 -0.00812572 0 control 0 B 0 0
M 0.00549149 -0.00475893 -0.0307827 0.0220715 0 control 0 O 1 0
M -0.0212931 -0.00518758 0.0640069 0.010296 0 NA 0 B 1 0
F -0.0176831 -0.0194776 -0.0255396 0.00979504 0 control 0.089 O 0 0
F -0.0257889 0.0111896 0.00991427 0.0425499 0 [4] 0.142 O 1 0
M -0.0101611 -0.00651849 -0.00825256 -0.00548088 0 control 0 O 0 0
M -0.0686771 -0.00525681 0.0022993 -0.00308816 1 control 0 B 0 1
M 0.00729958 0.000257305 0.00748953 -0.00801672 0 control 0.979 B 0 0
M -0.0408456 0.00705368 -0.0257783 -0.00788987 1 [4] 0.754 B 1 0
M -0.0677326 -0.0135379 -0.00867842 -0.00693122 0 [6] 0.005 O 1 0
F 0.0313838 -0.0119028 -0.00637939 -0.00536035 0 [8] 0.002 O 1 0
F 0.0141356 -0.00396504 -0.0145694 0.0205952 1 control 0.088 B 0 1
M -0.0332473 -0.00689428 0.0133103 -0.00114441 0 control 0.076 A 0 1
M 0.0234315 -0.0132085 -0.0208737 0.0188657 0 [8] 0 A 1 1
M 0.0162655 0.00144494 -0.00272574 -0.0369913 1 [8] 0.001 O 0 1
M -0.00555549 0.00988214 -0.0211486 -0.00730719 0 NA 0.03 O 1 1
M 0.0282524 0.00284619 0.00033721 0.00269273 0 control 0 A 1 0
F -0.0482942 -0.00974363 -0.00774348 -0.00450604 1 control 0.536 O 0 0
F -0.0383289 0.00876925 -0.0279873 0.0306319 0 control 0 O 1 0
M 0.0154462 0.0105478 -0.0258429 0.00473908 0 [8] 0 O 1 0
F -0.0250319 -0.0199382 -0.0203338 0.0485066 0 control 0 O 0 0
F -0.00708979 -0.0219405 -0.00963686 -0.055254 0 control 0.938 O 1 0
F -0.0439587 0.000668712 -0.0111407 0.0181378 0 [8] 0.098 B 1 0
M 0.00612149 -0.00829028 0.00833265 -0.00613868 1 [8] 0 B 0 0
F 0.0307134 0.0123858 0.00689742 -0.014551 0 [8] 0 B 0 0
F -0.0340729 -0.0158488 -0.0202866 0.0717707 0 control 0.001 B 0 0
M -0.0300355 0.00192195 -0.0260605 9.15e-05 1 control 0 A 0 0
M 0.0290291 0.00258327 -0.00358828 -0.017229 1 [4] 0 O 1 0
M 0.00292421 -0.00674632 0.0569609 -0.00424384 0 control 0 O 0 1
M -0.0145683 -0.00699412 -0.0133525 -0.015046 1 control 0 B 0 0
F -0.00496526 -0.00901226 -0.0124292 -0.0186061 0 [4] 0 O 1 1
M -0.05164 -0.00369138 -0.000830563 -0.0244045 0 [8] 0.001 O 0 0
M 0.00344084 0.00678322 0.00655127 -0.000113096 1 control 0.957 O 0 0
M -0.00276256 -0.00570559 -0.0135122 -0.0035721 0 control 0.013 B 1 0
F 0.0268901 -0.00640412 0.0193669 0.011565 0 [8] 0.001 B 0 0
F 0.0335719 -0.00725221 -0.000615148 -0.0114371 1 control 0 O 0 0
M 0.0294991 -0.00128929 -0.0156346 0.0246262 0 control 0.034 O 0 1
F 0.0285151 -0.0122207 -0.0055721 -0.00220825 1 control 0.001 O 0 0
F -0.00435443 -0.0102479 0.0401616 -0.00748045 0 control 0 O 1 0
M -0.0356309 -0.00483595 -0.00545329 -0.0151665 1 control 0 AB 0 0
M 0.0389567 0.081865 -0.0184452 -0.0213929 0 control 0 A 0 0
M -0.0322002 -0.00335694 -0.00824703 0.00517953 0 control 0.002 A 0 0
F 0.03313 -0.0189552 0.0187295 -0.00643928 0 control 0.902 O 0 0
F -0.027735 0.000685818 -0.00112024 0.00336386 0 control 0.058 A 0 1
M 0.0149909 0.000762463 -0.0195402 -0.00113353 1 [6] 0.001 B 0 0
F -0.00186438 -0.00555292 -0.0384813 -0.0192805 1 control 0.005 O 0 0
F -0.00133828 -0.00842272 -0.0242629 -0.00284033 0 control 0.054 B 1 0
F -0.0218135 0.0052346 0.00198681 -0.0266088 1 control 0 A 1 0
M 0.0212885 0.00341879 -0.0181239 -0.00589182 0 control 0.991 O 0 0
M -0.00960072 0.00468042 -0.00859084 0.000852209 0 control 0.994 A 1 0
F 0.0430526 0.00297306 -0.00923917 0.0052861 0 control 0.943 O 0 1
M -0.0266289 -0.00189581 -0.0300507 0.0101069 0 control 0.819 A 1 0
F 0.00650224 0.0011148 0.00663011 -0.00741495 0 control 0 O 0 0
M -0.0499499 0.00650349 0.00275585 0.00577839 0 control 0 O 0 0
F -0.00840015 0.00121756 0.108011 0.0466834 0 [8] 0 B 0 0
M -0.05208 -0.00395054 -0.0146435 -0.0123857 1 [4] 0.008 O 1 1
F -0.0300495 -0.00148192 0.0658416 -0.00709281 0 [8] 0 A 1 1
M 0.026524 -0.00791982 0.0116185 -0.0011985 1 [8] 0 O 1 1
M 0.0251744 -0.00446666 0.0807707 0.0271265 1 [4] 0.849 B 0 0
M 0.00501758 0.00107408 -0.0106225 -0.0206039 0 [4] 0.267 O 0 0
F -0.000917332 -0.0101666 6.02e-05 -0.00539207 1 [8] 0.977 A 0 0
M -0.0377539 -0.0109551 0.00623338 -0.00629626 0 control 0.943 A 1 1
F 0.01514 0.00861368 -0.0200881 0.0154627 0 control 0.001 A 0 0
F 0.00626439 0.039654 -0.0122394 0.00597823 0 control 0.002 A 0 1
F 0.0152353 -0.00432087 0.04089 0.0522412 0 control 0.891 O 1 0
M 0.00236425 -0.00744601 -0.0142608 -0.0104914 0 control 0 O 1 1
F 0.0490955 0.00869002 -0.0115228 -0.00416341 1 control 0 O 0 0
F 0.000240757 -0.00637748 -0.015966 -0.00906012 0 NA 0.028 A 1 0
F -0.0512105 -0.00540215 0.0103302 -0.00785063 0 control 0 O 0 0
M 0.0398656 0.00313985 -0.0262266 0.0372633 1 [8] 0.004 B 0 0
F 0.0161739 -0.0134629 -0.0171089 -0.00353668 0 control 0 A 1 0
M 0.0253195 0.0496648 -0.000272137 0.0217117 1 control 0.482 B 0 0
F 0.0225802 0.0159746 -0.00961965 -0.0108994 0 control 0.235 O 1 0
M -0.0123976 0.000914898 -0.0295917 -0.0134146 0 control 0 O 1 1
F -0.000174228 -0.00276517 -0.00883287 -0.0108646 0 control 0 O 1 1
M -0.0470654 -0.0155223 -0.00381101 -0.0687942 1 control 0 O 0 0
M 0.0178542 -0.00426996 -0.000268133 -0.0237732 0 NA 0 O 0 0
M -0.0119954 0.00685638 -0.00888252 0.0100934 0 control 0 O 1 1
F -0.0294884 -0.0026643 0.00444516 0.00401138 0 control 0 O 1 0
M 0.00115637 -0.0166614 0.021637 -0.0104901 0 control 0 O 0 0
M 0.000563873 -0.00259444 -0.000118376 0.0130315 0 control 0 AB 0 0
M -0.0266684 -0.00041596 -0.000338962 -0.0074774 0 control 0 O 0 0
F 0.0151288 0.00658644 0.00591617 -0.00133699 0 control 0.001 B 1 0
M -0.0345582 0.0100102 -0.00484234 -0.000155049 0 [8] 0.001 O 0 0
F -0.0188696 -0.0088053 -0.0184602 0.00611525 0 NA 0.001 A 0 0
F -0.0521371 -0.00923791 0.0117941 -0.0033285 0 control 0 B 0 0
M -0.0039764 -0.00740733 -0.0114716 -0.0144268 1 [8] 0 O 1 0
F -0.0169103 -0.0100979 -0.0182674 0.00401383 1 [8] 0 O 1 0
F -0.00646115 -0.0120017 -0.020839 0.00334961 0 control 0 O 1 0
F 0.0220879 -0.00858108 0.0102243 -0.0220916 1 control 0 O 0 1
M 0.0232007 -0.0137971 0.0356215 0.0142375 0 control 0.049 O 1 0
M 0.0167779 -0.00597918 -0.00616214 0.0223731 0 control 0.005 O 1 0
F -0.0468418 -0.00482621 -0.0251803 -0.00239145 0 control 0.001 O 1 0
M 0.030229 0.121837 -0.0113905 0.00984082 1 control 0 O 1 1
M -0.058375 -0.0101949 -0.0294472 -0.00727242 1 control 0.002 A 1 0
F 0.00361244 -0.0151289 0.0534064 0.000194994 0 [8] 0.126 A 0 0
M 0.0407749 -0.00484707 -0.00659678 -0.00275446 0 [8] 0 A 1 0
F -0.0311518 -0.00793476 0.000487137 -0.00638548 0 control 0 O 0 0
M 0.0330556 0.00536749 0.0615142 0.103318 0 control 0.009 O 1 1
M 0.0238988 -0.0130773 0.0369898 -0.00453402 0 [8] 0 B 1 0
F -0.00474904 -0.00121144 0.0681626 -0.00160782 0 NA 0.028 O 0 0
M 0.020275 -0.0121879 0.00394787 -0.0184387 1 control 0 A 1 0
M 0.0225332 -0.011327 0.0129692 0.00391288 1 control 0 A 0 0
M 0.00842693 0.000121497 -0.0140146 -0.00343409 1 [8] 0.997 O 1 0
F 0.0308706 -0.00863575 -0.0171243 0.0226445 0 control 0 A 0 0
M -0.0387095 -0.00218921 -0.00758762 -0.0121902 0 NA 0.054 O 0 0
M 0.0219485 0.0268821 -0.0134146 0.0867549 0 [8] 0.951 O 1 1
F 0.0371953 0.00330107 0.122969 -0.0589138 0 control 0 O 1 0
F 0.01855 -0.010512 -0.00339051 0.00135486 1 control 0.939 O 1 0
M -0.0577652 0.0442138 -0.00697461 -0.0108781 0 control 0 A 1 1
F -0.0344138 -0.00650838 0.015536 0.0435026 0 control 0.012 O 0 0
M 0.0139938 -0.00238307 -0.0139568 -0.00279394 1 control 0.743 O 0 0
M -0.00121121 -0.00174968 -0.0119829 -0.00845667 0 control 0 O 0 0
F -0.0388349 0.0163614 0.0193844 -0.000816034 0 [8] 0 B 1 1
F -0.0332169 -0.00961734 -0.0453764 -0.0568742 0 control 0.001 A 0 1
M 0.0109429 -0.0055562 0.00207212 0.000732388 0 control 0.001 A 0 0
F 0.0130398 -0.00659332 -0.00411979 -0.00979217 0 control 0 O 0 0
F -0.0159733 -0.00907159 -0.0107587 -0.0033313 0 [4] 0 O 1 0
M 0.0113393 -0.00225297 -0.00187099 -0.00852552 0 [6] 0 A 1 0
M 0.0393849 -0.00176235 0.0111418 -0.012799 0 control 0 B 0 0
F 0.0213895 -0.0214138 -0.0141535 0.0312562 1 control 0 B 1 0
M -0.0361638 -0.0072783 0.0230556 0.0359852 1 control 0.765 O 1 0
M 0.00366971 -0.012554 0.0449164 0.0172994 1 [4] 0 B 1 0
F 0.0248539 -0.00196928 -0.0202212 -0.0300357 0 [8] 0.003 B 0 0
M -0.0226644 -0.00610156 -0.0232795 0.00777437 0 [4] 0 O 0 0
F -0.0349367 -0.00393467 -0.0149338 0.0456367 0 control 0.977 B 0 0
M 0.0196905 0.015411 -0.0112842 -0.00730883 0 control 0 A 0 0
M 0.0217427 0.0987331 -0.00472907 -0.00449885 1 control 0 O 1 1
F 0.0251457 0.0141556 0.0377849 0.0058009 1 NA 0 O 1 0
F -0.0354929 -0.0123772 -0.0175988 -0.00370738 1 control 0 O 0 0
M 0.0169259 -0.0172324 -0.0372123 0.0266825 1 control 0.001 O 1 1
F -0.0118342 -0.00320716 -0.00736427 -0.000268346 0 control 0 B 0 1
F 0.0150087 0.00500867 -0.00844681 -0.00579158 0 [8] 0.974 O 1 0
M 0.0288824 -0.0118122 0.0670838 -0.0102741 0 [8] 0 O 0 0
F 0.020271 -0.00184222 0.013715 0.0153243 0 control 0.031 O 0 0
F -0.0170356 0.00606361 -0.018111 0.00284674 0 control 0.896 O 1 0
M 0.00932106 -0.00526412 -0.00168046 -0.0120207 0 control 0 B 0 1
F 0.0227057 -0.0139327 -0.00032029 0.0179305 0 control 0.007 O 1 1
F -0.0268628 -0.00623253 0.0178932 -0.0149378 0 [8] 0 A 0 0
M 0.0232527 -0.00743389 -0.00550551 0.0686364 0 control 0 A 1 0
F -0.0507879 -0.0113846 0.0103233 -0.00837225 0 control 0 O 1 0
M 0.00172254 0.014778 0.0292554 -0.00492003 0 control 0 O 1 0
M 0.00151712 0.0513967 -0.0224787 0.00234027 0 control 0.002 AB 0 0
M 0.0160866 0.00390777 0.00560627 0.00343669 0 control 0 A 0 0
M -0.0326089 0.104956 0.0465013 0.0151218 0 control 0 O 0 0
M -0.0112519 0.0130759 0.00918273 -0.0103233 0 control 0 O 1 1
M 0.0297646 -0.000711422 -0.00281383 0.0116067 0 control 0 O 0 0
M -0.0523992 -0.0185211 -0.0154702 0.0125033 0 control 0 O 0 0
F -0.0235189 0.0342409 0.00356809 -0.00888964 0 control 0.002 O 1 0
M 0.0272363 -0.00799493 0.0263193 0.0294885 0 control 0 A 1 0
F 0.0288964 -0.0115401 0.0209757 0.00321326 0 control 0 O 0 0
F -0.0314616 0.00863231 -0.00948711 0.0261016 0 control 0.001 O 1 0
M 0.0339961 -0.00621152 -0.0156516 -0.00669074 0 control 0 A 1 0
M 0.0304542 -0.0056617 0.00610139 -0.00407724 0 [4] 0.85 B 0 0
M 0.00287111 0.0446325 -0.0190707 -0.00166432 0 control 0.981 O 0 0
M -0.0294548 -0.00453337 0.0198737 0.00244047 1 control 0.405 A 1 0
M -0.00176089 -0.00359499 -0.010784 -0.00100401 0 control 0.001 O 1 0
M 0.0115792 -0.0143621 0.0681307 0.00275435 0 control 0.052 O 1 1
M -0.0447771 0.0155367 -0.0155016 0.00913313 0 [4] 0.755 A 0 0
F 0.0403821 0.0082291 -0.00699602 -0.00624286 1 NA 0 A 0 1
M -0.00191678 -0.00915849 -0.0125801 -0.00185544 0 control 0 B 0 0
F 0.0179014 0.0240546 0.0284655 0.00343675 1 control 0 B 1 0
F 0.0323892 -0.000130885 0.0209339 -0.0011969 0 [8] 0 O 1 0
F -0.0311042 -0.0128473 -0.00894503 -0.0212147 0 control 0.013 AB 0 0
F 0.0329795 -0.00310902 0.00956287 0.00675693 0 control 0 B 0 0
M -0.0288038 -0.00533541 -0.00168078 -0.0123828 0 control 0 O 1 0
M -0.0127686 -0.00220608 -0.0125388 -0.0071127 1 control 0 O 1 0
F -0.0150683 0.0113982 -0.00947726 0.00592599 0 [8] 0 B 0 1
F 0.00582295 -0.0070239 0.0517992 -0.0593353 1 control 0.007 O 1 1
M -0.0527638 0.00893733 -0.0211802 0.0364575 0 control 0.939 O 1 0
F 0.0299335 -0.00540154 -0.00606711 0.040289 0 control 0 A 1 0
M 0.00355328 -0.00177862 -0.0224426 -0.00543615 0 control 0.001 B 0 0
M -0.0142052 -0.000249777 0.000940644 -0.00351652 0 control 0.969 O 0 0
F -0.0418189 -0.00352453 -0.00858425 0.00774768 0 control 0 A 0 1
F 0.015825 -0.0108364 0.000849039 -0.0147067 0 control 0 O 0 0
M -0.0481228 -0.0160793 0.0253666 -0.00739554 0 control 0 O 0 1
F 0.00172201 -0.00640057 -0.00895956 -0.0522959 1 control 0 A 0 0
F 0.0228775 -0.00133764 0.0130887 -0.00967394 1 control 0.001 A 1 0
M -0.0200086 -0.00258968 -0.00790427 0.0488594 1 control 0 B 1 0
F 0.0120239 -0.0123132 -0.0125788 0.0131805 1 [6] 0 A 0 0
F 0.0180301 -0.00644403 0.00811266 -0.00265093 0 control 0 B 1 0
M 0.0280469 -0.00314091 0.0366641 0.00862304 1 control 0.012 O 1 0
F -0.048919 -0.000632083 -0.0158571 -0.0173366 0 control 0 AB 1 1
F -0.0279869 -0.00506787 0.0384647 -0.00483257 1 control 0 A 1 0
F -0.045348 -0.00219858 -0.0105721 0.00265208 0 control 0.097 A 0 0
M 0.0153423 0.00248198 0.0382047 0.00763789 1 [6] 0 B 0 0
M -0.0371465 0.00891829 -0.0299075 0.00105688 1 control 0 O 1 0
M -0.00990589 0.024182 -0.0174454 0.00231578 0 [6] 0.001 A 1 0
F 0.0332924 -0.000486355 0.00297379 0.0383846 0 control 0 O 1 0
F 0.0375565 -0.0117939 -0.0178014 0.0146549 0 [6] 0 O 1 1
M -0.0389379 0.043148 -0.00819555 -0.00300828 0 control 0 A 1 0
M -0.00117693 0.0354848 -0.0227479 0.00123599 1 [8] 0.966 O 0 0
F -0.0137826 -0.0117527 0.076275 -0.0066748 1 [8] 0.99 A 0 0
M 0.0517877 -0.00473704 0.0010167 0.0063665 0 control 0.982 A 1 0
F 0.0520748 0.00558287 -0.0427415 -0.0219669 1 control 0 O 1 0
F -0.0382484 -0.00698029 -0.00300225 -0.00718772 0 control 0 B 1 0
M -0.0400914 -0.0176601 -0.0132104 0.00472769 0 control 0 B 0 1
M -0.0135513 -0.000120482 -0.0124609 -0.00499596 0 control 0 A 0 0
F 0.0203953 -0.00468262 0.0054147 0.0122753 1 control 0 A 1 0
F -0.0322667 -0.0144855 -0.00458912 -0.00139312 1 [8] 0.215 A 0 0
M -0.0195968 -0.0131693 0.00676109 -0.028797 1 control 0 O 1 0
M -0.0133239 -0.010895 0.0485568 -0.00822683 0 control 0 O 1 0
F -0.039377 0.00844316 -0.00734578 0.00296497 0 control 0.001 O 0 0
M 0.0350215 -0.00428467 0.0116274 0.000161744 0 [4] 0.145 O 0 1
F 0.019018 -0.0146148 -0.010539 -0.00832697 0 control 0 A 1 1
M -0.00350796 0.00485528 -0.0164927 -0.00830755 1 control 0.002 B 1 0
M -0.0176242 -0.00453823 -0.011782 -0.000845433 1 control 0 A 1 0
F 0.00933875 -0.00226636 -0.023469 0.0409609 1 control 0 O 1 1
M 0.0296834 -0.0150141 -0.00837477 0.00441987 0 control 0.066 O 1 1
M -0.00332333 -0.00117968 0.0148968 0.0152162 0 control 0 O 1 0
F -0.049752 -0.0134642 -0.0152803 -0.0013574 0 [8] 0.001 O 1 0
M -0.00283075 0.0199119 0.045211 -0.000660871 0 control 0 A 1 0
F -0.00859563 -0.0208404 -0.0154854 -0.00826137 1 control 0.01 A 0 0
F 0.03109 0.000970801 0.00596824 -0.0204072 0 [8] 0.002 B 0 0
M -0.00517549 -0.0115491 -0.0321662 -0.0088935 0 control 0.875 A 1 0
F -0.0349664 -0.00580022 -0.012265 0.0153937 0 control 0.002 A 1 0
M -0.0122977 0.0507905 0.00335696 0.0136729 0 control 0.025 A 0 0
F 0.031608 0.0046025 0.0126065 0.00708506 0 [8] 0 A 1 1
M 0.0153358 -0.00377853 0.043919 -0.000201769 1 control 0.98 B 0 0
F 0.0486473 3.57e-05 0.0444629 0.0374897 0 control 0 B 1 0
M 0.00286518 -0.0191893 0.090299 -0.00364709 0 [6] 0.863 O 1 1
F 0.0254151 -0.0126825 -0.0166996 0.00587721 1 control 0.334 B 0 0
M 0.00289084 0.11215 -0.0168241 -0.00878226 0 control 0.968 O 1 0
F -0.035902 -0.0119385 -0.0039012 -0.00718202 0 control 0.008 O 0 0
F 0.0503773 -0.0164806 -0.00207256 0.0202984 1 control 0 O 1 0
F 0.0132156 0.0105781 -0.0167539 0.0184431 0 [8] 1 O 0 0
F 0.0311771 -0.00188999 0.0151991 -0.0152594 0 [8] 0 A 1 0
F 0.0254313 -0.00948445 -0.0230171 -0.00169231 0 control 0.19 O 0 0
M 0.0537928 -0.00959263 0.000560609 -0.0157007 0 [8] 0 O 1 0
M -0.0408528 0.00269653 -0.0141192 -0.00543006 0 control 0 A 1 0
M 0.00747969 0.0022673 -0.00964567 -0.00675488 0 control 0 O 1 1
F -0.00841747 -0.021467 -0.0123564 -0.0205485 1 control 0.001 O 0 0
F -0.0159694 -0.0159409 0.0217074 -0.0115692 1 control 0 B 1 0
M 0.0101842 -0.00252527 -0.0102444 0.0126555 0 [6] 0 O 0 0
F 0.0573398 -0.0020575 -0.00226999 -0.0118665 0 control 0 B 0 0
M -0.00552562 -0.00122257 -0.0152227 -0.014755 1 control 0 A 1 0
F 0.0157741 0.00139526 0.0120516 -0.0165051 0 control 0 A 0 0
F 0.0271729 0.00699938 -0.0157396 0.00340041 0 control 0 A 1 0
M 0.0264378 0.00354842 0.00233714 -0.00118141 1 [8] 0 O 1 0
F 0.00276481 -0.00596462 -0.00782686 -0.0341448 0 control 0 O 0 0
F 0.0357252 -0.00170974 -0.0188995 0.00438764 0 control 0.001 A 1 0
F -0.0562985 0.00126087 0.00698861 -0.00697818 0 control 0.036 O 0 1
F -0.0414762 -0.0158105 -0.0331337 0.000790227 0 [8] 0.999 A 1 0
F 0.0360483 -0.0146214 -0.0125755 -0.0338396 0 control 0 A 0 0
M 0.0369878 -0.00345189 0.01614 -0.00892921 0 control 0 AB 1 1
M 0.0259651 -0.0158487 0.00902127 0.0179391 0 control 0 O 1 0
M 0.0393172 0.0401413 0.027103 -9.51e-05 0 control 0.001 O 0 0
M 0.0216206 0.0302755 -0.0388727 -0.00589283 1 control 0 O 1 0
M -0.0403662 0.00704263 0.00640634 -0.040745 0 [8] 0 O 0 0
M -0.02174 -0.00444906 -0.000909685 0.0229372 0 control 0.932 B 1 0
M 0.0277733 0.0209104 -0.0142596 0.0124169 0 control 0 O 1 0
F 0.048179 0.000694202 0.000271806 0.0129118 0 [8] 0 O 0 0
M 0.0405022 -0.00305318 -0.0161913 0.00904722 0 [8] 0.001 O 0 0
M -0.053939 -0.000533141 -0.000357729 -0.0196241 0 control 0.997 B 1 0
F 0.0372713 -0.00669532 -0.0125971 -0.00491984 0 control 0 O 0 0
M 0.0215101 0.0621458 -0.0170238 0.00805661 1 control 0 O 0 0
F 0.00148005 -0.00552509 -0.00778408 0.0012545 0 control 0.005 O 0 0
F -0.0474533 -0.00752219 -0.0328115 -0.00641082 0 [4] 0.002 O 1 0
M -0.043965 -0.00555397 -0.0198899 0.0186097 1 control 0 B 0 0
F -0.0372984 -0.00406627 0.0123486 0.00710253 0 control 0 B 0 0
F -0.00268424 -0.0102169 -0.00270887 -0.000687106 1 control 0.406 A 1 1
F -0.0302138 0.000207095 0.00199864 -0.022984 0 control 0.816 O 1 0
M 0.00861269 -0.00592077 -0.00687456 0.00809089 0 control 0 B 0 0
M -0.0219022 -0.00590166 -0.015388 0.000472872 0 control 0 A 1 0
M 0.0306281 -0.00758569 -0.0147084 0.00500934 0 control 0.008 B 1 0
M 0.0299387 -0.00393316 0.0287552 0.00288959 1 control 0 O 0 0
F 0.0307261 -0.0110916 -0.00625259 0.0177199 0 [8] 0.015 O 1 0
F -0.0446031 -0.0140702 -0.0184399 -0.00742181 1 control 0 O 0 1
M -0.0614132 -0.0171992 -0.00417993 0.0380108 0 [8] 0.659 O 0 0
F -0.00929117 -0.00531562 -0.0187191 -0.0102233 1 control 0 O 1 1
M 0.0165975 0.00956963 -0.0292072 -0.00608541 1 control 0 O 0 1
M 0.00120305 -0.00793439 0.0977732 -0.0152042 0 control 0.001 O 0 0
F -0.0387279 -0.0130253 -0.0166464 0.0249276 0 [8] 0 A 1 0
F 0.00917857 -1.36e-05 -0.00933095 -0.00792256 0 [8] 0 B 1 1
M 0.0274301 -0.01747 0.0438757 -0.0359808 0 control 0.013 O 1 1
M 0.0123498 -0.00304153 -0.016977 -0.00532167 0 control 0 O 0 0
M -0.0128445 -0.0167529 -0.0063847 -0.00212209 0 NA 0 O 0 0
F -0.0053349 -0.00586812 -0.00206425 -0.00578887 0 control 0 O 1 0
M 0.0268698 0.00549627 -0.0155873 -0.00267247 0 control 0 O 1 0
M 0.0309683 -0.00771968 0.0588558 -0.00103526 1 control 0 B 0 1
M 0.0374541 -0.00840954 -0.00187097 0.0521196 0 control 0.03 O 1 0
F -0.0321659 0.00104447 0.10383 -0.0195269 0 control 0 B 1 0
F -0.0415821 0.0102471 -0.0158792 0.00557827 0 control 0.026 A 0 0
M -0.0365637 0.00788379 -0.0136198 -0.00281732 0 control 0.288 B 1 0
M -0.0464088 -0.0070604 -0.0149504 0.0242242 0 control 0.004 O 0 0
F 0.0265805 -0.00896537 -0.0100338 0.0163189 1 NA 0.998 A 0 0
M 0.0226994 -0.00193675 6.35e-05 -0.011022 0 [8] 0 B 1 1
F 0.0515089 -0.0106715 -0.00680128 0.00159874 0 [4] 0.024 O 1 0
F -0.0476863 0.00923129 -0.00408955 0.0297549 0 [8] 0 O 0 0
M -0.0192026 0.0022911 -0.0204952 -0.0179198 1 control 0.974 A 0 1
F 0.00811817 0.0108577 -0.0121679 -0.0191344 0 control 0.986 A 1 0
F 0.0227789 0.00428222 0.0413178 0.000458857 0 control 0.216 B 1 1
F -0.0158543 0.00860947 -0.00364207 0.00429869 0 [6] 0.242 A 1 0
F 0.0297166 -0.00658676 -0.00797053 -0.00475569 0 control 0 O 0 0
M -0.000514626 0.0076543 -0.0130921 0.0689855 0 [4] 0 O 1 0
M -0.0202811 0.00238479 -0.0253311 0.0258431 0 control 0 O 0 1
M -0.0435648 -0.0100142 -0.0103427 0.00330988 0 [4] 0 O 0 0
M -0.0406359 0.0273292 -0.00323569 -0.0116544 0 control 0.038 A 0 0
F 0.0182484 -0.00804212 0.0185239 -0.0205786 0 control 0.073 O 0 0
F 0.0308527 0.0126379 0.0282524 -0.0150326 0 control 0.012 O 1 1
M 0.0299311 -0.00735219 0.0875835 0.0337743 1 NA 0 A 1 1
M -0.041224 -0.00720077 0.0451874 0.00281983 0 [8] 0 O 1 0
F -0.0130344 -0.00623897 0.0495945 -0.0208556 1 control 0.958 B 1 0
F 0.00691476 -0.0104762 0.0331848 0.00234475 0 control 0.005 O 1 0
F 0.037134 0.0138633 0.0139748 -0.0112857 0 control 0 O 0 1
F -0.00484479 0.00368739 -0.0149465 -0.00798334 1 control 0 B 0 0
M 0.00241676 0.0103668 -0.0160941 0.00773685 0 control 0 A 1 0
F 0.0163227 3.8e-05 -0.0120071 -0.013884 0 control 0 B 1 1
M 0.0465956 -0.00258112 0.0153871 -0.0163118 0 [8] 0.001 O 1 0
F -0.00149962 0.0255584 -0.025296 -0.00356457 1 [6] 0.007 A 1 1
F 9.25e-05 -0.0119009 0.00623273 -0.00297613 0 control 0 O 1 0
F -0.00602166 0.0139784 0.025622 -0.00693895 0 control 0 O 1 0
F -0.0246265 0.0352411 -0.089465 -0.0154542 0 control 0.017 O 0 0
M 0.0330617 -0.00423806 0.0192557 0.00104622 0 control 0 O 1 0
F -0.0402937 -0.0108683 0.00694547 -0.00388251 0 control 0 O 0 0
F 0.0387957 -0.00394577 -0.023019 0.0180241 0 [4] 0 O 0 0
F -0.00864058 -0.00230155 -0.0188587 0.000591438 0 control 0 O 1 0
M 0.0332862 -0.00142717 -0.0203909 0.00463004 0 control 0 O 1 0
F 0.0365404 -0.0108065 0.0300504 0.00146418 0 [4] 0 A 1 0
F -0.0516559 -0.00943664 -0.00618088 -0.0144108 0 [8] 0 AB 1 0
F -0.0180012 -0.00284208 -0.00467473 0.0127403 0 [8] 0.059 A 1 0
M -0.000751491 0.00166605 0.0256227 -0.00803364 0 control 0.999 O 1 0
F 0.0207392 0.00479488 0.0063573 -7.66e-05 0 [8] 0.226 O 1 0
F 0.033684 0.00669136 -0.0172429 -0.00845051 0 control 0.004 AB 1 0
F 0.00847917 0.0482733 -0.00910898 -0.00556471 0 NA 0 A 1 0
M 0.0078903 -0.00501117 0.0237197 -0.0678498 0 control 0 O 0 0
M -0.0417697 0.00275697 -0.00698817 -0.00457817 0 control 0 O 1 1
M -0.0237028 0.0129983 -0.0141594 -0.0128225 0 control 0 O 1 0
F 0.0446754 -0.00706741 -0.013461 0.000193789 1 [8] 0 O 1 0
M 0.03753 -0.0146912 -0.0155918 -0.00137244 0 control 0.063 O 0 1
F 0.0189633 -0.00755525 -0.0182355 -0.0158637 0 control 0.023 O 1 0
F -0.0286726 -0.00143666 -0.0182466 0.0230584 0 control 0 O 0 1
M 0.0182008 -0.0121653 -0.027392 -0.00889186 0 control 0 B 0 0
M 0.0233558 0.00296095 0.0130906 -0.0146251 0 control 0.003 A 1 0
F -0.0111829 -0.0139959 0.0157044 -0.00330154 0 control 0 AB 0 0
F -0.037177 0.00110745 -0.00327542 -0.00234692 0 [8] 0.033 B 0 0
F 0.00868014 -0.00746471 0.0659983 -5.29e-05 0 [8] 0.941 O 0 0
F -0.0394549 -0.00960456 -0.00114564 -0.0056628 1 control 0 O 1 0
M 0.0178572 -0.00393773 0.00343647 0.000667016 0 control 0.038 A 0 0
F -0.00392986 -0.0162784 -0.0220368 -0.00272442 0 control 0.001 O 0 0
M 0.0112308 0.0121157 -0.014292 0.0443651 0 control 0.047 O 1 0
F 0.0181347 -0.00141558 0.00846316 -0.0390926 0 control 0.118 O 0 0
M -0.0490265 -0.0064268 0.0193059 -0.0181167 0 control 0.053 O 1 0
M -0.0411543 -0.00370911 0.0103008 0.000220181 1 control 0 A 0 0
M -0.036796 0.00900385 -0.011002 -0.0139624 0 [8] 0 O 1 0
F -0.0220918 -0.0207312 -0.0150035 0.00963438 1 [8] 0.001 A 1 0
M 0.0249673 0.00320723 0.0027687 0.000563672 0 control 0 O 1 0
F 0.0422765 -0.00135421 0.0368684 0.0058927 0 control 0 B 0 0
F 0.0267923 -0.00975697 -0.00690753 0.00943029 0 control 0 A 1 0
M 0.0303763 -0.00859732 -0.00615442 0.00489442 0 control 0.196 O 1 0
F 0.0383293 -0.0177783 -0.00629123 0.000400782 1 control 0.106 B 0 0
M -0.00579872 -0.005385 0.0346292 0.0184303 0 control 0 O 0 0
M 0.0303203 -0.00753421 -0.0266234 -0.00776005 1 control 0.873 O 1 0
M 0.0014927 -0.00365892 0.0484902 -0.00428096 1 control 0 O 0 0
F 0.00299546 -0.00593925 -0.00745865 -0.00062979 0 [8] 0 O 1 0
F -0.0439449 0.00208433 0.000866413 -0.0272306 1 control 0 B 0 0
F 0.0238025 -0.00699358 -0.00108473 -0.00118075 0 control 0.022 B 0 1
M 0.0361937 -0.0047766 0.0219571 -0.0107897 0 NA 0.825 AB 1 0
F 0.0175913 -0.00760975 -0.00542473 0.0980323 0 NA 0.2 O 1 0
M -0.0254592 -0.00125793 -0.00827278 0.000167106 0 control 0 A 0 0
F 0.0113024 -0.0244268 -0.0241346 0.000341728 0 [8] 0 A 0 0
M 0.0317162 -0.00257329 -0.0178425 -0.0402038 1 control 0 B 1 0
F 0.0428353 0.00312777 -0.00427758 -0.00399879 0 control 0.961 B 1 0
M 0.0333792 -0.00114878 -0.00547306 -0.00382404 0 control 0 O 0 0
F 0.00705093 0.00117975 -0.00431483 -0.014936 0 control 0 O 0 0
F -0.0355943 0.00351804 0.0984258 -0.0103272 0 control 0.001 O 1 0
F 0.0437181 -0.000542878 -0.0242387 -0.0047296 1 control 0 O 0 0
F 0.021778 -0.0104726 0.000654134 0.00699157 0 control 0 O 1 0
M -0.00272898 0.00943758 -0.0101443 0.015817 0 [6] 0.999 O 1 0
F -0.00396138 0.0171782 0.000504483 -0.0129089 0 [8] 0.001 B 1 0
F -0.0433602 0.00635441 0.0207117 -0.00898791 1 NA 0.016 O 0 0
F -0.0581381 0.0196528 -0.0199927 0.00271582 0 control 0 B 1 0
M -0.0194369 0.00306854 -0.0116855 -0.000674862 0 control 0 B 1 0
M 0.0130446 0.00166094 0.0190275 0.0327904 1 [8] 0.015 A 1 0
F -0.0160101 -0.00639917 -0.0162066 0.00112337 1 control 0.89 A 1 0
F 0.019217 -0.00226536 -0.00741753 0.0414054 0 [4] 0.996 B 1 0
F -0.045379 0.0198856 -0.0151305 -0.00864862 0 [8] 0 O 1 0
M -0.0437484 -0.00383393 0.00338504 0.000244103 0 [8] 0.008 A 1 1
M 0.0348458 0.00490294 -0.0030178 -0.0540083 0 [8] 0.01 A 1 1
M -0.0568907 -0.0196535 -0.00672083 -0.000648766 1 control 0 O 1 0
M 0.0106092 0.00764163 0.0302276 -0.00582104 0 [8] 0.862 B 0 0
F -0.0430957 -0.00942339 -0.018643 0.0025829 1 control 0 O 1 1
F -0.0177685 0.00764629 0.0217477 0.00650637 1 control 0 A 0 0
M 0.0279562 -0.0100188 -0.0140238 0.0119692 0 control 0 B 0 0
M -0.0340371 0.0254403 -0.0180606 -0.0147364 0 [6] 0.056 O 1 0
F -0.0162766 -0.0114712 -0.00533728 -0.00662181 0 [8] 0.99 A 1 0
M 0.031669 0.000993971 0.00435521 0.0308482 0 control 0 O 0 0
M -0.0379829 0.00965448 0.00103632 0.0653193 0 control 0.29 O 0 0
F -0.0321846 0.00411173 0.0471864 0.00010534 1 control 0 O 0 0
M 0.0331674 -0.00375851 0.012456 -0.0213644 0 control 0 O 1 0
F -0.0343 0.0243054 -0.00314976 0.0636639 0 control 0 O 1 0
M -0.0341119 0.0141408 -0.0103479 -0.000453551 0 control 0.561 O 0 0
F 0.00442657 0.00152009 -0.0142558 0.00483048 1 NA 0 O 1 0
M 0.0104335 -0.00764265 0.027117 0.00409994 0 control 0 O 1 0
M -0.00684733 0.0157464 0.0177192 0.0152769 0 control 0.839 B 1 0
F -0.0683226 0.0370199 0.00676565 -0.000121527 1 control 0.31 A 1 0
F -0.0526387 -0.0178674 -0.0233266 -0.0197237 1 control 0 AB 0 0
F 0.0233862 8.85e-05 -0.00263474 0.00843582 0 control 0.381 B 1 0
M 0.0316348 -0.0117393 0.000538438 0.00150754 0 control 0 A 1 1
M 0.013439 -0.00991679 -0.0205366 0.00910031 0 control 0.028 A 1 0
M -0.000519008 -0.00939311 0.0797572 -0.0062191 0 control 0 B 1 0
M -0.046312 0.00460551 0.00374307 0.0297463 1 control 0 A 1 1
F -0.0307069 -0.00669828 -0.0185125 0.0223795 0 control 0 A 1 0
M -0.0527011 -0.0129524 -0.0209646 0.0271508 0 control 0.002 O 0 0
F -0.0470751 -0.00749366 -0.00249543 -0.00470935 0 control 0 B 0 0
F -0.0551132 -0.0108702 0.000140647 -0.000788614 0 [4] 0.001 O 0 0
F -0.0282748 -0.0227156 0.0255834 -0.01607 0 [8] 0 O 1 0
F 0.0220933 -0.0023923 -0.00693357 0.00612685 0 control 0 B 1 0
F -0.0435969 -0.0022685 0.0235363 -0.000564001 0 [8] 0 A 0 0
M 0.0375346 -0.0207453 0.0577382 -0.0105119 0 control 0.192 A 1 0
M 0.0104501 -0.0067425 -0.00271189 0.00346741 1 control 0 O 1 0
M -0.0220061 -0.0181747 -0.0121955 0.0247382 0 control 0.004 O 1 1
F -0.0179604 0.0105039 0.00311316 0.0949138 1 NA 0 A 0 0
F 0.0239809 0.0297088 -0.0184893 0.010302 0 control 0 O 0 1
F 0.0193222 -0.000270754 0.0131631 0.000972669 0 control 0.964 A 0 0
M -0.0439431 0.00438575 0.0450755 -0.0039222 0 [8] 0 O 0 0
M 0.0232941 -0.000638185 0.0265239 0.0164609 0 [8] 0.078 O 1 1
M 0.0227936 -0.0159014 -0.0105917 -0.014581 1 [8] 0.391 B 0 1
F 0.00476759 -0.00868673 -0.00432366 -0.00337674 0 control 0.454 A 1 0
F -0.046891 -0.00509236 -0.00362492 -0.0248601 1 control 0 O 0 0
M 0.0258029 -0.00846566 -0.00154558 0.00139252 1 control 0.84 O 0 0
F -0.0255391 -0.0060353 -0.00601157 -0.00372849 0 control 0.099 O 0 0
F -0.03823 -0.01211 -0.0148513 -0.00095306 0 [8] 0 A 0 0
F -0.0422403 -0.00637696 -0.00545194 -0.0104734 0 control 0 A 1 0
F 0.0143238 -0.00861122 -0.0120504 -0.00052347 1 control 0.002 AB 0 1
F -0.0279447 -0.00244979 -0.0271395 0.0109767 0 control 0 O 0 0
F -0.0476691 -0.00648912 -0.00577574 -0.0264136 0 control 0 A 1 1
F 0.0342025 -0.00613679 -0.0190743 0.000537915 0 control 0.004 O 0 0
M 0.0281557 -0.0101826 -0.00893354 -0.00657247 0 [8] 0 O 1 0
F 0.0194283 -0.000613429 0.0289417 -0.0139263 0 [4] 0.908 A 1 0
F 0.032627 -0.00944318 -0.0258126 -0.00661389 0 control 0.864 A 0 0
M 0.0224753 -0.00715525 0.00626275 -0.00600718 0 [8] 0 O 0 0
F 0.0449032 -0.00289013 -0.0211957 -0.0461958 0 control 0 A 0 0
M 0.0360424 0.00389611 0.0043313 0.0617389 0 [8] 0.952 O 0 0
M 0.0314144 0.0069759 -0.0108166 -0.0148955 0 [6] 0 O 0 0
F 0.0341049 0.0411795 -0.0237389 -0.02272 0 control 0.164 O 1 0
F -0.0320388 -0.0105704 -0.0130637 0.0135705 0 [8] 0.023 O 1 0
M -5.89e-05 -0.0111826 0.00133956 -0.0146325 0 control 0.034 A 1 0
F 0.0204868 -0.00945313 -0.0132173 -0.000968579 0 control 0 O 1 0
M -0.0443849 0.0100493 0.0108632 -0.0247588 0 [8] 0.038 O 1 0
M 0.000815437 -0.0149095 0.0234116 -0.00301046 0 control 0.028 B 0 1
M 0.0274477 -0.0153717 -0.00123277 0.0142643 0 NA 0 O 0 0
F -0.0362341 -0.0201074 0.022639 0.0241571 0 control 0 O 1 0
M 0.00941511 0.000457592 0.0672308 0.0299963 1 control 0.153 O 0 0
F -0.0244391 -0.0154154 -0.00861631 0.00388764 0 control 0 O 0 0
M -0.0368584 -0.0233808 -0.00630858 -0.00634488 0 control 0.464 O 1 0
M 0.026845 -0.0124473 0.11589 -0.00617665 0 control 0.634 O 0 0
M 0.0360895 -0.00753057 -0.0107355 0.00266543 0 control 0.012 O 1 0
M 0.0209525 0.00162348 -0.0074068 -0.0053014 1 control 0.001 O 1 0
M -0.0153672 0.0105771 -0.00201615 -0.00563151 0 control 0.992 O 1 0
F 0.0217539 -0.00786201 -0.00563371 -0.0109154 1 control 0.629 A 0 0
M -0.00756748 -0.00203574 0.00738404 -0.0148578 1 control 0 O 1 0
M -0.0478705 -0.000525762 -0.00649995 0.107085 0 control 0.007 A 1 0
F 0.00676828 0.000835425 -0.0270397 -0.00951257 0 control 0.136 B 0 0
M -0.00767876 -0.0126853 -0.0127963 -0.00136513 1 control 0.015 A 1 0
M 0.0070735 0.0228497 0.0255116 0.0203001 0 control 0 O 1 1
M 0.0199078 0.019553 0.0261397 -0.00735999 0 [4] 0.737 A 0 0
F -0.0375168 -0.00254292 -0.0225734 -5.26e-06 0 [4] 0 O 1 0
M -0.0336387 0.00541125 -0.00757964 -0.0050499 1 control 0 O 0 0
F -0.0448864 0.0106446 -0.0188075 -0.0138885 0 control 0 O 1 0
F -0.0390778 -0.010735 0.0609885 -0.00340494 0 control 0.891 O 1 0
M 0.00702016 -0.00669266 -0.00023883 0.0236959 0 control 0 O 1 1
F 0.0336015 -0.00896182 0.00313771 -0.0117851 0 control 0 O 0 0
F 0.00636544 -0.00973321 -0.0184326 -0.00398447 0 control 0.001 A 0 0
F -0.0508754 -0.00750057 -0.0114877 0.0011466 0 control 0 B 0 0
M -0.0329184 0.0069563 -0.0147795 -0.0173003 0 [8] 0.954 A 0 0
M -0.059925 -0.000870267 -0.00681674 -0.0150886 1 control 0.969 B 1 0
M 0.0299541 -0.00887679 -0.0367122 -0.0119858 1 control 0 B 0 0
M 0.0259924 0.0112882 -0.00887807 0.00543176 0 control 0.575 O 0 0
M 0.0333608 -0.00851865 0.00790188 0.00271475 1 control 0 O 0 0
M 0.0141975 -0.0183881 -0.01554 -0.00906463 0 control 0.001 A 0 0
F 0.0468479 -0.00453476 -0.0168081 -0.00565433 0 control 0.999 A 0 1
M 0.00541206 -0.00776694 -0.0150198 -0.0183778 0 control 0.008 B 0 0
F 0.0155001 -0.0127984 -0.00929394 0.0281399 1 control 0 A 1 0
M 0.0276441 -0.0110196 -0.00395696 0.0246325 1 control 0 B 0 0
F 0.000310452 -0.00309576 -0.0107099 0.0990567 0 control 0 O 1 0
F 0.00320286 0.00823672 0.00748902 0.000619759 0 control 0 AB 1 0
M 0.0188995 0.00890891 0.000721072 0.00697502 0 [8] 0 O 1 0
M 0.0208416 -0.000987701 -0.015211 -0.0225127 0 control 0 O 1 0
M 0.0181948 -0.00854863 0.00380123 -0.000634075 1 control 0 O 1 1
M 0.016155 0.00266734 -0.00205395 0.00206425 0 [8] 0.004 B 0 0
F 0.0068461 0.0622519 -0.00731849 -0.015735 0 control 0.68 O 0 1
M 0.0452588 -0.00265289 -0.00267365 -0.0200492 0 control 0 B 1 1
M -0.00812456 -0.00331048 -0.00066808 0.0139739 0 control 0.087 O 0 0
M 0.000881437 -0.00607286 -0.0274639 -0.0013041 1 control 0 O 1 0
M 0.0377489 -0.00295266 0.00658162 0.0371983 0 control 0 A 1 0
F 0.0192226 0.0881446 -0.00820086 -0.0064006 0 control 0.976 A 0 0
M 0.0450011 0.00632824 -0.0191985 -0.0023646 1 [4] 0 A 0 0
M -0.0384999 -0.00483774 0.0406457 -0.0217099 0 control 0.017 O 0 1
F -0.039872 -0.000107799 -0.00835593 0.0202817 0 control 0.001 A 1 1
M 0.0125496 0.0281784 -0.0190478 0.00575237 0 control 0 A 1 0
F 0.0211985 -0.0023332 -0.0043514 0.00862558 1 control 0 B 0 0
M -0.0240219 -0.00256115 0.0228449 -0.0168984 0 control 0 O 1 0
F -0.0121919 -0.00354791 0.0956706 5.12e-05 1 control 0.49 B 1 0
M 0.0464379 -0.00661219 -0.0022297 -0.0293855 0 control 0 O 1 0
F 0.0297341 0.0259532 -0.0136925 -0.00209964 0 control 0.011 B 0 0
F -0.000969941 -0.00669761 -0.00602002 -0.0264808 1 control 0.048 A 1 0
M 0.0428939 -0.0105266 -0.0120707 0.00981115 1 control 0.248 A 1 0
F 0.0274943 0.00553207 -0.00461203 -0.00553491 0 control 0 O 1 0
F 0.0155673 -0.0123219 -0.0200006 0.0042047 1 control 0.005 O 0 1
M -0.0378794 -0.00517407 -0.0095219 -0.0171072 1 control 0.216 O 0 0
M -0.0374926 -0.00717192 -0.0407894 0.0797134 0 [6] 0.004 B 0 1
F -0.00298638 -0.0118469 -0.00626928 0.00174243 1 [4] 0.902 O 0 0
F 0.0128483 0.00719187 -0.0142564 0.0139531 0 control 0 B 0 0
M -0.00234786 -0.00406615 -0.00693983 0.0127953 0 [8] 0 O 1 1
M 0.00209214 -0.00240219 -0.0129654 0.00320861 1 control 1 O 0 0
M -0.0128251 -0.0193852 0.0517233 -0.00603536 0 control 0 B 1 0
F 0.00727969 0.00769613 0.0543123 -0.00535832 0 control 0.858 AB 0 0
M 0.00738943 -0.00110751 -0.00629051 -0.00464482 0 [8] 0 O 1 0
F 0.0458904 -0.00322666 -0.00767308 -0.0192125 0 control 0 O 1 0
M -0.0155739 -0.00544097 -0.0206214 0.0236083 1 control 0 A 0 0
F 0.0364558 -0.0158947 -0.010076 0.0235177 0 control 0 A 0 1
M 0.0329434 -0.00558445 0.0581751 0.00549158 1 control 0 O 0 0
F 0.023434 -0.00533173 -0.00613791 -0.000631098 0 control 0.018 B 0 0
F -0.047563 0.00369438 -0.00753621 0.0130315 0 [8] 0.001 B 0 1
M -0.0420704 -0.00896664 -0.00118421 -0.011243 0 control 0.02 O 0 0
M 0.039043 -0.0120401 -0.0342724 0.0168457 0 control 0 B 0 0
M 0.0197786 0.0295945 -0.00109497 -0.00868127 0 control 0 A 0 0
M 0.0259459 0.0028069 -0.0250295 0.0566081 0 control 0 B 0 0
M 0.0208038 -0.00399595 0.012821 0.0272235 1 NA 0 A 0 0
M -0.00131107 -0.00988479 -0.00677937 0.0525379 0 [4] 0.036 O 0 0
M -0.0120901 0.00122389 0.0114386 -0.00165001 1 [4] 0 O 1 0
F 0.0301193 0.00391679 0.00437472 -0.0143661 0 control 0 O 0 0
M -0.0140663 -0.0037804 -0.012785 0.00178732 0 NA 0 A 0 0
F 0.0522949 -0.00488376 -0.00985456 0.105067 1 control 0.076 A 0 0
F 0.0170056 0.00481037 0.083448 -0.0104792 1 control 0 B 0 0
F 0.0411316 -0.000581576 0.0501489 -0.0057894 0 NA 0 A 1 0
F -0.0549857 0.00528726 0.0243591 0.00249885 1 control 0.966 O 0 1
F 0.0249265 -0.00639739 0.00198604 -0.226493 0 control 0 AB 0 0
M 0.023735 -0.00701385 -0.0174385 -0.00464876 0 control 0 A 0 1
M -0.0649717 0.103564 0.0608858 0.0480635 0 control 0.003 O 1 0
M 0.0247114 -0.0176045 -0.0129989 -0.00157271 1 control 0 A 1 0
M 0.0265322 0.00273631 0.00058377 -0.00989028 0 [8] 0.011 O 1 0
M 0.0377776 -0.0149094 0.0263229 0.00153501 0 control 0 O 0 0
F -0.0351388 -0.00607606 -0.0125869 -0.00300856 1 control 0.001 B 0 0
M -0.0455631 -0.00765294 0.021173 -0.00418663 0 control 0 A 1 0
F 0.0307815 -0.00747198 0.00494408 -0.0104175 0 control 0 A 1 0
M -0.0507757 -0.0175495 -0.0125232 -0.0131453 1 [8] 0.459 B 1 0
F 0.00596368 0.00880831 -0.00838069 0.00581091 0 control 0.133 O 1 0
F 0.0130967 -0.00909695 -0.0371407 2.83e-05 0 control 0.001 O 0 1
F 0.0038959 -0.00598529 -0.00880535 -0.022978 0 control 0 B 0 0
M -0.035015 -0.00308462 -0.010619 0.00730672 1 [8] 0.003 O 1 0
F 0.0507063 -0.0130877 -0.0156767 0.020729 0 control 0 B 1 0
M 0.0314955 -0.00507778 -0.0270804 0.00257879 0 [4] 0.998 O 0 0
M 0.0199483 -0.0101093 -0.00851922 -0.0177841 0 NA 0.01 O 1 0
F -0.000579456 -0.00653059 -0.0107437 0.0242873 1 [4] 0 O 0 0
M 0.000251303 -0.00776443 -0.0109879 0.00685098 0 control 0 A 0 0
F 0.0193965 0.00371239 0.00783892 0.0602605 0 control 0.999 O 0 0
M -0.0477662 -0.0085441 0.00753063 -0.00577872 0 [4] 0 O 0 0
F 0.00895351 -0.0169622 -0.0278534 0.00793835 0 control 0 AB 0 0
M -0.0242348 8.89e-05 -0.025077 -0.00290897 0 control 0.783 O 1 1
F 0.0207992 -0.00397512 -0.0139953 -0.00574495 1 control 0 O 1 0
M -0.0745669 -0.0125082 0.116605 -0.00346474 1 control 0 A 0 0
F 0.0221471 0.0369323 0.011161 -0.0127494 0 control 0 A 0 0
F 0.0196051 -0.00828473 -0.0060998 0.0201385 0 [8] 0 B 0 0
M -0.00197427 -0.000381839 -0.0127205 -0.00457273 0 control 0.004 AB 0 0
F -0.0172824 -0.00363179 -0.0154404 -0.00510096 0 control 0.002 O 0 1
M 0.0158799 -0.014378 0.0872088 -0.00597289 0 control 1 A 1 1
M -0.0535265 -0.00144563 -0.0138625 0.0966319 0 control 0.002 O 1 0
F 0.0213872 -0.011245 -0.0206265 -0.0128947 1 control 0.001 O 0 0
F -0.0327041 -0.0108859 -0.00595768 -0.0128037 0 control 0.739 O 1 1
M -0.0515225 -0.0139512 -0.0155608 0.000175363 1 control 0 O 1 1
M 0.0410939 -0.0140736 -0.00877799 -0.00712619 0 control 0.001 A 0 0
M -0.0271009 -0.00975677 0.0554801 -0.0169102 0 [8] 0 A 0 0
F -0.0118959 0.00515975 -0.0288889 -0.0046378 1 control 0 O 0 0
M 0.0221523 -0.00786065 0.00479129 0.00580616 0 NA 0 A 1 0
F 0.0240546 -0.000816975 -0.0286422 0.0140766 0 control 0.363 A 1 0
F -0.0268089 0.00022821 0.0176267 0.00295323 0 [8] 0 O 1 0
F -0.0464378 -0.0140985 0.0392544 -0.015913 1 control 0.242 B 1 0
F 0.0415611 0.00397607 -0.0155242 0.00318612 0 [8] 0 B 1 0
M 0.00292553 -0.00524104 -0.00960238 -0.00739338 0 control 0 A 1 0
F -0.0319404 -0.00758286 0.00251758 0.0878539 0 control 0.162 O 0 0
F 0.0580853 -0.00536691 0.000975352 -0.0170445 0 control 0.341 O 1 0
F 0.0451188 0.00741122 -0.00482307 0.0157129 0 control 0.004 O 0 0
F -0.0450289 -0.00268571 -0.00197404 -0.00645162 1 control 0.855 O 1 0
M 0.0231544 -0.00959099 -0.00667621 0.034616 0 control 0.002 B 1 1
M -0.00832894 -0.012183 0.00763489 -0.00579228 0 control 0 AB 0 0
F 0.0258371 -0.0103002 0.0022188 -0.00639016 0 control 0 B 0 0
F -0.0530596 0.00676297 -0.0149054 -0.00132763 0 control 0.002 O 1 0
F 0.0185006 -0.00585068 -0.0199192 0.0121376 0 control 0 O 0 0
F 0.0198801 -0.00659777 0.0143352 -0.00348547 0 control 0 O 0 0
M 0.0391043 0.000309901 0.113415 -0.00126786 1 NA 0 A 1 0
F 0.0206986 0.0206853 -0.0130424 -0.0133708 0 control 0 O 0 0
M 0.00770608 0.0176041 0.018144 -0.00127134 1 [8] 0 O 1 0
M -0.0412552 -0.0166687 0.013463 -0.00397527 0 control 0.012 O 1 0
M 0.0149462 -0.0070433 0.00125928 -0.00478966 0 [8] 0.001 AB 1 1
F -0.017139 -0.00291319 0.113565 0.0156204 0 control 0.065 O 0 0
F 0.00189318 -0.00618885 0.0534362 -0.0101816 0 [8] 0 A 0 0
M 0.0256195 -0.0122406 -0.0153583 -0.00928487 0 [8] 0 B 1 0
F 0.00143724 0.0107169 -0.00852633 -0.00183172 0 [8] 0.821 O 0 0
F 0.0011315 -0.0105596 -0.00575828 0.000872231 0 control 0.999 O 1 0
F -0.0225888 0.014933 -0.0131708 -0.0466204 1 control 0 A 0 0
F 0.0291874 -0.00913404 -0.0284748 -0.00708384 0 control 0 B 0 0
F 0.0199388 -0.00108738 0.0299782 -0.00799894 0 [8] 0 O 1 0
M 0.0537323 -0.0093665 -0.0218708 -0.00771608 0 control 0.885 O 0 0
M 0.0291319 -0.00980374 0.0100061 -0.00131232 0 control 0 O 1 0
F 0.0237378 -0.004236 0.056853 -0.00265924 0 control 0 O 1 0
F 0.0235713 -0.000186805 -0.0274403 -0.0140966 0 control 0 O 0 0
M 0.0291659 -0.01003 -0.014346 0.0276739 0 control 0.3 B 1 0
F -0.00922089 -0.00544032 0.0341293 0.0148246 0 control 0 O 0 0
M -0.0581814 -0.00458467 0.00127794 0.00610213 1 control 0.006 A 1 0
M 0.0269308 -0.0163661 0.0256125 0.0172082 1 control 0 O 0 0
M 0.000318367 0.00665618 -0.0143839 -0.00754804 0 control 0 A 1 0
F 0.00932968 -0.00821056 -0.00694547 0.0215843 0 control 0 O 1 0
F 0.00120692 -0.0116688 0.0030817 0.017894 1 [8] 0.011 B 1 0
M 0.0167782 0.00234422 0.000252246 -0.00867456 0 control 0 O 1 0
M -0.0394262 -0.0132686 -0.0177262 0.00279964 0 control 0.048 O 0 0
M -0.035518 -0.00475436 0.00745709 0.00218004 0 control 0 O 1 0
M 0.0391468 -0.00447324 -0.00536792 -0.00140389 1 control 0.06 AB 0 0
M 0.00113198 -0.00615738 -0.0193161 0.00172821 1 [6] 0.014 O 0 0
F -0.0695627 0.00645948 -0.0125306 -0.00798555 0 control 0.001 A 1 0
M -0.00555029 0.00867053 -0.00162487 -0.00303936 1 control 0.009 B 0 0
M -0.0299767 -0.0107249 -0.0177786 -0.0182218 0 control 0 O 1 0
M 0.0594853 -0.0117576 0.0166078 -0.00863182 0 [4] 0.003 B 1 0
F 0.0155047 -0.00704717 0.0110974 0.00311192 0 [8] 0 B 1 1
M -0.0390387 0.0118729 -0.0317964 -0.0035706 1 control 0 O 1 1
M -0.00227597 -0.00691452 0.0431347 -0.0124245 0 control 0.016 A 1 0
M -0.00212835 0.0457214 -0.030456 -0.00237359 1 control 0.001 B 1 0
F -0.0445864 0.00959867 -0.00726701 -0.0071499 0 control 0 O 0 0
F -0.0387121 -0.0016467 -0.0187394 0.000674057 1 [4] 0.008 A 0 0
M 0.0359196 -0.0100365 -0.0201617 -0.0731849 0 control 0.001 O 0 0
F -0.0110197 -0.00311684 -0.00525239 -0.0275036 1 NA 0 O 1 0
M 0.0118888 -0.0100407 -0.0273622 -0.00576598 1 control 0.001 O 0 0
F 0.0306286 0.00261067 0.0030542 -0.00470301 0 control 0 A 0 0
M -0.0337724 -0.00285061 0.0208589 -0.00747062 0 control 0.123 A 1 0
F -0.0154926 -0.00928377 -0.00175472 -0.022739 0 control 0.005 A 0 0
F -0.0199033 0.00242495 0.0176602 0.000242225 0 control 0.116 O 0 0
F -0.0358857 -0.00515683 0.00358553 -0.00893624 1 control 0 A 0 0
M 0.000228745 0.0106292 -0.0199928 0.00665559 0 control 0 O 0 0
M 0.00313039 0.00485347 -0.000929333 -0.0136084 0 control 0.016 A 0 0
F -0.0333647 -0.00725253 -0.000228343 0.0311329 0 control 0 A 1 0
M 0.0348746 -0.00672057 -0.00675607 0.000898168 1 control 0 O 1 0
M -0.0477887 -0.0134548 -0.000278898 -0.0152969 0 control 0 O 0 0
M 0.0257293 0.00171906 -0.020772 -0.0190666 0 control 0.865 O 1 1
M 0.0206069 0.00457531 -0.00856312 -0.000784718 0 [4] 0 A 1 0
M -0.0453852 -0.0071689 -0.0232518 -0.00776815 0 [8] 0 O 1 0
F -0.0223245 -0.00750042 -0.020179 -0.00582015 0 [4] 0 A 1 0
M 0.0442188 -0.0247502 -0.0114698 -0.0265144 0 control 0.004 O 1 0
F -0.041555 0.00237493 -0.00453681 0.00579895 0 [8] 0.989 A 0 0
M -0.0362855 -0.0103351 -0.00411637 -0.00710313 0 control 0 O 1 0
F -0.0378376 -0.0127366 -0.00212947 0.0147396 0 control 0 O 1 0
F -0.0155038 -0.0113671 -0.0221792 0.0271174 0 control 0.189 O 1 0
F 0.0349734 0.00383789 0.0103744 -0.0398624 0 control 0 A 0 0
M 0.0181623 -0.0113996 0.00228919 -0.00400368 0 control 0.001 O 1 0
F -0.0265206 0.00991856 0.00109058 0.0321396 0 control 0 O 1 1
M -0.00396697 -0.0121011 -0.0174494 -0.00430217 0 control 0 O 1 1
M 0.0283759 -0.00664281 0.00447043 -0.00201932 0 control 0.009 O 1 0
F 0.0429708 0.00945565 0.0177395 -0.0323172 0 control 0 B 1 0
F -0.0173351 -0.000739419 -0.0369793 -0.00324496 0 [8] 0.048 B 0 0
F -0.0444165 0.00234426 0.00427407 -0.0076102 1 [6] 0 O 0 0
M -0.0228479 0.0250361 0.00214396 -0.0106179 0 control 0 O 0 0
F 0.0247688 -0.00657666 0.0790769 0.00434107 1 control 0 O 1 0
F 0.0218909 -0.0146961 -0.014358 0.0386359 0 control 0 O 0 0
M 0.031196 -0.0178054 0.0328821 -0.0109694 1 control 0 O 1 0
F -0.0253939 -0.0136135 -0.021624 0.0124095 0 [8] 0.684 O 1 0
F -0.0522944 0.0605861 -0.0108492 0.0327021 1 control 0 A 1 0
F 0.0473434 0.00419676 -0.0231538 -0.0237716 0 control 0.849 AB 0 1
M 0.0372976 0.000222574 -0.0145865 0.00190265 0 [8] 0 O 0 0
F 0.0143947 -0.012141 -0.0219733 0.00677019 1 [4] 0.987 O 1 0
F 0.0221435 -0.000401822 -0.0162762 -0.00816472 0 [4] 0.162 AB 1 1
F 0.0188771 -0.000437318 0.0366143 -0.00293827 0 control 0 O 0 0
M -0.00219593 0.00437502 -0.00990049 -0.00370423 0 control 0 A 1 0
F 0.0151788 -0.006945 -0.00593829 0.00162959 0 control 0.035 B 0 0
F -0.00684987 0.00627836 -0.0148837 -0.0363264 1 control 0.003 A 0 0
M -0.00266354 -0.00166684 0.00172188 0.0514181 0 control 0 O 0 0
M -0.0495383 -0.00181701 0.0449982 0.0193929 0 [8] 0 AB 0 0
M 0.0356488 -0.00523405 0.00254812 -0.0417429 0 control 0.055 O 1 0
F -0.0459811 -0.000860964 0.0120405 -0.0432014 0 control 0.81 O 0 0
F -0.0239745 -0.0103982 0.00137734 0.000380051 0 [8] 0.002 O 0 0
M 0.0274728 -0.00759158 -0.0231579 -0.0223525 1 control 0.035 O 0 0
M 0.033224 0.032301 0.0375118 -0.0479926 0 control 0.01 O 0 0
F 0.020544 -0.00121224 -0.0159671 -0.00731889 1 control 0.729 B 1 0
M -0.0311177 0.0138082 -0.0109478 0.03553 0 [8] 0.991 O 1 0
F -0.00276293 -0.00597891 0.119742 -0.0170877 0 [8] 0.808 O 0 1
M -0.0274843 -0.00643484 -0.000516539 -0.0243188 0 control 0 B 1 0
F 0.0199829 0.0166732 0.0374873 0.0441184 0 control 0 A 1 1
M -0.0582066 -0.00292231 0.00951963 -0.0145947 0 control 0.114 B 1 0
M 0.0253072 -0.0120421 -0.00742367 -0.000388301 0 [4] 0.002 A 0 0
M -0.0365968 0.0129145 -0.00272325 0.0131615 0 control 0 O 1 0
F 0.0370992 -0.000769207 0.00258862 -0.043555 0 [8] 0 O 0 0
F -0.0512002 -0.00828299 0.0370679 -0.00308739 0 control 0.202 O 1 1
F 0.0410242 -0.0105771 0.0035918 0.00432311 0 control 0 O 1 0
F -0.0149468 -0.0104918 0.00254595 0.0256837 1 control 0 B 0 1
F 0.0237424 -0.00465881 -0.01032 -0.00470238 0 control 0.131 B 0 0
M 0.0366134 -0.00200954 -0.0199857 -0.00258288 1 control 0.845 O 1 1
M -0.0363433 -0.00201481 0.00424028 -0.00298257 1 NA 0.017 O 0 0
F 0.00978022 -0.00883398 -0.037901 0.015374 0 [8] 0 A 0 0
F 0.0283818 -0.0138633 0.00213425 0.0020497 0 control 0 A 1 0
M 0.00151464 0.0681582 -0.0164181 -0.017794 0 control 0.005 O 1 0
M 0.022342 0.0346695 0.0258068 0.0113807 0 control 0 B 0 0
M 0.0194951 -0.000741438 -0.0108115 0.00755102 1 control 0 A 1 0
M 0.0240501 0.00440337 0.0106129 -0.0215807 0 control 0.002 A 0 0
M 0.0531609 0.0285477 0.000100765 0.0002658 0 control 0 B 0 0
F 0.0319036 0.00344932 0.00322406 -0.00456541 0 control 0 O 0 0
M -0.0659334 -0.00777562 -0.00772619 -0.00251365 1 control 0.02 B 0 0
M 0.0119191 -0.0251137 -0.0161648 -0.0837328 0 control 0.011 O 0 0
M 0.000413818 0.105155 0.00219816 -0.0200444 0 control 0.008 O 0 0
F 0.0188391 -0.0110091 -0.00230457 -0.00953314 0 control 0.006 B 1 1
F 0.00673715 -0.0113875 -0.00468666 0.0188201 0 control 0.949 A 1 0
F -0.0215453 -0.0100793 0.0277519 -0.0147739 0 control 0.998 O 0 0
F -0.00997658 0.00320502 -0.00803665 0.000998318 0 control 0 O 0 1
M 0.0525636 0.00302116 0.00947828 -0.00250085 0 control 0.023 B 1 1
F -0.0529708 0.00774266 -0.00882605 -0.0119362 0 [8] 0 O 0 0
F 0.0224697 0.0682519 0.0243026 -0.0218923 1 control 0 O 1 1
M 0.0282945 0.00232857 0.0154206 -0.00145416 0 [8] 0.999 A 0 0
M 0.0264334 0.0750116 0.01937 0.0095734 0 control 0 A 0 0
M 0.0162454 -0.00415123 -0.0198156 0.00883016 1 control 0 O 1 0
M -0.0426754 -0.00602273 -0.0046031 -0.0178445 1 control 0.172 O 1 0
F 0.0124826 0.0086695 -0.000759758 0.000153658 1 control 0 O 1 0
M -0.00333928 0.00603043 -0.0333767 -0.0186586 0 control 0 O 1 0
F 0.0148302 -0.0109735 0.0348456 -0.00237527 0 control 0 B 1 0
F 0.0115537 0.0280261 -0.000591133 -0.00768469 0 [8] 0.001 O 1 0
F -0.0246533 -0.00452084 0.0276755 -0.000536835 0 control 0.089 A 1 0
M 0.0360318 -0.0114054 -0.0143571 -0.00202721 1 control 0.005 O 1 0
M 0.0325792 0.0814431 -0.0069967 -2.09e-05 1 [8] 0.152 O 1 0
F 0.000665884 -0.0205516 -0.0188952 0.00232437 0 control 0 B 1 1
F 0.00907441 0.000748342 0.000782367 -0.00104498 1 control 0 A 1 0
F -0.000309373 -0.0114882 -0.012919 0.0347727 0 control 0 A 1 1
M -0.0410019 0.00730936 -0.00679292 0.0217612 0 control 0 O 1 1
F 0.0229198 0.00559097 -0.0122903 -0.00478341 1 control 0 O 1 1
M 0.00791203 -0.0169257 0.0268322 0.0345991 0 control 0.964 B 0 0
M 0.0216855 -0.00671637 -0.0168274 0.0331704 0 [8] 0 A 1 1
M -0.00108903 -0.0077322 -0.0157004 0.00383478 0 control 0.001 O 1 1
M 0.0227497 -0.00164103 -0.0130496 -0.00442573 0 control 0.513 B 0 0
F -0.0398179 0.00805141 0.0190687 0.0142163 0 control 0 A 0 0
M -0.0273919 -0.000904166 -0.0393532 0.00406525 0 control 0 B 0 0
M -0.00943487 -0.0116248 -0.00452734 0.0153985 0 control 0 A 1 1
F 0.0176576 0.0134953 -0.0117483 0.0360043 1 [8] 0.002 O 0 0
M 0.0485398 -0.0053814 -0.0232082 -0.010432 0 control 0 O 0 0
M 0.0209194 -0.00511718 0.0623576 -0.00791224 0 control 0.001 O 1 0
M 0.0271974 -0.011568 -0.0075669 -0.0047674 1 control 0.899 O 1 0
M -0.0210912 0.000369342 -0.0177205 -0.0109956 0 control 0 B 1 0
M 0.0337495 0.00176677 0.0130943 -0.0244023 1 control 0 B 1 1
F 0.0234666 0.0101529 0.024865 0.00520942 0 control 0.979 O 0 0
F -0.0298354 -0.0100553 0.00153826 0.111938 0 NA 0.001 O 0 0
F 0.0305646 0.0213471 -0.0132159 -0.00266881 1 NA 0.006 O 1 0
M -0.0364306 -0.0175267 -0.0138031 -0.00186314 0 control 0 O 1 0
F 0.0115073 -0.0020744 -0.00204167 -0.00632319 0 control 0 B 1 0
M 0.0400711 -0.0115571 -0.00106488 0.0267016 0 control 0 O 0 0
M 0.0247397 0.044267 -0.0111593 -0.0196909 1 control 0.023 A 1 0
F -0.0386378 -0.00528756 -0.0208262 -0.00104809 0 control 0 O 1 0
F 0.0176711 0.0094004 -0.00766128 -0.0100372 0 control 0 A 1 1
M 0.00542904 -0.00932241 0.0187798 -0.00253789 0 control 0 A 1 0
F -0.0259362 -0.0107801 -0.00740605 -0.0014608 1 [8] 0 A 0 0
M 0.0128287 0.0143442 -0.0415625 0.0136471 0 control 0.023 O 0 0
F 0.0221464 -0.00177059 -0.0110341 -0.00220519 0 control 0.005 A 0 1
F -0.0141977 -0.00125602 0.043587 -0.0637785 0 control 0 B 0 0
M 0.00053971 0.00528079 -0.00949202 -0.0085897 0 control 0 O 1 0
M -0.000671027 -0.00632332 -0.00838246 -0.0158752 0 control 0 B 1 0
F 0.026903 -0.00779635 -0.00543186 0.000109247 0 control 0 O 1 0
F -0.0338128 -0.00270631 -0.0321626 0.00801291 0 control 0.697 O 1 0
M 0.0448461 -0.0123015 -0.0154231 0.0109264 0 control 0.983 O 0 0
M -0.00821664 -0.0078837 -0.0115741 0.0229923 1 control 0 B 0 0
M 0.0132102 -0.00437688 0.00230558 0.00267641 0 control 0.779 A 0 0
M -0.000564934 -0.00729252 -0.0231615 -0.0162568 0 control 0.004 O 1 0
F 0.00556636 0.00100498 -0.0154197 -0.0116436 0 control 0 B 1 0
M -0.00777636 -0.00501843 0.0564527 -0.0144922 0 control 0.323 O 0 0
M -0.00447025 -0.00442234 -0.00222461 0.0113515 0 control 0 O 1 1
F 0.00223727 -0.00800848 -0.0177639 0.00286695 0 [4] 0 O 0 0
M -0.0287166 -0.0113595 0.0334512 0.0319722 0 control 0.43 O 1 0
F -0.00155583 -0.00614474 -0.022574 -0.00990087 0 control 0 O 1 0
M 0.0176526 0.0517614 -0.0159918 0.112956 1 control 0 B 0 0
F -0.0184335 -0.00868631 -0.00205181 -0.00199337 0 control 0.054 O 0 0
F 0.00438228 -0.00343406 -0.00160753 -0.001413 0 [8] 0 B 0 0
M 0.0347635 0.00230227 -0.0281479 -0.0362451 0 control 0.003 B 1 0
F -0.0127518 0.00791187 -0.00791562 -0.00350052 1 [8] 0.012 A 0 0
M 0.0299328 0.0125255 -0.022355 0.00610102 0 control 0 O 0 0
F -0.0370225 -0.0042959 -0.006057 -0.0031985 0 control 0.093 B 1 0
F -0.0290904 -0.010636 0.0328329 -0.00639572 1 control 0.97 AB 0 0
M -0.00239549 -0.00416232 -0.0222644 -0.00261937 0 control 0.004 A 1 0
M -0.0450347 -0.00299298 -0.00197758 -3.65e-05 1 control 0 O 1 1
F 0.0168479 -0.00205698 0.0153843 0.00320416 0 [8] 0 B 0 0
M -0.0266466 -0.0118747 -0.000740721 -0.0124186 1 control 0 B 1 1
M -0.0429239 -0.00352955 -0.0122976 -0.00427699 0 NA 0 A 0 0
M -0.0480734 -0.00391178 0.0155575 -0.015582 0 control 0.008 A 0 1
F -0.000161295 -5.24e-05 -0.000296172 0.00483191 0 control 0 B 0 0
F -0.0207177 0.0440385 -0.00904172 -0.0154547 0 [8] 0.976 O 0 0
F 0.0345377 0.00702295 0.126581 -0.00704919 1 control 0 B 0 1
M 0.0236133 -0.00916033 0.00155739 0.00363926 1 control 0 O 0 0
F -0.0478904 -0.0132535 -0.0129332 -0.0094992 1 control 0.009 AB 1 0
F -0.0330629 0.00656612 -0.00529661 0.00775576 0 [8] 0.945 A 0 0
M 0.00521072 -0.00501087 -0.014614 -0.0154432 1 control 0 O 1 0
M -0.0663695 0.00133368 -0.023032 -0.00745964 1 control 0.029 O 0 1
F -0.0469342 -0.00448791 0.00782211 -0.0187498 0 control 0 O 1 0
F 0.00497506 -0.00744713 -0.0118879 0.00281295 0 [8] 0.001 O 0 0
M -0.0425578 0.00467362 -0.00758034 0.0197148 0 [8] 0.961 O 0 0
M 0.0137 -0.0123765 -0.0089814 -0.00516843 0 control 0 O 0 1
M -0.00955746 -0.0132007 -0.01695 -0.0365279 1 control 0 A 0 0
F 0.0249105 0.037777 0.0229104 0.000193202 0 control 0 O 1 1
F -0.0172867 -0.00558741 -0.0176213 -0.00416919 0 control 0.353 O 1 1
F 0.000473625 -0.00619276 -0.0247723 -0.00716181 0 [4] 0 O 0 0
M 0.00915172 -0.00643043 -0.0214962 0.0253071 0 control 0 A 1 0
M 0.0244896 -0.0117207 -0.0175756 -0.00325839 0 [8] 0.011 A 0 1
M 0.0148837 -0.0176307 0.00409643 -0.0225059 0 control 0.928 B 0 0
F 0.0148008 -0.00903729 0.0190539 -0.00963122 1 control 0 O 0 0
M 0.0154022 0.01458 -0.0215557 -0.0306695 0 control 0.002 O 0 0
M 0.020871 0.0118515 -0.0208876 0.100935 0 control 0.17 O 0 0
M 0.024224 -0.00267073 0.0346625 -0.00470427 0 [4] 0.999 A 1 0
M -0.0321633 0.00696735 -0.0137542 0.020585 0 control 0 O 0 0
M -0.00524533 -0.00485367 0.0560226 -0.00151525 0 control 0 O 0 1
F 0.0398439 0.00257729 -0.00497597 -0.0190457 0 control 0.959 O 1 0
M -0.0433786 0.00633502 0.0137363 0.00521628 1 control 0.999 O 1 0
F -0.00281247 0.00403281 0.0347787 -0.0354481 1 control 0 B 0 0
M 0.037533 -0.00737583 0.00321304 0.00471352 1 control 0 O 0 0
M 0.0314604 -0.00513142 -0.00705324 -0.0146806 0 [8] 0 O 1 0
F 0.00431919 0.00151865 -0.0208046 0.00280484 1 control 0 O 1 0
F 0.0343679 -0.00609656 -0.00791541 0.00842932 0 control 0.967 O 0 0
F -0.0109238 0.00130086 -0.00553126 0.0151826 0 control 0.945 O 0 0
M 0.0151106 -0.0173403 0.0146162 -0.0530441 1 control 0.024 O 0 0
F -0.0398237 -0.00665133 -0.00468775 -0.00314226 0 control 0 A 1 0
F -0.0441663 0.00125495 -0.0197136 0.00350181 0 control 0.034 B 1 0
F 0.0321465 -0.017786 -0.014087 -0.0125522 0 [6] 0 O 1 0
M 0.0403846 -0.00226625 -0.0104705 -0.00209554 0 control 0.481 A 1 0
M 0.0087861 -0.0113879 -0.0116325 0.0194241 0 control 0 O 1 0
M 0.0309711 -0.00400945 0.0483929 -0.00687799 0 [8] 0.981 A 1 0
M 0.0415053 -0.0135464 -0.00462794 -0.0144873 0 NA 0 B 0 0
F -0.00523187 -0.00989993 -0.0111835 -0.00738631 0 control 0 O 0 0
M 0.0157947 -0.00347589 -0.00229184 0.00695949 0 [8] 0 O 1 0
M -0.0450794 -0.0123707 -0.0340441 0.00144871 1 control 0.035 O 1 0
F 0.0191003 -0.0052676 -0.00538257 0.013655 0 control 0.916 B 0 0
F -0.0273867 -0.00655545 -0.0112273 -0.0197345 0 [4] 0.025 B 0 1
M 0.0112639 0.00222575 0.067848 -0.00116716 0 NA 0 B 1 0
F -0.0368445 -0.00590516 -0.00801135 -0.00106625 0 control 0 B 1 0
M -0.02929 -0.00599683 -0.0121411 -0.00953277 0 control 0 O 0 0
M -0.00905035 0.00891388 -0.0310383 0.00191336 0 control 0 O 1 0
M -0.00536674 0.00216987 0.0319489 -0.0107651 0 [8] 0.051 A 1 0
M 0.0308515 -0.00650238 -0.00166742 0.00582083 0 control 0 O 1 0
M 0.0216694 -0.00781576 -0.0124933 0.002908 0 control 0.868 A 0 0
M -0.0172517 -0.00603163 0.0203083 -0.0122422 1 control 0 B 1 0
F 0.0143623 -0.00201497 -0.00266979 0.00246308 1 [8] 0 O 0 1
M 0.0153789 -0.00619431 -0.00781665 0.00557591 0 control 0 B 0 0
F -0.0142675 0.0017337 -0.00370875 0.00281796 0 control 0.001 A 1 0
M -0.027091 -0.00956447 -0.0173473 0.0437113 0 [4] 0.999 A 0 0
F 0.00435713 -0.0252984 0.000402251 0.00348291 0 [4] 0.1 O 0 1
F -0.00540252 0.00421474 -0.0206181 0.00357933 0 control 0 O 1 0
F 0.0440698 0.0174367 -0.00717869 0.00681552 1 control 0.01 A 0 0
M 0.0130871 0.00105101 -0.0124085 -0.0139979 0 [6] 0 O 0 0
M -0.0506103 -0.0054586 -0.0248083 -0.0111261 1 control 0.028 O 0 1
M 0.0291523 0.00344084 -0.00758424 0.0563477 0 control 0.954 A 0 0
F -0.00095809 -0.0132457 0.00389699 -0.00402789 0 [8] 0 O 0 1
F 0.00326185 -0.00288929 0.0273719 -0.0203792 0 control 0.271 O 1 1
M 0.0183427 -0.0113037 -0.010576 -0.00295322 0 control 0.998 B 1 0
F -0.0252498 0.00129728 -0.0150507 0.00300772 1 control 0.997 B 1 0
F 0.0268292 -0.00292554 -0.00731608 0.026524 0 control 0 O 0 0
F 0.0498329 0.0695373 -0.0124214 -0.00233449 1 control 0.946 B 1 0
M -0.00323026 -0.00950642 -0.0112571 -0.00414918 1 control 0.929 B 0 0
M -0.0506734 -0.000350477 -0.0235581 0.00589852 0 control 0.002 O 0 1
M 0.00923203 0.0108799 -0.0107483 0.0128924 1 control 0.84 AB 1 1
F -0.0274088 -0.00269855 0.0265094 -0.00138722 0 control 0.95 O 1 0
F -0.00306534 -0.000563636 0.0147852 -0.0148551 1 control 0.001 A 1 0
M -0.0326805 -0.0011271 0.00176753 0.0359411 1 control 0.107 B 1 1
F 0.0219663 -0.000993186 -0.014858 -0.00667146 1 control 0 O 0 0
M 0.0230634 0.00745007 -0.0043799 -0.0112455 0 NA 0 O 1 1
M 0.0306923 -0.0137432 0.0909642 0.000891062 1 control 0 O 0 0
F -0.0412899 -0.00104024 -0.0182244 0.00512719 0 [8] 0.073 O 0 0
M 0.0306801 -0.00680209 0.00561987 -0.0405692 1 [8] 0.001 A 1 0
M -0.00318287 0.00251981 -0.0144636 0.00667979 1 control 0 O 1 0
F 0.00158256 -0.0121641 -0.00725741 -0.0021336 0 control 0 B 0 1
F 0.00100317 -0.0150205 -0.0146956 0.00419537 0 control 0.006 B 1 0
M 0.023299 0.0148765 -0.00165349 0.0108194 0 control 0.889 O 1 0
M 0.000990535 -0.00982573 -0.00866823 -0.00976147 0 control 0 O 0 0
F 0.0424642 0.0114725 -0.0310308 -0.0114072 0 control 0.787 A 0 1
M -0.0493082 0.000928524 -0.000913316 -0.0130791 1 control 0 B 0 0
M 0.000869738 0.000471243 -0.00802795 -0.00170933 0 control 0 AB 0 0
M -0.0378954 0.00829816 0.00189621 -0.0159469 0 control 0 A 0 0
F 0.00318448 -0.00386435 -0.0105777 0.000968159 1 control 0.104 O 1 0
M -0.0384731 0.0101741 -0.0135684 0.038018 1 [4] 0 B 1 0
M -0.0291256 0.0138062 -0.00229646 0.0278964 0 [4] 0.997 O 0 1
F -0.0316767 0.0198853 0.0136981 -0.0112046 0 control 0.984 O 0 0
M 0.0308863 -0.00833823 -0.00992993 -0.0133305 0 control 0.999 O 1 0
M -0.00391707 0.0520625 0.0349885 -0.00694436 1 control 0 O 1 1
M -0.0465045 0.00360484 0.0392568 0.00277307 0 control 0 A 0 0
M 0.0273734 -0.00157001 -0.0141211 -0.000742541 0 control 0.99 O 0 0
F 0.0296671 -0.0051693 0.0152391 -0.00025954 0 control 0.001 A 0 1
F 0.00197111 -0.0115243 -0.0228169 0.00660815 0 control 1 O 1 0
F 0.0251249 -0.00364607 -0.0157096 -0.00719679 0 control 0 O 0 0
F 0.0137436 -0.00338323 0.0599425 0.00152481 0 control 0 B 0 0
M 0.025887 -0.0201155 0.007595 0.00181601 0 control 0 AB 0 0
M 0.0230842 -0.00348759 -0.00556221 -0.0283095 0 control 0.001 A 0 0
F 0.0394977 -0.00556037 0.00428084 -5.35e-05 0 control 0 A 1 0
F -0.0309954 -0.00757479 -0.0218542 0.0179119 0 control 0 O 0 0
M 0.00111459 -0.00714042 -0.00808948 -0.00433101 0 [8] 0 B 1 0
F 0.00804914 -0.00893004 0.0132984 0.00266345 0 control 0 O 1 1
F -0.0447924 -0.00402928 0.0203303 -0.0158381 0 control 0.001 A 1 0
M -0.0412275 -0.00777024 -0.0197535 0.0182063 1 control 0 A 0 0
F -0.00131395 0.00246511 0.0193799 -0.000524245 0 [4] 0.005 O 0 0
F -0.030649 0.0015487 0.0216152 0.0439586 0 control 0 O 0 1
M 0.0346965 0.00568837 -0.0162949 0.0101441 0 control 0 O 0 0
M -0.00738297 -0.0129267 0.0721922 -0.00559766 1 control 0.792 B 1 0
F 0.0481068 -0.00757272 -0.026032 0.0129944 0 control 0.09 O 1 0
F -0.0222397 0.0122517 -0.0119786 0.00979169 1 control 0 O 0 1
F -0.0323974 -0.00891233 -0.00594926 0.0414643 0 control 0 A 1 0
M 0.0355625 -0.00442083 0.0506096 0.00545317 0 control 0.918 O 1 0
F 0.0157149 -0.00710605 0.010671 -0.0229065 0 control 0.928 A 0 0
M -0.0353245 -0.00048165 -0.00620114 -0.0144485 0 control 0.976 O 1 0
M -0.0303678 -0.00865788 -0.0126584 0.00263732 0 control 0.13 O 1 0
F 0.00866248 -0.0100055 0.0201893 0.0064198 0 [4] 0 O 1 1
F -0.0069711 0.0335777 -0.0274881 0.0186286 0 control 0 B 1 0
F -0.0431195 -0.0114943 -0.0129002 -0.00675929 1 control 0 B 1 1
F -0.0362282 -0.0183562 -0.021836 0.000359453 0 control 0 O 0 0
F -0.0482679 -0.0120391 -0.0178794 -0.00816989 0 control 0.002 O 0 0
F -0.0147393 -0.000164565 0.0126854 0.0436438 0 [8] 0.098 O 0 0
F 0.0241153 -0.0163586 -0.0105627 -0.0212268 0 control 0.051 A 0 0
M 0.0543478 -0.00813502 0.00362927 0.0126897 0 control 0.972 O 0 0
F -0.00746861 -0.00766101 0.0076377 -0.0135606 0 control 0 O 1 0
F 0.027889 0.00326019 -0.0079819 -0.00702981 0 control 0.168 O 0 0
F 0.0484038 0.000890352 -0.0229414 0.0576145 0 control 0 O 1 1
F 9.31e-07 -0.00265674 -0.00176574 -0.0199348 1 control 0.001 O 0 1
M 0.0371344 -0.00634961 -0.0106492 -0.0298051 1 control 0.001 A 0 0
F -0.000519175 -0.00990732 -0.00294594 0.00675525 0 NA 0.944 O 0 0
M 0.0150806 -0.00869647 -0.0121387 0.0799603 0 control 1 B 1 1
M 0.0386543 -0.00213244 -0.0144944 -0.0684098 0 control 0.981 AB 0 0
M -0.0378277 0.0676997 -0.0216654 0.0107414 0 control 0 A 0 0
F 0.0318711 -0.00526224 0.0179725 0.0375895 0 [8] 0 A 1 0
M 0.0388872 -0.00782797 -0.0343293 0.0196554 0 NA 0 O 1 0
F 0.0398734 -0.0110743 -0.0152724 -0.0164234 0 control 0.951 O 0 0
M -0.0206774 0.104306 0.0204298 -0.0129708 0 control 0.999 O 1 0
F 0.0259303 -0.0105045 0.00308285 0.000919055 1 control 0.999 A 1 0
M 0.00412555 -0.00768815 -0.00935962 0.0530471 1 control 0.73 B 1 1
M -0.0351692 0.00562905 -0.0126704 0.0169256 0 control 0.222 O 1 0
M 0.0392263 0.0381697 0.0553424 -0.0122478 1 [8] 0.001 A 0 0
M 0.00577039 0.00290918 -0.0149414 0.00316788 1 control 0.997 A 1 0
M 0.0365993 0.00104906 -0.00818122 0.0297464 0 [8] 0.001 O 0 0
M -0.0591416 -0.0109842 -0.0076685 -0.00424542 0 control 0.95 AB 1 0
F 0.0440625 0.00629068 -0.00828045 -0.00479352 0 control 1 A 1 0
F 0.0263454 0.132314 -0.0175781 0.000150697 0 control 0 O 0 0
M 0.0383887 -0.00833325 -0.0245899 -0.00355571 0 control 0.574 B 0 0
F 0.0153987 -0.00887538 0.00232731 -0.00518179 0 control 0 A 1 0
F -0.00519657 -0.00682269 0.0258683 -0.00285083 1 control 0.021 B 1 0
F 0.0353065 -0.00953266 -0.0142422 0.00698835 0 control 0.48 O 0 0
F 0.0061385 -0.00214961 0.000864938 -0.00046298 0 control 0 A 0 0
M 0.0251299 -0.0173094 0.045916 0.00259759 1 [8] 0.363 O 0 0
F 0.0432333 -0.0103477 0.0783407 -0.0120368 0 control 0.981 O 0 0
M -0.0280757 -0.00202784 0.00719756 0.0185807 0 [8] 0 O 1 0
F -0.0164665 -0.00296069 -0.0137911 -0.00164284 0 NA 0.002 O 0 0
F 0.0145344 -0.00725504 0.0223747 -0.013826 1 control 0 O 1 0
M -0.00793447 0.000791469 -0.0108334 0.00866097 0 control 0.013 O 1 0
M 0.0125574 0.00203894 -0.0304064 0.0123139 0 [8] 0.007 A 1 1
F -0.0186579 -0.00513043 0.00327717 0.00177759 1 control 0 AB 1 0
F -0.0285876 0.00721407 -0.0141357 0.00467853 1 control 0 O 1 0
F 0.0245975 -0.00725363 -0.0168303 0.0107181 0 control 0 A 0 1
M 0.0269776 -0.00116942 -0.0200373 0.0022992 0 [8] 0 A 0 1
F -0.0389237 -0.00881646 -0.0127815 0.00697131 0 control 0 B 0 1
F -0.0469633 -0.00563814 -0.0286055 0.0092166 0 control 0 O 0 0
F 0.0508964 -0.00614119 0.0105084 -0.0237526 0 control 0.861 O 0 1
M 0.0221225 -0.00525326 -0.00522106 0.00113299 1 control 0 B 1 0
F -0.0560602 -0.00158767 -0.0397181 -0.00373017 0 [8] 0 B 0 1
F 0.0486767 -0.00807069 -0.0060171 -0.00435483 0 control 0 O 0 0
F -0.00367785 0.00266951 -0.0293331 -0.0156954 0 control 0 B 0 1
M -0.0403141 0.0570719 -0.00931801 0.000632875 0 [6] 0.125 A 0 0
M 0.0427605 -0.00882511 0.0947259 -0.0524298 1 control 0 B 0 0
F -0.0407036 -0.00334742 0.0671135 -0.00116786 1 control 0.001 AB 1 0
M 0.0271988 -0.00590299 -0.0114647 -0.00236638 0 control 0 B 1 0
F -0.0484074 0.00171638 -0.00141875 -0.011985 1 control 0.006 A 1 0
M -0.0207181 0.0555639 -0.00112297 0.00279763 1 [8] 0.323 O 1 0
M 0.0246638 0.00379526 -0.0077067 0.00327508 1 NA 0 O 0 0
F 0.000198444 0.0451703 -0.0045927 0.00920905 0 control 0 O 1 0
F -0.0325925 -0.0028045 0.112591 -0.0136844 0 control 0 B 0 0
F -0.0579666 -0.0110437 0.00101921 -0.00156282 0 control 0 O 0 0
F 0.0209597 -0.00316526 -0.0218682 -0.00602545 0 control 0 O 1 0
M 0.0190839 -0.0117515 -0.00214017 -0.0071111 1 control 0.982 B 1 1
M 0.0334964 -0.0075815 -0.00432998 -0.0035913 1 control 0.023 B 1 0
F -0.0448026 -0.0183255 0.00350968 -0.00440022 1 control 0 A 1 0
M -0.0181199 0.00633033 -0.0170877 -0.0231116 0 [8] 0.235 B 1 0
M 0.0296057 0.00563687 -0.102019 0.00599321 0 control 0 A 0 0
M -0.0215705 0.00876594 -0.00975661 -0.00670772 0 control 0.014 B 1 0
M 0.0465591 -0.0138372 0.03712 -0.0519283 0 control 0 A 1 0
F 0.0216654 -0.00607265 0.023129 -0.0174162 0 control 0 B 0 0
F -0.0426182 0.00661941 0.0538453 0.000135469 1 control 0.84 A 1 1
F 0.0398741 -0.00583099 -3.32e-06 -0.00243351 0 [8] 0.001 A 1 0
M -0.0223084 -0.00945904 -0.0165549 -0.00740897 0 control 0 O 1 1
F 0.0124896 -0.000907119 -0.0242761 -0.0125392 0 control 0 O 1 0
M 0.0183491 -0.00817212 -0.0090246 -0.00306863 0 [8] 0.41 O 0 0
M 0.0346976 0.00565873 -0.00437531 0.00556337 0 control 0.954 O 0 0
M -0.00320004 -0.000635162 -0.0141949 0.0027716 1 control 0 A 1 0
M 0.0307962 -0.0136535 0.0093621 -0.00625034 0 control 0 B 1 0
F -0.0117996 -0.000655583 0.00771356 -0.0201206 1 control 0 O 1 0
F -0.00697321 -0.00768807 0.0125965 -0.0145185 0 control 0.026 B 1 0
F 0.0143963 -0.00178867 -0.00354949 -0.0165526 0 [8] 0 A 1 0
M 0.0299302 -0.00868367 -0.0176302 -0.00777962 1 [8] 0 B 0 1
M 0.00144052 -0.00427197 -0.00905801 -0.00191146 0 control 0.136 B 1 0
M 0.0305229 -0.00842229 -0.0160351 0.0079494 0 control 0 O 1 0
F 0.0277188 0.00451194 -0.0219115 0.0204358 0 control 0.009 A 0 1
M -0.0425835 0.0164893 -0.0288326 -0.00685456 0 [8] 0.053 B 0 1
M -0.0299107 -0.0227179 -0.0121953 -0.00217112 0 control 0 A 0 0
M -0.058479 -0.00230014 0.0251596 0.00191741 0 control 0.036 A 0 0
F -0.00916738 -0.0109908 -0.016926 -0.00311636 1 control 0 A 1 0
F -0.0345875 -0.0107403 -0.00724018 0.0472808 1 control 0 O 0 0
F 0.0382247 -0.00661644 -0.00893888 -0.0194839 0 control 0 O 0 0
F 0.0194314 -0.00582841 -0.00798525 0.00267144 0 control 0.01 B 0 0
F -0.00866798 -0.0121864 0.0123079 -0.00268002 0 NA 0 A 0 0
F -0.0230082 -0.00350171 0.00142942 -0.00134827 0 control 0 A 0 0
M -0.0363215 0.0161612 -0.00646386 -0.00773608 0 NA 0.996 AB 1 0
F 0.0259211 0.00108838 -0.0278042 0.004619 1 [8] 0.012 O 1 0
F -0.0313018 0.00110033 0.00482707 -0.00598751 0 control 0 O 0 0
M 0.0312821 -0.00209445 -0.0224645 0.0283301 1 control 0 O 1 0
M 0.0235327 -0.00718155 -0.0138995 0.00924184 0 [4] 0 AB 1 0
M 0.0161585 -0.000844161 -0.0126571 0.0148571 1 control 0.484 O 0 0
M -0.0581096 0.0331614 -0.0310815 0.00576603 0 control 0.055 B 1 0
F -0.0560111 -0.0132068 0.00769315 -0.00145858 0 control 0.134 O 1 0
M -0.0483825 -0.0128648 -0.000863498 0.00808078 0 control 0.945 AB 0 0
M 0.0166068 0.00950098 0.0220569 -0.00521299 0 control 0.928 O 0 0
F 0.0229052 -0.0108865 0.00678757 -0.0189775 0 control 0 A 0 0
F 0.0226317 -0.000995515 -0.0147579 -0.00567582 0 control 0 A 1 0
M -0.0414729 -0.00199286 -0.0237021 0.0332265 0 [8] 0 O 1 0
M 0.0251446 -0.00873136 0.0107915 0.00332956 1 [4] 0 O 1 0
F -0.0484569 -0.00819015 -0.00931025 -0.008153 1 control 0.037 A 1 0
F -0.0452496 -0.000822441 -0.0113607 -0.00375469 0 [8] 0.965 O 1 0
F -0.0440423 -0.00527491 -0.0101956 0.0021072 0 control 0.131 O 1 1
F -0.00152636 0.0513163 0.0321566 -0.00988632 1 control 0.001 O 1 0
M 0.0260962 -0.00205784 -0.00625855 0.0194999 0 [4] 0 O 1 0
M -0.0107872 -0.0114323 -0.0193332 -0.0268043 0 control 0.002 B 1 0
M 0.016138 -0.0107421 -0.00310344 -0.0153104 1 control 0 O 1 0
M -0.044861 -0.0136227 0.0439942 0.0489108 1 control 0 AB 0 0
M -0.0617164 -0.0135787 -0.0259532 -0.00209373 0 control 0 O 0 0
M -0.0427913 -0.00299654 -0.0168758 -0.0106289 1 [8] 0.039 A 0 0
M -0.0416101 -0.00813252 0.0367812 0.0271817 0 control 0.041 AB 1 0
M 0.0190952 -0.0110317 -0.0134403 -0.00115178 0 control 0 O 1 0
M -0.0117057 -0.00408201 0.0822058 0.00084275 0 [6] 0 O 0 0
F 0.0356126 -0.0200447 -0.00718171 0.00254549 1 control 0.004 O 1 0
F 0.0167286 -0.00234378 -0.0022664 0.00297435 1 control 0.016 A 1 0
M 0.00362702 -0.0112875 -0.00719064 -0.010086 0 control 0 A 0 0
M -0.0354432 -0.0116077 -0.0353868 -0.0757047 0 control 0.061 O 0 0
M -0.0299778 0.00749391 0.00951195 -0.00137284 0 control 0.008 A 0 0
F 0.00881342 -0.00963025 -0.0125533 0.00572616 0 control 0 O 0 0
M 0.0266292 -0.00951674 -0.0170734 0.0089415 0 [8] 0 O 0 0
F 0.0362389 -0.0111368 0.015346 -0.00344895 0 control 0.031 B 1 0
F 0.0339912 0.0150359 -0.0136745 0.00596771 0 control 0.991 B 1 0
F 0.00466108 -0.00130023 -0.0103774 -0.00351366 0 control 0 A 1 0
M 0.0325715 -0.00850677 -0.0155784 -0.00373294 0 control 0 B 0 0
F 0.00662384 -0.00983032 -0.0259193 -0.00477832 0 control 0 B 0 0
M -0.0409426 -0.00952746 -0.00172004 7.2e-05 1 control 0 O 1 1
M -0.00890077 -0.00661345 -0.0206257 -0.00820204 0 control 0 B 1 1
M 0.00736894 0.0677174 -0.0178234 -0.00244787 0 control 0 B 1 1
F -0.034384 -0.00125586 -0.0114596 0.00444932 0 control 0.435 O 0 0
M 0.0306215 0.00122511 -0.0188726 0.00173184 0 control 0 AB 0 1
M 0.0148685 -0.0192317 -0.00471618 0.00480771 0 [8] 0 B 0 0
M 0.0429331 -0.000772262 0.0213589 0.00275269 1 control 0.13 A 1 0
M -0.000559151 -0.00483373 -0.0126889 -0.022999 1 [8] 0 O 0 0
M 0.0280771 -0.00901755 -0.0177128 0.00127069 0 control 0 B 1 0
M -0.0316671 -0.00277247 0.0210897 0.000399915 0 control 0 A 1 0
M -0.00438373 -0.0110729 0.0142247 -0.0183479 1 [8] 0.261 O 1 0
F -0.0361285 -0.0129873 -0.00479077 -0.000379396 0 [8] 0 O 0 0
M 0.0111705 -0.00560321 -0.00520609 -0.00334675 0 [8] 0 A 1 0
M -0.0118687 0.00821843 -0.0324333 -0.0168979 0 control 0.001 O 1 0
M 0.034506 -0.0158036 -0.0255167 0.00346898 0 control 0.001 B 1 0
M 0.0444552 -0.0140522 -0.00183225 -0.0129734 0 control 0 O 1 0
F -0.0344579 0.0298724 -0.0175114 -0.021256 0 control 0 O 1 0
M 0.0378013 -0.0151646 -0.00461489 0.00877675 0 control 0 A 0 0
F -0.00776078 0.0511244 -0.0112634 -0.00615637 0 [8] 0.001 O 1 0
M 0.0194581 -0.00590597 0.00233268 0.0200168 0 NA 0.904 A 0 1
F -0.00144964 0.0443061 -0.015252 -0.003673 0 control 0 A 1 0
M -0.0479605 -0.00459548 -0.0168186 0.0242192 0 control 0.344 O 1 0
F 0.0375685 7.52e-05 0.108934 -0.000913586 0 [8] 0 A 1 0
F 0.0145365 -0.00778755 -0.00508382 0.000343663 0 control 0 A 1 0
F -0.0350899 -0.0110109 -0.0205528 0.00745938 1 [4] 0.013 O 1 0
M -0.0513305 0.00273181 0.000710589 -0.0191622 0 control 0.003 O 1 0
F 0.0362724 0.000659393 -0.00619981 0.00421474 1 control 0.001 O 1 0
F 0.0412094 0.00449583 0.0232456 -0.0139735 1 [8] 0.008 O 1 0
F -0.0132046 -0.0169901 -0.031234 -0.0145554 0 control 0.998 A 0 0
M 0.0530552 -0.00560595 -0.0251563 0.00362217 0 control 0 O 1 0
M 0.0127868 0.0463572 -0.0157912 0.110278 0 control 0.997 O 1 0
M 0.00967651 -0.00687571 0.0951548 0.00482675 0 control 0 B 0 0
M 0.0161023 -0.00321493 0.046235 0.0318801 1 control 0 B 0 0
F 0.000778291 -0.00921753 -0.0312325 -0.00527058 0 [8] 0 A 0 0
M 0.0260583 0.0020754 -0.0213807 -0.00185045 0 control 0 O 1 0
M 0.0394849 0.00449839 -0.00448649 -0.00850156 0 [6] 0.778 A 1 0
M 0.00368869 0.00416035 -0.0154647 -0.0148331 0 control 0 O 1 0
M 0.025608 -0.0213598 0.00572854 0.00304259 0 control 0 O 1 0
M 0.0461301 -0.0105805 0.0942805 -0.0132201 0 control 0.893 AB 1 0
F -0.00263839 0.0151349 0.0301723 -0.00340241 1 control 0 A 1 0
M 0.0251965 -0.00963437 -0.0187525 -0.00039869 0 [6] 0.025 O 0 0
F -0.0424116 -0.00183853 -0.00411686 -0.0151566 1 [8] 0 O 1 0
M 0.0380239 0.000962961 -0.0146561 -0.00562863 0 control 0.049 O 0 0
M 0.0417761 -0.00846735 -0.0227485 -0.00814477 0 control 0.36 O 1 0
M -0.0610366 -0.00776933 -0.0439788 -0.000547664 0 control 0.011 O 0 0
F -0.0442233 -0.00502879 -0.021485 0.00030672 0 control 0.004 O 0 0
F 0.00390087 -0.00809887 -0.0140137 0.0196041 0 control 0 O 0 0
M 0.0461517 -0.0083565 0.0183372 -0.0389665 0 [6] 0.953 B 1 0
F -0.00101809 -0.00610683 -0.00479461 -0.00510864 0 control 0.999 B 1 0
M -0.0169113 -0.0115499 -0.0123891 -0.00151157 1 control 0 O 0 0
F 0.0151912 -0.0041894 0.0597271 -0.014237 0 [8] 0.012 A 0 1
M -0.0627646 -0.00192238 -0.0138541 0.017034 0 control 0.001 O 0 0
M 0.0173147 -0.00578508 -0.0114785 -0.00375034 0 control 0.585 A 0 0
F -0.0445174 -0.0228281 0.0269972 0.00296861 0 NA 0.982 O 1 0
F 0.0370413 -0.0108991 -0.0206878 0.00265124 0 control 0.983 O 0 0
M 0.0439612 -0.0124057 -0.0229675 -0.0196375 0 control 0 O 0 0
M -0.034557 0.0156722 0.0161883 0.00793628 1 control 0.687 O 0 0
F 0.0335848 0.0206781 -0.00312668 -0.0217902 1 control 0.946 A 0 0
M 0.0490979 -0.012227 -0.00880842 0.000824329 1 control 0.037 O 0 0
F 0.000432144 0.00646692 -0.002681 0.0181351 0 control 0.857 O 1 0
F -0.0159987 -0.00096665 -0.0159953 0.0614624 0 control 0.003 O 1 0
F 0.0288009 -0.00726733 -0.00123983 -0.0111406 1 control 0.001 B 0 0
M -0.00728592 -0.0071315 -0.00218249 -0.00142027 0 control 0.002 O 1 0
M 0.0257077 -0.00920408 -0.00286988 -0.00509607 0 control 0 O 1 0
M 0.00912082 -0.0025407 0.0527505 -0.0212531 0 control 0 O 1 0
M -0.0486285 0.0815962 -0.0160115 -0.017334 1 [8] 0.002 O 1 0
F 0.0155505 -0.00942517 -0.00545503 0.0172363 0 control 0 B 1 0
F -0.0294122 -0.0211816 -0.00367623 -0.0270681 0 control 0.999 A 1 0
M 0.0559661 0.00786007 -0.014647 -0.0138162 1 [8] 0 O 1 1
M -0.0362502 -0.0111437 -0.00296167 -0.0125724 1 control 0 O 1 0
M -0.046708 -0.0158753 -0.0176995 -0.0114365 0 control 0 B 0 0
M 0.0363382 -0.0105915 0.0269633 -0.000556135 0 NA 0 A 1 1
F -0.0560365 -0.00714259 -0.0176314 -0.00847072 0 [6] 0.022 O 1 0
F -0.0521777 -0.0137562 -0.00277734 -0.0161792 0 [8] 0.929 A 0 0
M -0.0270033 1.44e-05 0.00640656 0.01012 0 control 0.003 O 0 0
F -0.0358445 -0.00267742 0.0111309 -0.0313577 0 [4] 0.033 A 1 0
M 0.0227793 -0.00309769 -0.0101166 0.00220288 0 control 0 O 1 1
M 0.0289056 -0.0146294 -0.0142974 -0.0157411 0 [8] 0.912 B 0 1
F 0.0165019 -0.00656027 -0.0169564 -0.0173333 0 control 0.003 A 0 0
M 0.010156 -0.0126976 0.0402734 0.0222939 0 [8] 0.856 B 0 0
F -0.00300384 0.00763517 -0.00748946 0.00542271 0 control 0.006 A 1 0
F -0.0496611 -0.0219396 -0.0208297 0.0474452 1 control 0 B 0 0
F 0.0149857 -0.00766914 -0.0134461 -0.0257331 1 control 0 B 0 0
M 0.0148162 -0.0141894 -0.0142934 -0.0181781 0 [4] 1 O 1 1
F -0.0516541 -0.0151648 -0.0268484 -0.00617464 0 NA 0.001 O 0 0
F 0.00993401 -0.0097486 -0.0124552 0.00431081 0 control 0.001 B 1 0
M 0.00316997 -0.00257987 0.0841545 -0.00454956 0 control 0.912 O 0 0
F 0.00287479 -0.0172777 -0.00482446 0.00449395 1 NA 0.096 A 0 1
M 0.0136046 0.0224358 0.00372019 -0.00344069 0 control 0.994 O 1 0
M -0.0113241 -0.0123617 -0.0124996 -0.0115829 0 control 0.001 O 1 0
M -0.0207459 -0.00572125 -0.00281289 -0.00660951 0 control 0.005 O 0 0
M -0.0327507 -0.00461767 -0.00760088 -0.0145289 0 [6] 0 O 1 0
M -0.0388206 0.00257463 -0.00558961 -0.00853042 0 control 0.718 A 0 0
F 0.0292103 -0.00702166 0.00448999 0.00896898 0 control 0.879 A 1 0
M 0.0329714 -0.00361451 -0.00274288 -0.00806939 0 [8] 0 AB 0 0
M -0.0211351 0.080463 0.010451 -0.0066966 1 control 0 O 1 0
M -0.0473859 -0.00579452 -0.0241915 -0.020732 0 control 0.011 O 1 0
F -0.0554452 -0.00758206 -0.0141835 -0.0141803 0 [8] 0 O 1 0
F -0.00584086 -0.0116694 -0.00725607 0.0139457 0 [6] 0 O 1 0
M -0.0454478 -0.0142328 -0.00610851 0.0137703 0 control 0 O 1 0
M 0.0146744 -0.013044 0.0344285 -5.22e-05 0 control 0.941 O 0 1
F -0.0494823 0.0159542 -0.00912255 -0.00945203 0 control 0 O 1 0
F -0.0476812 -0.00210474 -0.00721559 0.0321656 1 control 0 O 0 0
M -0.0412047 -0.011585 0.00911172 -0.00241442 0 [8] 0 B 0 1
F -0.0339528 -0.00123172 -0.00554415 -0.00160685 1 NA 0.438 O 0 0
M -0.014784 0.00458325 0.0156325 -0.0326921 0 control 0 B 0 0
M -0.00425631 -0.000900244 -0.0202394 -0.00446792 0 [8] 0 A 0 0
F 0.0100704 -0.00538598 -0.0343451 -0.00545342 0 control 0 O 1 0
F -0.0033339 -0.0132492 0.0432253 -0.00891698 1 control 0.996 B 1 0
M 0.0232671 0.0668828 0.00571787 0.00540677 1 control 0.995 O 1 1
F 0.0421862 -0.00231441 -0.00213218 0.00694198 0 control 0 O 1 0
M -0.0377494 -0.0114423 0.0281473 0.00330991 1 [4] 0.972 O 0 0
F 0.0444703 -0.00682264 0.0014224 -0.00964058 0 [4] 0.994 O 0 0
M -0.0322946 -0.00657907 -0.0158311 -0.0238088 0 [8] 0 A 1 0
M 0.0182503 0.00376618 0.0542455 0.0299035 0 control 0.035 B 0 0
F -0.0280769 -0.00843287 -0.000983974 -0.00238983 0 control 0 O 0 0
F -0.00258207 -0.0020924 -0.00516699 -0.00421022 0 control 0.001 O 1 0
F -0.0183765 -0.0134471 0.0438501 0.0046291 0 control 0.913 A 0 0
M -0.0211955 0.00542425 -0.0162675 -0.0167207 0 [4] 0 O 1 0
M -0.0452842 -0.012272 -0.021253 -0.0293859 0 control 0.004 O 1 0
M 0.00538993 -0.0122818 -6.52e-05 0.0149207 0 control 0.402 A 1 0
M -0.0371382 -0.0131968 -0.00655712 -0.0326143 0 control 0.914 B 0 1
M 0.0289273 0.0832618 -0.00355964 0.000191524 0 control 0.001 O 0 0
F -0.0091971 -0.0115381 -0.00682505 0.0188129 0 control 0.653 O 0 0
M 0.0303632 0.000354756 -0.0131608 -0.00671971 0 control 0.017 O 1 0
M 0.0413169 -0.00931691 -0.0055921 -0.0115201 0 control 0.005 B 1 1
F -0.0468098 -0.00817928 0.00121919 -0.0151204 1 control 0 A 0 0
F 0.0221629 -0.0130447 -0.0252313 0.00373923 1 [8] 0 O 1 0
F -0.0295554 -0.0100046 -0.0165262 -0.000317745 0 control 0 A 1 0
M 0.0269134 -0.00740684 0.0561781 -0.00383474 0 [8] 0 O 1 1
F -0.00356376 -0.0138011 -0.00408844 -0.0684831 0 [8] 0.012 B 1 0
M -0.0344376 0.00351467 -0.0102298 0.0265434 0 [6] 0.013 O 0 0
M 0.0189473 -0.0126384 0.0476563 0.0369837 1 control 0.053 B 1 0
F 0.00173097 -0.0100711 -0.00029322 -0.000873102 0 [8] 0.001 A 1 0
M -0.075296 0.123902 0.0206033 0.00654281 0 control 0.958 B 0 1
M 0.0117929 0.00577699 0.0264623 0.0499714 0 control 0.998 AB 0 0
M 0.0329717 -0.0119783 -0.00268581 -0.0167795 0 control 0.004 O 1 0
M -0.0378042 -0.00817258 -0.0108057 -0.0145166 0 control 0 A 0 0
F 0.0078302 0.0010783 0.049375 0.0142883 0 control 0.969 O 0 0
M -0.00200185 0.00360527 -0.0114283 -0.0048798 0 control 0.108 O 1 0
M 0.0324659 -0.0125891 0.0176465 0.0226149 0 [8] 0 A 0 1
M 0.0358794 -0.00885894 -0.0108524 -0.00114748 0 control 0 O 0 0
F -0.0389795 -3.01e-05 -0.0213365 -0.0375136 0 [4] 0.001 O 0 1
M -0.0354408 -0.011623 -0.0237309 -0.00540574 1 NA 0.902 A 0 1
F -0.0354397 0.00456637 -0.0110772 0.0219755 1 control 0 B 1 0
M 0.00428349 -0.0125267 -0.000400463 -0.013861 1 [8] 0.001 A 0 0
M 0.0465453 -0.00248321 -0.00361376 -0.00684019 1 control 0.014 O 0 0
M -0.0372663 -0.0061729 -0.011596 -0.023174 0 [8] 0.993 O 1 1
F 0.0261222 0.00185493 0.0992751 -0.0127579 0 control 0.016 A 1 0
M -0.0303272 -0.00299541 0.00923106 0.0653334 0 control 0.001 O 1 0
M 0.0335204 0.000827204 -0.0158278 -0.0180764 1 NA 0.922 A 0 0
M -0.000190118 0.0169016 -0.0048397 -0.00915413 1 [8] 0 AB 0 1
M -0.0311592 0.00446883 -0.000436186 -0.00903018 1 [6] 0 B 0 0
M 0.0362333 -0.0123354 0.0111809 -0.000483011 0 [8] 0.642 O 0 0
M -0.00470072 -0.0066402 -0.0176127 -0.0116706 0 control 0 AB 0 0
M 0.0123014 0.000467028 -0.0166962 -0.0190314 0 [8] 0.994 B 0 0
F 0.00228938 -0.0109701 -0.00354792 -0.0131402 1 control 0 A 0 0
F -0.000573667 -0.011462 -0.0166361 0.00628603 1 control 0.985 A 0 0
M -0.0190612 0.00227857 -0.00828581 -0.00428589 0 [4] 0.951 AB 1 0
M 0.0296307 0.000138789 -0.0254029 0.02231 0 control 0 O 1 0
M -0.0369327 -0.00157523 -0.0036179 0.0079845 0 control 0.946 A 0 1
M -0.0398219 0.000253347 0.0633336 -0.0121931 0 control 0.184 A 0 0
F -0.044077 -0.00978228 -0.00936536 -0.0181126 0 [8] 0.461 O 0 0
M -0.002326 0.00473893 -0.00187377 -0.0124295 0 NA 0 B 0 0
M 0.0206372 0.000932604 -0.00994435 0.00638177 0 [8] 0.001 O 0 0
F 0.0335382 -0.00942402 -0.0324199 0.00748873 0 control 0 A 1 0
M 0.0442544 0.000894007 0.00960467 -0.00482962 0 control 0 AB 0 1
F -0.034154 -0.00976705 0.0326058 0.00820287 0 control 0 B 1 0
M -0.0160795 -0.013469 -0.0131918 -0.0106709 0 control 0 AB 1 1
F -0.0400139 -0.000683278 -0.0193365 0.000368258 0 control 0 O 0 0
M -0.0224115 -0.00506214 -0.0213632 -0.00458344 0 control 0 A 0 1
M 0.0303929 0.00545531 0.0382802 0.00864092 0 [8] 0.098 O 1 0
M 0.0388898 -0.0140507 0.0131605 0.0102869 0 NA 0.019 B 1 0
F -0.0693812 -0.00792887 -0.0121777 0.011656 1 control 0 O 1 0
F -0.0380366 -0.0176122 -0.00966013 -0.0147521 0 control 0 B 0 0
M 0.0258967 0.00084649 -0.0127003 -0.0277657 0 control 0 O 1 0
F 0.0364284 -0.00134771 0.00975389 0.0108236 1 control 0.122 O 1 0
M 0.0170784 -0.00581935 -0.0263827 0.0237893 0 control 0.365 A 0 0
M -0.0239722 0.0112807 0.0420016 0.0423301 0 control 0.005 O 1 0
M -0.0567417 0.00666404 0.00188735 0.00488089 0 control 0 O 1 1
F 0.0453356 0.0116425 -0.000611546 -0.00566293 0 control 0 O 0 0
M 0.0187236 -0.000836735 -0.0159574 -0.0155621 1 control 1 O 0 1
F 0.0317987 -0.020223 -0.0200822 -0.00946482 0 control 0.001 B 1 0
M -0.0554858 0.00591015 -0.0166549 0.000608939 1 [8] 0 B 0 0
M -0.0458275 -0.00671673 -0.00648781 0.00728178 0 NA 0.048 O 1 0
M -0.0374699 0.266646 0.123264 0.00818047 0 control 0.001 A 0 0
F 0.0152119 -0.00887933 -0.0160438 0.116957 0 control 0 O 0 0
M 0.0158253 -0.00823402 0.0582493 -0.00655206 0 [6] 0 O 1 0
F -0.0319845 0.0342577 0.0158281 0.0316781 0 [8] 0.002 O 1 0
F 0.0311411 -0.0135299 -0.0079523 -0.00892553 0 control 0 O 1 0
F -0.0339208 -0.00296614 -0.0141184 0.0130732 0 [8] 0.017 O 1 1
F -0.00289876 8.34e-05 -0.0153795 0.000970178 1 control 0.024 O 1 0
M -0.0369225 -0.00168541 -0.0120676 -0.018378 0 control 0 O 0 0
F -0.00193701 -0.00630114 -0.0124034 -0.00848091 0 [8] 0.004 A 1 0
F 0.0388498 -0.0104669 -0.00138506 -0.00266018 0 [6] 0.997 O 0 1
M -0.0415416 -0.0127864 -0.0117266 -0.0139103 0 control 0 AB 0 0
M -0.0374473 -0.00959139 -0.0152205 -0.00752145 0 [8] 0.005 AB 0 0
M 0.0205334 -0.0121608 -0.018024 0.00157034 0 [8] 0.991 A 1 0
F -0.0385177 -0.00783382 -0.0229877 0.0171017 1 control 0.288 A 0 1
M -0.0291126 -0.0062549 -0.0137796 -0.0240947 0 control 0.276 O 0 0
M -0.041375 0.0029262 0.0124012 -0.00646098 1 control 0.85 B 0 1
F 0.0174137 -0.0162583 0.0275342 0.00708678 0 control 0 B 1 0
F -0.00365899 -0.0146275 0.0235774 0.00712931 0 control 0 A 1 0
F 0.0388311 0.00625468 0.0115828 -0.0130737 0 control 0.001 A 1 0
M 0.0201234 -0.00779059 0.0265232 -0.00589851 1 control 0.691 A 1 0
M 0.00766037 -0.000709286 -0.006958 -0.00968011 0 [4] 0 O 1 1
M -0.0160657 -0.00404245 -0.0230313 0.0486319 0 control 0 O 1 1
M 0.0535137 -0.0116457 0.0564299 0.0398211 0 [8] 0 O 0 1
M 0.00741856 -0.00952744 -0.0108699 0.00256706 0 control 0 A 0 0
F -0.0195125 0.00895104 -0.00783054 -0.0259102 0 control 0 O 0 0
F 0.0278157 0.00239648 -0.00589563 -0.00460016 0 [8] 0.952 A 0 1
M 0.0291925 -0.0096435 -0.0107489 0.0079013 1 control 0.001 O 1 0
F 0.0363469 0.00972075 -0.0123468 0.00958736 0 control 0 O 0 1
F -0.0224642 -0.0133251 -0.00869406 -0.000649687 0 [4] 0.001 O 1 0
F -0.03714 -0.0134755 -0.0190759 0.00809747 0 [8] 0.011 B 0 0
F -0.0514487 -0.000375705 -0.0129041 0.0116779 0 control 0 O 0 0
F -0.0039951 -0.000626824 0.0197188 -0.00192707 1 [6] 0 O 1 0
M -0.0410252 -0.0104156 -0.00898809 -0.00191338 0 control 0.014 O 0 1
M -0.00712104 -0.00487933 0.002613 -0.00320437 0 control 0 O 1 0
F -0.039527 -0.000109806 -0.0128744 -0.0117154 0 control 0 A 0 0
F 0.00473972 0.0511784 -0.00691615 0.0548864 0 [8] 0 O 0 0
M 0.00299236 0.00797653 0.0116848 0.0212598 1 control 0 O 0 1
M -0.00164489 -0.00780158 -0.00450885 0.0120673 0 control 0.007 O 1 1
M 0.0435521 0.00217343 0.0688722 -0.00660831 0 control 0 A 1 0
F 0.0132709 0.00113296 -0.0195291 0.0016718 0 control 0.039 A 1 0
F 0.0269738 -0.00530035 -0.012739 0.0976433 1 control 0 B 0 0
F 0.00138309 -0.0150667 0.00571237 0.0114084 0 control 0.71 O 1 0
M 0.0181168 -0.0146296 -0.0162761 -0.00570042 0 control 0.994 A 0 0
M 0.0225338 0.0186668 0.00536134 0.00451611 1 control 0.076 A 0 0
F -0.0219426 -0.029075 -0.0150373 -0.00236743 0 control 0 A 0 0
M -0.016925 -0.00927923 0.0568644 0.0391332 0 control 0 O 1 1
M -0.0400157 0.0029677 0.00168811 -0.00576293 0 control 0.809 AB 1 1
F -0.0362629 -0.00243208 -0.0107981 0.00942541 0 control 0.001 B 0 0
M -0.0161841 -0.00318987 -0.0190409 0.0155836 0 control 0 A 0 0
M 0.0400644 -0.00188266 -0.0217739 0.00349661 1 control 0 O 1 0
F 0.0403008 -0.0103808 0.00646666 -0.00464082 0 control 0.007 B 1 0
F -0.0542444 -0.00110874 0.00829972 -0.000333215 1 control 0.927 O 0 0
M -0.0471086 -0.00905926 -0.0145277 0.0112271 0 control 0 O 1 0
F 0.0079353 -0.00582111 -0.0124107 0.00454358 1 [8] 0.019 O 1 0
F 0.0398275 0.0168118 -0.0183378 0.0123619 0 [8] 0.043 O 0 0
F 0.032901 -0.00334271 -0.00804062 -0.0305194 0 control 0.176 O 0 1
M -0.026874 -0.009768 -0.0037896 -0.00599432 1 control 0 O 0 0
M 0.0449739 0.00612598 -0.00839552 0.0269673 0 control 0 B 0 1
F 0.0248006 0.0178783 -0.00728824 0.0377095 0 control 0.355 O 0 0
F -0.00925886 -0.00857872 -0.00319514 0.00132477 1 [4] 0 O 1 0
F 0.0340991 -0.0164865 -0.0144086 0.00158508 0 control 0 O 0 1
M 0.0128117 0.00127789 -0.00727463 0.00962367 1 control 0.003 A 1 0
F -0.0455587 0.0597523 0.0298274 -0.0346389 0 control 0 B 0 0
M -0.050418 -0.00821488 -0.0175131 -0.000341086 0 control 0.998 A 1 0
M -0.0238887 0.0216016 -0.00372725 0.0402596 0 control 0 A 0 0
F 0.0075861 -0.0190731 0.0164091 0.00224285 0 control 0.042 O 1 0
M -0.0321148 -0.00703365 -0.00594088 0.00876092 0 control 0 A 0 0
M -0.0460284 -0.00334593 0.0459359 0.0110286 0 control 0 O 1 0
M 0.0262325 -0.011134 0.0178691 0.0384308 0 control 0 A 1 0
M 0.0223123 0.0165586 0.0621886 -0.00283473 0 [8] 0 O 0 1
F -0.0128684 -0.0131758 -0.0160224 0.0297715 0 [8] 0 O 0 0
F -0.0506199 0.00410568 -0.0122536 -0.0266414 0 control 0 A 1 0
F -0.00268009 0.0142678 -0.000996084 -0.0234147 1 control 0 O 0 0
M -0.00625743 -0.00610584 0.0293908 -0.00219015 0 control 0.778 O 0 0
F 0.0230532 0.00148574 0.00691923 -0.0063913 0 control 0 A 0 0
F -0.0018882 0.00606648 0.00464131 -0.0046566 0 NA 0 A 0 0
M -0.0403274 0.0406331 0.104103 -0.00961697 0 [8] 0 B 1 0
F 0.00824399 -0.000146917 0.0179202 0.00949074 0 control 0.11 O 0 1
M -0.0165933 -0.004191 -0.00403638 -0.00994008 1 [8] 0 A 1 0
M -0.0481781 -0.00685794 0.0221174 -0.00161985 0 control 0 A 0 0
M 0.0484458 -0.00016824 -0.0245064 0.00585592 0 control 0 O 1 0
F 0.00342502 -0.00402635 -0.00199321 0.0287002 1 control 0.684 O 1 0
F -0.0352749 -0.012659 -0.0268042 0.00344771 0 control 0.671 B 0 0
F -0.0420135 -0.00423406 -0.00372565 0.00358905 0 [8] 0.009 O 0 1
F -0.0120924 -0.00612978 -0.0076432 -0.0228914 0 control 0 O 1 0
M -0.0520669 -0.00462461 -0.0107431 -0.00108471 1 control 0 A 1 0
F 0.0334512 -0.00158072 -0.0135207 0.0375936 1 [8] 0 O 0 0
F 0.0273349 0.00479123 0.0202517 -0.0110751 1 control 0 AB 0 0
F 0.0527232 -0.0030167 0.0467724 -0.001615 0 control 0 B 0 0
F -0.0412823 -0.0116737 0.0212358 0.00715013 1 [8] 0 O 0 0
M 0.0149037 -0.000380159 -0.0119515 -0.00180461 1 control 0 AB 0 1
F 0.024424 -0.00910334 0.00628243 -0.00734325 0 NA 0 A 1 0
M -0.0434207 -0.00715088 -0.00631511 -0.0115095 0 control 0 B 1 0
F 0.0239013 0.00368149 0.0140975 0.0156236 0 control 0.038 O 1 0
M 0.0173869 -0.00477782 -0.00571238 -0.00444112 0 control 0 O 0 0
F -0.0339645 -0.00267167 -0.0153038 0.0226474 0 control 0 O 1 1
M 0.0377859 -0.0101935 -0.0016256 0.0406555 0 control 0.01 O 0 0
M 0.0421928 -0.00956399 -0.00609392 -0.00114631 0 [8] 0 O 0 0
M 0.0200245 -0.0014289 -0.00691589 -0.00394076 1 control 0 A 1 0
M 0.0179182 -0.00954321 -0.0321263 -0.0273788 0 [8] 0.007 O 0 1
M 0.0210096 -0.00989171 -0.00869126 0.0500476 1 [6] 0.421 O 0 1
M -0.0447014 -0.00932787 0.0531755 -0.0680484 1 NA 0 O 0 0
M -0.0413976 -0.0057597 -0.00135984 -0.0332835 1 control 0 O 1 0
F 0.0492984 -0.00711938 -0.026135 -0.00664776 0 control 0.048 B 1 1
M -0.00572195 -0.00917371 -0.00423068 0.00308631 1 [4] 0 O 1 0
F 0.03191 -0.00606472 -0.0135201 0.00103163 0 [8] 0 A 0 1
M 0.000419903 -0.00146692 -0.00547483 0.0373956 0 control 0 B 0 0
M -0.000691179 0.00231609 0.0196033 0.0136059 0 control 0 O 1 1
F 0.0439562 -0.0123509 -0.00159668 -0.00580179 0 control 0 O 0 0
M 0.00245978 0.0117824 -0.0124003 -0.00665515 0 control 0.963 O 0 0
F 0.00702138 -0.00654147 0.0562624 0.000406617 1 control 0 B 1 0
F -0.00423481 -0.00910064 -0.0153851 -0.00283749 0 control 0 O 1 0
F -0.00219371 -0.00428078 0.00326565 0.0134853 1 control 0 O 1 0
M -0.0392506 -0.0124851 0.00900985 0.00457413 0 control 0.393 A 0 1
F -0.0173252 0.0152915 -0.0148482 -0.00510194 0 [8] 0.004 O 1 0
F -0.0538924 -0.0055322 -0.0116694 -0.00772001 0 control 0.057 O 0 0
F -0.0119603 -0.00662976 0.00197384 -0.00633695 0 control 0 B 1 0
F 0.0107784 -0.00261457 -0.00185696 -0.00547533 0 control 0.041 O 1 0
F 0.0231625 0.00753824 -0.025028 -0.0250074 0 [8] 0 O 1 1
M -0.0440723 -0.000107983 0.013709 -0.00656987 1 [4] 0.001 B 1 0
M 0.0264731 -0.000551011 0.0279076 0.0106603 0 control 0 A 1 1
M -0.00581398 0.0351495 -0.023371 -0.0632873 0 [8] 0 A 1 0
F 0.0354484 -0.0150747 0.0346174 -0.0154513 0 control 0 B 1 1
F 0.010238 -0.0207194 -0.0102592 0.0173237 1 NA 0.977 O 0 0
F -0.0458787 -0.00320576 -0.00764639 -0.0133115 0 control 0.005 O 0 0
M -0.00240698 -0.00497388 -0.0232795 -0.0327374 1 control 0 O 1 0
F -0.0449808 0.00136291 -0.0120834 0.113968 0 control 0 O 0 0
F -0.0205855 -0.00770338 -0.00672149 -0.00746737 0 control 0 A 1 0
M 0.000316887 -0.00685819 0.0469924 -0.0103602 1 control 0 O 0 0
F 0.0127608 -0.00232934 -0.0244075 -0.0123133 1 control 0 O 0 0
F -0.0397721 -0.0176917 0.00301537 0.00495738 0 control 0.948 B 1 0
F -0.000165579 -0.015302 -0.00348708 -0.0479283 1 control 0.002 A 1 0
M 0.00250387 -0.00361124 -0.0162509 -0.0495018 0 control 0 O 1 1
M 0.0067999 -0.00181568 0.0492496 -0.00280659 0 control 0 B 1 1
M 0.00177075 0.00690153 0.00913041 0.00325965 0 control 0 A 0 0
M 0.00868939 0.00283763 0.00597247 -0.0247867 0 control 0 B 1 0
M 0.0162971 0.00195803 -0.00653963 -0.0147617 0 [4] 0 O 0 0
F 0.0439183 0.00961943 -0.00293053 -0.00443146 0 control 0 O 0 0
F 0.048423 0.014268 0.00965465 -0.0162947 0 control 0 B 1 0
F -7.83e-05 -0.0062748 0.0220306 -0.0336997 0 [8] 0.83 O 1 0
M -0.0613242 -0.0127807 0.0395354 -0.00788694 0 [8] 0 A 1 0
M 0.0110132 -0.00399883 0.00649977 0.00229304 0 control 0.474 O 1 0
F -0.0369183 -0.00105728 -0.0125944 -0.0169297 0 control 0.996 AB 1 0
F 0.0335328 0.0253209 0.0592609 0.0024311 0 control 0.967 O 0 1
M -0.0035088 -0.00667282 -0.00483954 0.0225007 0 control 0.868 A 0 1
M -0.00113688 -0.00665713 -0.015859 0.0163285 0 control 0.035 O 0 0
M -0.0310705 -0.00915452 0.0320261 0.00701231 0 [8] 0.001 A 1 0
M 0.0308207 -0.00657781 -0.0118552 0.0178033 1 control 0 O 1 1
F 0.0132329 -0.00783828 -0.0184916 -0.000688973 1 control 0.577 AB 1 0
M 0.0302182 0.00884182 0.00240758 0.0200162 0 control 0 O 0 1
M 0.00133713 -0.00838688 -0.00547907 -0.000128534 1 [8] 0 O 1 0
M -0.0388857 -0.00784135 0.0487079 0.00359369 0 control 0 A 0 1
M 0.0048891 0.00391221 -0.0214285 0.00234682 0 control 0 O 0 0
F 0.0425996 -0.00213112 0.0180691 -0.0205923 1 control 0 O 1 0
F -0.0456181 -0.0103817 -0.00969906 -0.00239859 0 NA 0.006 B 0 0
F 0.0363573 -0.00556226 -0.0325393 0.00780935 1 control 0.032 O 1 0
F -0.0451502 -0.00460139 0.0381842 -0.00618573 0 [4] 0 O 1 0
M 0.00265551 -0.00563726 0.0522649 0.00231233 0 control 0.002 A 0 0
F 0.025394 -0.0148166 -0.00308933 0.0187671 0 [8] 0.073 B 1 0
M -0.0120654 -0.0126221 -0.0092227 -0.0083582 0 control 0 O 1 0
M 0.0242062 0.00684755 -0.016288 -2.47e-05 0 [4] 0.002 O 1 0
M 0.0319206 -0.0177294 0.00356687 0.0012524 0 control 0.94 A 0 0
F 0.0296198 -0.0027204 -0.0303915 0.00518165 0 [8] 0.014 B 0 0
F 0.0304421 -0.00597692 -0.00372469 -0.00887803 0 [8] 0.014 O 0 0
F -0.000830876 -0.0104636 -0.00704762 0.00741709 0 control 0 A 1 0
F 0.0164477 -0.000868811 0.00353438 -0.00179692 1 control 0 B 0 0
M 0.00511301 -0.00439283 -0.0136176 -0.00622548 1 control 0 O 0 0
F 0.0280817 -0.00171523 -0.0176308 0.000901739 0 control 0.002 B 0 0
F 0.0353902 -0.000587024 -0.00696411 -0.0165513 0 control 0 O 1 0
F 0.0175032 -0.00148786 -0.0107199 -0.0155295 0 control 0.014 O 0 0
M 0.0303137 0.0341742 -0.0098528 -0.0324824 1 control 0.001 O 0 0
F 0.0101912 -0.00819616 -0.00180665 0.00545809 0 control 0 A 1 0
M 0.0355636 0.00312783 -0.000102538 -0.00735627 1 control 0.505 O 0 1
M -0.0463474 0.0130514 -0.0109192 0.0174122 0 control 0 A 0 0
F 0.0282329 -0.0153152 0.0241352 -0.0408508 1 control 0.001 O 0 1
M -0.0413874 -0.00928353 -0.0103395 0.00575019 0 [8] 0 A 1 0
F 0.0478488 0.276432 -0.0172196 -0.000121096 0 control 0 B 0 1
F -0.0494629 -0.00490019 0.00644729 -0.0127797 0 control 0.037 A 1 0
F -0.031547 -0.00238476 0.0729771 -0.0186178 0 control 0 O 0 0
M 0.0303629 -0.0112049 -0.0092692 -0.0072458 1 control 0.26 B 1 0
M 0.0209258 -0.0103586 0.090477 0.00925978 0 [8] 0.033 A 1 0
M 0.038923 -0.00975918 -0.033037 -0.000468797 0 control 0 A 0 0
M -0.00810612 -0.00534903 -0.00600024 0.00994707 0 control 0 O 1 1
M 0.0243686 -0.00280802 -0.0331303 0.0226547 1 control 0 AB 0 0
