snp	gwas_beta	gwas_se	mono_beta	mono_se	nk_beta	nk_se	bcell_beta	bcell_se	cd4_beta	cd4_se	cd8_beta	cd8_se	pbmc_beta	pbmc_se
rs59722780	-0.00363537	0.0608707	NA	NA	NA	NA	NA	NA	NA	NA	NA	NA	0.000142695	0.0163346
rs876819	0.0735691	0.0637185	-0.0314587	0.0293823	0.0194233	0.0627945	-0.0923206	0.0433151	0.0186999	0.0644503	-0.0514613	0.0669161	NA	NA
rs11897327	-0.0598014	0.0819277	NA	NA	NA	NA	NA	NA	NA	NA	NA	NA	NA	NA
rs11886409	-0.180141	0.104299	NA	NA	NA	NA	NA	NA	NA	NA	NA	NA	NA	NA
rs7563720	-0.0401646	0.0814107	NA	NA	NA	NA	NA	NA	NA	NA	NA	NA	0.0278939	0.0220691
rs116157896	0.11174	0.135838	NA	NA	NA	NA	NA	NA	NA	NA	NA	NA	0.0423287	0.0348408
rs6741405	0.0711248	0.0631592	-0.0314587	0.0293823	0.0194233	0.0627945	-0.0923206	0.0433151	0.0186999	0.0644503	-0.0514613	0.0669161	-0.00389481	0.0146385
rs11902918	-0.17758	0.103914	NA	NA	NA	NA	NA	NA	NA	NA	NA	NA	0.0149665	0.030729
rs6542719	0.0391413	0.0604294	-0.0324318	0.0293823	0.0213768	0.0627636	-0.0853578	0.043412	0.014001	0.0643438	-0.0483825	0.0668672	NA	NA
rs112228225	-0.00375414	0.0608866	NA	NA	NA	NA	NA	NA	NA	NA	NA	NA	0.00355269	0.0164814
rs7593822	0.111877	0.135934	NA	NA	NA	NA	NA	NA	NA	NA	NA	NA	NA	NA
rs4390763	0.0711726	0.0631647	-0.0314587	0.0293823	0.0194233	0.0627945	-0.0923206	0.0433151	0.0186999	0.0644503	-0.0514613	0.0669161	NA	NA
rs60938017	-0.311034	0.173339	NA	NA	NA	NA	NA	NA	NA	NA	NA	NA	0.0101454	0.0440396
rs115052303	0.0991158	0.134855	NA	NA	NA	NA	NA	NA	NA	NA	NA	NA	0.0371899	0.0344699
rs78960230	-0.130546	0.103251	NA	NA	NA	NA	NA	NA	NA	NA	NA	NA	NA	NA
rs62158767	0.0131628	0.0833557	0.126068	0.0723712	0.126954	0.163941	0.0734048	0.101486	-0.0325926	0.147957	0.0169073	0.146332	-0.0694422	0.0262585
rs113224510	-0.0490252	0.135915	NA	NA	NA	NA	NA	NA	NA	NA	NA	NA	-0.0137484	0.0322923
rs1863102	0.0393155	0.0604409	-0.0324744	0.0293676	0.0215375	0.0627485	-0.0851641	0.0433824	0.0142413	0.0643035	-0.048471	0.0668269	NA	NA
rs1863103	0.0711726	0.0631647	-0.0314587	0.0293823	0.0194233	0.0627945	-0.0923206	0.0433151	0.0186999	0.0644503	-0.0514613	0.0669161	NA	NA
rs17034383	0.149094	0.141502	NA	NA	NA	NA	NA	NA	NA	NA	NA	NA	0.0423287	0.0348408
rs1364566	0.0472857	0.0573312	-0.0321276	0.0294205	0.0200605	0.0628911	-0.0883443	0.0434411	0.0183409	0.0645525	-0.0522932	0.0669999	NA	NA
rs11674753	0.384153	0.345679	-0.042953	0.0555171	-0.0263461	0.115037	-0.0933454	0.0804202	0.0691473	0.107886	0.234901	0.110533	NA	NA
rs77163283	-0.0150654	0.0614104	NA	NA	NA	NA	NA	NA	NA	NA	NA	NA	0.00355269	0.0164814
rs4676021	0.0806442	0.0644449	-0.0316832	0.0294064	0.0185766	0.0628818	-0.0923955	0.0433489	0.0186931	0.0644991	-0.0514692	0.0669554	-0.00389481	0.0146385
rs13419751	-0.0658249	0.0835925	NA	NA	NA	NA	NA	NA	NA	NA	NA	NA	0.011344	0.0201819
rs10187163	0.0805925	0.0644465	-0.0315142	0.029398	0.0194894	0.0628375	-0.09245	0.043336	0.018767	0.0644598	-0.0513214	0.0669237	NA	NA
rs115465800	-0.0591762	0.216028	NA	NA	NA	NA	NA	NA	NA	NA	NA	NA	NA	NA
rs111749123	0.132244	0.0792978	NA	NA	NA	NA	NA	NA	NA	NA	NA	NA	NA	NA
rs113067447	-0.169108	0.104224	NA	NA	NA	NA	NA	NA	NA	NA	NA	NA	0.0169735	0.0303639
rs6732837	0.0806442	0.0644449	-0.0316832	0.0294064	0.0185766	0.0628818	-0.0923955	0.0433489	0.0186931	0.0644991	-0.0514692	0.0669554	NA	NA
rs10618255	0.0474584	0.0573276	NA	NA	NA	NA	-0.0883443	0.0434411	0.0183409	0.0645525	-0.0522932	0.0669999	0.00748557	0.013851
rs6735814	0.0474745	0.057325	-0.0321276	0.0294205	0.0200605	0.0628911	-0.0883443	0.0434411	0.0183409	0.0645525	-0.0522932	0.0669999	0.00748557	0.013851
rs1863104	0.0818838	0.0641558	NA	NA	NA	NA	-0.0874952	0.0432228	0.0185981	0.0645613	-0.0516289	0.0670072	NA	NA
rs7562472	0.0569873	0.0573883	-0.026951	0.0300126	0.0202561	0.0640816	-0.0826663	0.0449528	0.0356871	0.0677511	-0.090566	0.0706819	NA	NA
rs116432411	0.0334863	0.22306	NA	NA	NA	NA	NA	NA	NA	NA	NA	NA	0.039653	0.0439262
rs79022701	-0.227274	0.117475	NA	NA	NA	NA	NA	NA	NA	NA	NA	NA	0.0147909	0.027111
rs77498466	0.0572187	0.184681	NA	NA	NA	NA	NA	NA	NA	NA	NA	NA	0.0663807	0.0393249
rs115107699	0.156872	0.198512	NA	NA	NA	NA	NA	NA	NA	NA	NA	NA	0.117455	0.0516504
rs116740788	-0.0639961	0.161329	NA	NA	NA	NA	NA	NA	NA	NA	NA	NA	NA	NA
rs113550207	-0.348783	0.13598	NA	NA	NA	NA	NA	NA	NA	NA	NA	NA	-0.00931822	0.0295636
rs73951413	-0.266795	0.131335	NA	NA	NA	NA	NA	NA	NA	NA	NA	NA	-0.028204	0.0429008
rs6744070	-0.0653431	0.0545178	-0.00927971	0.0280799	-0.0805246	0.0557069	0.00418761	0.0411481	-0.0199513	0.0692038	-0.0769153	0.0708676	NA	NA
rs6542720	-0.0944458	0.0546802	-0.00960184	0.0283095	-0.0801221	0.0561567	0.00425711	0.0415047	-0.0145949	0.0698379	-0.0747448	0.0715357	-0.0168754	0.0140574
rs6542721	-0.109865	0.110947	-0.0127812	0.027446	-0.0760027	0.0552564	0.0375216	0.039686	0.00358219	0.0638356	-0.0918206	0.0658888	NA	NA
rs80151351	-0.251939	0.260919	NA	NA	NA	NA	NA	NA	NA	NA	NA	NA	NA	NA
rs116346917	0.0141304	0.162117	NA	NA	NA	NA	NA	NA	NA	NA	NA	NA	NA	NA
rs61652963	-0.198385	0.10453	NA	NA	NA	NA	NA	NA	NA	NA	NA	NA	NA	NA
rs77722276	-0.251939	0.260919	NA	NA	NA	NA	NA	NA	NA	NA	NA	NA	NA	NA
rs73951415	-0.291951	0.266629	NA	NA	NA	NA	NA	NA	NA	NA	NA	NA	NA	NA
rs117472651	-0.251939	0.260919	NA	NA	NA	NA	NA	NA	NA	NA	NA	NA	NA	NA
rs7596433	0.0171727	0.180723	NA	NA	NA	NA	NA	NA	NA	NA	NA	NA	0.0122963	0.0381695
rs112674771	0.152824	0.219756	NA	NA	NA	NA	NA	NA	NA	NA	NA	NA	NA	NA
rs117790560	-0.251939	0.260919	NA	NA	NA	NA	NA	NA	NA	NA	NA	NA	NA	NA
rs12475668	-0.0354669	0.0570808	-0.0095133	0.0283062	-0.0805526	0.0561563	0.00372255	0.0415	-0.0191075	0.0697683	-0.0769226	0.071438	NA	NA
rs77069924	-0.251939	0.260919	NA	NA	NA	NA	NA	NA	NA	NA	NA	NA	NA	NA
rs75579016	-0.251939	0.260919	NA	NA	NA	NA	NA	NA	NA	NA	NA	NA	NA	NA
rs112306345	-0.143808	0.142886	NA	NA	NA	NA	NA	NA	NA	NA	NA	NA	0.0134817	0.0399927
rs117958803	-0.251939	0.260919	NA	NA	NA	NA	NA	NA	NA	NA	NA	NA	NA	NA
rs117379747	-0.251939	0.260919	NA	NA	NA	NA	NA	NA	NA	NA	NA	NA	NA	NA
rs79871859	-0.251939	0.260919	NA	NA	NA	NA	NA	NA	NA	NA	NA	NA	NA	NA
rs4676022	-0.0365009	0.0634176	0.0232388	0.075998	-0.267713	0.135351	-0.0325473	0.122604	0.0875408	0.180489	0.217101	0.182112	NA	NA
rs74690428	-0.251939	0.260919	NA	NA	NA	NA	NA	NA	NA	NA	NA	NA	NA	NA
rs79093872	-0.249282	0.261328	NA	NA	NA	NA	NA	NA	NA	NA	NA	NA	NA	NA
rs80044211	-0.251939	0.260919	NA	NA	NA	NA	NA	NA	NA	NA	NA	NA	NA	NA
rs6756418	-0.0284056	0.165705	NA	NA	NA	NA	NA	NA	NA	NA	NA	NA	NA	NA
rs62158768	-0.0442797	0.0561125	-0.00942815	0.0282918	-0.0804246	0.0561344	0.00404237	0.041468	-0.0192497	0.0697478	-0.0769035	0.071415	NA	NA
rs72823018	-0.0442797	0.0561125	-0.00942815	0.0282918	-0.0804246	0.0561344	0.00404237	0.041468	-0.0192497	0.0697478	-0.0769035	0.071415	NA	NA
rs76518108	-0.251939	0.260919	NA	NA	NA	NA	NA	NA	NA	NA	NA	NA	NA	NA
rs72493484	-0.251939	0.260919	NA	NA	NA	NA	NA	NA	NA	NA	NA	NA	NA	NA
rs62158769	0.244673	0.382474	-0.0018951	0.0664886	0.0263908	0.152279	0.162538	0.0941629	0.0799184	0.116416	-0.0648928	0.11779	-0.0487524	0.0562639
rs7604787	-0.0380898	0.0567901	-0.00927849	0.0280796	-0.0805262	0.0557063	0.00418192	0.0411475	-0.0199508	0.0692034	-0.0769033	0.070867	NA	NA
rs72493486	-0.251939	0.260919	NA	NA	NA	NA	NA	NA	NA	NA	NA	NA	NA	NA
rs61476019	-0.030969	0.063205	0.0227215	0.0755153	-0.267922	0.134707	-0.0380434	0.121406	0.0900256	0.180156	0.215414	0.181723	NA	NA
rs57500779	0.226929	0.122505	-0.00820283	0.0658053	-0.00715218	0.148717	0.143753	0.0927908	0.0737278	0.113195	-0.0828558	0.114087	NA	NA
rs76652296	-0.248833	0.255448	NA	NA	NA	NA	NA	NA	NA	NA	NA	NA	NA	NA
rs78843927	0.162775	0.179658	NA	NA	NA	NA	NA	NA	NA	NA	NA	NA	NA	NA
rs112554581	0.154466	0.2151	NA	NA	NA	NA	NA	NA	NA	NA	NA	NA	0.0169662	0.0416404
rs74265685	-0.248833	0.255448	NA	NA	NA	NA	NA	NA	NA	NA	NA	NA	NA	NA
rs76556584	-0.248833	0.255448	NA	NA	NA	NA	NA	NA	NA	NA	NA	NA	NA	NA
rs4299335	-0.123825	0.123053	-0.0122923	0.0271553	-0.0217038	0.0574393	-0.0200069	0.0394199	0.06759	0.0608852	-0.119273	0.0624598	NA	NA
rs78091951	-0.248833	0.255448	NA	NA	NA	NA	NA	NA	NA	NA	NA	NA	NA	NA
rs74430643	-0.248833	0.255448	NA	NA	NA	NA	NA	NA	NA	NA	NA	NA	NA	NA
rs114259052	0.16243	0.179762	NA	NA	NA	NA	NA	NA	NA	NA	NA	NA	0.0792755	0.0405976
rs6739189	0.0356209	0.295637	-0.01357	0.0291064	-0.0364977	0.057929	0.0139699	0.0425555	-0.0335882	0.0710384	-0.115566	0.0730863	-0.00820763	0.0253928
rs114928208	-0.151405	0.134588	NA	NA	NA	NA	NA	NA	NA	NA	NA	NA	NA	NA
rs79096007	-0.248833	0.255448	NA	NA	NA	NA	NA	NA	NA	NA	NA	NA	NA	NA
rs78322016	-0.248833	0.255448	NA	NA	NA	NA	NA	NA	NA	NA	NA	NA	NA	NA
rs112028337	0.150709	0.213749	NA	NA	NA	NA	NA	NA	NA	NA	NA	NA	0.0169662	0.0416404
rs76120179	-0.246609	0.253415	NA	NA	NA	NA	NA	NA	NA	NA	NA	NA	NA	NA
rs10202543	-0.0380139	0.0568645	-0.0093016	0.0282806	-0.0807198	0.0561332	0.0037373	0.0414493	-0.0189635	0.0697192	-0.0765182	0.0713819	NA	NA
rs7560435	-0.0493212	0.0562325	-0.0093016	0.0282806	-0.0807198	0.0561332	0.0037373	0.0414493	-0.0189635	0.0697192	-0.0765182	0.0713819	NA	NA
rs74265686	-0.246609	0.253415	NA	NA	NA	NA	NA	NA	NA	NA	NA	NA	NA	NA
rs74899034	-0.246609	0.253415	NA	NA	NA	NA	NA	NA	NA	NA	NA	NA	NA	NA
rs113708359	0.0155896	0.176889	NA	NA	NA	NA	NA	NA	NA	NA	NA	NA	0.0122963	0.0381695
rs13023819	0.373476	0.281433	0.0125541	0.0323902	0.0872263	0.0660021	-0.106544	0.0478121	0.0940619	0.0717853	-0.0697627	0.0745184	0.00245223	0.0330548
rs6755098	0.126443	0.155417	-0.01357	0.0291064	-0.0364977	0.057929	0.0139699	0.0425555	-0.0335882	0.0710384	-0.115566	0.0730863	NA	NA
rs75032840	-0.246783	0.253321	NA	NA	NA	NA	NA	NA	NA	NA	NA	NA	NA	NA
rs74735105	-0.246783	0.253321	NA	NA	NA	NA	NA	NA	NA	NA	NA	NA	NA	NA
rs77822819	-0.246783	0.253321	NA	NA	NA	NA	NA	NA	NA	NA	NA	NA	NA	NA
rs77722559	-0.245894	0.253415	NA	NA	NA	NA	NA	NA	NA	NA	NA	NA	NA	NA
rs74680557	-0.0235974	0.162197	NA	NA	NA	NA	NA	NA	NA	NA	NA	NA	-0.0656397	0.0353887
rs116519861	-0.0237899	0.162328	NA	NA	NA	NA	NA	NA	NA	NA	NA	NA	-0.0656397	0.0353887
rs6542722	-0.0379839	0.0568648	-0.00934586	0.0282391	-0.080626	0.0560343	0.00393072	0.0413871	-0.0193118	0.0695704	-0.0767515	0.0712304	NA	NA
rs75209485	-0.246783	0.253321	NA	NA	NA	NA	NA	NA	NA	NA	NA	NA	NA	NA
rs11903600	-0.184074	0.102217	NA	NA	NA	NA	NA	NA	NA	NA	NA	NA	0.0363704	0.0308815
rs115502747	-0.0918084	0.139084	NA	NA	NA	NA	NA	NA	NA	NA	NA	NA	-0.0562192	0.0322171
rs1895659	-0.0487619	0.0552286	-0.00934586	0.0282391	-0.080626	0.0560343	0.00393072	0.0413871	-0.0193118	0.0695704	-0.0767515	0.0712304	NA	NA
rs74955141	-0.246628	0.25329	NA	NA	NA	NA	NA	NA	NA	NA	NA	NA	NA	NA
rs3052328	-0.0379421	0.056871	NA	NA	NA	NA	0.00393072	0.0413871	-0.0193118	0.0695704	-0.0767515	0.0712304	NA	NA
rs78477518	-0.245343	0.251847	NA	NA	NA	NA	NA	NA	NA	NA	NA	NA	NA	NA
rs4676139	-0.0469108	0.0558057	-0.00934127	0.0282394	-0.0805929	0.0560345	0.0039516	0.041387	-0.0192946	0.0695867	-0.0764737	0.0712506	NA	NA
rs78109770	-0.245343	0.251847	NA	NA	NA	NA	NA	NA	NA	NA	NA	NA	NA	NA
rs114272079	-0.134377	0.129762	NA	NA	NA	NA	NA	NA	0.24043	0.201451	-0.0771604	0.201859	-0.0456096	0.0352138
rs4676023	-0.0582047	0.0588768	0.0221961	0.0730055	-0.26551	0.132753	-0.0739487	0.115054	0.0841592	0.178397	0.204583	0.179883	NA	NA
rs74794958	-0.245343	0.251847	NA	NA	NA	NA	NA	NA	NA	NA	NA	NA	NA	NA
rs116848572	-0.245343	0.251847	NA	NA	NA	NA	NA	NA	NA	NA	NA	NA	NA	NA
rs71902998	-0.0379801	0.0568547	NA	NA	NA	NA	0.00393072	0.0413871	-0.0193118	0.0695704	-0.0767515	0.0712304	NA	NA
rs12105251	-0.245343	0.251847	NA	NA	NA	NA	NA	NA	NA	NA	NA	NA	NA	NA
rs12104458	-0.245689	0.251877	NA	NA	NA	NA	NA	NA	NA	NA	NA	NA	NA	NA
rs12104465	-0.245308	0.251261	NA	NA	NA	NA	NA	NA	NA	NA	NA	NA	NA	NA
rs12104466	-0.245308	0.251261	NA	NA	NA	NA	NA	NA	NA	NA	NA	NA	NA	NA
rs12104878	-0.245308	0.251261	NA	NA	NA	NA	NA	NA	NA	NA	NA	NA	NA	NA
rs12105258	-0.245308	0.251261	NA	NA	NA	NA	NA	NA	NA	NA	NA	NA	NA	NA
rs116578720	0.165491	0.182818	NA	NA	NA	NA	NA	NA	NA	NA	NA	NA	0.11818	0.0475706
rs12468034	-0.0285271	0.0630665	0.0215372	0.0742646	-0.26551	0.132753	-0.0371501	0.118897	0.0841592	0.178397	0.204583	0.179883	NA	NA
rs113127359	-0.168903	0.267735	NA	NA	NA	NA	NA	NA	NA	NA	NA	NA	0.0334899	0.0418059
rs76552177	-0.245308	0.251261	NA	NA	NA	NA	NA	NA	NA	NA	NA	NA	NA	NA
rs80197173	-0.245308	0.251261	NA	NA	NA	NA	NA	NA	NA	NA	NA	NA	NA	NA
rs115378982	0.16243	0.179762	NA	NA	NA	NA	NA	NA	NA	NA	NA	NA	0.0792755	0.0405976
rs56670421	-0.184011	0.102265	NA	NA	NA	NA	NA	NA	NA	NA	NA	NA	0.0363704	0.0308815
rs79650897	-0.245575	0.251103	NA	NA	NA	NA	NA	NA	NA	NA	NA	NA	NA	NA
rs75908672	-0.245575	0.251103	NA	NA	NA	NA	NA	NA	NA	NA	NA	NA	NA	NA
rs75416748	-0.245575	0.251103	NA	NA	NA	NA	NA	NA	NA	NA	NA	NA	NA	NA
rs12472925	0.122981	0.155852	-0.0133776	0.0290518	-0.0363841	0.0578125	0.0142333	0.0424828	-0.0338079	0.0708357	-0.114748	0.0728668	0.0164674	0.0216259
rs1991149	0.0290729	0.15366	-0.0200849	0.0295409	-0.02485	0.0627218	-0.0199056	0.0435005	0.0699093	0.0653856	-0.146291	0.0677109	NA	NA
rs10169272	0.056996	0.0576306	NA	NA	NA	NA	NA	NA	NA	NA	NA	NA	0.0111998	0.0166833
rs12105011	-0.245575	0.251103	NA	NA	NA	NA	NA	NA	NA	NA	NA	NA	NA	NA
rs113432018	0.151092	0.213595	NA	NA	NA	NA	NA	NA	NA	NA	NA	NA	0.0169662	0.0416404
rs12104680	-0.245575	0.251103	NA	NA	NA	NA	NA	NA	NA	NA	NA	NA	NA	NA
rs112473434	0.0155072	0.177255	NA	NA	NA	NA	NA	NA	NA	NA	NA	NA	0.0122963	0.0381695
rs1345961	-0.0862529	0.0545799	-0.00927992	0.0280795	-0.0805201	0.0557061	0.00418414	0.0411474	-0.0199815	0.0692015	-0.0769212	0.0708644	-0.0230862	0.0140661
rs12105116	-0.245575	0.251103	NA	NA	NA	NA	NA	NA	NA	NA	NA	NA	NA	NA
rs79401257	-0.362139	0.18443	NA	NA	NA	NA	NA	NA	NA	NA	NA	NA	0.00958285	0.0472671
rs13407326	-0.125288	0.122509	NA	NA	NA	NA	NA	NA	NA	NA	NA	NA	0.00450742	0.0388706
rs62158772	-0.0064528	0.293391	-0.0133776	0.0290518	-0.0363841	0.0578125	0.0142333	0.0424828	-0.0338079	0.0708357	-0.114748	0.0728668	-0.00820763	0.0253928
rs6750115	-0.0503077	0.0558411	-0.00934114	0.0282348	-0.0806844	0.0560246	0.00392225	0.0413792	-0.0193661	0.0695599	-0.0767354	0.0712191	NA	NA
rs114339178	0.124223	0.210852	NA	NA	NA	NA	NA	NA	NA	NA	NA	NA	0.0169662	0.0416404
rs115247481	-0.019611	0.173131	NA	NA	NA	NA	NA	NA	NA	NA	NA	NA	0.0122963	0.0381695
rs6750344	-0.0544016	0.0563714	-0.00934114	0.0282348	-0.0806844	0.0560246	0.00392225	0.0413792	-0.0193661	0.0695599	-0.0767354	0.0712191	NA	NA
rs6722089	-0.0378999	0.056873	-0.00934114	0.0282348	-0.0806844	0.0560246	0.00392225	0.0413792	-0.0193661	0.0695599	-0.0767354	0.0712191	-0.0120951	0.0141762
rs1364567	-0.0888149	0.0548745	-0.00934114	0.0282348	-0.0806844	0.0560246	0.00392225	0.0413792	-0.0193661	0.0695599	-0.0767354	0.0712191	-0.0230862	0.0140661
rs77680849	-0.261348	0.249335	NA	NA	NA	NA	NA	NA	NA	NA	NA	NA	NA	NA
rs1364568	-0.0486039	0.0560024	-0.00934114	0.0282348	-0.0806844	0.0560246	0.00392225	0.0413792	-0.0193661	0.0695599	-0.0767354	0.0712191	-0.0107544	0.014178
rs1364569	-0.0285128	0.06312	0.0218441	0.0751196	-0.267596	0.134184	-0.0384593	0.120372	0.0881059	0.179541	0.209059	0.181031	NA	NA
rs1364570	-0.0304458	0.0633557	0.0218441	0.0751196	-0.267596	0.134184	-0.0384593	0.120372	0.0881059	0.179541	0.209059	0.181031	-0.00612151	0.0166449
rs76568786	-0.359099	0.186007	NA	NA	NA	NA	NA	NA	NA	NA	NA	NA	NA	NA
rs74265689	-0.261348	0.249335	NA	NA	NA	NA	NA	NA	NA	NA	NA	NA	NA	NA
rs111825193	-0.00610901	0.175325	NA	NA	NA	NA	NA	NA	NA	NA	NA	NA	0.0122963	0.0381695
rs116951215	-0.261348	0.249335	NA	NA	NA	NA	NA	NA	NA	NA	NA	NA	NA	NA
rs76438795	-0.261348	0.249335	NA	NA	NA	NA	NA	NA	NA	NA	NA	NA	NA	NA
rs115007229	-0.0853755	0.152124	NA	NA	NA	NA	NA	NA	NA	NA	NA	NA	-0.0748579	0.040757
rs114126103	-0.0524416	0.219213	NA	NA	NA	NA	NA	NA	NA	NA	NA	NA	-0.00119626	0.0670276
rs116448435	-0.327521	0.189166	NA	NA	NA	NA	NA	NA	NA	NA	NA	NA	0.00958285	0.0472671
rs113894774	-0.356552	0.188721	NA	NA	NA	NA	NA	NA	NA	NA	NA	NA	NA	NA
rs6730198	-0.0328989	0.0632851	0.0219544	0.0751558	-0.26649	0.134238	-0.0350564	0.120434	0.0855909	0.179556	0.207717	0.181059	NA	NA
rs56356537	-0.14689	0.101681	NA	NA	NA	NA	NA	NA	NA	NA	NA	NA	NA	NA
rs112267379	-0.00989677	0.175339	NA	NA	NA	NA	NA	NA	NA	NA	NA	NA	NA	NA
rs75554294	-0.261426	0.249314	NA	NA	NA	NA	NA	NA	NA	NA	NA	NA	NA	NA
rs11683562	0.122775	0.155153	-0.0133807	0.0290526	-0.036415	0.0578176	0.0142369	0.0424816	-0.0337736	0.0708208	-0.114734	0.0728489	0.0164674	0.0216259
rs11683537	0.0814533	0.144255	-0.0133185	0.0290727	-0.0363963	0.0578169	0.0121921	0.0425471	-0.0337585	0.0708198	-0.11474	0.0728477	NA	NA
rs3815848	-0.152383	0.0564548	0.0188918	0.0734268	-0.248087	0.133234	-0.0312707	0.115465	0.080861	0.179115	0.19567	0.180674	NA	NA
rs114495514	-0.0708164	0.152378	NA	NA	NA	NA	NA	NA	NA	NA	NA	NA	-0.0807181	0.0409834
rs72933336	-0.185463	0.102363	NA	NA	NA	NA	NA	NA	NA	NA	NA	NA	0.0363704	0.0308815
rs11355888	-0.049144	0.0587856	NA	NA	NA	NA	0.00435757	0.0413643	-0.0196255	0.0695138	-0.0769086	0.0711605	NA	NA
rs78474894	-0.261426	0.249296	NA	NA	NA	NA	NA	NA	NA	NA	NA	NA	NA	NA
rs11676995	-0.0318278	0.0570849	-0.00934838	0.0282295	-0.080358	0.0560123	0.00435757	0.0413643	-0.0196255	0.0695138	-0.0769086	0.0711605	NA	NA
rs116328381	-0.0602535	0.152033	NA	NA	NA	NA	NA	NA	NA	NA	NA	NA	-0.0748579	0.040757
rs2377910	-0.118049	0.106823	-0.0136392	0.0273586	-0.0790874	0.0551877	0.0387672	0.0396231	0.00151147	0.0633354	-0.0883603	0.0654269	NA	NA
rs79716391	-0.261426	0.249296	NA	NA	NA	NA	NA	NA	NA	NA	NA	NA	NA	NA
rs2377911	-0.0524199	0.0592112	0.0224645	0.0738628	-0.266055	0.134247	-0.0725106	0.116484	0.0861473	0.179562	0.207371	0.181067	NA	NA
rs75848336	-0.261426	0.249296	NA	NA	NA	NA	NA	NA	NA	NA	NA	NA	NA	NA
rs72933339	-0.233681	0.282631	NA	NA	NA	NA	NA	NA	NA	NA	NA	NA	NA	NA
rs111821692	-0.0139024	0.175284	NA	NA	NA	NA	NA	NA	NA	NA	NA	NA	NA	NA
rs74265690	-0.261426	0.249296	NA	NA	NA	NA	NA	NA	NA	NA	NA	NA	NA	NA
rs79888296	-0.261426	0.249296	NA	NA	NA	NA	NA	NA	NA	NA	NA	NA	NA	NA
rs79058275	-0.261426	0.249296	NA	NA	NA	NA	NA	NA	NA	NA	NA	NA	NA	NA
rs10204341	-0.0513051	0.0592345	0.0224645	0.0738628	-0.266055	0.134247	-0.0725106	0.116484	0.0861473	0.179562	0.207371	0.181067	NA	NA
rs116635643	-0.0513338	0.21916	NA	NA	NA	NA	NA	NA	NA	NA	NA	NA	NA	NA
rs80084075	-0.261426	0.249296	NA	NA	NA	NA	NA	NA	NA	NA	NA	NA	NA	NA
rs76552627	-0.261426	0.249296	NA	NA	NA	NA	NA	NA	NA	NA	NA	NA	NA	NA
rs76195256	-0.057122	0.152711	NA	NA	NA	NA	NA	NA	NA	NA	NA	NA	-0.0748545	0.039555
rs78009888	-0.261426	0.249296	NA	NA	NA	NA	NA	NA	NA	NA	NA	NA	NA	NA
rs7602003	0.00545526	0.292126	-0.0133834	0.0290561	-0.0363624	0.0578281	0.0142932	0.0424856	-0.0338233	0.0708212	-0.114685	0.0728498	-0.00900989	0.0256755
rs78989934	-0.261426	0.249296	NA	NA	NA	NA	NA	NA	NA	NA	NA	NA	NA	NA
rs112758817	-0.0176537	0.17516	NA	NA	NA	NA	NA	NA	NA	NA	NA	NA	0.0122963	0.0381695
rs11689021	0.122979	0.155179	-0.0133834	0.0290561	-0.0363624	0.0578281	0.0142932	0.0424856	-0.0338233	0.0708212	-0.114685	0.0728498	0.0164674	0.0216259
rs113707377	-0.0176537	0.17516	NA	NA	NA	NA	NA	NA	NA	NA	NA	NA	NA	NA
rs74459923	-0.057122	0.152711	NA	NA	NA	NA	NA	NA	NA	NA	NA	NA	NA	NA
rs79793539	-0.261426	0.249296	NA	NA	NA	NA	NA	NA	NA	NA	NA	NA	NA	NA
rs79090152	-0.261426	0.249296	NA	NA	NA	NA	NA	NA	NA	NA	NA	NA	NA	NA
rs75417236	-0.261426	0.249296	NA	NA	NA	NA	NA	NA	NA	NA	NA	NA	NA	NA
rs113267768	-0.345669	0.189282	NA	NA	NA	NA	NA	NA	NA	NA	NA	NA	0.00958285	0.0472671
rs111975573	-0.032293	0.174035	NA	NA	NA	NA	NA	NA	NA	NA	NA	NA	NA	NA
rs74794382	-0.260906	0.249225	NA	NA	NA	NA	NA	NA	NA	NA	NA	NA	NA	NA
rs79561128	-0.260906	0.249225	NA	NA	NA	NA	NA	NA	NA	NA	NA	NA	NA	NA
rs73951418	-0.192151	0.102249	NA	NA	NA	NA	NA	NA	NA	NA	NA	NA	0.0363704	0.0308815
rs77911914	-0.102268	0.091878	NA	NA	NA	NA	NA	NA	NA	NA	NA	NA	-0.0178747	0.022474
rs76518504	-0.260906	0.249225	NA	NA	NA	NA	NA	NA	NA	NA	NA	NA	NA	NA
rs74963387	-0.172857	0.150177	NA	NA	NA	NA	NA	NA	NA	NA	NA	NA	0.0162174	0.0402265
rs11895894	-0.326539	0.158831	NA	NA	NA	NA	NA	NA	NA	NA	NA	NA	NA	NA
rs112349796	-0.0327197	0.173998	NA	NA	NA	NA	NA	NA	NA	NA	NA	NA	NA	NA
rs79837609	-0.260906	0.249225	NA	NA	NA	NA	NA	NA	NA	NA	NA	NA	NA	NA
rs114933930	-0.306351	0.19088	NA	NA	NA	NA	NA	NA	NA	NA	NA	NA	0.00958285	0.0472671
rs113128336	-0.168804	0.263966	NA	NA	NA	NA	NA	NA	NA	NA	NA	NA	0.0334899	0.0418059
rs77816316	-0.260906	0.249225	NA	NA	NA	NA	NA	NA	NA	NA	NA	NA	NA	NA
rs115248896	-0.083523	0.157319	NA	NA	NA	NA	NA	NA	NA	NA	NA	NA	NA	NA
rs75826139	-0.260906	0.249225	NA	NA	NA	NA	NA	NA	NA	NA	NA	NA	NA	NA
rs6745317	-0.0311481	0.0630554	0.0219544	0.0751558	-0.26649	0.134238	-0.0350564	0.120434	0.0855909	0.179556	0.207717	0.181059	NA	NA
rs28643473	0.055389	0.0570698	NA	NA	NA	NA	NA	NA	NA	NA	NA	NA	0.0108561	0.0167386
rs115614318	0.162727	0.179667	NA	NA	NA	NA	NA	NA	NA	NA	NA	NA	0.0792755	0.0405976
rs72933343	-0.219299	0.285422	NA	NA	NA	NA	NA	NA	NA	NA	NA	NA	NA	NA
rs3899672	-0.046387	0.0623751	0.0232464	0.0751596	-0.264015	0.13423	-0.0282158	0.120424	0.0826757	0.179607	0.206479	0.181139	NA	NA
rs72933345	-0.219299	0.285422	NA	NA	NA	NA	NA	NA	NA	NA	NA	NA	-0.0403538	0.0459515
rs76657461	-0.260906	0.249225	NA	NA	NA	NA	NA	NA	NA	NA	NA	NA	NA	NA
rs78827669	-0.0878804	0.156386	NA	NA	NA	NA	NA	NA	NA	NA	NA	NA	-0.0652432	0.0345401
rs57299696	-0.0363366	0.0628755	0.0230442	0.0751998	-0.263829	0.1343	-0.0279482	0.120484	0.0833548	0.179655	0.2068	0.181187	NA	NA
rs113739571	-0.0391425	0.172966	NA	NA	NA	NA	NA	NA	NA	NA	NA	NA	-0.00127734	0.0400492
rs77559093	0.0983235	0.114502	NA	NA	NA	NA	NA	NA	NA	NA	NA	NA	-0.0171659	0.0327416
rs17034416	0.20989	0.120477	-0.0212482	0.0674479	-0.0454844	0.156388	0.147269	0.0948037	0.0651969	0.112899	-0.0748196	0.11406	-0.0121949	0.0351421
rs2216899	-0.0556498	0.055786	-0.00351962	0.0276604	-0.0696466	0.0552471	0.047743	0.0407019	-0.00216437	0.0639145	-0.0763346	0.0670685	NA	NA
rs116465526	-0.0409899	0.154588	NA	NA	NA	NA	NA	NA	NA	NA	NA	NA	-0.0748579	0.040757
rs112413630	-0.0391425	0.172966	NA	NA	NA	NA	NA	NA	NA	NA	NA	NA	0.0105022	0.0384235
rs115787363	0.176855	0.132359	NA	NA	NA	NA	NA	NA	NA	NA	NA	NA	NA	NA
rs72823033	0.105285	0.107942	-0.0212482	0.0674479	-0.0454844	0.156388	0.147269	0.0948037	0.0683976	0.112677	-0.0736209	0.113885	NA	NA
rs1424776	-0.11796	0.059247	0.0211216	0.0732112	-0.237839	0.132854	-0.0219667	0.114884	0.083652	0.17818	0.190286	0.179835	-0.00991713	0.0145781
rs115384854	-0.0391425	0.172966	NA	NA	NA	NA	NA	NA	NA	NA	NA	NA	0.0105022	0.0384235
rs10084169	-0.070916	0.0551825	2.23E-05	0.0286684	-0.066133	0.0561821	0.0225065	0.0425755	-0.0302009	0.0719263	-0.0623432	0.0748956	NA	NA
rs6542724	-0.0486456	0.0659512	0.0255822	0.075163	-0.262007	0.134329	-0.0282158	0.120424	0.0863555	0.179613	0.204863	0.181227	-0.000942451	0.017087
rs72933351	-0.152856	0.101372	NA	NA	NA	NA	NA	NA	NA	NA	NA	NA	0.0265571	0.0299903
rs10221669	-0.062524	0.056046	-0.00353443	0.0276574	-0.0697469	0.0552386	0.0476722	0.0407002	-0.00218292	0.0639251	-0.0762988	0.0670789	-0.0219688	0.0143893
rs10221898	-0.125596	0.107921	-0.00546523	0.0275184	-0.0696762	0.0552324	0.0508508	0.0403406	-0.00688384	0.0640263	-0.0743944	0.0672787	NA	NA
rs62158773	0.105767	0.108004	-0.0211474	0.0674519	-0.0453179	0.156424	0.147506	0.09481	0.0685978	0.112677	-0.074182	0.113891	-0.0275794	0.0294244
rs7600619	-0.0718966	0.0551012	0.000257527	0.0284659	-0.0650598	0.0557414	0.0237663	0.0422463	-0.0304557	0.0713056	-0.0628128	0.0742428	NA	NA
rs62158774	0.105772	0.108004	-0.0212482	0.0674479	-0.0454844	0.156388	0.147269	0.0948037	0.0683976	0.112677	-0.0736209	0.113885	NA	NA
rs57660765	-0.0581745	0.0657507	0.0255378	0.0751637	-0.262007	0.134329	-0.0281088	0.120426	0.084351	0.179642	0.207283	0.181216	NA	NA
rs62158775	-0.0072673	0.159868	NA	NA	NA	NA	0.0256622	0.0446783	-0.0468025	0.0744449	-0.0886173	0.0779388	NA	NA
rs62158776	0.181498	0.11831	-0.0212482	0.0674479	-0.0454844	0.156388	0.147269	0.0948037	0.0683976	0.112677	-0.0736209	0.113885	-0.0279874	0.03103
rs56183163	-0.0651627	0.0623842	0.0250762	0.0738617	-0.261289	0.134331	-0.0660542	0.11647	0.0694109	0.178693	0.156462	0.180343	-0.0126317	0.0160841
rs7577083	-0.0433835	0.0544937	NA	NA	NA	NA	0.0477983	0.040682	-0.0044789	0.0639285	-0.0814753	0.0670396	NA	NA
rs7603974	0.170436	0.130136	NA	NA	NA	NA	NA	NA	NA	NA	NA	NA	0.0273986	0.0327841
rs1108853	0.116295	0.105491	-0.00337154	0.0297972	-0.0261504	0.0589272	0.0283278	0.0444509	-0.0465839	0.073861	-0.10272	0.0774222	-0.0135376	0.0191289
rs1108854	0.109302	0.104602	-0.00347376	0.0299227	-0.0264176	0.0591769	0.0280642	0.0446347	-0.0466442	0.0741802	-0.103127	0.0777451	-0.0135376	0.0191289
rs890037	-0.19168	0.0893452	-0.00524965	0.0272852	-0.0682845	0.054694	0.0518782	0.0399575	-0.0110407	0.0632604	-0.0814915	0.0663846	NA	NA
rs115177687	0.0555583	0.0574635	NA	NA	NA	NA	NA	NA	NA	NA	NA	NA	NA	NA
rs116740240	0.0540801	0.0569344	NA	NA	NA	NA	NA	NA	NA	NA	NA	NA	NA	NA
rs114025612	0.0559525	0.0574644	NA	NA	NA	NA	NA	NA	NA	NA	NA	NA	NA	NA
rs890038	-0.0419956	0.0546803	-0.00369658	0.0276595	-0.0695066	0.0552468	0.0478804	0.0407048	-0.00482317	0.0639473	-0.0828513	0.0670823	NA	NA
rs7604681	-0.121932	0.17102	NA	NA	NA	NA	NA	NA	NA	NA	NA	NA	NA	NA
rs62158792	-0.243379	0.250868	NA	NA	NA	NA	NA	NA	NA	NA	NA	NA	NA	NA
rs112512727	-0.0813055	0.178944	NA	NA	NA	NA	NA	NA	NA	NA	NA	NA	NA	NA
rs2081371	-0.0420174	0.0547663	NA	NA	NA	NA	0.0477752	0.0406796	-0.00498692	0.0639252	-0.0824571	0.0670268	NA	NA
rs112664222	-0.0363144	0.173887	NA	NA	NA	NA	NA	NA	NA	NA	NA	NA	0.0105022	0.0384235
rs2081372	0.925025	0.383454	NA	NA	NA	NA	-0.132816	0.180058	-0.163706	0.296731	-0.00576096	0.30203	0.01106	0.0610286
rs112542067	0.103712	0.107902	NA	NA	NA	NA	0.150026	0.0945033	0.0660026	0.112454	-0.0726873	0.113691	NA	NA
rs3940405	0.118634	0.106003	-0.00356393	0.0299379	-0.0264685	0.0591748	0.0277693	0.0446718	-0.0468855	0.0742439	-0.103467	0.0778248	-0.0135376	0.0191289
rs62158793	0.103671	0.107841	-0.0213191	0.0672668	-0.0435286	0.155581	0.150026	0.0945033	0.0660026	0.112454	-0.0726873	0.113691	NA	NA
rs62158794	0.103712	0.107902	-0.0213191	0.0672668	-0.0435286	0.155581	0.150026	0.0945033	0.0660026	0.112454	-0.0726873	0.113691	-0.0275794	0.0294244
rs78383717	-0.150082	0.170601	NA	NA	NA	NA	NA	NA	NA	NA	NA	NA	NA	NA
rs12463982	-0.0696745	0.055241	-2.81E-05	0.0286785	-0.0664977	0.056219	0.0219465	0.0426017	-0.0334484	0.0720836	-0.0714908	0.0750998	-0.0141527	0.0138315
rs13384834	-0.0515033	0.0661622	0.0249524	0.0751623	-0.262654	0.134328	-0.029687	0.120422	0.0897856	0.179386	0.202567	0.181027	NA	NA
rs61427916	0.173758	0.182818	NA	NA	NA	NA	NA	NA	NA	NA	NA	NA	-0.0466541	0.0518019
rs79336845	-0.178033	0.168788	NA	NA	NA	NA	NA	NA	NA	NA	NA	NA	-0.0563954	0.0517175
rs111976834	-0.032552	0.174536	NA	NA	NA	NA	NA	NA	NA	NA	NA	NA	NA	NA
rs7562778	0.494464	0.293565	-0.000106548	0.0335681	0.0856035	0.0679364	-0.102258	0.0496757	0.109416	0.0755837	-0.0687744	0.0780867	NA	NA
rs6542725	-0.138197	0.107558	-0.00348467	0.0273538	-0.0683984	0.0552878	0.0521829	0.0399884	-0.0197449	0.0636783	-0.0815292	0.0669482	-0.0270706	0.0199683
rs57263551	-0.152911	0.101363	NA	NA	NA	NA	NA	NA	NA	NA	NA	NA	0.0305687	0.0301007
rs1424777	-0.0354643	0.0662604	0.0216871	0.0751266	-0.267078	0.134237	-0.0377647	0.12032	0.0941035	0.174919	0.189731	0.176582	NA	NA
rs113322586	0.0747055	0.208046	NA	NA	NA	NA	NA	NA	NA	NA	NA	NA	0.0149069	0.041981
rs72933363	-0.1937	0.102128	NA	NA	NA	NA	NA	NA	NA	NA	NA	NA	NA	NA
rs62158795	0.178863	0.118193	0.0086963	0.0646614	-0.00970485	0.148588	0.155439	0.0915507	0.045933	0.108295	-0.0657878	0.110868	-0.0279874	0.03103
rs112068721	-0.161756	0.14865	NA	NA	NA	NA	NA	NA	NA	NA	NA	NA	0.00478702	0.0405743
rs6755089	0.103676	0.107906	0.0086963	0.0646614	-0.00970485	0.148588	0.155439	0.0915507	0.045933	0.108295	-0.0657878	0.110868	-0.0393278	0.0297018
rs17034437	-0.106062	0.104538	NA	NA	NA	NA	NA	NA	NA	NA	NA	NA	-0.107471	0.0386618
rs113709352	-0.297724	0.190742	NA	NA	NA	NA	NA	NA	NA	NA	NA	NA	NA	NA
rs1863105	0.0696051	0.0551426	0.00325686	0.028928	0.0682051	0.0567029	-0.0224602	0.0430404	0.0416737	0.0724779	0.0786552	0.0757547	NA	NA
rs115005990	-0.0423884	0.224628	NA	NA	NA	NA	NA	NA	NA	NA	NA	NA	-0.0630006	0.0559383
rs17034444	0.085407	0.104928	NA	NA	NA	NA	NA	NA	NA	NA	NA	NA	-0.0173231	0.0333787
rs115192825	-0.0404766	0.15555	NA	NA	NA	NA	NA	NA	NA	NA	NA	NA	-0.0696614	0.0401461
rs1364572	0.0857805	0.0559843	0.00138095	0.0276508	0.0667693	0.0555401	-0.0503754	0.0405489	0.0175323	0.0637454	0.0883664	0.0668575	NA	NA
rs112815619	-0.161756	0.14865	NA	NA	NA	NA	NA	NA	NA	NA	NA	NA	NA	NA
rs12989577	0.113945	0.106523	0.00187114	0.0274894	0.0674731	0.055517	-0.0495392	0.0401149	0.0174727	0.063871	0.0823527	0.0670781	0.0295685	0.0202178
rs80141365	-0.297724	0.190742	NA	NA	NA	NA	NA	NA	NA	NA	NA	NA	-0.00287014	0.0482781
rs62158796	0.112018	0.107764	0.0086963	0.0646614	-0.00970485	0.148588	0.155439	0.0915507	0.045933	0.108295	-0.0657878	0.110868	-0.0363328	0.0296226
rs116816906	-0.14863	0.178483	NA	NA	NA	NA	NA	NA	NA	NA	NA	NA	NA	NA
rs11885298	-0.153512	0.0954197	NA	NA	NA	NA	NA	NA	NA	NA	NA	NA	0.00470399	0.0235814
rs4131490	0.0595677	0.0559424	0.00138412	0.0276493	0.0668101	0.0555345	-0.0503754	0.0405489	0.0165813	0.0637582	0.0862054	0.0668953	NA	NA
rs6542726	0.0819693	0.0557465	0.00139274	0.0272908	0.0673328	0.0548275	-0.0497893	0.0400182	0.0179921	0.0629726	0.0868623	0.06607	0.0253491	0.0145701
rs6742164	0.0593736	0.0559482	0.00137123	0.0276485	0.0667859	0.0555331	-0.0503763	0.0405431	0.0166872	0.0637626	0.0861763	0.0668974	NA	NA
rs6542727	0.0527541	0.0661345	-0.0215569	0.0742635	0.265293	0.132759	0.0369177	0.118895	-0.090624	0.173209	-0.183916	0.174871	-0.00656457	0.0169139
rs62158797	0.11226	0.107686	0.008649	0.0646551	-0.0095446	0.148567	0.156207	0.0915375	0.045681	0.108259	-0.0655228	0.110834	-0.0363328	0.0296226
rs78206756	-0.123489	0.172095	NA	NA	NA	NA	NA	NA	NA	NA	NA	NA	-0.0563954	0.0517175
rs10188068	-0.1607	0.111494	-0.00347229	0.0273556	-0.0684707	0.0552932	0.0522515	0.0399896	-0.0198143	0.0636845	-0.0814293	0.0669569	NA	NA
rs10175770	0.0539359	0.0576828	NA	NA	NA	NA	NA	NA	NA	NA	NA	NA	0.0100668	0.0167357
rs62158798	0.112214	0.107675	0.008649	0.0646551	-0.0095446	0.148567	0.156207	0.0915375	0.045681	0.108259	-0.0655228	0.110834	NA	NA
rs10199131	0.0539359	0.0576828	NA	NA	NA	NA	NA	NA	NA	NA	NA	NA	0.0100668	0.0167357
rs75150496	-0.271605	0.130933	NA	NA	NA	NA	NA	NA	NA	NA	NA	NA	-0.028204	0.0429008
rs62158799	0.114918	0.106374	-0.00668916	0.0299346	-0.0281371	0.0592436	0.0303005	0.0446939	-0.0552361	0.0741804	-0.104533	0.077969	NA	NA
rs115786967	0.19776	0.102296	NA	NA	NA	NA	NA	NA	NA	NA	NA	NA	-0.0162351	0.0315134
rs114090662	0.166856	0.130014	NA	NA	NA	NA	NA	NA	NA	NA	NA	NA	0.0273986	0.0327841
rs77964381	-0.297724	0.190742	NA	NA	NA	NA	NA	NA	NA	NA	NA	NA	0.00168406	0.0468965
rs6736920	-0.153907	0.0954191	NA	NA	NA	NA	NA	NA	NA	NA	NA	NA	0.00470399	0.0235814
rs2377913	-0.113471	0.105787	-0.00347229	0.0273556	-0.0684707	0.0552932	0.0522515	0.0399896	-0.0198143	0.0636845	-0.0814293	0.0669569	NA	NA
rs115819710	0.177013	0.183938	NA	NA	NA	NA	NA	NA	NA	NA	NA	NA	0.107814	0.0508268
rs6750848	0.0270649	0.0776427	-0.0042851	0.0283575	-0.0277415	0.0572432	0.0592363	0.0418653	-0.0266829	0.0633975	-0.103952	0.066896	-0.0214284	0.0172957
rs9308800	-0.0733418	0.0564697	-0.00352387	0.0287521	-0.0695765	0.0564404	0.0211795	0.0427862	-0.0386337	0.072239	-0.0751579	0.0755277	NA	NA
rs62158800	0.0717515	0.0886974	0.00923254	0.0646817	-0.0122062	0.148936	0.15625	0.0914463	0.0423118	0.10849	-0.0667707	0.111036	NA	NA
rs72823042	0.0890582	0.288438	-0.00673975	0.029932	-0.0281371	0.0592436	0.0302223	0.0446876	-0.0552361	0.0741804	-0.104533	0.077969	-0.0281076	0.0252121
rs13426864	-0.0733097	0.0564701	0.00763061	0.0286012	-0.0738021	0.0559954	0.032433	0.0428088	-0.00480464	0.0713067	-0.0824188	0.0732267	NA	NA
rs34297198	0.152547	0.116534	-0.00673975	0.029932	-0.0281371	0.0592436	0.0302223	0.0446876	-0.0552361	0.0741804	-0.104533	0.077969	-0.0067507	0.0200029
rs61539069	-0.0908221	0.156022	NA	NA	NA	NA	NA	NA	NA	NA	NA	NA	0.00558759	0.0362751
rs4356628	-0.0421328	0.0551582	NA	NA	NA	NA	0.0596714	0.0404695	0.0108165	0.0639067	-0.0913353	0.0661628	NA	NA
rs2203580	-0.0580218	0.0678874	NA	NA	NA	NA	0.0424606	0.107409	0.168823	0.132395	0.0722632	0.133026	0.00780177	0.0179158
rs113267306	-0.0367144	0.176036	NA	NA	NA	NA	NA	NA	NA	NA	NA	NA	-0.000703035	0.0391745
rs11683729	-0.0733181	0.0564866	0.00607464	0.0287128	-0.0771144	0.0562435	0.0313815	0.0430157	-0.00712962	0.0716341	-0.0833834	0.0735762	-0.00661975	0.0139517
rs11676666	-0.0733181	0.0564866	0.00607464	0.0287128	-0.0771144	0.0562435	0.0313815	0.0430157	-0.00712962	0.0716341	-0.0833834	0.0735762	NA	NA
rs9967690	-0.090714	0.15591	NA	NA	NA	NA	NA	NA	NA	NA	NA	NA	0.00558759	0.0362751
rs111282835	-0.036143	0.174584	NA	NA	NA	NA	NA	NA	NA	NA	NA	NA	-0.000703035	0.0391745
rs7567243	0.0718334	0.0886891	0.00872581	0.064142	-0.00863292	0.146054	0.166658	0.0905038	0.0414219	0.107999	-0.0639915	0.110632	-0.0277883	0.0226959
rs4676141	-0.0416286	0.0551737	0.00708858	0.0273326	-0.0742087	0.0547244	0.0610411	0.0404372	0.00885797	0.0639605	-0.0908206	0.0662411	NA	NA
rs57536738	-0.0249192	0.196091	NA	NA	NA	NA	NA	NA	NA	NA	NA	NA	0.0116171	0.0406515
rs13396236	-0.0806881	0.104796	NA	NA	NA	NA	NA	NA	NA	NA	NA	NA	0.0111162	0.0257883
rs115903809	-0.0383414	0.156406	NA	NA	NA	NA	NA	NA	NA	NA	NA	NA	-0.0696614	0.0401461
rs113450089	-0.194143	0.101976	NA	NA	NA	NA	NA	NA	NA	NA	NA	NA	NA	NA
rs113242915	-0.172771	0.093026	NA	NA	NA	NA	NA	NA	NA	NA	NA	NA	NA	NA
rs6721468	0.0008366	0.0600542	0.00745542	0.0275217	-0.0761871	0.054926	0.0653624	0.040825	0.0116137	0.0640383	-0.0817706	0.0664079	-0.0108472	0.0147464
rs962954	-0.0638533	0.067489	0.0715282	0.0680855	-0.240004	0.118725	0.0425776	0.107404	0.168804	0.13239	0.072415	0.133021	NA	NA
rs116669223	0.183122	0.183131	NA	NA	NA	NA	NA	NA	NA	NA	NA	NA	0.100887	0.052191
rs73951422	-0.0226166	0.196242	NA	NA	NA	NA	NA	NA	NA	NA	NA	NA	NA	NA
rs72933369	-0.152764	0.128343	NA	NA	NA	NA	NA	NA	NA	NA	NA	NA	-0.0121417	0.0301927
rs10184114	0.0826877	0.0564585	-0.0285348	0.052368	0.0408474	0.116248	0.0410843	0.0765636	0.0361813	0.119883	0.0163589	0.12623	NA	NA
rs6743508	-0.117753	0.177038	NA	NA	NA	NA	NA	NA	NA	NA	NA	NA	-0.0524659	0.0516953
rs11898221	-0.154519	0.101537	NA	NA	NA	NA	NA	NA	NA	NA	NA	NA	0.0333916	0.0295456
rs58632268	-0.15235	0.128974	NA	NA	NA	NA	NA	NA	NA	NA	NA	NA	-0.0121417	0.0301927
rs58155711	-0.150737	0.13108	NA	NA	NA	NA	NA	NA	NA	NA	NA	NA	-0.0121417	0.0301927
rs58069412	0.00886518	0.0790637	0.00825196	0.064059	-0.00488989	0.145661	0.166755	0.0903824	0.0408035	0.107886	-0.0698444	0.110426	-0.0359392	0.0192351
rs114723341	-0.0384273	0.156413	NA	NA	NA	NA	NA	NA	NA	NA	NA	NA	NA	NA
rs73951423	-0.0963321	0.145776	NA	NA	NA	NA	NA	NA	NA	NA	NA	NA	-0.0223306	0.0310485
rs7582488	-0.0908676	0.0566674	0.0394407	0.0480622	-0.15106	0.0948068	0.1306	0.0721002	0.107348	0.0902037	-0.0147497	0.0913519	NA	NA
rs112210490	-0.151174	0.131066	NA	NA	NA	NA	NA	NA	NA	NA	NA	NA	NA	NA
rs7608983	0.403357	0.249195	NA	NA	NA	NA	NA	NA	NA	NA	NA	NA	NA	NA
rs72933378	-0.158408	0.10173	NA	NA	NA	NA	NA	NA	NA	NA	NA	NA	NA	NA
rs72933380	-0.150797	0.131115	NA	NA	NA	NA	NA	NA	NA	NA	NA	NA	-0.0121417	0.0301927
rs75645365	-0.0942535	0.146991	NA	NA	NA	NA	NA	NA	NA	NA	NA	NA	-0.0223306	0.0310485
rs111774686	-0.0885102	0.178446	NA	NA	NA	NA	NA	NA	NA	NA	NA	NA	NA	NA
rs58352562	-0.146244	0.133404	NA	NA	NA	NA	NA	NA	NA	NA	NA	NA	NA	NA
rs114823289	-0.164806	0.208314	NA	NA	NA	NA	NA	NA	NA	NA	NA	NA	-0.0436665	0.0585561
rs75086284	-0.10027	0.216605	NA	NA	NA	NA	NA	NA	NA	NA	NA	NA	-0.0436665	0.0585561
rs78532216	-0.0678919	0.0678603	0.0653223	0.0679671	-0.241934	0.118365	0.0436576	0.107269	0.169282	0.132044	0.0747869	0.132575	NA	NA
rs62158804	0.226284	0.195248	0.0209478	0.0657092	0.00947772	0.146871	0.195121	0.0936666	0.0384975	0.109361	-0.0414898	0.112847	-0.0669285	0.0383915
rs79773681	-0.0516961	0.11541	NA	NA	NA	NA	NA	NA	NA	NA	NA	NA	-0.0472437	0.0416116
rs17034478	0.1032	0.0956049	NA	NA	NA	NA	NA	NA	NA	NA	NA	NA	0.0231495	0.0264915
rs908436	0.183152	0.182305	0.0212356	0.0650853	0.00645261	0.1449	0.194909	0.0925693	0.0377881	0.108269	-0.0403812	0.111697	-0.069363	0.0376136
rs115414655	-0.105509	0.218289	NA	NA	NA	NA	NA	NA	NA	NA	NA	NA	-0.0473981	0.059578
rs884883	0.184573	0.182944	0.0209563	0.0655781	0.00716188	0.146272	0.195222	0.0933894	0.0385396	0.109171	-0.040764	0.112673	-0.069363	0.0376136
rs884882	-0.0582796	0.084873	0.0204371	0.0655431	0.00730976	0.146084	0.195755	0.0933946	0.05353	0.106093	-0.0524646	0.109651	-0.04621	0.0206071
rs72018124	0.162266	0.189647	NA	NA	NA	NA	NA	NA	NA	NA	NA	NA	NA	NA
rs10174350	-0.0997877	0.0694226	0.0640112	0.0678017	-0.242805	0.118064	0.0444001	0.106885	0.16177	0.131026	0.0650121	0.131579	NA	NA
rs76696052	-0.254526	0.283023	NA	NA	NA	NA	NA	NA	NA	NA	NA	NA	NA	NA
rs11899881	-0.204417	0.101804	NA	NA	NA	NA	NA	NA	NA	NA	NA	NA	NA	NA
rs10200620	-0.109053	0.0568383	0.0389511	0.047325	-0.161707	0.0940872	0.105473	0.0701195	0.0885173	0.0894024	-0.0309661	0.0903214	-0.011402	0.0146017
rs112125597	-0.143956	0.135197	NA	NA	NA	NA	NA	NA	NA	NA	NA	NA	-0.0207269	0.0287652
rs80148947	-0.154736	0.221339	NA	NA	NA	NA	NA	NA	NA	NA	NA	NA	-0.0473981	0.059578
rs76369261	-0.0701073	0.117245	NA	NA	NA	NA	NA	NA	NA	NA	NA	NA	-0.0472437	0.0416116
rs72933390	-0.187813	0.0985254	NA	NA	NA	NA	NA	NA	NA	NA	NA	NA	0.0259856	0.031163
rs72933391	-0.13583	0.132644	NA	NA	NA	NA	NA	NA	NA	NA	NA	NA	-0.0214633	0.028427
rs72933392	-0.137232	0.133117	NA	NA	NA	NA	NA	NA	NA	NA	NA	NA	-0.0214633	0.028427
rs72933395	-0.137232	0.133117	NA	NA	NA	NA	NA	NA	NA	NA	NA	NA	-0.0214633	0.028427
rs7581632	0.0940784	0.0932978	NA	NA	NA	NA	NA	NA	NA	NA	NA	NA	NA	NA
rs72933396	-0.137232	0.133117	NA	NA	NA	NA	NA	NA	NA	NA	NA	NA	NA	NA
rs62158805	0.184206	0.183107	0.0215057	0.0656275	0.00825982	0.146368	0.194114	0.0935019	0.047065	0.109249	-0.0438723	0.112731	NA	NA
rs62158806	0.184206	0.183107	0.0209563	0.0655781	0.00716188	0.146272	0.195222	0.0933894	0.0385396	0.109171	-0.040764	0.112673	-0.0669285	0.0383915
rs112474519	0.187562	0.183774	0.0209563	0.0655781	0.00716188	0.146272	0.195222	0.0933894	0.0385396	0.109171	-0.040764	0.112673	NA	NA
rs72933399	-0.122853	0.134027	NA	NA	NA	NA	NA	NA	NA	NA	NA	NA	-0.0214633	0.028427
rs17034491	-0.0444461	0.0605118	0.0438924	0.0666268	-0.256743	0.115479	0.0246812	0.104391	0.147739	0.127374	0.0398952	0.127425	NA	NA
rs80330276	-0.0500565	0.11525	NA	NA	NA	NA	NA	NA	NA	NA	NA	NA	NA	NA
rs28680570	-0.0599674	0.0557447	0.0351785	0.048488	-0.168491	0.0941859	0.124995	0.0728294	0.0967041	0.0889954	-0.00732578	0.0901398	NA	NA
rs116453476	-0.124061	0.134257	NA	NA	NA	NA	NA	NA	NA	NA	NA	NA	NA	NA
rs114460717	0.18849	0.184296	NA	NA	NA	NA	NA	NA	NA	NA	NA	NA	NA	NA
rs58401924	0.164103	0.128074	NA	NA	NA	NA	NA	NA	NA	NA	NA	NA	0.0165039	0.0330777
rs60504657	0.165342	0.129035	NA	NA	NA	NA	NA	NA	NA	NA	NA	NA	0.0351008	0.0378758
rs1913987	-0.113791	0.0572699	0.0319062	0.0468052	-0.169524	0.0927105	0.101099	0.0694922	0.0824306	0.087449	-0.0292966	0.0882747	NA	NA
rs6755445	0.0796659	0.0929457	NA	NA	NA	NA	NA	NA	NA	NA	NA	NA	0.0193296	0.0259739
rs13391513	-0.149612	0.0947515	0.0279994	0.0472419	-0.168135	0.0941715	0.112641	0.0697363	0.0799858	0.0885855	-0.019126	0.0894735	NA	NA
rs72935105	-0.125573	0.135041	NA	NA	NA	NA	NA	NA	NA	NA	NA	NA	-0.0214633	0.028427
rs60900195	-0.187927	0.098725	NA	NA	NA	NA	NA	NA	NA	NA	NA	NA	NA	NA
rs13391759	-0.149621	0.0947442	0.0280411	0.0472415	-0.168258	0.0941667	0.11258	0.0697338	0.0798844	0.0885825	-0.0190747	0.0894701	NA	NA
rs72935106	-0.125573	0.135041	NA	NA	NA	NA	NA	NA	NA	NA	NA	NA	-0.0214633	0.028427
rs72935109	-0.125573	0.135041	NA	NA	NA	NA	NA	NA	NA	NA	NA	NA	-0.0214633	0.028427
rs72935112	-0.187927	0.098725	NA	NA	NA	NA	NA	NA	NA	NA	NA	NA	0.0259856	0.031163
rs13394586	-0.0484651	0.060803	0.0438674	0.0666255	-0.256715	0.115476	0.0247103	0.104391	0.147302	0.127362	0.039729	0.127415	0.013011	0.015802
rs61576087	-0.152054	0.0895804	NA	NA	NA	NA	NA	NA	NA	NA	NA	NA	0.0220077	0.0251697
rs111335520	-0.12662	0.13518	NA	NA	NA	NA	NA	NA	NA	NA	NA	NA	-0.0214633	0.028427
rs28827036	-0.0627279	0.0563099	0.0353985	0.0485016	-0.168829	0.0942114	0.125365	0.0728619	0.0967959	0.0890027	-0.00709194	0.0901449	NA	NA
rs115869898	-0.150237	0.222829	NA	NA	NA	NA	NA	NA	NA	NA	NA	NA	-0.0323516	0.0617699
rs113610637	-0.00214908	0.180805	NA	NA	NA	NA	NA	NA	NA	NA	NA	NA	-0.0320192	0.0346309
rs72935113	-0.00224172	0.181039	NA	NA	NA	NA	NA	NA	NA	NA	NA	NA	NA	NA
rs7597091	0.0822311	0.0951615	NA	NA	NA	NA	NA	NA	NA	NA	NA	NA	0.011639	0.0261711
rs72935114	-0.210663	0.0898952	NA	NA	NA	NA	NA	NA	NA	NA	NA	NA	NA	NA
rs113773552	0.0882341	0.0953277	NA	NA	NA	NA	NA	NA	NA	NA	NA	NA	0.00748348	0.0258012
rs1516224	-0.148147	0.0945448	0.0281117	0.0472499	-0.168302	0.0942009	0.112879	0.069756	0.0802852	0.0885937	-0.0195251	0.0894942	NA	NA
rs11901185	-0.204997	0.102294	NA	NA	NA	NA	NA	NA	NA	NA	NA	NA	NA	NA
rs1516223	-0.151668	0.0937676	0.0280353	0.0472425	-0.168258	0.0941667	0.11259	0.0697362	0.0798844	0.0885825	-0.0190747	0.0894701	NA	NA
rs115945286	-0.266828	0.197164	NA	NA	NA	NA	NA	NA	NA	NA	NA	NA	NA	NA
rs57376143	0.168708	0.126152	NA	NA	NA	NA	NA	NA	NA	NA	NA	NA	NA	NA
rs2203581	-0.0451896	0.0561314	0.0351708	0.0484874	-0.168497	0.0941844	0.124966	0.072829	0.0970642	0.0889827	-0.00655434	0.0901383	NA	NA
rs6713604	-0.186272	0.101232	-0.00761445	0.0275734	-0.0896863	0.0558915	0.0716523	0.0406998	-0.00900747	0.0647823	-0.0727823	0.0670176	NA	NA
rs72935121	-0.0286812	0.19046	NA	NA	NA	NA	NA	NA	NA	NA	NA	NA	NA	NA
rs116689326	-0.112369	0.144934	NA	NA	NA	NA	NA	NA	NA	NA	NA	NA	-0.0636667	0.0395686
rs114552724	-0.112369	0.144934	NA	NA	NA	NA	NA	NA	NA	NA	NA	NA	-0.0636667	0.0395686
rs112472481	-0.0286812	0.19046	NA	NA	NA	NA	NA	NA	NA	NA	NA	NA	-0.0268754	0.0344541
rs57486539	0.126507	0.136269	0.0221922	0.0659735	0.0026366	0.148212	0.189077	0.0940917	0.0381195	0.109635	-0.0418562	0.11304	NA	NA
rs13026553	-0.210663	0.0898952	NA	NA	NA	NA	NA	NA	NA	NA	NA	NA	0.0184168	0.0261738
rs116561724	0.168729	0.126211	NA	NA	NA	NA	NA	NA	NA	NA	NA	NA	0.0351008	0.0378758
rs72935125	-0.0286812	0.19046	NA	NA	NA	NA	NA	NA	NA	NA	NA	NA	-0.0268754	0.0344541
rs10186782	-0.111479	0.0571381	0.0342166	0.0474306	-0.168504	0.0941825	0.101718	0.070389	0.0860626	0.0887897	-0.0279924	0.0896307	NA	NA
rs114477856	-0.258774	0.337208	NA	NA	NA	NA	NA	NA	NA	NA	NA	NA	NA	NA
rs56295594	0.0444199	0.208184	NA	NA	NA	NA	NA	NA	NA	NA	NA	NA	0.0452183	0.0429702
rs58628624	0.0444199	0.208184	NA	NA	NA	NA	NA	NA	NA	NA	NA	NA	0.0452183	0.0429702
rs112420947	0.0814695	0.0949221	NA	NA	NA	NA	NA	NA	NA	NA	NA	NA	NA	NA
rs72935130	-0.0286812	0.19046	NA	NA	NA	NA	NA	NA	NA	NA	NA	NA	-0.0268754	0.0344541
rs983129	0.0708857	0.0619834	NA	NA	NA	NA	NA	NA	NA	NA	NA	NA	0.0089456	0.0172164
rs1516208	-0.106513	0.0692364	0.05185	0.0676452	-0.244371	0.117327	0.0475912	0.10699	0.159592	0.129739	0.0685031	0.130143	0.00734105	0.0178755
rs62158808	0.0834282	0.13398	0.0221922	0.0659735	0.0026366	0.148212	0.189077	0.0940917	0.0381195	0.109635	-0.0418562	0.11304	-0.0277254	0.0283151
rs973012	-0.106538	0.0692361	0.05185	0.0676452	-0.244371	0.117327	0.0475912	0.10699	0.159592	0.129739	0.0685031	0.130143	NA	NA
rs58958685	-0.0286349	0.190572	NA	NA	NA	NA	NA	NA	NA	NA	NA	NA	NA	NA
rs115821161	-0.110527	0.14581	NA	NA	NA	NA	NA	NA	NA	NA	NA	NA	-0.0556104	0.0401712
rs11886582	-0.287267	0.130435	NA	NA	NA	NA	NA	NA	NA	NA	NA	NA	-0.0307269	0.0425357
rs116553626	-0.0702681	0.117953	NA	NA	NA	NA	NA	NA	NA	NA	NA	NA	NA	NA
rs115795206	0.398498	0.287169	NA	NA	NA	NA	NA	NA	NA	NA	NA	NA	-0.083699	0.0503685
rs13430109	-0.105181	0.0692685	0.0516639	0.067673	-0.24413	0.117384	0.0477755	0.107022	0.170583	0.129738	0.0661912	0.130307	0.00765342	0.0178286
rs13408038	-0.105174	0.0692681	0.05185	0.0676452	-0.244371	0.117327	0.0475912	0.10699	0.159592	0.129739	0.0685031	0.130143	NA	NA
rs62158809	0.108246	0.140236	0.0221922	0.0659735	0.0026366	0.148212	0.189077	0.0940917	0.0381195	0.109635	-0.0418562	0.11304	NA	NA
rs78797248	-0.0503089	0.114797	NA	NA	NA	NA	NA	NA	NA	NA	NA	NA	NA	NA
rs111365464	0.0911662	0.0952124	NA	NA	NA	NA	NA	NA	NA	NA	NA	NA	-0.00226934	0.0252864
rs11891030	-0.20636	0.103406	NA	NA	NA	NA	NA	NA	NA	NA	NA	NA	0.0366143	0.032176
rs1516210	-0.0411811	0.0559094	0.0351664	0.0484867	-0.168504	0.0941825	0.124951	0.0728274	0.0970532	0.0889832	-0.00657873	0.0901384	NA	NA
rs116560351	-0.110607	0.145811	NA	NA	NA	NA	NA	NA	NA	NA	NA	NA	-0.0556104	0.0401712
rs115701357	-0.114603	0.221145	NA	NA	NA	NA	NA	NA	NA	NA	NA	NA	NA	NA
rs62158810	0.0721285	0.11843	0.0136832	0.0643805	0.0251282	0.142562	0.19964	0.0911094	0.0371846	0.109333	-0.0537538	0.112795	-0.0289718	0.0261833
rs78773148	0.0695855	0.0621433	NA	NA	NA	NA	NA	NA	NA	NA	NA	NA	0.0089456	0.0172164
rs116043711	-0.227413	0.339853	NA	NA	NA	NA	NA	NA	NA	NA	NA	NA	0.0010843	0.0525878
rs11887043	-0.208096	0.0883217	NA	NA	NA	NA	NA	NA	NA	NA	NA	NA	0.00887762	0.0249479
rs76859022	0.168145	0.125891	NA	NA	NA	NA	NA	NA	NA	NA	NA	NA	NA	NA
rs1516212	-0.0444387	0.0612926	0.0438613	0.0666302	-0.256709	0.115479	0.0246989	0.104402	0.147479	0.127377	0.0399028	0.127431	0.00515473	0.0157644
rs1516213	-0.211209	0.0905237	NA	NA	NA	NA	NA	NA	NA	NA	NA	NA	NA	NA
rs56721931	0.0104227	0.0856903	0.021583	0.065984	0.00251462	0.148215	0.190112	0.0940952	0.0381308	0.109634	-0.0418242	0.11304	-0.0334455	0.0226842
rs115251098	-0.110318	0.145886	NA	NA	NA	NA	NA	NA	NA	NA	NA	NA	NA	NA
rs57268067	0.0241635	0.210557	NA	NA	NA	NA	NA	NA	NA	NA	NA	NA	NA	NA
rs79252069	-0.0704399	0.117951	NA	NA	NA	NA	NA	NA	NA	NA	NA	NA	-0.0502317	0.0429312
rs62158813	-0.127062	0.0761457	NA	NA	NA	NA	0.193853	0.148291	0.262482	0.156236	0.0725884	0.158901	NA	NA
rs13426144	0.0905658	0.0917316	NA	NA	NA	NA	0.0247769	0.156387	NA	NA	NA	NA	NA	NA
rs73951428	-0.152635	0.0634991	NA	NA	NA	NA	0.0252214	0.105195	0.158286	0.129367	0.0440074	0.129851	NA	NA
rs74265695	-0.0504184	0.114772	NA	NA	NA	NA	NA	NA	NA	NA	NA	NA	-0.0502317	0.0429312
rs1516214	-0.14644	0.0940234	0.0280195	0.0472408	-0.168276	0.0941655	0.112555	0.0697323	0.07987	0.0885824	-0.0190757	0.0894698	NA	NA
rs116251801	-0.109027	0.146118	NA	NA	NA	NA	NA	NA	NA	NA	NA	NA	NA	NA
rs115470552	-0.0711124	0.117968	NA	NA	NA	NA	NA	NA	NA	NA	NA	NA	-0.0502317	0.0429312
rs116078063	-0.0711124	0.117968	NA	NA	NA	NA	NA	NA	NA	NA	NA	NA	-0.0502317	0.0429312
rs1606980	-0.210466	0.090553	NA	NA	NA	NA	NA	NA	NA	NA	NA	NA	0.021969	0.025789
rs76641200	-0.0711124	0.117968	NA	NA	NA	NA	NA	NA	NA	NA	NA	NA	NA	NA
rs12476210	-0.104042	0.0692225	0.05185	0.0676452	-0.244371	0.117327	0.0475912	0.10699	0.15962	0.129745	0.0685582	0.13015	NA	NA
rs1606982	-0.0402472	0.0558654	0.0351664	0.0484867	-0.168504	0.0941825	0.124951	0.0728274	0.0970532	0.0889832	-0.00657873	0.0901384	NA	NA
rs56158390	0.10704	0.140272	0.0221922	0.0659735	0.0026366	0.148212	0.189077	0.0940917	0.0381195	0.109635	-0.0418562	0.11304	NA	NA
rs116348309	-0.0683444	0.104355	NA	NA	NA	NA	NA	NA	NA	NA	NA	NA	NA	NA
rs13388800	-0.0402472	0.0558654	0.0351708	0.0484874	-0.168497	0.0941844	0.124966	0.072829	0.0970642	0.0889827	-0.00655434	0.0901383	NA	NA
rs116173020	-0.109047	0.1461	NA	NA	NA	NA	NA	NA	NA	NA	NA	NA	-0.0556104	0.0401712
rs114743544	-0.0224171	0.154435	NA	NA	NA	NA	NA	NA	NA	NA	NA	NA	-0.0142656	0.067181
rs112413906	0.0646698	0.227681	NA	NA	NA	NA	NA	NA	NA	NA	NA	NA	NA	NA
rs13429905	-0.101358	0.0691754	0.05185	0.0676452	-0.244371	0.117327	0.0475912	0.10699	0.15962	0.129745	0.0685582	0.13015	NA	NA
rs13404416	-0.101358	0.0691754	0.0518949	0.0676775	-0.24439	0.117373	0.0476274	0.107051	0.159775	0.129774	0.0686059	0.130181	NA	NA
rs61578130	-0.0390477	0.0558046	0.0351866	0.048492	-0.168515	0.0941952	0.12497	0.0728334	0.0970937	0.0889857	-0.00653416	0.0901413	NA	NA
rs28792796	-0.0418253	0.0611877	0.0438583	0.0666234	-0.256717	0.115472	0.024687	0.104386	0.147363	0.127371	0.0398492	0.127424	NA	NA
rs62158826	-0.0147229	0.270929	0.0222046	0.0661132	0.00168503	0.148745	0.188068	0.0943512	0.0297135	0.110306	-0.0454312	0.113623	-0.0559215	0.0599637
rs115828330	-0.107218	0.146337	NA	NA	NA	NA	NA	NA	NA	NA	NA	NA	-0.0556104	0.0401712
rs114455162	0.168753	0.180038	NA	NA	NA	NA	NA	NA	NA	NA	NA	NA	0.107814	0.0508268
rs115526534	-0.107218	0.146337	NA	NA	NA	NA	NA	NA	NA	NA	NA	NA	-0.0556104	0.0401712
rs115355194	-0.0719129	0.11795	NA	NA	NA	NA	NA	NA	NA	NA	NA	NA	NA	NA
rs13386052	-0.107109	0.0569793	0.034228	0.0474303	-0.168504	0.0941825	0.101691	0.0703886	0.0860819	0.0887884	-0.0280184	0.0896292	-0.0107362	0.0145898
rs76964285	-0.0328778	0.187202	NA	NA	NA	NA	NA	NA	NA	NA	NA	NA	-0.0212412	0.0443548
rs1516229	-0.0390337	0.0558064	0.0351664	0.0484867	-0.168504	0.0941825	0.124951	0.0728274	0.0970532	0.0889832	-0.00657873	0.0901384	-0.013307	0.0144528
rs17034517	0.0924686	0.0952194	NA	NA	NA	NA	NA	NA	NA	NA	NA	NA	-0.00325509	0.0249025
rs58241917	0.0360171	0.209114	NA	NA	NA	NA	NA	NA	NA	NA	NA	NA	0.0452183	0.0429702
rs79778489	-0.0721047	0.117942	NA	NA	NA	NA	NA	NA	NA	NA	NA	NA	-0.0502317	0.0429312
rs78343881	-0.0521583	0.114483	NA	NA	NA	NA	NA	NA	NA	NA	NA	NA	NA	NA
rs114509751	0.173535	0.126599	NA	NA	NA	NA	NA	NA	NA	NA	NA	NA	NA	NA
rs13392942	-0.102	0.0691378	0.05185	0.0676452	-0.244371	0.117327	0.0475912	0.10699	0.15962	0.129745	0.0685582	0.13015	NA	NA
rs10187339	-0.102	0.0691378	0.05185	0.0676452	-0.244371	0.117327	0.0475912	0.10699	0.15962	0.129745	0.0685582	0.13015	0.00773451	0.0178876
rs62158827	0.108255	0.139856	0.0221922	0.0659735	0.0026366	0.148212	0.189077	0.0940917	0.0381195	0.109635	-0.0418562	0.11304	-0.0225754	0.0286857
rs9989868	-0.106123	0.0569925	0.0342577	0.0474372	-0.168525	0.0942014	0.101701	0.0703943	0.0861027	0.0887899	-0.0279965	0.089631	NA	NA
rs77674583	0.172728	0.125746	NA	NA	NA	NA	NA	NA	NA	NA	NA	NA	0.0312272	0.0338458
rs1516218	-0.0385449	0.055777	0.035084	0.0484887	-0.168403	0.0941912	0.125106	0.0728283	0.0971883	0.0889884	-0.00684325	0.0901498	NA	NA
rs116673000	0.0975968	0.12467	NA	NA	NA	NA	NA	NA	NA	NA	NA	NA	NA	NA
rs1516217	-0.0384173	0.055688	0.032463	0.0476845	-0.166106	0.0922682	0.12771	0.071575	0.0939759	0.0876537	-0.00599793	0.0888196	NA	NA
rs12712005	-0.0385338	0.0557807	0.0351664	0.0484867	-0.168504	0.0941825	0.124951	0.0728274	0.0970532	0.0889832	-0.00657873	0.0901384	NA	NA
rs113393618	0.092468	0.0952207	NA	NA	NA	NA	NA	NA	NA	NA	NA	NA	NA	NA
rs113166502	0.092468	0.0952207	NA	NA	NA	NA	NA	NA	NA	NA	NA	NA	NA	NA
rs80097850	-0.0536313	0.11481	NA	NA	NA	NA	NA	NA	NA	NA	NA	NA	-0.0502317	0.0429312
rs114351643	0.0974391	0.12466	NA	NA	NA	NA	NA	NA	NA	NA	NA	NA	-0.00180527	0.0444352
rs75090290	-0.10136	0.0691148	NA	NA	NA	NA	NA	NA	NA	NA	NA	NA	NA	NA
rs11903116	-0.106073	0.0570014	0.034228	0.0474303	-0.168504	0.0941825	0.101691	0.0703886	0.0860819	0.0887884	-0.0280184	0.0896292	NA	NA
rs72823069	0.107896	0.13984	0.0221922	0.0659735	0.0026366	0.148212	0.189077	0.0940917	0.0381195	0.109635	-0.0418562	0.11304	NA	NA
rs74346925	-0.073973	0.118396	NA	NA	NA	NA	NA	NA	NA	NA	NA	NA	-0.0502317	0.0429312
rs13404261	-0.0386467	0.0557768	0.0351664	0.0484867	-0.168504	0.0941825	0.124951	0.0728274	0.0970532	0.0889832	-0.00657873	0.0901384	-0.013307	0.0144528
rs13388265	-0.119104	0.0562204	0.0351664	0.0484867	-0.168504	0.0941825	0.124951	0.0728274	0.0967105	0.088995	-0.00733476	0.0901393	NA	NA
rs77622979	-0.0564143	0.115182	NA	NA	NA	NA	NA	NA	NA	NA	NA	NA	-0.0502317	0.0429312
rs74697683	0.0640575	0.0620863	NA	NA	NA	NA	NA	NA	NA	NA	NA	NA	0.00989883	0.0172076
rs115493773	-0.073973	0.118396	NA	NA	NA	NA	NA	NA	NA	NA	NA	NA	-0.0460683	0.0425657
rs62158828	0.0804707	0.119182	0.0221814	0.0659736	0.00260027	0.148213	0.189087	0.0940917	0.0381214	0.109636	-0.0418596	0.113041	-0.0289718	0.0261833
rs78232542	-0.073973	0.118396	NA	NA	NA	NA	NA	NA	NA	NA	NA	NA	-0.0502317	0.0429312
rs7566638	0.0924686	0.0952194	NA	NA	NA	NA	NA	NA	NA	NA	NA	NA	-0.00325509	0.0249025
rs73951432	0.0397965	0.20888	NA	NA	NA	NA	NA	NA	NA	NA	NA	NA	NA	NA
rs57623881	-0.120512	0.0913805	NA	NA	NA	NA	NA	NA	-0.219582	0.276592	0.0768731	0.274571	NA	NA
rs76492603	-0.0725013	0.150076	NA	NA	NA	NA	NA	NA	NA	NA	NA	NA	-0.0278581	0.0596141
rs76039283	0.156857	0.114376	0.0531993	0.108673	0.162588	0.254564	0.101863	0.154604	-0.104767	0.207807	-0.0290251	0.216924	NA	NA
rs113957920	0.0920144	0.0952623	NA	NA	NA	NA	NA	NA	NA	NA	NA	NA	-0.00325509	0.0249025
rs1400119	-0.101055	0.0691171	0.0518785	0.0676557	-0.244375	0.117345	0.0476061	0.107006	0.159638	0.129777	0.0685922	0.130184	0.00773451	0.0178876
rs59715896	0.0392018	0.20863	NA	NA	NA	NA	NA	NA	NA	NA	NA	NA	0.0452183	0.0429702
rs115196239	-0.0746264	0.118513	NA	NA	NA	NA	NA	NA	NA	NA	NA	NA	-0.0502317	0.0429312
rs1516216	-0.140707	0.0929765	0.0280195	0.0472408	-0.168276	0.0941655	0.112555	0.0697323	0.07987	0.0885824	-0.0190757	0.0894698	NA	NA
rs4676143	-0.0411805	0.0611457	0.0438583	0.0666234	-0.256717	0.115472	0.024687	0.104386	0.147363	0.127371	0.0398492	0.127424	NA	NA
rs112254805	-0.206735	0.0905965	NA	NA	NA	NA	NA	NA	NA	NA	NA	NA	NA	NA
rs11892170	-0.199973	0.103499	NA	NA	NA	NA	NA	NA	NA	NA	NA	NA	0.0366143	0.032176
rs56676429	0.176142	0.126557	NA	NA	NA	NA	NA	NA	NA	NA	NA	NA	NA	NA
rs35515082	-0.206936	0.089971	NA	NA	NA	NA	NA	NA	NA	NA	NA	NA	0.0184168	0.0261738
rs12105184	0.0913164	0.0953253	NA	NA	NA	NA	NA	NA	NA	NA	NA	NA	-0.00325509	0.0249025
rs113545443	0.0913164	0.0953253	NA	NA	NA	NA	NA	NA	NA	NA	NA	NA	-0.00226934	0.0252864
rs2377914	-0.0388549	0.0557945	0.0351616	0.0484879	-0.168536	0.0941865	0.12495	0.0728305	0.0964894	0.0890119	-0.00677899	0.0901646	NA	NA
rs9308801	-0.0385058	0.0556905	0.0351616	0.0484879	-0.168536	0.0941865	0.12495	0.0728305	0.0964894	0.0890119	-0.00677899	0.0901646	NA	NA
rs62158830	0.106841	0.139783	0.0221826	0.0659772	0.00259463	0.148229	0.189088	0.0940991	0.0372388	0.109702	-0.0421888	0.113097	-0.0225754	0.0286857
rs62158831	0.00990337	0.0860753	0.0220738	0.0659782	0.00247263	0.148231	0.189098	0.0940991	0.0372391	0.1097	-0.0421722	0.113095	-0.0373657	0.0229508
rs7589112	-0.118363	0.0562824	0.0351664	0.0484867	-0.168504	0.0941825	0.124951	0.0728274	0.0967105	0.088995	-0.00733476	0.0901393	NA	NA
rs7589127	-0.0388378	0.0557955	0.0351616	0.0484879	-0.168536	0.0941865	0.12495	0.0728305	0.0964894	0.0890119	-0.00677899	0.0901646	NA	NA
rs62158832	0.0838835	0.119821	0.0221718	0.0659773	0.00255829	0.14823	0.189098	0.0940991	0.0372406	0.109702	-0.0421923	0.113097	-0.0289718	0.0261833
rs62158833	-0.0341493	0.271309	0.0222002	0.0660895	0.00186366	0.148678	0.188023	0.0943177	0.0298635	0.110231	-0.0451172	0.113554	NA	NA
rs75884435	0.0622156	0.0620706	NA	NA	NA	NA	NA	NA	NA	NA	NA	NA	0.0104196	0.017224
rs13416640	-0.122995	0.0993394	NA	NA	NA	NA	NA	NA	NA	NA	NA	NA	NA	NA
rs79597402	-0.0602543	0.115639	NA	NA	NA	NA	NA	NA	NA	NA	NA	NA	NA	NA
rs79339276	-0.103367	0.146554	NA	NA	NA	NA	NA	NA	NA	NA	NA	NA	-0.0556104	0.0401712
rs77330226	-0.0602543	0.115639	NA	NA	NA	NA	NA	NA	NA	NA	NA	NA	NA	NA
rs7596455	-0.0402192	0.0559598	0.0250558	0.0447605	-0.133788	0.0866986	0.0965082	0.0674607	0.0696972	0.0868979	-0.0441795	0.0886352	-0.0126046	0.0144327
rs116286895	-0.101049	0.146971	NA	NA	NA	NA	NA	NA	NA	NA	NA	NA	-0.0545109	0.0404746
rs13421120	-0.0412001	0.0611482	0.0362488	0.0619764	-0.264234	0.11204	0.0132256	0.0979233	0.122417	0.123741	-0.0430415	0.124076	NA	NA
rs13405373	-0.0412001	0.0611482	0.036255	0.061987	-0.26431	0.112058	0.0132197	0.0979483	0.122502	0.123749	-0.0429632	0.124087	0.00624962	0.0157304
rs115031820	-0.0829449	0.118821	NA	NA	NA	NA	NA	NA	NA	NA	NA	NA	NA	NA
rs72937024	-0.204014	0.0904659	NA	NA	NA	NA	NA	NA	NA	NA	NA	NA	0.0184168	0.0261738
rs116765863	0.410154	0.284608	NA	NA	NA	NA	NA	NA	NA	NA	NA	NA	-0.083699	0.0503685
rs114828897	-0.101049	0.146971	NA	NA	NA	NA	NA	NA	NA	NA	NA	NA	-0.0577694	0.0419363
rs56141318	0.0440593	0.208312	NA	NA	NA	NA	NA	NA	NA	NA	NA	NA	NA	NA
rs116638459	0.410154	0.284608	NA	NA	NA	NA	NA	NA	NA	NA	NA	NA	-0.083699	0.0503685
rs7584635	-0.130947	0.0574727	0.0324025	0.0619137	-0.26424	0.112034	0.0138125	0.0977858	0.124185	0.123669	-0.0428284	0.12397	NA	NA
rs80261319	-0.0728718	0.149117	NA	NA	NA	NA	NA	NA	NA	NA	NA	NA	0.0341489	0.031286
rs7587729	-0.0409788	0.0611102	0.0362488	0.0619764	-0.264234	0.11204	0.0132256	0.0979233	0.122417	0.123741	-0.0430415	0.124076	0.00624962	0.0157304
rs76861895	-0.10105	0.146994	NA	NA	NA	NA	NA	NA	NA	NA	NA	NA	NA	NA
rs62158834	0.116361	0.140807	0.0143997	0.0632129	0.0570576	0.139012	0.157538	0.0890587	0.0141634	0.109229	-0.0362404	0.112421	-0.0233931	0.0285893
rs10427296	0.0583466	0.0621274	NA	NA	NA	NA	NA	NA	NA	NA	NA	NA	0.0102688	0.0172301
rs72937028	-0.20392	0.0904564	NA	NA	NA	NA	NA	NA	NA	NA	NA	NA	0.0184168	0.0261738
rs78172287	0.0440593	0.208312	NA	NA	NA	NA	NA	NA	NA	NA	NA	NA	0.0452183	0.0429702
rs77746063	0.0903353	0.0954725	NA	NA	NA	NA	NA	NA	NA	NA	NA	NA	NA	NA
rs112456240	0.0902429	0.0954675	NA	NA	NA	NA	NA	NA	NA	NA	NA	NA	NA	NA
rs62158835	-0.0160757	0.2795	0.0165246	0.0633512	0.0569526	0.139298	0.157182	0.0893098	0.00393388	0.10983	-0.0395848	0.112945	-0.0487524	0.0562639
rs12478314	-0.0406092	0.0559606	0.025016	0.0447554	-0.133788	0.0866986	0.0965082	0.0674607	0.0696972	0.0868979	-0.0441795	0.0886352	-0.0127777	0.0144238
rs80122633	0.0440593	0.208312	NA	NA	NA	NA	NA	NA	NA	NA	NA	NA	0.0452183	0.0429702
rs58286854	-0.203281	0.088114	NA	NA	NA	NA	NA	NA	NA	NA	NA	NA	0.00887762	0.0249479
rs61399617	-0.201013	0.0883007	NA	NA	NA	NA	NA	NA	NA	NA	NA	NA	NA	NA
rs116624337	-0.0932869	0.0948985	NA	NA	NA	NA	NA	NA	NA	NA	NA	NA	-0.0594962	0.0304697
rs12162388	-0.0408345	0.0612107	0.0362488	0.0619764	-0.264234	0.11204	0.0132256	0.0979233	0.122417	0.123741	-0.0430415	0.124076	NA	NA
rs114185191	-0.0831562	0.118821	NA	NA	NA	NA	NA	NA	NA	NA	NA	NA	-0.0586819	0.0446018
rs28767846	-0.0406092	0.0559606	0.025016	0.0447554	-0.133788	0.0866986	0.0965082	0.0674607	0.0696972	0.0868979	-0.0441795	0.0886352	NA	NA
rs56976787	-0.0964106	0.0689398	NA	NA	NA	NA	0.0320039	0.100169	0.13041	0.125826	-0.0218995	0.126312	NA	NA
rs58853727	-0.0964106	0.0689398	NA	NA	NA	NA	0.0320039	0.100169	0.13041	0.125826	-0.0218995	0.126312	NA	NA
rs74970808	-0.0859331	0.117081	NA	NA	NA	NA	NA	NA	NA	NA	NA	NA	NA	NA
rs55940013	0.110117	0.124583	0.0143898	0.0632129	0.0570264	0.139013	0.157547	0.0890588	0.0141651	0.10923	-0.0362438	0.112421	NA	NA
rs62158837	0.110117	0.124583	0.0143898	0.0632129	0.0570264	0.139013	0.157547	0.0890588	0.0141651	0.10923	-0.0362438	0.112421	-0.0289718	0.0261833
rs7560475	-0.0416985	0.0609141	0.0362488	0.0619764	-0.264234	0.11204	0.0132256	0.0979233	0.122417	0.123741	-0.0430415	0.124076	0.00624962	0.0157304
rs76969840	0.0481052	0.162035	NA	NA	NA	NA	NA	NA	NA	NA	NA	NA	0.0120493	0.0352934
rs74956905	-0.0859331	0.117081	NA	NA	NA	NA	NA	NA	NA	NA	NA	NA	-0.0586819	0.0446018
rs78028518	-0.0859331	0.117081	NA	NA	NA	NA	NA	NA	NA	NA	NA	NA	-0.0586819	0.0446018
rs60434981	0.177932	0.125229	NA	NA	NA	NA	NA	NA	NA	NA	NA	NA	0.0280616	0.0374082
rs11891446	-0.285976	0.170986	NA	NA	NA	NA	NA	NA	NA	NA	NA	NA	-0.052803	0.0647903
rs11886551	-0.124443	0.0563234	0.0240517	0.0447218	-0.133763	0.0866955	0.0964492	0.0673856	0.070095	0.0868704	-0.0444697	0.0885986	NA	NA
rs114099418	-0.101009	0.147565	NA	NA	NA	NA	NA	NA	NA	NA	NA	NA	-0.0458511	0.039881
rs62158838	0.110117	0.124583	0.0143898	0.0632129	0.0570264	0.139013	0.157547	0.0890588	0.0141651	0.10923	-0.0362438	0.112421	-0.0289718	0.0261833
rs74265701	-0.0859331	0.117081	NA	NA	NA	NA	NA	NA	NA	NA	NA	NA	-0.0586819	0.0446018
rs76521119	-0.0859331	0.117081	NA	NA	NA	NA	NA	NA	NA	NA	NA	NA	-0.0586819	0.0446018
rs61323693	-0.0821645	0.0697991	NA	NA	NA	NA	NA	NA	NA	NA	NA	NA	0.00423722	0.0187603
rs1516207	-0.165164	0.0936451	0.0158726	0.0431042	-0.133491	0.0853717	0.0876191	0.0639991	0.0471704	0.0852167	-0.0583745	0.0867194	NA	NA
rs62158839	0.110117	0.124583	0.0143538	0.0632115	0.0570576	0.139012	0.157535	0.089056	0.0141634	0.109229	-0.0362404	0.112421	-0.0289718	0.0261833
rs114481956	-0.101009	0.147565	NA	NA	NA	NA	NA	NA	NA	NA	NA	NA	-0.0577694	0.0419363
rs74729543	-0.0863652	0.118829	NA	NA	NA	NA	NA	NA	NA	NA	NA	NA	-0.0586819	0.0446018
rs56657852	0.177932	0.125229	NA	NA	NA	NA	NA	NA	NA	NA	NA	NA	NA	NA
rs78400524	-0.0416985	0.0609141	0.036278	0.0619731	-0.264214	0.112031	0.0132334	0.0979194	0.122378	0.123735	-0.0430673	0.124071	NA	NA
rs17838476	-0.0417506	0.0559881	0.0250225	0.0447586	-0.133794	0.0867042	0.0965122	0.067468	0.0697433	0.0869221	-0.0443258	0.088659	NA	NA
rs10201757	-0.0417506	0.0559881	0.0250171	0.0447563	-0.133793	0.0867002	0.0965085	0.0674632	0.0697204	0.0868996	-0.0441669	0.0886369	NA	NA
rs72937053	-0.203148	0.0884837	NA	NA	NA	NA	NA	NA	NA	NA	NA	NA	NA	NA
rs116656814	-0.101009	0.147565	NA	NA	NA	NA	NA	NA	NA	NA	NA	NA	-0.0556104	0.0401712
rs114046382	-0.100941	0.147568	NA	NA	NA	NA	NA	NA	NA	NA	NA	NA	-0.0556104	0.0401712
rs79893739	-0.099956	0.148264	NA	NA	NA	NA	NA	NA	NA	NA	NA	NA	-0.0556104	0.0401712
rs56406627	0.0508992	0.207864	NA	NA	NA	NA	NA	NA	NA	NA	NA	NA	NA	NA
rs112818812	0.0931215	0.0970884	NA	NA	NA	NA	NA	NA	NA	NA	NA	NA	-0.00215682	0.0252816
rs111761565	0.180552	0.256941	NA	NA	NA	NA	NA	NA	NA	NA	NA	NA	0.027244	0.0464118
rs17021579	0.0706818	0.145025	0.0144481	0.06323	0.0569442	0.139091	0.157206	0.0890951	0.0141634	0.109229	-0.0362404	0.112421	NA	NA
rs10208711	-0.116194	0.0560539	0.0273606	0.0450741	-0.136942	0.0876123	0.0974807	0.0677979	0.0572674	0.0876989	-0.051519	0.0894011	NA	NA
rs17021589	-0.0466218	0.0604072	0.0363442	0.0619737	-0.264214	0.112031	0.0132225	0.0979204	0.122181	0.123731	-0.0431076	0.124068	0.00479486	0.0158063
rs17021594	-0.0586018	0.0560122	0.0250427	0.044761	-0.133914	0.0867161	0.0962895	0.0674759	0.0696972	0.0868979	-0.0441795	0.0886352	NA	NA
rs60994026	-0.0586018	0.0560122	0.0250427	0.044761	-0.133914	0.0867161	0.0962895	0.0674759	0.0696972	0.0868979	-0.0441795	0.0886352	NA	NA
rs1516219	-0.0501147	0.055817	NA	NA	NA	NA	0.0963396	0.0675527	0.0692769	0.0869767	-0.0446753	0.088714	NA	NA
rs4676144	-0.0501398	0.0558163	0.0261657	0.0447946	-0.133907	0.0867175	0.0963454	0.0675503	0.0692557	0.0869726	-0.0446848	0.0887101	NA	NA
rs6705215	0.0917796	0.0968054	NA	NA	NA	NA	NA	NA	NA	NA	NA	NA	NA	NA
rs78814507	-0.0567281	0.113977	NA	NA	NA	NA	NA	NA	NA	NA	NA	NA	-0.0583108	0.04378
rs59357844	-0.105501	0.0683801	0.0468304	0.0627827	-0.253457	0.113855	0.0319963	0.100161	0.130166	0.125816	-0.0219819	0.126303	NA	NA
rs74927362	-0.105182	0.068694	0.0476159	0.0635041	-0.250242	0.115975	0.02108	0.102242	0.143834	0.12814	-0.0517951	0.128536	NA	NA
rs116044207	0.177024	0.124107	NA	NA	NA	NA	NA	NA	NA	NA	NA	NA	0.0280616	0.0374082
rs11890899	-0.164231	0.0580383	0.042645	0.062764	-0.253472	0.11384	0.0326747	0.100178	0.13248	0.125798	-0.0213102	0.126261	NA	NA
rs116383223	-0.0487159	0.115861	NA	NA	NA	NA	NA	NA	NA	NA	NA	NA	NA	NA
rs11897300	-0.0544055	0.0612748	0.0007785	0.0622715	0.0283943	0.136581	0.137016	0.0872472	0.0126707	0.107778	-0.0517904	0.11038	-0.0184659	0.01589
rs60010278	-0.0998062	0.0830772	0.0126299	0.063177	0.0569311	0.13912	0.157063	0.0889892	0.0149472	0.109349	-0.0378668	0.112505	NA	NA
rs113841661	0.185756	0.257057	NA	NA	NA	NA	NA	NA	NA	NA	NA	NA	0.019981	0.0459743
rs57056451	-0.177776	0.0988955	NA	NA	NA	NA	NA	NA	NA	NA	NA	NA	NA	NA
rs76891538	-0.105389	0.0687555	NA	NA	NA	NA	0.0322646	0.100108	0.140991	0.120821	-0.0228369	0.121394	0.00873361	0.0179952
rs10187132	-0.122681	0.0912504	0.0255938	0.0435868	-0.138482	0.0863149	0.0873566	0.064849	0.0605367	0.0850372	-0.0568679	0.0863482	NA	NA
rs6720886	-0.12266	0.0912685	0.0255938	0.0435868	-0.138482	0.0863149	0.0873566	0.064849	0.0605367	0.0850372	-0.0568679	0.0863482	-0.00582843	0.0168575
rs79687550	-0.0487159	0.115861	NA	NA	NA	NA	NA	NA	NA	NA	NA	NA	-0.062801	0.0445752
rs12053012	-0.138062	0.0561529	0.0317437	0.0445559	-0.138608	0.0863321	0.0963361	0.0673826	0.0782133	0.0854192	-0.0441618	0.0869789	NA	NA
rs78007053	-0.0487159	0.115861	NA	NA	NA	NA	NA	NA	NA	NA	NA	NA	-0.062801	0.0445752
rs10204774	-0.105643	0.0687638	0.0610198	0.0620637	-0.257524	0.112461	0.0322599	0.100095	0.141	0.120813	-0.0228231	0.121386	NA	NA
rs74350582	0.17691	0.124	NA	NA	NA	NA	NA	NA	NA	NA	NA	NA	0.0280616	0.0374082
rs78202316	-0.0487159	0.115861	NA	NA	NA	NA	NA	NA	NA	NA	NA	NA	-0.062801	0.0445752
rs6725499	-0.120163	0.055669	0.0318083	0.0445599	-0.138602	0.0863392	0.0963384	0.0673868	0.0782717	0.0854245	-0.0441316	0.0869837	-0.00181329	0.0143266
rs1158610	-0.116984	0.0678213	0.0588677	0.0620687	-0.257545	0.112461	0.0326444	0.100128	0.142016	0.120781	-0.0220179	0.121339	0.00306011	0.0172382
rs13403714	-0.105389	0.0687555	0.0609273	0.0620643	-0.257545	0.112461	0.0322579	0.100097	0.141	0.120813	-0.0228231	0.121386	NA	NA
rs75438177	-0.0581106	0.113819	NA	NA	NA	NA	NA	NA	NA	NA	NA	NA	-0.062801	0.0445752
rs77863652	-0.0487159	0.115861	NA	NA	NA	NA	NA	NA	NA	NA	NA	NA	-0.062801	0.0445752
rs1516228	-0.147896	0.0932627	0.0245432	0.0434423	-0.139097	0.0860271	0.0875429	0.0646886	0.058859	0.0848532	-0.0581069	0.0861513	-0.00582843	0.0168575
rs80003130	-0.0561137	0.105761	NA	NA	NA	NA	NA	NA	NA	NA	NA	NA	-0.0544889	0.0367476
rs60025661	-0.174457	0.0985338	NA	NA	NA	NA	NA	NA	NA	NA	NA	NA	NA	NA
rs60000470	-0.174457	0.0985338	NA	NA	NA	NA	NA	NA	NA	NA	NA	NA	NA	NA
rs6743418	0.0186246	0.135576	-0.0126779	0.0313449	-0.044103	0.0657678	0.0292964	0.0459797	0.0543637	0.0725533	-0.162944	0.0752369	NA	NA
rs72937071	-0.174457	0.0985338	NA	NA	NA	NA	NA	NA	NA	NA	NA	NA	0.0124247	0.0290348
rs7566498	-0.0487159	0.115861	NA	NA	NA	NA	NA	NA	NA	NA	NA	NA	-0.062801	0.0445752
rs61710407	-0.400523	0.231578	NA	NA	NA	NA	NA	NA	NA	NA	NA	NA	NA	NA
rs4586601	-0.102785	0.0676954	0.0620685	0.0615161	-0.244216	0.112333	0.0441245	0.0996679	0.136643	0.120039	-0.0197937	0.120726	NA	NA
rs80009981	0.248672	0.117138	NA	NA	NA	NA	NA	NA	NA	NA	NA	NA	NA	NA
rs72937073	-0.399455	0.231406	NA	NA	NA	NA	NA	NA	NA	NA	NA	NA	-0.0102234	0.0362773
rs115829325	-0.10003	0.148372	NA	NA	NA	NA	NA	NA	NA	NA	NA	NA	NA	NA
rs60600663	-0.108886	0.0969511	NA	NA	NA	NA	NA	NA	NA	NA	NA	NA	NA	NA
rs60137992	-0.399455	0.231406	NA	NA	NA	NA	NA	NA	NA	NA	NA	NA	NA	NA
rs1516230	-0.129564	0.0580621	NA	NA	NA	NA	NA	NA	NA	NA	NA	NA	NA	NA
rs112190449	-0.399455	0.231406	NA	NA	NA	NA	NA	NA	NA	NA	NA	NA	NA	NA
rs113985300	0.0249967	0.0620658	NA	NA	NA	NA	NA	NA	NA	NA	NA	NA	NA	NA
rs10196496	-0.0991281	0.0589673	NA	NA	NA	NA	NA	NA	NA	NA	NA	NA	NA	NA
rs10186381	-0.121629	0.0670084	NA	NA	NA	NA	0.0441354	0.099681	0.136325	0.120035	-0.0198808	0.120724	NA	NA
rs10209784	-0.100697	0.0580712	NA	NA	NA	NA	NA	NA	NA	NA	NA	NA	NA	NA
rs72937080	-0.190037	0.101314	NA	NA	NA	NA	NA	NA	NA	NA	NA	NA	0.0267914	0.0312903
rs1356214	0.0146478	0.086386	NA	NA	NA	NA	NA	NA	NA	NA	NA	NA	-0.00358836	0.0229076
rs72823078	0.0253321	0.298232	0.0150049	0.0633232	0.0568774	0.139161	0.158062	0.0892075	-0.00042991	0.110116	-0.0429307	0.11312	NA	NA
rs11894989	-0.190037	0.101314	NA	NA	NA	NA	NA	NA	NA	NA	NA	NA	0.0267914	0.0312903
rs74266204	-0.0523157	0.106074	NA	NA	NA	NA	NA	NA	NA	NA	NA	NA	-0.0544889	0.0367476
rs13409811	-0.104949	0.0687341	0.060271	0.061671	-0.257805	0.111948	0.0322831	0.0997374	0.137075	0.120344	-0.0245154	0.120896	NA	NA
rs113091005	0.0146478	0.086386	NA	NA	NA	NA	NA	NA	NA	NA	NA	NA	-0.00358836	0.0229076
rs114034023	-0.0993313	0.148615	NA	NA	NA	NA	NA	NA	NA	NA	NA	NA	NA	NA
rs73951438	0.0552036	0.207338	NA	NA	NA	NA	NA	NA	NA	NA	NA	NA	0.0452183	0.0429702
rs79335303	-0.0435013	0.11583	NA	NA	NA	NA	NA	NA	NA	NA	NA	NA	-0.062801	0.0445752
rs13423546	-0.140007	0.0562225	0.0302603	0.0443785	-0.139097	0.0860271	0.0966896	0.0671688	0.0765448	0.0852231	-0.0450673	0.0867786	-0.0103916	0.0142775
rs13410432	-0.135723	0.0906461	0.0245432	0.0434423	-0.139097	0.0860271	0.0875429	0.0646886	0.058859	0.0848532	-0.0581069	0.0861513	NA	NA
rs10166819	-0.134016	0.0563961	0.0302603	0.0443785	-0.139097	0.0860271	0.0966896	0.0671688	0.0765448	0.0852231	-0.0450673	0.0867786	-0.0103916	0.0142775
rs10193441	-0.110973	0.0552021	0.031515	0.0444281	-0.139087	0.0860418	0.0968318	0.0672745	0.0761812	0.085391	-0.0462227	0.0869469	NA	NA
rs1516202	-0.122085	0.0553808	0.0302956	0.0443849	-0.139094	0.0860403	0.0967173	0.0671744	0.0766195	0.0852293	-0.0450299	0.086784	NA	NA
rs13413875	-0.103153	0.10438	NA	NA	NA	NA	NA	NA	NA	NA	NA	NA	-0.0962319	0.0360691
rs1516209	-0.111289	0.055174	0.031515	0.0444281	-0.139087	0.0860418	0.0968318	0.0672745	0.0761812	0.085391	-0.0462227	0.0869469	0.000876854	0.0143158
rs1516211	-0.12944	0.0906969	0.0245432	0.0434423	-0.139097	0.0860271	0.0875429	0.0646886	0.058859	0.0848532	-0.0581069	0.0861513	-0.00971816	0.0170612
rs76427455	0.0146478	0.086386	NA	NA	NA	NA	NA	NA	NA	NA	NA	NA	NA	NA
rs2048850	-0.134181	0.0563693	0.0302603	0.0443785	-0.139097	0.0860271	0.0966896	0.0671688	0.0765448	0.0852231	-0.0450673	0.0867786	NA	NA
rs62161268	0.0880765	0.210489	0.0133588	0.0631792	0.056935	0.138898	0.158024	0.0889548	0.0115797	0.109435	-0.0387556	0.112538	-0.0661486	0.0378869
rs6715149	-0.12165	0.0566672	0.0302603	0.0443785	-0.139097	0.0860271	0.0966896	0.0671688	0.0765448	0.0852231	-0.0450673	0.0867786	NA	NA
rs6743867	0.0146478	0.086386	NA	NA	NA	NA	NA	NA	NA	NA	NA	NA	-0.00358836	0.0229076
rs6715272	-0.156845	0.0563065	NA	NA	NA	NA	0.0962785	0.0678239	0.0774424	0.0865965	-0.0501035	0.0880318	NA	NA
rs112860309	0.534568	0.224204	-0.0192019	0.0632427	0.0692884	0.14366	0.0934945	0.0925084	-0.030937	0.148239	0.108534	0.155063	NA	NA
rs60946287	0.0146478	0.086386	NA	NA	NA	NA	NA	NA	NA	NA	NA	NA	NA	NA
rs72937092	-0.19024	0.0990466	NA	NA	NA	NA	NA	NA	NA	NA	NA	NA	0.0072356	0.0287555
rs4676145	-0.111358	0.0551712	0.0314792	0.0444218	-0.139091	0.0860285	0.096804	0.0672689	0.0761064	0.0853848	-0.0462601	0.0869416	0.000876854	0.0143158
rs4676147	-0.111358	0.0551712	0.0314792	0.0444218	-0.139091	0.0860285	0.096804	0.0672689	0.0761064	0.0853848	-0.0462601	0.0869416	NA	NA
rs77980354	-0.0431565	0.115807	NA	NA	NA	NA	NA	NA	NA	NA	NA	NA	-0.062801	0.0445752
rs62161269	0.0880765	0.210489	0.0133689	0.0631789	0.0569941	0.138896	0.158037	0.0889543	0.0115683	0.109434	-0.0387551	0.11254	-0.0661486	0.0378869
rs62161270	0.0893216	0.210622	0.0133689	0.0631789	0.0569941	0.138896	0.158037	0.0889543	0.0115683	0.109434	-0.0387551	0.11254	NA	NA
rs12328598	-0.122012	0.0553782	0.0302603	0.0443785	-0.139097	0.0860271	0.0966896	0.0671688	0.0765448	0.0852231	-0.0450673	0.0867786	NA	NA
rs116149232	-0.140692	0.145396	NA	NA	NA	NA	NA	NA	NA	NA	NA	NA	-0.0577694	0.0419363
rs112082030	0.0146478	0.086386	NA	NA	NA	NA	NA	NA	NA	NA	NA	NA	-0.00358836	0.0229076
rs12329017	-0.122012	0.0553782	0.0302603	0.0443785	-0.139097	0.0860271	0.0966896	0.0671688	0.0765448	0.0852231	-0.0450673	0.0867786	NA	NA
rs75643509	-0.121973	0.0553809	NA	NA	NA	NA	NA	NA	NA	NA	NA	NA	NA	NA
rs57147583	-0.121743	0.0554062	0.0303312	0.0443812	-0.139097	0.0860271	0.0966967	0.0671749	0.076524	0.0852238	-0.0450746	0.0867793	-0.00398982	0.0143086
rs59692914	-0.122012	0.0553782	0.0302603	0.0443785	-0.139097	0.0860271	0.0966896	0.0671688	0.0765448	0.0852231	-0.0450673	0.0867786	-0.00219342	0.0143257
rs13408969	-0.122012	0.0553782	0.0302603	0.0443785	-0.139097	0.0860271	0.0966896	0.0671688	0.0765448	0.0852231	-0.0450673	0.0867786	NA	NA
rs74900152	-0.0282799	0.10702	NA	NA	NA	NA	NA	NA	NA	NA	NA	NA	-0.0544889	0.0367476
rs6735159	-0.134295	0.0563762	0.0302603	0.0443785	-0.139097	0.0860271	0.0966896	0.0671688	0.0765448	0.0852231	-0.0450673	0.0867786	NA	NA
rs112360614	0.1503	0.115928	NA	NA	NA	NA	NA	NA	NA	NA	NA	NA	NA	NA
rs6738108	-0.100596	0.0570911	0.0296519	0.0435676	-0.139097	0.0860271	0.0783375	0.0651975	0.0656801	0.0850588	-0.0664907	0.086272	NA	NA
rs11123668	-0.10336	0.10435	NA	NA	NA	NA	NA	NA	NA	NA	NA	NA	-0.0962319	0.0360691
rs74953468	-0.123023	0.0554662	NA	NA	NA	NA	NA	NA	NA	NA	NA	NA	NA	NA
rs62161274	0.0248017	0.297038	0.0148702	0.0633004	0.0569546	0.139112	0.158053	0.0891686	-0.00020663	0.110059	-0.0426972	0.113068	-0.0487524	0.0562639
rs11123669	-0.105157	0.068706	0.0580508	0.0608271	-0.25587	0.110479	0.0316545	0.0984947	0.131557	0.119246	-0.0266768	0.119752	NA	NA
rs112198633	0.0497104	0.234212	NA	NA	NA	NA	NA	NA	NA	NA	NA	NA	-0.0128567	0.0416578
rs13416107	-0.121951	0.0553725	0.0302603	0.0443785	-0.139097	0.0860271	0.0966896	0.0671688	0.0765448	0.0852231	-0.0450673	0.0867786	NA	NA
rs75348857	-0.0430164	0.115795	NA	NA	NA	NA	NA	NA	NA	NA	NA	NA	NA	NA
rs62161275	0.0880735	0.210543	0.0133689	0.0631789	0.0569941	0.138896	0.158037	0.0889543	0.0115683	0.109434	-0.0387551	0.11254	-0.0661486	0.0378869
rs10175087	-0.121951	0.0553725	0.0302603	0.0443785	-0.139097	0.0860271	0.0966896	0.0671688	0.0765448	0.0852231	-0.0450673	0.0867786	NA	NA
rs55744051	-0.208618	0.105021	NA	NA	NA	NA	NA	NA	NA	NA	NA	NA	0.0366143	0.032176
rs114830814	0.307386	0.155407	NA	NA	NA	NA	-0.0288492	0.147912	NA	NA	NA	NA	NA	NA
rs6746865	-0.111288	0.0551648	0.0314792	0.0444218	-0.139091	0.0860285	0.096804	0.0672689	0.0761064	0.0853848	-0.0462601	0.0869416	NA	NA
rs6746783	-0.121855	0.0553825	0.0302603	0.0443785	-0.139097	0.0860271	0.0966896	0.0671688	0.0765448	0.0852231	-0.0450673	0.0867786	NA	NA
rs6747019	-0.121706	0.0553201	0.0302603	0.0443785	-0.139097	0.0860271	0.0966896	0.0671688	0.0765448	0.0852231	-0.0450673	0.0867786	NA	NA
rs111637586	0.0153822	0.0861027	NA	NA	NA	NA	NA	NA	NA	NA	NA	NA	NA	NA
rs115128575	-0.135199	0.146	NA	NA	NA	NA	NA	NA	NA	NA	NA	NA	-0.0556104	0.0401712
rs7599034	-0.133973	0.0563874	0.0301158	0.0443739	-0.13902	0.0860432	0.0967239	0.067147	0.0765859	0.0852455	-0.0451187	0.0867988	NA	NA
rs114554238	-0.0414181	0.115739	NA	NA	NA	NA	NA	NA	NA	NA	NA	NA	-0.062801	0.0445752
rs116150516	-0.262995	0.195657	NA	NA	NA	NA	NA	NA	NA	NA	NA	NA	-0.000346744	0.0482947
rs115229413	0.16425	0.11711	NA	NA	NA	NA	NA	NA	NA	NA	NA	NA	0.0169347	0.0368987
rs10205519	-0.105484	0.0687564	0.0602417	0.0616641	-0.257796	0.111965	0.0321602	0.099716	0.137056	0.12034	-0.0245058	0.120891	0.00748208	0.0179752
rs116547255	0.152026	0.244729	NA	NA	NA	NA	NA	NA	NA	NA	NA	NA	0.027244	0.0464118
rs1606987	-0.121706	0.0553201	0.0301158	0.0443739	-0.13902	0.0860432	0.0967239	0.067147	0.0765859	0.0852455	-0.0451187	0.0867988	NA	NA
rs115323704	0.16169	0.30473	NA	NA	NA	NA	NA	NA	NA	NA	NA	NA	-0.0758348	0.0497613
rs1606986	-0.111002	0.0551036	0.031359	0.0444189	-0.139014	0.0860447	0.0968462	0.0672509	0.0761076	0.0854105	-0.0463342	0.0869649	NA	NA
rs112399633	0.0548401	0.233084	NA	NA	NA	NA	NA	NA	NA	NA	NA	NA	-0.0103866	0.041324
rs11123670	-0.11097	0.0551029	0.031359	0.0444189	-0.139014	0.0860447	0.0968462	0.0672509	0.0761076	0.0854105	-0.0463342	0.0869649	0.000876854	0.0143158
rs10865014	-0.121417	0.0552816	0.0288041	0.0438462	-0.138121	0.0849441	0.0966842	0.0664062	0.0733736	0.0842279	-0.0445646	0.0858065	NA	NA
rs73951440	0.0516535	0.206083	NA	NA	NA	NA	NA	NA	NA	NA	NA	NA	0.0737809	0.0412563
rs6716589	0.0367216	0.0618255	NA	NA	NA	NA	NA	NA	NA	NA	NA	NA	NA	NA
rs111501939	0.0550104	0.233172	NA	NA	NA	NA	NA	NA	NA	NA	NA	NA	-0.0103866	0.041324
rs10209226	-0.206905	0.130506	NA	NA	NA	NA	NA	NA	NA	NA	NA	NA	-0.0408059	0.064255
rs10209227	-0.206905	0.130506	NA	NA	NA	NA	NA	NA	NA	NA	NA	NA	-0.0408059	0.064255
rs6758980	-0.130336	0.0907421	0.0244061	0.0434381	-0.13902	0.0860432	0.0875794	0.0646689	0.0588898	0.084875	-0.0581633	0.0861708	-0.00971816	0.0170612
rs1606985	-0.122157	0.0553265	0.0301158	0.0443739	-0.13902	0.0860432	0.0967239	0.067147	0.0765859	0.0852455	-0.0451187	0.0867988	NA	NA
rs11888299	-0.189611	0.0988842	NA	NA	NA	NA	NA	NA	NA	NA	NA	NA	0.0124247	0.0290348
rs1606984	-0.122171	0.0553284	0.0301158	0.0443739	-0.13902	0.0860432	0.0967239	0.067147	0.0765859	0.0852455	-0.0451187	0.0867988	NA	NA
rs1606983	-0.122157	0.0553265	0.0301158	0.0443739	-0.13902	0.0860432	0.0967239	0.067147	0.0765859	0.0852455	-0.0451187	0.0867988	NA	NA
rs10177715	-0.122172	0.0553296	0.0301158	0.0443739	-0.13902	0.0860432	0.0967239	0.067147	0.0765859	0.0852455	-0.0451187	0.0867988	NA	NA
rs113662486	0.0154007	0.0861053	NA	NA	NA	NA	NA	NA	NA	NA	NA	NA	-0.00358836	0.0229076
rs113549958	-0.189611	0.0988842	NA	NA	NA	NA	NA	NA	NA	NA	NA	NA	0.0124247	0.0290348
rs78594903	-0.106306	0.0687895	0.0603347	0.0616922	-0.257746	0.112032	0.032158	0.0997244	0.137062	0.120345	-0.0245249	0.120897	0.00748208	0.0179752
rs80311903	-0.111463	0.0551123	0.0313917	0.0444281	-0.138893	0.0860717	0.0968492	0.0672532	0.0761064	0.0854114	-0.0463328	0.0869658	NA	NA
rs116799836	0.0644233	0.144818	0.0122981	0.0631349	0.0569765	0.138876	0.158013	0.088868	0.0114322	0.10947	-0.0393078	0.11255	NA	NA
rs6721108	-0.0998932	0.0575116	NA	NA	NA	NA	0.0783814	0.0651793	0.0656941	0.0850817	-0.0665589	0.0862924	NA	NA
rs75389383	-0.124919	0.0553661	NA	NA	NA	NA	0.096735	0.0671513	0.0765651	0.0852463	-0.045126	0.0867996	NA	NA
rs1516215	-0.114135	0.0551425	0.031359	0.0444189	-0.139014	0.0860447	0.0968462	0.0672509	0.0761076	0.0854105	-0.0463342	0.0869649	NA	NA
rs1568056	-0.124024	0.0553228	0.0301158	0.0443739	-0.13902	0.0860432	0.0967239	0.067147	0.0766238	0.0852659	-0.0452727	0.0868195	NA	NA
rs6542728	-0.124124	0.0553158	0.0301158	0.0443739	-0.13902	0.0860432	0.0967239	0.067147	0.0765859	0.0852455	-0.0451187	0.0867988	NA	NA
rs6542729	-0.124124	0.0553158	0.0301158	0.0443739	-0.13902	0.0860432	0.0967239	0.067147	0.0765859	0.0852455	-0.0451187	0.0867988	NA	NA
rs6542730	-0.113361	0.0550919	0.031359	0.0444189	-0.139014	0.0860447	0.0968462	0.0672509	0.0761076	0.0854105	-0.0463342	0.0869649	NA	NA
rs115802804	0.174501	0.180015	NA	NA	NA	NA	NA	NA	NA	NA	NA	NA	0.107915	0.0521714
rs1400118	-0.124124	0.0553158	0.0301264	0.0443755	-0.139036	0.0860481	0.0967043	0.0671484	0.076575	0.0852739	-0.0455842	0.0868191	0.000303886	0.0142819
rs72939046	-0.189529	0.0988735	NA	NA	NA	NA	NA	NA	NA	NA	NA	NA	0.0124247	0.0290348
rs1400117	-0.134323	0.0564087	0.0301158	0.0443739	-0.13902	0.0860432	0.0967239	0.067147	0.0765859	0.0852455	-0.0451187	0.0867988	NA	NA
rs116378898	0.170407	0.120272	NA	NA	NA	NA	NA	NA	NA	NA	NA	NA	0.0258127	0.0378882
rs1400116	-0.116316	0.0552645	0.0301158	0.0443739	-0.13902	0.0860432	0.0967239	0.067147	0.0765859	0.0852455	-0.0451187	0.0867988	-0.00176702	0.0143181
rs78168953	-0.0186485	0.106348	NA	NA	NA	NA	NA	NA	NA	NA	NA	NA	-0.0544889	0.0367476
rs2138473	0.0644233	0.144818	0.0122981	0.0631349	0.0569765	0.138876	0.158013	0.088868	0.0114322	0.10947	-0.0393078	0.11255	-0.0185774	0.0284122
rs1568055	-0.124124	0.0553158	0.0300577	0.044391	-0.138842	0.0860767	0.096864	0.0671474	0.0846432	0.0852671	-0.0450935	0.0868333	NA	NA
rs113536097	0.105759	0.240812	NA	NA	NA	NA	NA	NA	NA	NA	NA	NA	NA	NA
rs2176222	-0.100219	0.0574113	0.0294152	0.0435737	-0.138918	0.0860595	0.0783779	0.0651636	0.0735338	0.0850773	-0.0668677	0.0862987	NA	NA
rs1157315	-0.126895	0.0907553	0.0243122	0.0434518	-0.138882	0.0860665	0.0875895	0.0646618	0.0667281	0.0848889	-0.058435	0.0861807	NA	NA
rs1157314	-0.125094	0.055269	0.0300577	0.044391	-0.138842	0.0860767	0.096864	0.0671474	0.0846432	0.0852671	-0.0450935	0.0868333	NA	NA
rs1543139	-0.111338	0.0688	0.0602256	0.0617235	-0.258157	0.112057	0.0321385	0.0997472	0.137259	0.120412	-0.0247044	0.120957	0.00748208	0.0179752
rs1543138	-0.125094	0.055269	0.0300577	0.044391	-0.138842	0.0860767	0.096864	0.0671474	0.0846432	0.0852671	-0.0450935	0.0868333	NA	NA
rs1543137	-0.111204	0.0687591	0.0604158	0.0617297	-0.257836	0.112071	0.03239	0.0997495	0.137658	0.120452	-0.0242194	0.120976	NA	NA
rs72939054	-0.189504	0.0988552	NA	NA	NA	NA	NA	NA	NA	NA	NA	NA	NA	NA
rs62161277	-0.111733	0.0827315	0.0102376	0.063047	0.0571403	0.138808	0.157753	0.0887164	0.0259629	0.110014	-0.0398038	0.112472	-0.0036436	0.0209925
rs41515849	0.0157173	0.0860459	NA	NA	NA	NA	NA	NA	NA	NA	NA	NA	-0.00358836	0.0229076
rs112378292	0.0403192	0.0620361	NA	NA	NA	NA	NA	NA	NA	NA	NA	NA	0.00628662	0.0169198
rs1568057	-0.125834	0.0907446	0.0243067	0.0434483	-0.138918	0.0860595	0.0875739	0.0646556	0.0666684	0.0848844	-0.0584578	0.086176	NA	NA
rs1516205	-0.134306	0.0564214	0.0300577	0.044391	-0.138842	0.0860767	0.096864	0.0671474	0.0846432	0.0852671	-0.0450935	0.0868333	-0.00996584	0.014275
rs75947495	-0.0566891	0.115317	NA	NA	NA	NA	NA	NA	NA	NA	NA	NA	NA	NA
rs1516204	-0.125096	0.0552723	0.0300577	0.044391	-0.138842	0.0860767	0.096864	0.0671474	0.0846432	0.0852671	-0.0450935	0.0868333	NA	NA
rs57399677	0.064378	0.144698	0.0121582	0.0631257	0.0571437	0.138835	0.157993	0.0888633	0.0244287	0.110092	-0.0396279	0.112553	-0.0185774	0.0284122
rs75841795	-0.125096	0.0552723	NA	NA	NA	NA	NA	NA	NA	NA	NA	NA	NA	NA
rs79698462	-0.0139388	0.105837	NA	NA	NA	NA	NA	NA	NA	NA	NA	NA	-0.0544889	0.0367476
rs13433049	-0.110751	0.0688895	0.0602256	0.0617235	-0.258157	0.112057	0.0321385	0.0997472	0.137259	0.120412	-0.0247044	0.120957	0.00748208	0.0179752
rs1588950	-0.11421	0.0550237	0.0313041	0.0444385	-0.138859	0.086084	0.09698	0.0672576	0.0842898	0.0854456	-0.0462223	0.0870112	NA	NA
rs114895724	0.165058	0.303084	NA	NA	NA	NA	NA	NA	NA	NA	NA	NA	-0.0758348	0.0497613
rs1829118	-0.124425	0.0907031	0.0243067	0.0434483	-0.138918	0.0860595	0.0875739	0.0646556	0.0666684	0.0848844	-0.0584578	0.086176	-0.00971816	0.0170612
rs13399129	-0.109741	0.0690243	0.0602256	0.0617235	-0.258157	0.112057	0.0321385	0.0997472	0.137259	0.120412	-0.0247044	0.120957	0.00748208	0.0179752
rs4676149	-0.125269	0.0552828	0.0300577	0.044391	-0.138842	0.0860767	0.096864	0.0671474	0.0846432	0.0852671	-0.0450935	0.0868333	-0.00176702	0.0143181
rs114914444	-0.148045	0.146508	NA	NA	NA	NA	NA	NA	NA	NA	NA	NA	NA	NA
rs60431349	0.170407	0.120272	NA	NA	NA	NA	NA	NA	NA	NA	NA	NA	0.0258127	0.0378882
rs10170704	-0.183088	0.0972621	-0.0121282	0.026533	-0.0955717	0.0535529	0.063295	0.0392498	-0.0286185	0.0620389	-0.100756	0.0643603	-0.00750135	0.0192646
rs12473557	-0.0769011	0.0563601	0.028777	0.0438489	-0.138126	0.0849475	0.0967226	0.0664095	0.0816851	0.0842641	-0.0445708	0.0858083	NA	NA
rs67372209	-0.125179	0.0552984	0.0300583	0.0443953	-0.138961	0.0860919	0.0968775	0.0671531	0.0847132	0.0852767	-0.045132	0.0868422	-0.00176702	0.0143181
rs111402900	0.0156526	0.086123	NA	NA	NA	NA	NA	NA	NA	NA	NA	NA	-0.00358836	0.0229076
rs10171365	-0.125254	0.055272	0.0300583	0.0443953	-0.138961	0.0860919	0.0968775	0.0671531	0.0847132	0.0852767	-0.045132	0.0868422	NA	NA
rs79554803	0.0209358	0.164416	NA	NA	NA	NA	NA	NA	NA	NA	NA	NA	-0.0275843	0.043937
rs11893419	-0.198692	0.0992823	NA	NA	NA	NA	NA	NA	NA	NA	NA	NA	0.0124247	0.0290348
rs76305738	-0.0566233	0.115243	NA	NA	NA	NA	NA	NA	NA	NA	NA	NA	-0.062801	0.0445752
rs75826660	0.174946	0.170544	NA	NA	NA	NA	NA	NA	NA	NA	NA	NA	-0.071827	0.0579916
rs113248004	0.492241	0.350588	NA	NA	NA	NA	NA	NA	NA	NA	NA	NA	NA	NA
rs1533430	-0.125254	0.055272	0.0300583	0.0443953	-0.138961	0.0860919	0.0968775	0.0671531	0.0847132	0.0852767	-0.045132	0.0868422	NA	NA
rs1533429	-0.125565	0.0552503	0.0300583	0.0443953	-0.138961	0.0860919	0.0968775	0.0671531	0.0847132	0.0852767	-0.045132	0.0868422	-0.00176702	0.0143181
rs1155113	-0.125565	0.0552503	0.0300583	0.0443953	-0.138961	0.0860919	0.0968775	0.0671531	0.0847132	0.0852767	-0.045132	0.0868422	NA	NA
rs73951447	0.0570798	0.205311	NA	NA	NA	NA	NA	NA	NA	NA	NA	NA	NA	NA
rs1155112	-0.111295	0.0560512	NA	NA	NA	NA	0.109412	0.0694535	0.109461	0.0888015	-0.0417831	0.0903854	NA	NA
rs1155111	-0.113881	0.0559417	0.0328245	0.0449005	-0.129457	0.0872956	0.099473	0.0676442	0.0868904	0.0860761	-0.0440209	0.0877242	0.00240653	0.0142548
rs1155110	-0.125149	0.0552137	0.0327129	0.0448941	-0.129478	0.0872898	0.0994703	0.0676289	0.0870747	0.0860672	-0.0439698	0.0877152	-0.00176702	0.0143181
rs61453531	-0.203198	0.101597	NA	NA	NA	NA	NA	NA	NA	NA	NA	NA	NA	NA
rs7574793	-0.125565	0.0552503	0.0333025	0.0449744	-0.129615	0.0874251	0.0990053	0.0677107	0.0881093	0.0861279	-0.0432491	0.0877645	NA	NA
rs113751264	0.107012	0.239624	NA	NA	NA	NA	NA	NA	NA	NA	NA	NA	-0.0128567	0.0416578
rs57063362	-0.161741	0.268999	NA	NA	NA	NA	NA	NA	NA	NA	NA	NA	-0.0256595	0.0413987
rs72939071	-0.216837	0.100637	NA	NA	NA	NA	NA	NA	NA	NA	NA	NA	NA	NA
rs79981805	0.147711	0.137978	NA	NA	NA	NA	NA	NA	NA	NA	NA	NA	NA	NA
rs1516201	-0.0117092	0.0582988	0.0271748	0.0490864	-0.0942752	0.0946651	0.145744	0.0712205	0.0959849	0.0912154	-0.0549763	0.0926218	NA	NA
rs10183969	-0.00100715	0.061203	NA	NA	NA	NA	NA	NA	NA	NA	NA	NA	-0.0167228	0.0166889
rs1516200	-0.0128482	0.0711656	0.00867021	0.0601521	-0.0311865	0.129317	0.128539	0.0851843	0.0319009	0.107136	-0.0431476	0.109454	-0.0127935	0.0173567
rs10207823	-0.14388	0.0980651	NA	NA	NA	NA	NA	NA	NA	NA	NA	NA	-0.0712562	0.0378663
rs7422236	0.0249271	0.0751336	0.00872962	0.0601618	-0.0311875	0.129349	0.128425	0.0851945	0.0318222	0.107109	-0.0429628	0.109434	NA	NA
rs4283376	-0.0704286	0.0611342	0.0826447	0.0599371	-0.116069	0.111553	0.125932	0.0857908	-0.0595191	0.116516	-0.132159	0.118039	0.00674875	0.0142791
rs5018595	-0.0759396	0.0607106	0.0820911	0.0589467	-0.111095	0.109788	0.12426	0.0846482	-0.0624982	0.115016	-0.132675	0.116426	NA	NA
rs4520997	-0.0704621	0.0611345	0.0827182	0.0599245	-0.115754	0.111523	0.125849	0.0857847	-0.0593036	0.116506	-0.131964	0.118027	NA	NA
rs4352198	-0.0705035	0.0611296	0.0827182	0.0599245	-0.115754	0.111523	0.125849	0.0857847	-0.0593036	0.116506	-0.131964	0.118027	NA	NA
rs4524087	-0.0705035	0.0611296	0.0827182	0.0599245	-0.115754	0.111523	0.125849	0.0857847	-0.0593036	0.116506	-0.131964	0.118027	0.00674875	0.0142791
rs4635490	-0.0703715	0.0611427	0.0827242	0.0599674	-0.116059	0.111589	0.126024	0.0858577	-0.0593016	0.116517	-0.131997	0.118038	NA	NA
rs4583414	-0.105999	0.085822	0.0464796	0.0427608	-0.0775742	0.0835133	0.133967	0.0616992	-0.0116615	0.0854119	-0.0979868	0.0865956	NA	NA
rs4524088	-0.0308333	0.0699653	0.0866459	0.0623832	-0.114235	0.113103	0.142925	0.0897769	-0.0252226	0.119804	-0.100471	0.121615	NA	NA
rs1400115	-0.0607898	0.0572219	0.0707219	0.0609266	-0.12931	0.111312	0.0985727	0.0869046	-0.0259085	0.117342	-0.141945	0.118691	-0.00798328	0.0142949
rs1400114	-0.111251	0.0567354	0.0853823	0.061603	-0.114566	0.112904	0.114333	0.0881327	-0.0450446	0.118297	-0.140782	0.119964	NA	NA
rs73951457	-0.227229	0.144112	NA	NA	NA	NA	NA	NA	NA	NA	NA	NA	-0.0833514	0.0580108
rs883250	-0.111258	0.0567359	0.0853823	0.061603	-0.114566	0.112904	0.114333	0.0881327	-0.0450446	0.118297	-0.140782	0.119964	NA	NA
rs883249	-0.111258	0.0567359	0.0853823	0.061603	-0.114566	0.112904	0.114333	0.0881327	-0.0450446	0.118297	-0.140782	0.119964	-0.00044588	0.0145846
rs114139650	0.179891	0.117452	NA	NA	NA	NA	NA	NA	NA	NA	NA	NA	0.0415347	0.0353414
rs6715190	-0.111251	0.0567354	0.0853823	0.061603	-0.114566	0.112904	0.114333	0.0881327	-0.0450446	0.118297	-0.140782	0.119964	-0.00044588	0.0145846
rs78949178	-0.199942	0.252726	NA	NA	NA	NA	NA	NA	NA	NA	NA	NA	NA	NA
rs113757222	0.105762	0.0953459	NA	NA	NA	NA	NA	NA	NA	NA	NA	NA	0.0203458	0.026517
rs6715308	-0.116914	0.0570974	0.0824364	0.0616201	-0.116818	0.11292	0.113032	0.0881733	-0.0429985	0.118345	-0.14028	0.119988	NA	NA
rs2176224	-0.0817802	0.0564891	0.0631503	0.0607526	-0.128164	0.111495	0.119084	0.0861685	-0.0405052	0.1173	-0.146704	0.118849	NA	NA
rs79343800	0.239565	0.287687	NA	NA	NA	NA	NA	NA	NA	NA	NA	NA	-0.0550635	0.0385731
rs34041135	0.417353	0.267601	-0.00593222	0.0318133	0.100156	0.0650015	-0.0912047	0.0474296	0.109233	0.0746726	0.0314399	0.0790651	0.00879207	0.0314783
rs1976742	-0.124518	0.0568517	0.07578	0.0613888	-0.113031	0.113055	0.135416	0.0872341	-0.0449392	0.1183	-0.140588	0.119972	-0.00044588	0.0145846
rs1976741	0.562371	0.219341	-0.0260788	0.0605193	-0.00945795	0.139268	0.0187125	0.0940563	0.105799	0.139047	0.0982215	0.144563	0.0118126	0.0600521
rs1976740	-0.124516	0.0568512	0.07578	0.0613888	-0.113031	0.113055	0.135416	0.0872341	-0.0449392	0.1183	-0.140588	0.119972	-0.00044588	0.0145846
rs10177284	-0.124516	0.0568512	0.07578	0.0613888	-0.113031	0.113055	0.135416	0.0872341	-0.0449392	0.1183	-0.140588	0.119972	-0.00044588	0.0145846
rs76863469	-0.124517	0.0568488	NA	NA	NA	NA	NA	NA	NA	NA	NA	NA	NA	NA
rs7573876	-0.124517	0.0568488	0.07578	0.0613888	-0.113031	0.113055	0.135416	0.0872341	-0.0449392	0.1183	-0.140588	0.119972	-0.000304219	0.0145601
rs112382278	0.208149	0.264087	NA	NA	NA	NA	NA	NA	NA	NA	NA	NA	NA	NA
rs6542731	-0.12451	0.0568481	0.07578	0.0613888	-0.113031	0.113055	0.135416	0.0872341	-0.0449392	0.1183	-0.140588	0.119972	-0.000304219	0.0145601
rs1040177	-0.0786514	0.0828748	0.0457053	0.0420041	-0.077585	0.0821612	0.142455	0.0602924	-0.0132827	0.0843765	-0.103625	0.085484	NA	NA
rs6752321	-0.12451	0.0568481	0.07578	0.0613888	-0.113031	0.113055	0.135416	0.0872341	-0.0449392	0.1183	-0.140588	0.119972	NA	NA
rs6723948	-0.12451	0.0568481	0.07578	0.0613888	-0.113031	0.113055	0.135416	0.0872341	-0.0449392	0.1183	-0.140588	0.119972	NA	NA
rs1040176	0.084409	0.0558107	0.0157297	0.0577533	-0.0159737	0.123314	0.136276	0.0814255	0.0166708	0.10568	-0.055965	0.107706	-0.000412703	0.0140122
rs73951459	-0.116358	0.148222	NA	NA	NA	NA	NA	NA	NA	NA	NA	NA	-0.00659856	0.0359978
rs78604072	0.0902115	0.185047	0.104962	0.09724	-0.118752	0.163265	0.212204	0.146066	0.121205	0.148906	-0.0511854	0.15054	0.0922644	0.0330107
rs75232630	0.0258435	0.163469	NA	NA	NA	NA	NA	NA	NA	NA	NA	NA	-0.0376279	0.0443464
rs6742143	-0.124943	0.0568376	0.0738123	0.0613704	-0.112404	0.113042	0.135577	0.0871919	-0.0452576	0.118239	-0.140834	0.119903	-0.000304219	0.0145601
rs6742155	-0.12528	0.056832	0.0738123	0.0613704	-0.112404	0.113042	0.135577	0.0871919	-0.0452576	0.118239	-0.140834	0.119903	NA	NA
rs6727371	-0.125302	0.0567297	0.0738123	0.0613704	-0.112404	0.113042	0.135577	0.0871919	-0.0452576	0.118239	-0.140834	0.119903	NA	NA
rs12473973	-0.125491	0.0568265	0.0738123	0.0613704	-0.112404	0.113042	0.135577	0.0871919	-0.0452576	0.118239	-0.140834	0.119903	NA	NA
rs12469710	-0.125302	0.0567297	0.0727432	0.0603606	-0.107711	0.11139	0.135131	0.085888	-0.0483373	0.116833	-0.140893	0.118392	-0.000304219	0.0145601
rs112319044	0.108863	0.0943374	NA	NA	NA	NA	NA	NA	NA	NA	NA	NA	0.0191576	0.0276559
rs13402956	-0.125299	0.0568275	0.0738123	0.0613704	-0.112404	0.113042	0.135577	0.0871919	-0.0452576	0.118239	-0.140834	0.119903	NA	NA
rs13416375	-0.125299	0.0568275	0.0738123	0.0613704	-0.112404	0.113042	0.135577	0.0871919	-0.0452576	0.118239	-0.140834	0.119903	-0.000304219	0.0145601
rs28433035	-0.123949	0.0568129	0.0738274	0.0613745	-0.112129	0.113052	0.135841	0.0871953	-0.0455303	0.118251	-0.140715	0.119917	0.000774672	0.0145373
rs57235831	0.00977292	0.0654562	0.0748797	0.0621689	-0.112041	0.113249	0.164386	0.0888155	-0.0254607	0.119744	-0.100566	0.121552	0.0302117	0.0164458
rs78341436	0.559005	0.218466	-0.0257924	0.0606911	-0.00683377	0.139552	0.0165757	0.0943538	0.102977	0.137807	0.0949194	0.142711	0.0118126	0.0600521
rs62161279	0.131003	0.331823	0.0258127	0.0610853	-0.0115183	0.131262	0.146631	0.0871045	0.015589	0.110109	-0.0507985	0.112253	-0.0459108	0.0545651
rs4676150	-0.104101	0.0572337	0.0738123	0.0613704	-0.112404	0.113042	0.135577	0.0871919	-0.0452576	0.118239	-0.140834	0.119903	NA	NA
rs1516220	-0.0275171	0.07686	0.0455297	0.0426182	-0.0797024	0.0833363	0.142826	0.0611407	-0.011232	0.0854949	-0.103803	0.0867254	NA	NA
rs4676151	-0.104153	0.0572294	0.0738123	0.0613704	-0.112404	0.113042	0.135577	0.0871919	-0.0452576	0.118239	-0.140834	0.119903	NA	NA
rs4676152	-0.104153	0.0572294	0.0738123	0.0613704	-0.112404	0.113042	0.135577	0.0871919	-0.0452576	0.118239	-0.140834	0.119903	NA	NA
rs4676153	-0.104153	0.0572294	0.0738123	0.0613704	-0.112404	0.113042	0.135577	0.0871919	-0.0452576	0.118239	-0.140834	0.119903	0.00589208	0.0147829
rs4676154	-0.104153	0.0572294	0.0738123	0.0613704	-0.112404	0.113042	0.135577	0.0871919	-0.0452576	0.118239	-0.140834	0.119903	0.00589208	0.0147829
rs7585470	-0.104153	0.0572294	0.0739593	0.0613635	-0.112011	0.113051	0.135573	0.0871728	-0.0494003	0.114597	-0.135646	0.115823	NA	NA
rs7585757	-0.104153	0.0572294	0.0739593	0.0613635	-0.112011	0.113051	0.135573	0.0871728	-0.0494003	0.114597	-0.135646	0.115823	NA	NA
rs62161300	0.131003	0.331823	0.0265372	0.0612881	-0.0118635	0.132002	0.14631	0.0871964	0.0138073	0.110473	-0.053461	0.112701	-0.0459108	0.0545651
rs7585878	-0.0355998	0.0751329	0.075025	0.0621627	-0.111689	0.113259	0.164368	0.0887951	-0.0309152	0.115947	-0.0980191	0.117316	0.0301876	0.0178761
rs2018164	-0.0276359	0.0768432	0.0457718	0.0426831	-0.0798497	0.0835199	0.14285	0.0611784	-0.0155646	0.0844523	-0.104574	0.0855429	NA	NA
rs77993158	0.0808426	0.0621701	NA	NA	NA	NA	NA	NA	NA	NA	NA	NA	0.00240888	0.0163227
rs56234904	-0.0279964	0.0769148	0.0457718	0.0426831	-0.0798497	0.0835199	0.14285	0.0611784	-0.0155646	0.0844523	-0.104574	0.0855429	NA	NA
rs56662624	-0.10456	0.0572716	0.0739593	0.0613635	-0.112011	0.113051	0.135573	0.0871728	-0.0494003	0.114597	-0.135646	0.115823	0.00589208	0.0147829
rs56090574	-0.120645	0.147597	NA	NA	NA	NA	NA	NA	NA	NA	NA	NA	-0.011265	0.0353937
rs79945869	0.026274	0.163572	NA	NA	NA	NA	NA	NA	NA	NA	NA	NA	-0.0296601	0.0435373
rs73951463	-0.120593	0.147599	NA	NA	NA	NA	NA	NA	NA	NA	NA	NA	NA	NA
rs2176223	-0.104684	0.0570968	0.0724964	0.0603589	-0.107632	0.111387	0.135148	0.0858857	-0.0523963	0.113007	-0.135332	0.114125	NA	NA
rs2138474	-0.104659	0.0571695	0.0739593	0.0613635	-0.112011	0.113051	0.135573	0.0871728	-0.0494003	0.114597	-0.135646	0.115823	0.00589208	0.0147829
rs2377912	-0.0339451	0.0749723	0.075025	0.0621627	-0.111689	0.113259	0.164368	0.0887951	-0.0309152	0.115947	-0.0980191	0.117316	0.0301876	0.0178761
rs2138475	-0.0362365	0.0749497	0.0928366	0.0638734	-0.116698	0.114191	0.1767	0.092055	-0.0304616	0.116108	-0.097939	0.117485	0.0308021	0.0178394
rs2138476	-0.104631	0.057176	0.0911614	0.0629859	-0.117073	0.11399	0.145185	0.0902196	-0.0490072	0.114753	-0.135673	0.115986	NA	NA
rs78722618	-0.102416	0.10568	NA	NA	NA	NA	NA	NA	NA	NA	NA	NA	-0.0226098	0.0328291
rs2138477	-0.104573	0.0571799	0.0911614	0.0629859	-0.117073	0.11399	0.145185	0.0902196	-0.0490072	0.114753	-0.135673	0.115986	NA	NA
rs2138478	-0.104631	0.057176	0.0911614	0.0629859	-0.117073	0.11399	0.145185	0.0902196	-0.0490072	0.114753	-0.135673	0.115986	NA	NA
rs11899559	-0.191181	0.135563	NA	NA	NA	NA	NA	NA	NA	NA	NA	NA	0.0299295	0.0422923
rs4972264	-0.103984	0.0572176	0.0911614	0.0629859	-0.117073	0.11399	0.145185	0.0902196	-0.0490072	0.114753	-0.135673	0.115986	NA	NA
rs4972263	-0.103984	0.0572176	0.0911614	0.0629859	-0.117073	0.11399	0.145185	0.0902196	-0.0490072	0.114753	-0.135673	0.115986	NA	NA
rs11899827	0.0843404	0.0557484	0.0188949	0.0587038	-0.0428761	0.126577	0.136567	0.0827956	0.0181756	0.107347	-0.0496872	0.109365	NA	NA
rs78761029	-0.0400646	0.128043	NA	NA	NA	NA	NA	NA	NA	NA	NA	NA	NA	NA
rs114842048	-0.040418	0.127923	NA	NA	NA	NA	NA	NA	NA	NA	NA	NA	-0.0589038	0.0520466
rs60748307	-0.0764515	0.0583909	NA	NA	NA	NA	0.145405	0.0902821	-0.048982	0.114763	-0.135649	0.115998	0.0110736	0.0151964
rs5834277	-0.103984	0.0572176	NA	NA	NA	NA	0.145185	0.0902196	-0.0490072	0.114753	-0.135673	0.115986	NA	NA
rs56279938	-0.19179	0.135512	NA	NA	NA	NA	NA	NA	NA	NA	NA	NA	0.0299295	0.0422923
rs111657270	0.11307	0.0941503	NA	NA	NA	NA	NA	NA	NA	NA	NA	NA	0.0202453	0.0274322
rs7580596	-0.103364	0.0572429	0.0911614	0.0629859	-0.117073	0.11399	0.145185	0.0902196	-0.0490072	0.114753	-0.135673	0.115986	NA	NA
rs35392327	-0.203415	0.174251	NA	NA	NA	NA	NA	NA	NA	NA	NA	NA	0.0464715	0.0458852
rs78572501	-0.0265313	0.107418	0.0910166	0.10403	-0.168764	0.207705	0.208795	0.14107	-0.562076	0.269453	-0.402058	0.294602	NA	NA
rs116690556	-0.237737	0.188789	NA	NA	NA	NA	NA	NA	NA	NA	NA	NA	NA	NA
rs11894633	0.0835109	0.0557069	0.0188949	0.0587038	-0.0428761	0.126577	0.136567	0.0827956	0.0181756	0.107347	-0.0496872	0.109365	NA	NA
rs73951467	-0.192709	0.135425	NA	NA	NA	NA	NA	NA	NA	NA	NA	NA	0.0299295	0.0422923
rs28671077	-0.0632237	0.0806236	0.033025	0.0425827	-0.0869348	0.0833866	0.149755	0.0603369	-0.0322743	0.0848685	-0.0802578	0.0860815	NA	NA
rs6734670	-0.1032	0.0572486	0.0911614	0.0629859	-0.117073	0.11399	0.145185	0.0902196	-0.0490072	0.114753	-0.135673	0.115986	NA	NA
rs1516227	0.0835109	0.0557069	0.0188949	0.0587038	-0.0428761	0.126577	0.136567	0.0827956	0.0181756	0.107347	-0.0496872	0.109365	-0.000899766	0.0141358
rs62161303	0.0860316	0.312631	0.0265372	0.0612881	-0.0118635	0.132002	0.14631	0.0871964	0.0138073	0.110473	-0.053461	0.112701	-0.0459108	0.0545651
rs75126023	0.02214	0.16713	NA	NA	NA	NA	NA	NA	NA	NA	NA	NA	-0.035628	0.0431418
rs1516226	-0.0272794	0.0770459	0.0528939	0.0431199	-0.0821595	0.0838446	0.146305	0.0619185	-0.0152973	0.0845166	-0.104522	0.0856108	NA	NA
rs4676156	-0.103213	0.0572491	0.0912213	0.0630006	-0.117007	0.114016	0.14517	0.0902374	-0.0490228	0.114782	-0.135705	0.116019	NA	NA
rs1516225	-0.0272007	0.0770364	0.0528939	0.0431199	-0.0821595	0.0838446	0.146305	0.0619185	-0.0152973	0.0845166	-0.104522	0.0856108	0.00592309	0.0162401
rs4676157	-0.102377	0.0572466	0.0912213	0.0630006	-0.117007	0.114016	0.14517	0.0902374	-0.0490228	0.114782	-0.135705	0.116019	0.00589208	0.0147829
rs4676158	-0.102377	0.0572466	0.0912213	0.0630006	-0.117007	0.114016	0.14517	0.0902374	-0.0490228	0.114782	-0.135705	0.116019	0.00589208	0.0147829
rs4676159	-0.00547629	0.0746025	0.0928799	0.0638857	-0.116681	0.114209	0.176701	0.0920745	-0.0304678	0.116138	-0.0979504	0.11752	NA	NA
rs4676160	-0.102377	0.0572466	0.0912213	0.0630006	-0.117007	0.114016	0.14517	0.0902374	-0.0490228	0.114782	-0.135705	0.116019	0.00589208	0.0147829
rs60434997	-0.193663	0.135305	NA	NA	NA	NA	NA	NA	NA	NA	NA	NA	0.0299295	0.0422923
rs60344754	0.00300206	0.0796615	NA	NA	NA	NA	NA	NA	NA	NA	NA	NA	NA	NA
rs75730313	-0.0395618	0.122386	NA	NA	NA	NA	NA	NA	NA	NA	NA	NA	-0.0589038	0.0520466
rs79973075	-0.019067	0.120133	NA	NA	NA	NA	NA	NA	NA	NA	NA	NA	-0.0416385	0.0452214
rs28437003	-0.193298	0.0979126	NA	NA	NA	NA	NA	NA	NA	NA	NA	NA	-0.0695501	0.0384155
rs4676161	-0.102264	0.0572493	0.0912213	0.0630006	-0.117007	0.114016	0.14517	0.0902374	-0.0490228	0.114782	-0.135705	0.116019	NA	NA
rs74347678	0.066131	0.121185	NA	NA	NA	NA	NA	NA	NA	NA	NA	NA	NA	NA
rs12472957	-0.102264	0.0572493	0.0912213	0.0630006	-0.117007	0.114016	0.14517	0.0902374	-0.0490228	0.114782	-0.135705	0.116019	0.00589208	0.0147829
rs1878140	-0.102264	0.0572493	0.0912213	0.0630006	-0.117007	0.114016	0.14517	0.0902374	-0.0490228	0.114782	-0.135705	0.116019	NA	NA
rs1878139	-0.102264	0.0572493	0.0912213	0.0630006	-0.117007	0.114016	0.14517	0.0902374	-0.0490228	0.114782	-0.135705	0.116019	NA	NA
rs1878138	0.11419	0.093718	NA	NA	NA	NA	NA	NA	NA	NA	NA	NA	0.0202453	0.0274322
rs73951907	-0.193663	0.135305	NA	NA	NA	NA	NA	NA	NA	NA	NA	NA	0.0299295	0.0422923
rs28560316	-0.0838298	0.0577592	0.0912815	0.0630149	-0.117013	0.114019	0.145007	0.0902704	-0.0490228	0.114782	-0.135705	0.116019	NA	NA
rs73951908	-0.193663	0.135305	NA	NA	NA	NA	NA	NA	NA	NA	NA	NA	0.0299295	0.0422923
rs76890832	-0.0180858	0.11995	NA	NA	NA	NA	NA	NA	NA	NA	NA	NA	-0.0416385	0.0452214
rs78831463	-0.0182033	0.120042	NA	NA	NA	NA	NA	NA	NA	NA	NA	NA	NA	NA
rs13429415	-0.0868292	0.0579666	0.091307	0.063034	-0.116905	0.11406	0.14499	0.0902734	-0.0490298	0.114785	-0.135708	0.116022	0.00769286	0.014785
rs13416103	-0.0868292	0.0579666	0.091307	0.063034	-0.116905	0.11406	0.14499	0.0902734	-0.0490298	0.114785	-0.135708	0.116022	0.00769286	0.014785
rs62161304	0.136006	0.194592	0.0251615	0.0611577	-0.0119684	0.131751	0.146244	0.0869651	0.0270783	0.109835	-0.0488376	0.112194	-0.0453926	0.0328238
rs11903310	0.00336296	0.0720008	0.0529122	0.0431239	-0.0821613	0.0838454	0.146227	0.0619294	-0.0152973	0.0845166	-0.104522	0.0856108	NA	NA
rs66663639	-0.0377751	0.0741849	NA	NA	NA	NA	0.176701	0.0920745	-0.0304678	0.116138	-0.0979504	0.11752	0.026889	0.0172767
rs11897865	0.00367228	0.0583297	NA	NA	NA	NA	0.106307	0.0792387	0.00133061	0.106646	-0.0833678	0.108186	-0.0142801	0.0138798
rs116134425	-0.0362035	0.0743456	NA	NA	NA	NA	0.176701	0.0920745	-0.0304678	0.116138	-0.0979504	0.11752	NA	NA
rs13390488	-0.0856224	0.0579124	0.0912815	0.0630149	-0.117013	0.114019	0.145007	0.0902704	-0.0490228	0.114782	-0.135705	0.116019	NA	NA
rs72940918	-0.0630205	0.0598617	0.091172	0.0630343	-0.117107	0.114059	0.14513	0.0903121	-0.0490228	0.114782	-0.135705	0.116019	NA	NA
rs112927826	0.115149	0.0938582	NA	NA	NA	NA	NA	NA	NA	NA	NA	NA	0.0202453	0.0274322
rs72940920	-0.0852628	0.0578197	0.0912815	0.0630149	-0.117013	0.114019	0.145007	0.0902704	-0.0490228	0.114782	-0.135705	0.116019	0.00769286	0.014785
rs114107414	-0.0389844	0.127977	NA	NA	NA	NA	NA	NA	NA	NA	NA	NA	NA	NA
rs72940922	-0.0807614	0.124708	NA	NA	NA	NA	NA	NA	NA	NA	NA	NA	NA	NA
rs72940926	-0.0856425	0.0579142	0.0912815	0.0630149	-0.117013	0.114019	0.145007	0.0902704	-0.0490228	0.114782	-0.135705	0.116019	0.00769286	0.014785
rs116166411	-0.0917471	0.100761	NA	NA	NA	NA	NA	NA	NA	NA	NA	NA	NA	NA
rs72940927	-0.0852611	0.0578212	0.0914873	0.0630552	-0.117063	0.114093	0.145087	0.0902952	-0.0489644	0.114792	-0.135671	0.116031	NA	NA
rs1157372	0.19361	0.387647	-0.0249409	0.0319072	-0.000665748	0.0663418	0.049397	0.04856	0.0755843	0.0778782	-0.0457542	0.0809452	NA	NA
rs10175302	-0.0856347	0.0579143	0.0912815	0.0630149	-0.117013	0.114019	0.145007	0.0902704	-0.0490228	0.114782	-0.135705	0.116019	0.00769286	0.014785
rs113175310	0.112221	0.0572432	NA	NA	NA	NA	NA	NA	NA	NA	NA	NA	NA	NA
rs6761852	-0.0461011	0.0798884	0.0528939	0.0431199	-0.0821595	0.0838446	0.146305	0.0619185	-0.0152973	0.0845166	-0.104522	0.0856108	NA	NA
rs79918861	-0.0391041	0.122339	NA	NA	NA	NA	NA	NA	NA	NA	NA	NA	NA	NA
rs13422949	-0.191057	0.0986717	NA	NA	NA	NA	NA	NA	NA	NA	NA	NA	NA	NA
rs1112248	-0.088457	0.0581518	0.0912815	0.0630149	-0.117013	0.114019	0.145007	0.0902704	-0.0490228	0.114782	-0.135705	0.116019	NA	NA
rs111445251	0.112699	0.0571227	NA	NA	NA	NA	NA	NA	NA	NA	NA	NA	0.00507177	0.0149472
rs2377918	-0.054087	0.0808552	0.0527518	0.0431278	-0.082205	0.083866	0.146412	0.0619364	-0.0152672	0.084523	-0.104512	0.0856176	0.00564916	0.0166856
rs11123671	0.00445209	0.0657673	0.0924489	0.0639184	-0.117031	0.114277	0.177087	0.0921459	-0.0304373	0.116156	-0.0979335	0.117539	NA	NA
rs1878137	0.116464	0.0939203	NA	NA	NA	NA	NA	NA	NA	NA	NA	NA	0.0235321	0.0275072
rs13400943	-0.058245	0.0690428	NA	NA	NA	NA	NA	NA	NA	NA	NA	NA	-0.0194655	0.0214768
rs115516494	0.194914	0.115493	NA	NA	NA	NA	NA	NA	NA	NA	NA	NA	0.0443701	0.0378237
rs17021662	0.122532	0.0693486	NA	NA	NA	NA	NA	NA	NA	NA	NA	NA	0.0289614	0.0201195
rs35848703	-0.0544469	0.0701878	NA	NA	NA	NA	0.19169	0.0881327	0.0809366	0.12531	-0.0501203	0.127358	0.0244208	0.0163508
rs71950011	0.0929313	0.0575077	NA	NA	NA	NA	NA	NA	NA	NA	NA	NA	NA	NA
rs60160103	0.0557765	0.055741	NA	NA	NA	NA	NA	NA	NA	NA	NA	NA	-0.011856	0.0135099
rs17021665	0.0993149	0.0640108	NA	NA	NA	NA	NA	NA	NA	NA	NA	NA	NA	NA
rs114899285	0.0651075	0.122409	NA	NA	NA	NA	NA	NA	NA	NA	NA	NA	0.00344714	0.0330693
rs60832971	-0.238383	0.188829	NA	NA	NA	NA	NA	NA	NA	NA	NA	NA	-0.00583405	0.046316
rs2675029	0.0528655	0.0558673	NA	NA	NA	NA	0.199456	0.0697688	0.06128	0.0972214	-0.0427546	0.0974228	NA	NA
rs79127473	-0.193919	0.135079	NA	NA	NA	NA	NA	NA	NA	NA	NA	NA	0.0285505	0.0426546
rs2675028	-0.0536803	0.0699336	0.0616184	0.0619072	-0.0737757	0.113089	0.19169	0.0881327	0.0809783	0.125314	-0.0500811	0.127362	NA	NA
rs62161305	0.0383768	0.371281	0.123286	0.076819	0.0441756	0.174528	0.133587	0.110206	0.010058	0.161293	-0.05943	0.165426	NA	NA
rs13430933	-0.0957571	0.066404	NA	NA	NA	NA	NA	NA	NA	NA	NA	NA	-0.0240882	0.0191953
rs77813809	-0.0956007	0.0663883	NA	NA	NA	NA	NA	NA	NA	NA	NA	NA	NA	NA
rs77899543	-0.0958177	0.0664353	NA	NA	NA	NA	NA	NA	NA	NA	NA	NA	NA	NA
rs56088101	-0.132645	0.0832792	0.0411973	0.0679907	0.0239224	0.151034	-0.0739882	0.0960372	-0.0222567	0.143322	0.0144653	0.142457	NA	NA
rs10432618	0.0447216	0.262898	NA	NA	NA	NA	NA	NA	NA	NA	NA	NA	NA	NA
rs72041369	-0.102473	0.0663468	NA	NA	NA	NA	NA	NA	NA	NA	NA	NA	NA	NA
rs13386503	-0.0979359	0.068031	NA	NA	NA	NA	NA	NA	NA	NA	NA	NA	NA	NA
rs72453139	-0.077569	0.0673765	NA	NA	NA	NA	NA	NA	NA	NA	NA	NA	NA	NA
rs7561073	0.0611217	0.0634018	NA	NA	NA	NA	-0.0735619	0.0512464	0.049022	0.0766135	0.0298035	0.0783042	NA	NA
rs13400522	-0.0791808	0.068171	NA	NA	NA	NA	NA	NA	NA	NA	NA	NA	-0.0270505	0.020598
rs58664405	-0.188471	0.13417	NA	NA	NA	NA	NA	NA	NA	NA	NA	NA	0.0299295	0.0422923
rs73951909	-0.188471	0.13417	NA	NA	NA	NA	NA	NA	NA	NA	NA	NA	0.0299295	0.0422923
rs10204300	0.0851423	0.054404	NA	NA	NA	NA	NA	NA	NA	NA	NA	NA	-0.0117261	0.0136073
rs76312680	0.0610542	0.216183	NA	NA	NA	NA	NA	NA	NA	NA	NA	NA	NA	NA
rs13425322	0.0846953	0.0543217	NA	NA	NA	NA	NA	NA	NA	NA	NA	NA	-0.0117261	0.0136073
rs80157903	0.116198	0.0629854	NA	NA	NA	NA	NA	NA	NA	NA	NA	NA	0.00874065	0.0167882
rs78372931	-0.0545681	0.125244	NA	NA	NA	NA	NA	NA	NA	NA	NA	NA	-0.0555834	0.0520477
rs79440677	-0.237969	0.189013	NA	NA	NA	NA	NA	NA	NA	NA	NA	NA	-0.00341642	0.0458466
rs112044953	0.00382365	0.175053	NA	NA	NA	NA	NA	NA	NA	NA	NA	NA	NA	NA
rs77267929	0.0590836	0.12179	NA	NA	NA	NA	NA	NA	NA	NA	NA	NA	0.00344714	0.0330693
rs832182	-0.018175	0.0797614	0.0746765	0.0473295	-0.0552556	0.0913773	0.173217	0.0693491	0.0350476	0.0982849	-0.0766389	0.0988603	NA	NA
rs7608744	-0.00273866	0.0594664	NA	NA	NA	NA	NA	NA	NA	NA	NA	NA	-0.00935091	0.0174018
rs72095088	-0.0272452	0.0586146	NA	NA	NA	NA	NA	NA	NA	NA	NA	NA	NA	NA
rs75503701	0.0610577	0.216364	NA	NA	NA	NA	NA	NA	NA	NA	NA	NA	NA	NA
rs60288607	0.0589964	0.121909	NA	NA	NA	NA	NA	NA	NA	NA	NA	NA	0.00344714	0.0330693
rs13382228	-0.0240842	0.0586245	NA	NA	NA	NA	NA	NA	NA	NA	NA	NA	-0.00906709	0.0167016
rs11123672	-0.222922	0.129341	NA	NA	NA	NA	NA	NA	NA	NA	NA	NA	NA	NA
rs700844	-0.0194987	0.0803247	0.0748653	0.047309	-0.0557468	0.0913393	0.173326	0.0692811	0.0357482	0.0982672	-0.0764817	0.0988397	0.00640649	0.0161288
rs11123673	-0.0240842	0.0586245	NA	NA	NA	NA	NA	NA	NA	NA	NA	NA	-0.00906709	0.0167016
rs77531630	-0.0864817	0.0718244	NA	NA	NA	NA	NA	NA	NA	NA	NA	NA	NA	NA
rs73951910	-0.182854	0.13274	NA	NA	NA	NA	NA	NA	NA	NA	NA	NA	NA	NA
rs832181	-0.0722005	0.12429	NA	NA	NA	NA	NA	NA	NA	NA	NA	NA	0.0349942	0.0238776
rs12328783	-0.0232401	0.0586043	NA	NA	NA	NA	NA	NA	NA	NA	NA	NA	-0.00906709	0.0167016
rs79221666	0.0902584	0.078161	NA	NA	NA	NA	NA	NA	NA	NA	NA	NA	NA	NA
rs12328014	-0.0229788	0.0585444	NA	NA	NA	NA	NA	NA	NA	NA	NA	NA	-0.00875403	0.0166973
rs115309932	0.288673	0.155167	NA	NA	NA	NA	NA	NA	NA	NA	NA	NA	NA	NA
rs10171153	-0.0230015	0.0585443	NA	NA	NA	NA	NA	NA	NA	NA	NA	NA	-0.00680284	0.0166988
rs1473289	-0.0852245	0.0722125	0.0599794	0.062879	-0.0556947	0.115478	0.198218	0.0891814	0.0585447	0.124324	-0.0633972	0.126588	0.0240811	0.0163497
rs62161307	0.119062	0.342332	0.108966	0.0776577	0.0538319	0.174053	0.156362	0.11173	-0.0236299	0.163935	-0.0546291	0.16738	NA	NA
rs76408738	-0.104127	0.0662319	NA	NA	NA	NA	NA	NA	NA	NA	NA	NA	NA	NA
rs7581389	0.15141	0.0943884	NA	NA	NA	NA	NA	NA	NA	NA	NA	NA	NA	NA
rs113829736	-0.207141	0.098664	NA	NA	NA	NA	NA	NA	NA	NA	NA	NA	-0.0689893	0.0355575
rs115557709	-0.238054	0.189078	NA	NA	NA	NA	NA	NA	NA	NA	NA	NA	-0.00341642	0.0458466
rs17021684	0.755533	0.253227	0.00277357	0.0405582	0.0722491	0.083872	-0.00919907	0.0602197	-0.00608889	0.0962211	0.0189474	0.0990551	NA	NA
rs73951911	-0.175059	0.132973	NA	NA	NA	NA	NA	NA	NA	NA	NA	NA	NA	NA
rs62161308	0.1983	0.352635	0.110265	0.0778467	0.0474683	0.173526	0.159001	0.112061	-0.0236447	0.163997	-0.0565548	0.167406	NA	NA
rs76113841	0.102885	0.0614754	NA	NA	NA	NA	NA	NA	NA	NA	NA	NA	0.00622278	0.0159946
rs111414934	0.275952	0.243661	NA	NA	NA	NA	NA	NA	NA	NA	NA	NA	-0.00260849	0.0435291
rs116179940	0.0426656	0.128835	NA	NA	NA	NA	NA	NA	NA	NA	NA	NA	-0.010972	0.0361121
rs73951912	-0.0644034	0.0609668	NA	NA	NA	NA	NA	NA	NA	NA	NA	NA	-0.0100803	0.0183034
rs116587342	0.0775636	0.233397	NA	NA	NA	NA	NA	NA	NA	NA	NA	NA	NA	NA
rs74791443	-0.2617	0.229557	NA	NA	NA	NA	NA	NA	NA	NA	NA	NA	NA	NA
rs700845	-0.0730514	0.0744435	0.060125	0.0628344	-0.0555546	0.11543	0.198286	0.0891134	0.0586193	0.124002	-0.0619807	0.126248	0.0149509	0.0169567
rs10496416	0.142387	0.0588791	NA	NA	NA	NA	NA	NA	NA	NA	NA	NA	0.0105759	0.0154117
rs10165568	-0.0481147	0.0579707	NA	NA	NA	NA	NA	NA	NA	NA	NA	NA	-0.0115193	0.0160676
rs12327944	-0.198993	0.0843406	NA	NA	NA	NA	NA	NA	NA	NA	NA	NA	NA	NA
rs73951913	-0.0525073	0.0576924	NA	NA	NA	NA	NA	NA	NA	NA	NA	NA	-0.0115193	0.0160676
rs17021700	0.135214	0.0586128	NA	NA	NA	NA	NA	NA	NA	NA	NA	NA	0.0130181	0.0154049
rs73951914	-0.0708949	0.0606071	NA	NA	NA	NA	NA	NA	NA	NA	NA	NA	-0.0034973	0.0182968
rs78924887	-0.183439	0.0832695	NA	NA	NA	NA	NA	NA	NA	NA	NA	NA	-0.0817386	0.0308442
rs62161309	0.0739123	0.248894	0.10979	0.0779765	0.0498892	0.174022	0.15906	0.112343	-0.022777	0.164051	-0.055812	0.167477	NA	NA
rs73951915	-0.0729364	0.107824	NA	NA	NA	NA	NA	NA	NA	NA	NA	NA	0.0383625	0.0316261
rs700846	-0.0360778	0.0797177	NA	NA	NA	NA	0.175987	0.0700722	0.0220656	0.0977263	-0.0846655	0.0984875	-0.0039161	0.015754
rs73951916	-0.0729364	0.107824	NA	NA	NA	NA	NA	NA	NA	NA	NA	NA	0.0383625	0.0316261
rs58686326	-0.0471566	0.0581084	NA	NA	NA	NA	NA	NA	NA	NA	NA	NA	-0.00961144	0.0160286
rs17021703	0.0944806	0.0630332	NA	NA	NA	NA	NA	NA	NA	NA	NA	NA	NA	NA
rs78763157	0.177554	0.121218	NA	NA	NA	NA	NA	NA	NA	NA	NA	NA	-0.0348862	0.0389227
rs78622749	-0.0178215	0.125894	NA	NA	NA	NA	NA	NA	NA	NA	NA	NA	-0.0900916	0.0538765
rs10439407	-0.0471566	0.0581084	NA	NA	NA	NA	NA	NA	NA	NA	NA	NA	-0.00961144	0.0160286
rs60567724	-0.0530423	0.0577576	NA	NA	NA	NA	NA	NA	NA	NA	NA	NA	-0.00961144	0.0160286
rs79134660	0.0412742	0.133528	NA	NA	NA	NA	NA	NA	NA	NA	NA	NA	-0.00951564	0.0358995
rs77699694	-0.208901	0.0848892	NA	NA	NA	NA	NA	NA	NA	NA	NA	NA	-0.0817386	0.0308442
rs73951917	-0.0681847	0.106976	NA	NA	NA	NA	NA	NA	NA	NA	NA	NA	0.0383625	0.0316261
rs59678777	-0.0522013	0.0576988	NA	NA	NA	NA	NA	NA	NA	NA	NA	NA	NA	NA
rs700847	-0.073981	0.070638	0.0605493	0.0627601	-0.0574701	0.115243	0.198237	0.0891006	0.0580166	0.123807	-0.0617826	0.126056	NA	NA
rs700848	-0.0341688	0.0787065	NA	NA	NA	NA	0.175616	0.0699516	0.0223525	0.0976508	-0.0842941	0.0984126	NA	NA
rs112775500	0.173817	0.21284	NA	NA	NA	NA	NA	NA	NA	NA	NA	NA	0.00790906	0.0383774
rs111609297	0.276552	0.244828	NA	NA	NA	NA	NA	NA	NA	NA	NA	NA	0.0168647	0.0436039
rs73951918	-0.0522013	0.0576988	NA	NA	NA	NA	NA	NA	NA	NA	NA	NA	-0.00961144	0.0160286
rs75169179	0.0937313	0.0630411	NA	NA	NA	NA	NA	NA	NA	NA	NA	NA	0.00219554	0.017064
rs112128162	0.173817	0.21284	NA	NA	NA	NA	NA	NA	NA	NA	NA	NA	0.00790906	0.0383774
rs80193115	-0.179904	0.172545	NA	NA	NA	NA	NA	NA	NA	NA	NA	NA	NA	NA
rs13424681	-0.0522013	0.0576988	NA	NA	NA	NA	NA	NA	NA	NA	NA	NA	-0.00961144	0.0160286
rs13399630	0.0257709	0.0569797	NA	NA	NA	NA	NA	NA	NA	NA	NA	NA	-0.00558808	0.0136794
rs115161768	-0.24354	0.242	NA	NA	NA	NA	NA	NA	NA	NA	NA	NA	NA	NA
rs13415622	-0.212755	0.0846892	NA	NA	NA	NA	NA	NA	NA	NA	NA	NA	-0.0817386	0.0308442
rs9678081	0.0921746	0.0629223	NA	NA	NA	NA	NA	NA	NA	NA	NA	NA	0.00520362	0.0170721
rs76951031	0.0784231	0.234716	NA	NA	NA	NA	NA	NA	NA	NA	NA	NA	NA	NA
rs62161311	0.100795	0.241533	0.109956	0.0779738	0.050448	0.173997	0.158851	0.112338	-0.0228131	0.164043	-0.0559104	0.167469	NA	NA
rs74739032	-0.178985	0.172765	NA	NA	NA	NA	NA	NA	NA	NA	NA	NA	0.0445081	0.0463583
rs700849	-0.0702294	0.0704408	0.0605493	0.0627601	-0.0574701	0.115243	0.198237	0.0891006	0.0580166	0.123807	-0.0617826	0.126056	NA	NA
rs10169358	-0.0504129	0.0574116	NA	NA	NA	NA	NA	NA	NA	NA	NA	NA	NA	NA
rs74793497	-0.00724735	0.0915402	NA	NA	NA	NA	NA	NA	NA	NA	NA	NA	NA	NA
rs116196056	0.0483501	0.133483	NA	NA	NA	NA	NA	NA	NA	NA	NA	NA	-0.00951564	0.0358995
rs112914091	0.134404	0.0980524	NA	NA	NA	NA	NA	NA	NA	NA	NA	NA	0.0315266	0.0268843
rs113433606	0.176013	0.213358	NA	NA	NA	NA	NA	NA	NA	NA	NA	NA	0.00790906	0.0383774
rs78503446	-0.005941	0.185707	NA	NA	NA	NA	NA	NA	NA	NA	NA	NA	NA	NA
rs116603415	0.0483501	0.133483	NA	NA	NA	NA	NA	NA	NA	NA	NA	NA	-0.0108112	0.0361159
rs10175542	-0.0315156	0.0781659	NA	NA	NA	NA	0.175642	0.0700542	0.0223695	0.0976697	-0.0843066	0.0984318	NA	NA
rs10188375	0.0257875	0.0569809	NA	NA	NA	NA	NA	NA	NA	NA	NA	NA	-0.00560487	0.0136713
rs76478194	0.0483501	0.133483	NA	NA	NA	NA	NA	NA	NA	NA	NA	NA	NA	NA
rs62161312	0.100646	0.241501	0.109487	0.0778159	0.0481814	0.173355	0.158935	0.111976	-0.0228908	0.163915	-0.0558399	0.167335	NA	NA
rs13408384	0.0230875	0.0571307	NA	NA	NA	NA	NA	NA	NA	NA	NA	NA	NA	NA
rs13395088	0.0243657	0.0570483	NA	NA	NA	NA	NA	NA	NA	NA	NA	NA	NA	NA
rs700850	-0.0444513	0.0687391	0.0603719	0.0627637	-0.0574405	0.115246	0.198376	0.0891075	0.0604454	0.124	-0.0613574	0.126238	NA	NA
rs75877110	-0.0661088	0.106902	NA	NA	NA	NA	NA	NA	NA	NA	NA	NA	0.0383625	0.0316261
rs866718	-0.00590768	0.185706	NA	NA	NA	NA	NA	NA	NA	NA	NA	NA	-0.0292328	0.0436913
rs116290572	-0.00559638	0.185762	NA	NA	NA	NA	NA	NA	NA	NA	NA	NA	-0.0292328	0.0436913
rs34474246	-0.293423	0.152951	NA	NA	NA	NA	NA	NA	NA	NA	NA	NA	-0.052803	0.0647903
rs115330625	0.127502	0.112052	NA	NA	NA	NA	NA	NA	NA	NA	NA	NA	0.0555333	0.0377944
rs62161313	0.106049	0.244562	0.109921	0.0779434	0.0499949	0.17387	0.158898	0.112268	-0.0229434	0.163924	-0.0558821	0.167344	NA	NA
rs13405212	-0.217085	0.0843606	NA	NA	NA	NA	NA	NA	NA	NA	NA	NA	-0.0817386	0.0308442
rs77996627	0.0614414	0.131449	NA	NA	NA	NA	NA	NA	NA	NA	NA	NA	-0.00951564	0.0358995
rs111616977	-0.217085	0.0843606	NA	NA	NA	NA	NA	NA	NA	NA	NA	NA	-0.0817386	0.0308442
rs78779243	-0.217085	0.0843606	NA	NA	NA	NA	NA	NA	NA	NA	NA	NA	NA	NA
rs11893363	0.00788631	0.0566129	NA	NA	NA	NA	NA	NA	NA	NA	NA	NA	-0.00221579	0.0137122
rs56925950	-0.00590768	0.185706	NA	NA	NA	NA	NA	NA	NA	NA	NA	NA	-0.0292328	0.0436913
rs113123462	0.179211	0.213874	NA	NA	NA	NA	NA	NA	NA	NA	NA	NA	0.00790906	0.0383774
rs76408555	-0.00588122	0.185705	NA	NA	NA	NA	NA	NA	NA	NA	NA	NA	-0.0292328	0.0436913
rs13409338	-0.083527	0.0604465	NA	NA	NA	NA	NA	NA	NA	NA	NA	NA	-0.00107747	0.0182147
rs13409349	-0.0832294	0.0603803	NA	NA	NA	NA	NA	NA	NA	NA	NA	NA	-0.00107747	0.0182147
rs73951920	-0.14379	0.127665	NA	NA	NA	NA	NA	NA	NA	NA	NA	NA	0.0514287	0.0429519
rs59508889	-0.0999602	0.0659187	NA	NA	NA	NA	NA	NA	NA	NA	NA	NA	NA	NA
rs700851	-0.0549182	0.0793031	0.0616794	0.047337	-0.0343776	0.0917511	0.172915	0.0686959	0.0187757	0.0963587	-0.0853342	0.0970366	NA	NA
rs6742466	0.0896126	0.0626808	NA	NA	NA	NA	NA	NA	NA	NA	NA	NA	0.00497302	0.0170615
rs13390266	-0.0841667	0.0605511	NA	NA	NA	NA	NA	NA	NA	NA	NA	NA	-0.00107747	0.0182147
rs111621355	0.170823	0.2149	NA	NA	NA	NA	NA	NA	NA	NA	NA	NA	NA	NA
rs55960508	-0.20243	0.173283	NA	NA	NA	NA	NA	NA	NA	NA	NA	NA	NA	NA
rs73951921	-0.0656118	0.106872	NA	NA	NA	NA	NA	NA	NA	NA	NA	NA	0.0383625	0.0316261
rs700852	-0.068996	0.0789045	0.0633742	0.0481518	-0.0360332	0.0931197	0.17578	0.0700571	0.0225509	0.0976802	-0.0843576	0.0984465	-0.00141421	0.0159591
rs13416483	-0.221485	0.0844041	NA	NA	NA	NA	NA	NA	NA	NA	NA	NA	-0.0833075	0.0309688
rs75220608	0.102467	0.127265	NA	NA	NA	NA	NA	NA	NA	NA	NA	NA	NA	NA
rs67571119	0.14222	0.174894	NA	NA	NA	NA	NA	NA	NA	NA	NA	NA	NA	NA
rs832013	-0.100932	0.0699135	0.0591704	0.0617421	-0.0542911	0.113701	0.195639	0.0876816	0.051144	0.122286	-0.0639491	0.124421	NA	NA
rs111355794	0.151334	0.0997616	NA	NA	NA	NA	NA	NA	NA	NA	NA	NA	0.0315266	0.0268843
rs62161315	0.175904	0.291544	0.109557	0.0781142	0.0506966	0.173987	0.159007	0.112639	-0.0209856	0.164734	-0.0587915	0.168146	NA	NA
rs700853	-0.0690092	0.0795611	0.0634162	0.048187	-0.035948	0.0930949	0.176097	0.0701772	0.0242976	0.0977797	-0.0843946	0.0985843	NA	NA
rs75170526	0.00762217	0.185017	NA	NA	NA	NA	NA	NA	NA	NA	NA	NA	-0.0300582	0.0423003
rs115644229	-0.40686	0.218192	NA	NA	NA	NA	NA	NA	NA	NA	NA	NA	-0.102457	0.0423002
rs41325545	0.0441361	0.135164	NA	NA	NA	NA	NA	NA	NA	NA	NA	NA	-0.00951564	0.0358995
rs62161316	0.175905	0.292245	0.109557	0.0781142	0.0506966	0.173987	0.159007	0.112639	-0.0209856	0.164734	-0.0587915	0.168146	NA	NA
rs328025	-0.0665107	0.0795266	0.0634144	0.0481872	-0.035941	0.0930953	0.176123	0.0701771	0.0242874	0.0977801	-0.0843946	0.0985843	NA	NA
rs6748798	-0.0819716	0.110842	0.027168	0.110096	-0.0786144	0.219425	0.210311	0.149405	-0.477226	0.266074	-0.512524	0.290377	NA	NA
rs115632771	0.113514	0.191195	NA	NA	NA	NA	NA	NA	NA	NA	NA	NA	0.0213421	0.0451622
rs79134369	0.145183	0.194405	NA	NA	NA	NA	NA	NA	NA	NA	NA	NA	-0.0503145	0.0384424
rs76868251	-0.224122	0.0845865	NA	NA	NA	NA	NA	NA	NA	NA	NA	NA	-0.0833075	0.0309688
rs62161317	0.175905	0.292245	0.109429	0.0781278	0.0510528	0.173997	0.159465	0.112669	-0.0209572	0.164734	-0.0588259	0.168148	NA	NA
rs62161318	0.175905	0.292245	0.109429	0.0781278	0.0510528	0.173997	0.159465	0.112669	-0.0209572	0.164734	-0.0588259	0.168148	NA	NA
rs80181024	0.116901	0.227289	NA	NA	NA	NA	NA	NA	NA	NA	NA	NA	-0.0677639	0.0567445
rs4145015	-0.449757	0.296877	NA	NA	NA	NA	NA	NA	NA	NA	NA	NA	NA	NA
rs10194997	0.0281155	0.0573772	0.0877016	0.0714587	-0.0100841	0.161413	0.104575	0.10111	-0.0295582	0.148955	-0.10566	0.151357	-0.0054676	0.0137411
rs78029675	0.420731	0.332293	NA	NA	NA	NA	NA	NA	NA	NA	NA	NA	NA	NA
rs78155462	0.0862552	0.0622951	NA	NA	NA	NA	NA	NA	NA	NA	NA	NA	0.00214867	0.0167712
rs172915	-0.0664432	0.0814937	NA	NA	NA	NA	0.173253	0.0698611	0.0256808	0.0979283	-0.0820964	0.0987092	NA	NA
rs112219792	0.190766	0.176885	NA	NA	NA	NA	NA	NA	NA	NA	NA	NA	-0.00489662	0.0313982
rs73951925	0.00706065	0.0574043	NA	NA	NA	NA	NA	NA	NA	NA	NA	NA	NA	NA
rs113077183	0.172848	0.102341	NA	NA	NA	NA	NA	NA	NA	NA	NA	NA	0.0230812	0.0259424
rs113490116	0.0862179	0.0622959	NA	NA	NA	NA	NA	NA	NA	NA	NA	NA	0.000576934	0.0168709
rs10204581	-0.222673	0.0844551	NA	NA	NA	NA	NA	NA	NA	NA	NA	NA	NA	NA
rs78259088	-0.00729191	0.228436	0.109767	0.0779621	0.0443774	0.173441	0.157659	0.112323	-0.0203304	0.164974	-0.0602322	0.168392	NA	NA
rs11345643	-0.0799093	0.0710491	NA	NA	NA	NA	0.199237	0.0893567	0.108752	0.125657	-0.0396748	0.128403	NA	NA
rs116585471	-0.0819149	0.0710563	NA	NA	NA	NA	0.199237	0.0893567	0.108752	0.125657	-0.0396748	0.128403	0.0114081	0.0161907
rs6542733	0.0349781	0.057038	NA	NA	NA	NA	NA	NA	NA	NA	NA	NA	-0.0106767	0.0143077
rs28697131	0.0349781	0.057038	NA	NA	NA	NA	NA	NA	NA	NA	NA	NA	-0.0106767	0.0143077
rs59515960	-0.0283556	0.0918135	NA	NA	NA	NA	NA	NA	NA	NA	NA	NA	0.0167174	0.0256664
rs832184	-0.0819117	0.0710563	0.06177	0.0631242	-0.0593	0.115938	0.199152	0.089328	0.099665	0.125577	-0.0440939	0.128189	NA	NA
rs113881523	0.24929	0.103871	NA	NA	NA	NA	NA	NA	NA	NA	NA	NA	0.0257201	0.026239
rs62161319	-0.00649521	0.228361	0.108212	0.0781177	0.0476134	0.174014	0.157575	0.112613	-0.0203304	0.164974	-0.0602322	0.168392	NA	NA
rs114399540	0.0080363	0.167663	NA	NA	NA	NA	NA	NA	NA	NA	NA	NA	NA	NA
rs1661353	0.0203818	0.318241	0.0129207	0.031851	-0.0272816	0.065978	-0.0545471	0.0483227	-0.0956264	0.0797878	0.0459904	0.0827259	NA	NA
rs62161320	-0.00729191	0.228436	0.110086	0.078091	0.0469173	0.174053	0.157428	0.112625	-0.0213327	0.166372	-0.0694691	0.169722	NA	NA
rs832185	0.00489628	0.160508	NA	NA	NA	NA	NA	NA	NA	NA	NA	NA	0.0059484	0.0343273
rs11674447	-0.0803107	0.17935	-0.013472	0.0367442	0.000735415	0.0788117	0.0542637	0.0528842	-0.075306	0.0956744	-1.32E-05	0.101592	-0.0482905	0.0293326
rs1661350	-0.0602816	0.0740564	NA	NA	NA	NA	0.173482	0.0699351	0.0552438	0.0988274	-0.0690309	0.0998583	NA	NA
rs1661349	0.110388	0.0580052	NA	NA	NA	NA	0.187575	0.0856445	0.109912	0.122112	-0.0299695	0.124339	0.0164858	0.014236
rs111458880	-0.0607893	0.0703601	NA	NA	NA	NA	NA	NA	NA	NA	NA	NA	-0.0259251	0.0207808
rs115033017	0.0923595	0.0623371	NA	NA	NA	NA	NA	NA	NA	NA	NA	NA	NA	NA
rs60036669	-0.0178483	0.0918207	NA	NA	NA	NA	NA	NA	NA	NA	NA	NA	0.0202624	0.0232238
rs114631258	0.170038	0.219339	NA	NA	NA	NA	NA	NA	NA	NA	NA	NA	NA	NA
rs7355690	-0.252947	0.0856625	NA	NA	NA	NA	NA	NA	NA	NA	NA	NA	-0.0823458	0.0305077
rs13387696	-0.260138	0.0885418	NA	NA	NA	NA	NA	NA	NA	NA	NA	NA	-0.0740091	0.0323558
rs111514950	0.189384	0.134696	NA	NA	NA	NA	NA	NA	NA	NA	NA	NA	0.0266504	0.0325757
rs111546293	0.189384	0.134696	NA	NA	NA	NA	NA	NA	NA	NA	NA	NA	0.0266504	0.0325757
rs78831533	-0.137108	0.0741467	NA	NA	NA	NA	NA	NA	NA	NA	NA	NA	-0.0331717	0.0227603
rs115554292	-0.363001	0.210409	NA	NA	NA	NA	NA	NA	NA	NA	NA	NA	NA	NA
rs700854	-0.0943125	0.0759448	0.0288427	0.0698888	-0.164949	0.123478	0.247482	0.103455	0.225515	0.141632	-0.0141265	0.143623	0.0145504	0.0172081
rs62161322	0.00640967	0.0565739	-0.0166712	0.033961	0.0472745	0.0710055	-0.0686836	0.0489076	0.134459	0.0689625	-0.00872883	0.07671	-0.013097	0.0143382
rs112211761	-0.252947	0.0856625	NA	NA	NA	NA	NA	NA	NA	NA	NA	NA	NA	NA
rs57151297	0.142756	0.103975	NA	NA	NA	NA	NA	NA	NA	NA	NA	NA	-0.000456787	0.0271411
rs80293578	-0.252888	0.0856505	NA	NA	NA	NA	NA	NA	NA	NA	NA	NA	-0.0823458	0.0305077
rs73951926	0.142566	0.104108	NA	NA	NA	NA	NA	NA	NA	NA	NA	NA	-0.000456787	0.0271411
rs13384094	-0.270771	0.103775	NA	NA	NA	NA	NA	NA	NA	NA	NA	NA	-0.102961	0.0371933
rs62161323	0.103643	0.0612548	-0.0161967	0.0343601	0.052497	0.0715386	-0.0612955	0.0499371	0.139431	0.068713	0.0108504	0.0765608	NA	NA
rs700855	-0.0698872	0.0682417	0.0140796	0.0309093	0.0136702	0.0626477	0.0123882	0.0448823	0.15446	0.0615271	-0.0193513	0.0675984	-0.00731986	0.0158
rs62161324	0.104115	0.0613421	-0.0161967	0.0343601	0.052497	0.0715386	-0.0612955	0.0499371	0.139431	0.068713	0.0108504	0.0765608	NA	NA
rs700856	-0.0128395	0.0844249	0.0137278	0.0309816	0.0116742	0.0628604	0.0112388	0.044725	0.157297	0.0624629	-0.0202038	0.068542	NA	NA
rs700857	-0.0019523	0.157421	NA	NA	NA	NA	NA	NA	NA	NA	NA	NA	0.0203564	0.0313802
rs111331162	0.177838	0.133259	NA	NA	NA	NA	NA	NA	NA	NA	NA	NA	0.0244047	0.0319176
rs75821254	0.00838018	0.166461	NA	NA	NA	NA	NA	NA	NA	NA	NA	NA	NA	NA
rs700858	-0.0784932	0.0636998	0.0268268	0.0699097	-0.166015	0.123533	0.249383	0.1035	0.235288	0.141746	-0.0128528	0.143724	NA	NA
rs62161325	0.10127	0.0613168	-0.0162054	0.03436	0.0525029	0.071538	-0.0612934	0.0499374	0.139836	0.0687065	0.0110034	0.0765601	NA	NA
rs10439408	-0.254194	0.085794	NA	NA	NA	NA	NA	NA	NA	NA	NA	NA	-0.0823458	0.0305077
rs113729128	0.19477	0.227988	NA	NA	NA	NA	NA	NA	NA	NA	NA	NA	NA	NA
rs79315080	0.0338191	0.126589	NA	NA	NA	NA	NA	NA	NA	NA	NA	NA	-0.0191319	0.0255529
rs113066224	0.226327	0.228593	NA	NA	NA	NA	NA	NA	NA	NA	NA	NA	0.0106457	0.0386349
rs79111782	0.0338191	0.126589	NA	NA	NA	NA	NA	NA	NA	NA	NA	NA	-0.0191319	0.0255529
rs13414035	-0.270387	0.103806	NA	NA	NA	NA	NA	NA	NA	NA	NA	NA	NA	NA
rs832015	-0.0906752	0.0759294	0.0288557	0.0698953	-0.164911	0.123491	0.247518	0.103465	0.225621	0.141646	-0.0140465	0.143638	0.0145504	0.0172081
rs2083401	-0.0167027	0.230848	0.110361	0.0774	0.150612	0.168358	0.159976	0.115046	-0.00744574	0.161378	-0.0555659	0.165009	NA	NA
rs112405208	-0.0605115	0.149345	NA	NA	NA	NA	NA	NA	NA	NA	NA	NA	NA	NA
rs113134576	-0.134825	0.0742463	NA	NA	NA	NA	NA	NA	NA	NA	NA	NA	-0.0331717	0.0227603
rs832014	-0.0757886	0.0634208	0.0268268	0.0699097	-0.166015	0.123533	0.249383	0.1035	0.235288	0.141746	-0.0128528	0.143724	NA	NA
rs72826922	-0.0110411	0.236	0.110361	0.0774	0.150612	0.168358	0.159976	0.115046	-0.00744574	0.161378	-0.0555659	0.165009	NA	NA
rs75362517	0.10328	0.061151	-0.0162054	0.03436	0.0525029	0.071538	-0.0612934	0.0499374	0.139836	0.0687065	0.0110034	0.0765601	-0.00126085	0.0158804
rs78378173	-0.0513161	0.2357	0.0902217	0.0938809	-0.151921	0.162622	0.276799	0.13755	0.285535	0.155011	0.0776691	0.158573	0.0812836	0.0325675
rs115678564	0.231064	0.222384	NA	NA	NA	NA	NA	NA	NA	NA	NA	NA	NA	NA
rs80069130	-0.0120266	0.209366	NA	NA	NA	NA	NA	NA	NA	NA	NA	NA	-0.00241945	0.0458547
rs78520996	-0.248861	0.0859542	NA	NA	NA	NA	NA	NA	NA	NA	NA	NA	-0.0823458	0.0305077
rs1661381	-0.0875144	0.0757337	0.0288427	0.0698888	-0.164949	0.123478	0.247482	0.103455	0.225515	0.141632	-0.0141265	0.143623	NA	NA
rs4676027	0.107033	0.0612409	-0.0161967	0.0343601	0.052497	0.0715386	-0.0612955	0.0499371	0.139431	0.068713	0.0108504	0.0765608	NA	NA
rs10718409	0.0194501	0.0580081	NA	NA	NA	NA	-0.0722998	0.0489795	0.123639	0.0694269	-0.013821	0.0772028	NA	NA
rs62161326	-0.0186326	0.232982	0.111992	0.0772692	0.14717	0.167911	0.160279	0.11478	-0.00744574	0.161378	-0.0555659	0.165009	NA	NA
rs992468	-0.00279622	0.0846867	0.0138632	0.0310264	0.0108448	0.0630013	0.011361	0.0447078	0.157768	0.0625634	-0.0184825	0.068665	NA	NA
rs78879709	-0.00710797	0.243108	0.108167	0.0774649	0.150384	0.168844	0.160016	0.115072	-0.0149715	0.166249	-0.0563963	0.170191	NA	NA
rs2377919	-0.00279622	0.0846867	0.0128263	0.0310203	0.0095875	0.062946	0.0111495	0.0447543	0.159017	0.0627919	-0.0193621	0.0689225	NA	NA
rs78661695	-0.131468	0.0743884	NA	NA	NA	NA	NA	NA	NA	NA	NA	NA	NA	NA
rs73951928	-0.0237531	0.0916098	NA	NA	NA	NA	NA	NA	NA	NA	NA	NA	NA	NA
rs41323944	0.102856	0.0611579	-0.0162401	0.0343555	0.0521536	0.0715147	-0.0612934	0.0499374	0.139782	0.068552	0.0113632	0.0763863	-0.00126085	0.0158804
rs62162980	-0.0083066	0.243152	0.110592	0.0772924	0.146268	0.168268	0.16028	0.114799	-0.0133611	0.165588	-0.0511625	0.16954	NA	NA
rs59596826	-0.0662625	0.137279	NA	NA	NA	NA	NA	NA	NA	NA	NA	NA	-0.021381	0.033941
rs10192961	-0.241112	0.0856342	NA	NA	NA	NA	NA	NA	NA	NA	NA	NA	-0.0851491	0.0300248
rs831986	-0.0410081	0.0620181	0.0102101	0.0311029	0.0168396	0.0634113	0.0144559	0.0449886	0.154403	0.0624601	-0.0167512	0.0684509	NA	NA
rs58182202	-0.0126164	0.209336	NA	NA	NA	NA	NA	NA	NA	NA	NA	NA	-0.00241945	0.0458547
rs113982457	0.208965	0.227708	NA	NA	NA	NA	NA	NA	NA	NA	NA	NA	0.0106457	0.0386349
rs74500434	-0.0219351	0.178225	NA	NA	NA	NA	NA	NA	NA	NA	NA	NA	-0.0410783	0.0416005
rs73951929	0.165409	0.0967451	NA	NA	NA	NA	NA	NA	NA	NA	NA	NA	0.0111853	0.022623
rs73951930	0.165409	0.0967451	NA	NA	NA	NA	NA	NA	NA	NA	NA	NA	NA	NA
rs73951931	0.147773	0.104938	NA	NA	NA	NA	NA	NA	NA	NA	NA	NA	0.0109111	0.0272255
rs62162981	0.102681	0.0613363	-0.00894406	0.0342839	0.0495271	0.0714572	-0.0615022	0.0497276	0.131628	0.0685942	0.00884058	0.0762734	0.00442155	0.0156413
rs61154893	0.0197928	0.0728705	NA	NA	NA	NA	-0.0131829	0.0448928	0.166056	0.065235	-0.0130329	0.0716357	NA	NA
rs115101644	-0.0127297	0.209396	NA	NA	NA	NA	NA	NA	NA	NA	NA	NA	-0.00241945	0.0458547
rs41385048	0.0925486	0.0627825	-0.0153725	0.0343429	0.0522501	0.0715163	-0.0613738	0.04991	0.131628	0.0685942	0.00884058	0.0762734	0.0084727	0.0165114
rs59749799	-0.0353427	0.0802172	NA	NA	NA	NA	NA	NA	NA	NA	NA	NA	0.00299426	0.0209632
rs116275937	0.236586	0.222994	NA	NA	NA	NA	NA	NA	NA	NA	NA	NA	0.0106457	0.0386349
rs115280202	-0.198524	0.21139	NA	NA	NA	NA	NA	NA	NA	NA	NA	NA	NA	NA
rs831984	0.05367	0.0545894	-0.00152395	0.0314885	-0.00490814	0.065147	-0.00508171	0.0450773	0.163128	0.0639452	0.00578244	0.0703213	NA	NA
rs114316496	-0.302711	0.237857	NA	NA	NA	NA	NA	NA	NA	NA	NA	NA	NA	NA
rs77961630	0.0905026	0.0627343	-0.0153725	0.0343429	0.0522501	0.0715163	-0.0613738	0.04991	0.131628	0.0685942	0.00884058	0.0762734	NA	NA
rs77278558	-0.242319	0.085999	NA	NA	NA	NA	NA	NA	NA	NA	NA	NA	-0.0823458	0.0305077
rs113792085	0.236272	0.22291	NA	NA	NA	NA	NA	NA	NA	NA	NA	NA	0.0106457	0.0386349
rs74942812	-0.240078	0.0860799	NA	NA	NA	NA	NA	NA	NA	NA	NA	NA	-0.0823458	0.0305077
rs41432150	0.0901369	0.0627437	-0.0153701	0.0343426	0.0522618	0.071515	-0.0613761	0.0499089	0.131613	0.0685923	0.00883387	0.0762708	0.00804304	0.0164522
rs73951932	0.158444	0.104619	NA	NA	NA	NA	NA	NA	NA	NA	NA	NA	0.0109111	0.0272255
rs831983	0.0156485	0.0582742	-0.00263417	0.0310668	-0.0106945	0.0643614	-0.0142568	0.0440816	0.15816	0.0642385	-0.0108643	0.0705036	NA	NA
rs113109010	0.236272	0.22291	NA	NA	NA	NA	NA	NA	NA	NA	NA	NA	NA	NA
rs11903752	-0.035388	0.0801446	NA	NA	NA	NA	NA	NA	NA	NA	NA	NA	0.00299426	0.0209632
rs111803213	0.238643	0.223218	NA	NA	NA	NA	NA	NA	NA	NA	NA	NA	NA	NA
rs831982	0.060922	0.0569527	NA	NA	NA	NA	-0.00353602	0.0459124	0.167872	0.0649359	0.00512152	0.0713531	NA	NA
rs113439554	0.257532	0.225452	NA	NA	NA	NA	NA	NA	NA	NA	NA	NA	0.0106457	0.0386349
rs831981	0.009614	0.084492	0.0133139	0.0310263	0.0111868	0.0629674	0.0106376	0.0447127	0.158861	0.0626207	-0.0175078	0.0687451	-0.00522388	0.0182925
rs831980	0.0539508	0.0548712	-0.00180238	0.0320428	-0.00470905	0.0662027	-0.00437168	0.0458436	0.167644	0.0649156	0.00490876	0.0713259	NA	NA
rs114405887	-0.240758	0.199239	NA	NA	NA	NA	NA	NA	NA	NA	NA	NA	-0.0600002	0.0582666
rs17021733	0.0952233	0.0627296	-0.0146541	0.0337776	0.05085	0.0704314	-0.0614232	0.0490527	0.129894	0.0676068	0.0111571	0.0752542	0.00841873	0.0165139
rs328026	0.00989516	0.084468	0.0132566	0.0310335	0.0111241	0.0629732	0.0103116	0.0447246	0.159077	0.0626347	-0.0173375	0.0687659	NA	NA
rs328027	-0.0634806	0.0799342	NA	NA	NA	NA	NA	NA	NA	NA	NA	NA	0.0261375	0.0179855
rs328028	0.0220352	0.0727416	-0.00362607	0.0316642	-0.0106787	0.0655192	-0.0134221	0.0449252	0.166986	0.0652793	-0.0124061	0.0717042	0.0134185	0.0163803
rs114481649	0.183906	0.224732	NA	NA	NA	NA	NA	NA	NA	NA	NA	NA	NA	NA
rs73951935	0.138654	0.105601	NA	NA	NA	NA	NA	NA	NA	NA	NA	NA	0.0109111	0.0272255
rs116772414	0.351601	0.149473	NA	NA	NA	NA	NA	NA	NA	NA	NA	NA	0.0346271	0.0415308
rs10192974	-0.237981	0.0868361	NA	NA	NA	NA	NA	NA	NA	NA	NA	NA	NA	NA
rs111346597	0.271207	0.227761	NA	NA	NA	NA	NA	NA	NA	NA	NA	NA	0.0106457	0.0386349
rs116053919	0.23762	0.245208	NA	NA	NA	NA	NA	NA	NA	NA	NA	NA	-0.0251093	0.044984
rs75157081	-0.251337	0.0901915	NA	NA	NA	NA	NA	NA	NA	NA	NA	NA	NA	NA
rs328030	0.0343847	0.0739799	-0.00255539	0.0316687	-0.00975446	0.0654916	-0.0116412	0.0449279	0.163724	0.0653627	-0.0128408	0.0717171	NA	NA
rs328031	0.0293866	0.0594053	-0.00178562	0.031627	-0.00963973	0.0654221	-0.0117816	0.0448563	0.159517	0.0652941	-0.0118981	0.071529	0.007194	0.0143007
rs114532504	0.162916	0.23205	NA	NA	NA	NA	NA	NA	NA	NA	NA	NA	-0.0141987	0.0374405
rs78579710	-0.237849	0.0877477	NA	NA	NA	NA	NA	NA	NA	NA	NA	NA	NA	NA
rs113943068	0.296916	0.233546	NA	NA	NA	NA	NA	NA	NA	NA	NA	NA	0.0106457	0.0386349
rs12105591	0.095381	0.0627151	-0.0153905	0.0343539	0.0522821	0.0715417	-0.0614986	0.0499281	0.131971	0.0686277	0.00849486	0.0763176	0.00841873	0.0165139
rs61229302	-0.222325	0.14241	NA	NA	NA	NA	NA	NA	NA	NA	NA	NA	-0.0514707	0.0622049
rs73951951	0.102968	0.0979542	NA	NA	NA	NA	NA	NA	NA	NA	NA	NA	0.0129408	0.0263607
rs73951952	0.0973482	0.097303	NA	NA	NA	NA	NA	NA	NA	NA	NA	NA	0.0142574	0.0265338
rs79111145	-0.0679551	0.141346	NA	NA	NA	NA	NA	NA	NA	NA	NA	NA	-0.0334429	0.0314037
rs55723687	-0.048966	0.104778	NA	NA	NA	NA	NA	NA	NA	NA	NA	NA	-0.00589088	0.027176
rs13382223	-0.184967	0.0949791	NA	NA	NA	NA	NA	NA	NA	NA	NA	NA	-0.0478154	0.0267282
rs831978	0.0286943	0.0843252	-0.0310749	0.0332754	0.0256715	0.067513	-0.00365818	0.0477065	0.122543	0.0675819	0.0524617	0.0738653	-0.000238475	0.0182694
rs831977	0.0286943	0.0843252	-0.0299442	0.0333144	0.026671	0.0675715	-0.00163689	0.0477622	0.11898	0.0676596	0.0520303	0.0738834	NA	NA
rs10167792	-0.172822	0.0908397	NA	NA	NA	NA	NA	NA	NA	NA	NA	NA	NA	NA
rs59663846	0.0718287	0.096749	NA	NA	NA	NA	NA	NA	NA	NA	NA	NA	0.0184842	0.0239383
rs116258055	-0.0489387	0.132554	NA	NA	NA	NA	NA	NA	NA	NA	NA	NA	-0.0529442	0.0299988
rs6741082	-0.0310882	0.156806	NA	NA	NA	NA	NA	NA	NA	NA	NA	NA	-0.0396239	0.0416124
rs77201591	-0.173833	0.213745	NA	NA	NA	NA	NA	NA	NA	NA	NA	NA	NA	NA
rs6712602	0.00142064	0.0652891	NA	NA	NA	NA	NA	NA	NA	NA	NA	NA	0.00158456	0.0165221
rs6712808	0.0286393	0.102298	NA	NA	NA	NA	NA	NA	NA	NA	NA	NA	-0.0267525	0.0255475
rs77374670	-0.038174	0.122613	NA	NA	NA	NA	NA	NA	NA	NA	NA	NA	-0.060107	0.0291443
rs10174191	-0.0102925	0.0595234	NA	NA	NA	NA	NA	NA	NA	NA	NA	NA	-0.00944094	0.0147563
rs10198253	-0.0542149	0.0561203	NA	NA	NA	NA	NA	NA	NA	NA	NA	NA	-0.02716	0.0139532
rs10198534	-0.150298	0.0916101	NA	NA	NA	NA	NA	NA	NA	NA	NA	NA	NA	NA
rs831976	-0.0227461	0.0867556	-0.106681	0.082471	0.0888414	0.166985	0.217647	0.112761	-0.230387	0.176934	-0.0101095	0.188059	NA	NA
rs6720784	-0.213152	0.125381	NA	NA	NA	NA	NA	NA	NA	NA	NA	NA	NA	NA
rs111998872	-0.182968	0.096342	NA	NA	NA	NA	NA	NA	NA	NA	NA	NA	-0.0574967	0.0266302
rs78919727	-0.0215304	0.120867	NA	NA	NA	NA	NA	NA	NA	NA	NA	NA	-0.060107	0.0291443
rs700860	-0.0219298	0.087056	-0.106427	0.0824472	0.0889014	0.16696	0.217909	0.112714	-0.230432	0.176911	-0.0101608	0.18804	NA	NA
rs6754067	-0.0549057	0.0550109	NA	NA	NA	NA	NA	NA	NA	NA	NA	NA	NA	NA
rs6725400	-0.0551538	0.05458	NA	NA	NA	NA	NA	NA	NA	NA	NA	NA	-0.0292619	0.0139469
rs78669661	0.109052	0.148239	NA	NA	NA	NA	NA	NA	NA	NA	NA	NA	-8.42017E-05	0.0339654
rs77173466	-0.0215304	0.120867	NA	NA	NA	NA	NA	NA	NA	NA	NA	NA	-0.060107	0.0291443
rs6542734	-0.245122	0.141072	NA	NA	NA	NA	NA	NA	NA	NA	NA	NA	NA	NA
rs831975	-0.021493	0.0870787	-0.106103	0.0823634	0.0889272	0.166722	0.218051	0.112649	-0.229061	0.176851	-0.009793	0.187977	NA	NA
rs114359020	0.142537	0.214196	NA	NA	NA	NA	NA	NA	NA	NA	NA	NA	0.0262784	0.0544365
rs1155886	-0.04624	0.0869447	-0.103664	0.0806184	0.0878809	0.163334	0.214665	0.110322	-0.232121	0.171669	-0.0205488	0.182586	NA	NA
rs2033863	-0.103283	0.0877264	NA	NA	NA	NA	NA	NA	NA	NA	NA	NA	-0.0507006	0.0203734
rs77723651	-0.0214164	0.121138	NA	NA	NA	NA	NA	NA	NA	NA	NA	NA	-0.060107	0.0291443
rs1661364	0.00910166	0.155128	NA	NA	NA	NA	NA	NA	NA	NA	NA	NA	-0.00247318	0.0339211
rs1661365	0.0448487	0.0563947	-0.0657454	0.0712905	0.0994126	0.143198	0.227105	0.0968716	-0.0706179	0.137589	0.105715	0.144916	NA	NA
rs73951954	0.0906671	0.0972588	NA	NA	NA	NA	NA	NA	NA	NA	NA	NA	0.0262579	0.0280883
rs74979256	0.0679646	0.228673	NA	NA	NA	NA	NA	NA	NA	NA	NA	NA	-0.00264156	0.0431013
rs57609803	0.0583882	0.0686174	NA	NA	NA	NA	NA	NA	NA	NA	NA	NA	0.0208742	0.0176975
rs113506755	-0.174297	0.141975	0.0713881	0.126262	0.114737	0.226999	0.184757	0.177778	0.183771	0.208904	0.276758	0.219057	0.0330552	0.024645
rs1630759	-0.0559823	0.0873116	-0.0761843	0.0719401	0.0362657	0.144206	0.207122	0.098715	-0.0702535	0.140434	0.121273	0.147902	NA	NA
rs1629853	0.0429231	0.0560807	-0.0854562	0.0721228	0.0210012	0.145464	0.224978	0.098465	-0.068784	0.137507	0.103944	0.144803	0.0244814	0.0141268
rs113774059	0.0579431	0.0685229	NA	NA	NA	NA	NA	NA	NA	NA	NA	NA	0.0213656	0.0176937
rs75066517	-0.117911	0.0887882	NA	NA	NA	NA	NA	NA	NA	NA	NA	NA	-0.0503907	0.0206021
rs3098623	0.00550613	0.0562096	-0.0775352	0.0721831	0.0265581	0.14509	0.243497	0.0980626	-0.0644548	0.137428	0.100968	0.144753	NA	NA
rs74820123	0.0712768	0.0696608	NA	NA	NA	NA	NA	NA	NA	NA	NA	NA	0.0163258	0.0178652
rs13397631	0.00245058	0.0842066	-0.00413283	0.0285	0.0431836	0.0599199	0.0424248	0.0411924	-0.0598688	0.0659773	-0.0946061	0.0696783	-0.00947813	0.0172994
rs58444715	0.0495482	0.070734	NA	NA	NA	NA	NA	NA	NA	NA	NA	NA	0.0151307	0.0185204
rs12990567	0.0432174	0.0585464	-0.00573078	0.0285509	0.0470204	0.0599824	0.0523501	0.0411577	-0.0809421	0.065744	-0.103846	0.0694991	NA	NA
rs76652772	0.0535216	0.0717514	NA	NA	NA	NA	NA	NA	NA	NA	NA	NA	0.0125755	0.0186905
rs73951956	-0.179408	0.114553	NA	NA	NA	NA	NA	NA	NA	NA	NA	NA	-0.0298312	0.0265306
rs1659898	0.00593892	0.0910684	-0.00375755	0.0269858	0.0167086	0.0558802	0.0363597	0.0395365	0.115155	0.0649957	-0.0490117	0.0680871	-0.0184627	0.0194881
rs35181499	0.108258	0.139476	0.00790409	0.0300108	0.0470033	0.061387	0.0289363	0.0439408	-0.0762122	0.0691378	-0.14926	0.0731824	NA	NA
rs77556108	-0.162529	0.360194	NA	NA	NA	NA	NA	NA	NA	NA	NA	NA	-0.0290896	0.0554433
rs73951957	-0.166376	0.10797	NA	NA	NA	NA	NA	NA	NA	NA	NA	NA	-0.0362404	0.0257429
rs114906941	-0.456223	0.222756	NA	NA	NA	NA	NA	NA	NA	NA	NA	NA	NA	NA
rs72940979	0.0338728	0.0584052	-0.00585078	0.0284947	0.0455589	0.0599332	0.052144	0.0410785	-0.0795118	0.065798	-0.103633	0.0695617	NA	NA
rs6734315	-0.129442	0.126819	NA	NA	NA	NA	NA	NA	NA	NA	NA	NA	-0.0331487	0.0326159
rs328036	-0.00780793	0.113533	NA	NA	NA	NA	NA	NA	NA	NA	NA	NA	-0.020053	0.0239139
rs61241506	-0.00475764	0.0615679	NA	NA	NA	NA	NA	NA	NA	NA	NA	NA	-0.000602224	0.0159602
rs328035	-0.00521002	0.0900353	-0.003852	0.0259511	0.0192584	0.0538414	0.0348763	0.0378542	0.105572	0.0624148	-0.0514491	0.0653054	-0.0184627	0.0194881
rs71419381	0.105783	0.138124	NA	NA	NA	NA	0.0269022	0.0437701	-0.0823704	0.0688398	-0.155363	0.0725181	-0.0291582	0.0244075
rs112934666	-0.0229531	0.27665	NA	NA	NA	NA	NA	NA	NA	NA	NA	NA	NA	NA
rs10195915	-0.0094622	0.0820281	-0.00564221	0.0282549	0.0437854	0.0595294	0.0472677	0.0406447	-0.0841633	0.0651543	-0.109097	0.0689408	-0.0123723	0.0175096
rs10175625	-0.00127037	0.0727202	-0.00496975	0.0283204	0.0468983	0.0596735	0.0491645	0.0407791	-0.0794795	0.0656575	-0.102936	0.0694021	-0.00771384	0.0169877
rs111987958	0.182018	0.104301	NA	NA	NA	NA	NA	NA	NA	NA	NA	NA	0.00705143	0.0342376
rs7569095	-0.0105097	0.0823705	-0.00497675	0.0283155	0.0469218	0.0596598	0.0492136	0.0407728	-0.0794295	0.0656572	-0.102526	0.0694015	NA	NA
rs11899397	-0.125819	0.126421	NA	NA	NA	NA	NA	NA	NA	NA	NA	NA	-0.0331487	0.0326159
rs10179229	-0.287814	0.138231	NA	NA	NA	NA	NA	NA	NA	NA	NA	NA	NA	NA
rs11680666	-0.00791081	0.0825295	-0.00497596	0.0283158	0.0469539	0.0596604	0.0492111	0.0407731	-0.0794162	0.0656565	-0.102537	0.069401	NA	NA
rs6741124	-0.0442371	0.0562024	0.0033765	0.0331941	-0.0351517	0.0696693	-0.0186104	0.0497579	0.20755	0.0682657	0.0582111	0.0729849	NA	NA
rs56653770	0.0271887	0.06	-0.00630697	0.0284797	0.0453289	0.0598943	0.0521968	0.0410462	-0.0803288	0.0656141	-0.104071	0.0693508	NA	NA
rs1096652	0.00583869	0.0561408	0.00297257	0.0331577	-0.0356489	0.0695569	-0.0183885	0.0496643	0.218351	0.0683533	0.0599853	0.0730572	NA	NA
rs860551	0.220641	0.222212	NA	NA	NA	NA	NA	NA	NA	NA	NA	NA	-0.00847091	0.030333
rs79462720	0.0522338	0.0717713	NA	NA	NA	NA	NA	NA	NA	NA	NA	NA	0.0125755	0.0186905
rs75912043	-0.125819	0.126421	NA	NA	NA	NA	NA	NA	NA	NA	NA	NA	-0.0331487	0.0326159
rs114818544	0.0522338	0.0717713	NA	NA	NA	NA	NA	NA	NA	NA	NA	NA	NA	NA
rs13383196	-0.252472	0.17848	NA	NA	NA	NA	NA	NA	NA	NA	NA	NA	-0.00236937	0.0373791
rs13422323	-0.252472	0.17848	NA	NA	NA	NA	NA	NA	NA	NA	NA	NA	-0.00236937	0.0373791
rs62162986	-0.0431487	0.0559118	0.00273146	0.0322829	-0.0211911	0.0682199	-0.0127653	0.0484813	0.194259	0.0678002	0.0537559	0.0716781	NA	NA
rs1583938	0.0415168	0.0582392	-0.0079919	0.0278281	0.0304213	0.0580655	0.0464307	0.0400164	-0.0623455	0.0629102	-0.103586	0.0662578	0.00297704	0.0141289
rs13386483	-0.252472	0.17848	NA	NA	NA	NA	NA	NA	NA	NA	NA	NA	-0.00236937	0.0373791
rs4470299	0.0399671	0.0741775	-0.00469104	0.032737	-0.0216216	0.0692917	-0.00191409	0.0495772	0.199585	0.0679891	0.0681024	0.0718354	NA	NA
rs831969	0.0449555	0.0673194	0.00108655	0.0317161	-0.0250384	0.0671488	-0.00807819	0.0475226	0.200134	0.0668832	0.0472875	0.070616	NA	NA
rs56116143	-0.154134	0.106951	NA	NA	NA	NA	NA	NA	NA	NA	NA	NA	-0.0354	0.025803
rs831968	0.0030317	0.056083	0.00261823	0.0322739	-0.0215957	0.0682251	-0.0122088	0.0484437	0.204568	0.0678846	0.055375	0.0717405	NA	NA
rs831967	-0.0180086	0.133471	-0.00291199	0.0278703	0.0318967	0.0575403	0.0530142	0.0407541	0.0946844	0.0663202	-0.0517092	0.0685096	NA	NA
rs831966	0.0989591	0.106825	-0.00549809	0.0266901	0.0124567	0.0551438	0.0371402	0.0390516	0.110471	0.0635982	-0.0562051	0.0664633	NA	NA
rs9308802	-0.00697936	0.0826233	-0.0067064	0.0275893	0.0321237	0.057694	0.0439695	0.0396363	-0.0636661	0.0623854	-0.0964463	0.0656886	-0.0110741	0.0175859
rs75910161	-0.168767	0.112297	NA	NA	NA	NA	NA	NA	NA	NA	NA	NA	-0.0289124	0.0265982
rs12105104	0.0519149	0.0719268	NA	NA	NA	NA	NA	NA	NA	NA	NA	NA	0.0125755	0.0186905
rs7579371	-0.00697936	0.0826233	-0.0067064	0.0275893	0.0321237	0.057694	0.0439695	0.0396363	-0.0636661	0.0623854	-0.0964463	0.0656886	NA	NA
rs328023	-0.00855756	0.114731	NA	NA	NA	NA	NA	NA	NA	NA	NA	NA	-0.020053	0.0239139
rs62162993	-0.0732847	0.0586784	-0.00456534	0.03247	-0.0217584	0.0687804	-0.00784424	0.0491431	0.193923	0.0677524	0.0554936	0.0715438	0.00535928	0.0165518
rs114399566	-0.0333948	0.133443	NA	NA	NA	NA	NA	NA	NA	NA	NA	NA	0.0156806	0.0404742
rs6542736	-0.00661403	0.0822504	-0.00689898	0.0271607	0.0323941	0.0568077	0.0432487	0.0389857	-0.0626828	0.0613575	-0.094615	0.0646194	-0.0110741	0.0175859
rs78222618	-0.458427	0.224236	NA	NA	NA	NA	NA	NA	NA	NA	NA	NA	NA	NA
rs58106144	0.0462574	0.0594069	NA	NA	NA	NA	NA	NA	NA	NA	NA	NA	-0.000667724	0.015558
rs17021765	0.0471289	0.0716518	NA	NA	NA	NA	NA	NA	NA	NA	NA	NA	0.00984762	0.0186752
rs13414755	-0.00886273	0.0843103	-0.00653266	0.0275773	0.0327214	0.057674	0.0439959	0.0396205	-0.0634301	0.0623631	-0.0964632	0.0656788	NA	NA
rs114839416	0.0705974	0.188351	NA	NA	NA	NA	NA	NA	NA	NA	NA	NA	0.0398237	0.0480512
rs13415031	-0.00874139	0.0844298	-0.00660849	0.0275777	0.0325963	0.0576785	0.0439227	0.0396218	-0.0634972	0.0623625	-0.0965465	0.0656799	NA	NA
rs73951961	0.0444644	0.0592142	NA	NA	NA	NA	NA	NA	NA	NA	NA	NA	-0.00255987	0.0155151
rs11688159	-0.0688475	0.178462	0.0128368	0.0384018	-0.0123734	0.0821834	0.0602133	0.0559748	0.0170502	0.099272	-0.178674	0.104969	NA	NA
rs73951962	-0.1259	0.126151	NA	NA	NA	NA	NA	NA	NA	NA	NA	NA	-0.0303781	0.0308287
rs78494642	0.0652811	0.110574	NA	NA	NA	NA	NA	NA	NA	NA	NA	NA	0.0137311	0.0348939
rs71381932	0.12319	0.0591968	NA	NA	NA	NA	NA	NA	NA	NA	NA	NA	NA	NA
rs72940988	0.109405	0.22749	NA	NA	NA	NA	NA	NA	NA	NA	NA	NA	0.12408	0.0362225
rs78311485	0.431958	0.306919	NA	NA	NA	NA	NA	NA	NA	NA	NA	NA	NA	NA
rs17021766	-0.000584747	0.0690396	NA	NA	NA	NA	NA	NA	NA	NA	NA	NA	0.0188962	0.0181579
rs116682700	-0.293643	0.256556	NA	NA	NA	NA	NA	NA	NA	NA	NA	NA	NA	NA
rs73951964	-0.127218	0.126547	NA	NA	NA	NA	NA	NA	NA	NA	NA	NA	-0.0243676	0.0303728
rs56303334	-0.130038	0.126882	NA	NA	NA	NA	NA	NA	NA	NA	NA	NA	NA	NA
rs13425723	-0.201767	0.0936179	NA	NA	NA	NA	NA	NA	NA	NA	NA	NA	-0.041892	0.0249211
rs1036784	-0.0144055	0.0590949	-0.00515228	0.0323595	-0.0232475	0.0685611	-0.00619157	0.0489911	0.193076	0.0677189	0.0549298	0.0714624	-0.00191714	0.0165758
rs115316787	0.0877289	0.160798	NA	NA	NA	NA	NA	NA	NA	NA	NA	NA	NA	NA
rs114362169	0.122466	0.127029	NA	NA	NA	NA	NA	NA	NA	NA	NA	NA	0.0246667	0.0421598
rs328034	0.10907	0.110702	-0.0291502	0.0310563	-0.0597457	0.0658814	0.0239166	0.0447818	0.0677634	0.0691068	-0.0121059	0.0735697	NA	NA
rs4972265	-0.0237393	0.0521668	-0.00587991	0.0311193	-0.0260341	0.0660409	-0.00312525	0.0470632	0.182552	0.0657545	0.0468001	0.0694016	NA	NA
rs115598728	-0.155532	0.357393	NA	NA	NA	NA	NA	NA	NA	NA	NA	NA	-0.0328189	0.0563258
rs73951966	-0.136395	0.128348	NA	NA	NA	NA	NA	NA	NA	NA	NA	NA	-0.0192105	0.0306602
rs114612701	0.430093	0.306058	NA	NA	NA	NA	NA	NA	NA	NA	NA	NA	0.114259	0.0653937
rs2196870	-0.0366597	0.0553943	-0.00641307	0.0316961	-0.0254173	0.0672765	-0.00288899	0.0479011	0.190439	0.0667938	0.0464039	0.0704632	NA	NA
rs11890573	-0.136395	0.128348	NA	NA	NA	NA	NA	NA	NA	NA	NA	NA	-0.0192105	0.0306602
rs17021774	-0.00377505	0.0688385	NA	NA	NA	NA	NA	NA	NA	NA	NA	NA	0.0184747	0.0181798
rs328033	-0.0415851	0.115753	NA	NA	NA	NA	NA	NA	NA	NA	NA	NA	-0.0209787	0.0241542
rs328032	-0.00759803	0.086955	-0.0365662	0.0301378	-0.0604672	0.0633896	0.0278827	0.0437416	0.0640625	0.0671369	-0.00914769	0.0712448	NA	NA
rs56699513	-0.144186	0.129088	NA	NA	NA	NA	NA	NA	NA	NA	NA	NA	-0.0192105	0.0306602
rs78906316	-0.175167	0.152877	NA	NA	NA	NA	NA	NA	NA	NA	NA	NA	0.00447065	0.0421679
rs55691606	0.540811	0.337175	-0.0660338	0.0404334	-0.0572377	0.078524	-0.0416981	0.0613221	-0.140547	0.102617	-0.0402722	0.103486	-0.05867	0.0368766
rs73951967	-0.140257	0.130881	NA	NA	NA	NA	NA	NA	NA	NA	NA	NA	-0.0263917	0.0331352
rs17269251	0.0387558	0.185133	0.00165834	0.0380226	-0.0563967	0.0816887	0.0440028	0.0563235	0.0154677	0.0948225	-0.0521818	0.097314	-0.0327839	0.0306903
rs3113781	0.0925165	0.11007	-0.0167218	0.0288465	-0.0194902	0.0604365	0.0342558	0.0421347	0.113782	0.0657406	0.00924467	0.0693856	NA	NA
rs894223	-0.0100678	0.0888823	-0.0183221	0.0286571	-0.0211786	0.0597252	0.0353947	0.0420006	0.109994	0.0653124	0.00717652	0.0689305	NA	NA
rs7577932	-0.000517081	0.0690527	NA	NA	NA	NA	NA	NA	NA	NA	NA	NA	NA	NA
rs328024	0.0989263	0.110259	-0.0167482	0.0288449	-0.0195151	0.0604308	0.0342944	0.0421321	0.11221	0.0657526	0.00639586	0.0694024	NA	NA
rs75276172	0.0877434	0.166459	NA	NA	NA	NA	NA	NA	NA	NA	NA	NA	NA	NA
rs894226	-0.186939	0.089047	NA	NA	NA	NA	NA	NA	NA	NA	NA	NA	-0.0268607	0.021472
rs920605	0.0892459	0.0707996	-0.0125608	0.0331187	-0.0288266	0.0701116	-0.00677644	0.0499266	0.203595	0.0689341	0.0670429	0.0725927	NA	NA
rs167869	0.10197	0.109892	-0.01309	0.0280926	-0.0248461	0.0587355	0.0301858	0.0410241	0.0985359	0.0646292	0.000734113	0.0678328	0.00350388	0.0235486
rs11123675	0.000895142	0.0688532	NA	NA	NA	NA	NA	NA	NA	NA	NA	NA	NA	NA
rs17021788	-0.00889008	0.109532	NA	NA	NA	NA	NA	NA	NA	NA	NA	NA	-0.0345403	0.0257917
rs11123676	-0.010894	0.063317	NA	NA	NA	NA	NA	NA	NA	NA	NA	NA	0.00152181	0.0151066
rs10193626	-0.196247	0.0847978	NA	NA	NA	NA	NA	NA	NA	NA	NA	NA	NA	NA
rs10170309	-0.112358	0.0988459	NA	NA	NA	NA	NA	NA	NA	NA	NA	NA	-0.00705439	0.0293918
rs831973	0.019586	0.134621	0.0583713	0.0315906	-0.0523534	0.0664062	-0.0389909	0.0475835	0.141156	0.0722293	-0.126136	0.0735343	0.02971	0.0259732
rs17021798	-0.0682445	0.0773937	NA	NA	NA	NA	NA	NA	NA	NA	NA	NA	0.00609304	0.0222003
rs831972	0.0935366	0.0579829	0.0246486	0.0315042	0.0257301	0.0639634	-0.0155625	0.0486525	0.164984	0.0718513	0.00440713	0.0723908	NA	NA
rs13005256	0.106492	0.107756	0.0455111	0.0368915	-0.0362611	0.0787816	-0.0330965	0.055342	0.215204	0.0783231	0.0201863	0.0829283	NA	NA
rs111974567	0.147694	0.247001	NA	NA	NA	NA	NA	NA	NA	NA	NA	NA	NA	NA
rs76414688	-0.159511	0.151522	NA	NA	NA	NA	NA	NA	NA	NA	NA	NA	0.0186652	0.0390935
rs72826926	0.0470397	0.0646647	0.0139956	0.0429146	0.120108	0.0882035	0.000491809	0.062297	-0.106074	0.0939787	0.0557594	0.0981278	-0.0103627	0.0175182
rs60554063	-0.153686	0.0681777	NA	NA	NA	NA	NA	NA	NA	NA	NA	NA	0.00331281	0.0184921
rs76059924	-0.17035	0.21088	NA	NA	NA	NA	NA	NA	NA	NA	NA	NA	0.00130001	0.0584743
rs115413608	0.254071	0.1469	NA	NA	NA	NA	NA	NA	NA	NA	NA	NA	0.10422	0.0567329
rs72940999	-0.0141099	0.216623	NA	NA	NA	NA	NA	NA	NA	NA	NA	NA	NA	NA
rs113410440	0.061601	0.216795	NA	NA	NA	NA	NA	NA	NA	NA	NA	NA	-0.0385545	0.0560394
rs831971	-0.0625858	0.132648	0.0446677	0.0309536	-0.0212884	0.0655561	-0.0158124	0.0469573	0.212762	0.0724974	-0.0496308	0.0732477	NA	NA
rs72941000	-0.0182113	0.215411	NA	NA	NA	NA	NA	NA	NA	NA	NA	NA	NA	NA
rs6723242	0.116582	0.107094	0.0448227	0.0370717	-0.0403242	0.0783227	-0.0307797	0.0558102	0.216905	0.078168	0.0173458	0.082875	0.0723452	0.024514
rs113690671	0.0460355	0.0612851	NA	NA	NA	NA	NA	NA	NA	NA	NA	NA	NA	NA
rs831970	-0.0703407	0.133405	0.0452137	0.0317001	-0.0210677	0.066914	-0.0154369	0.0481654	0.217678	0.0738628	-0.0488098	0.0746549	0.0201477	0.0247355
rs113779970	0.0687041	0.214718	NA	NA	NA	NA	NA	NA	NA	NA	NA	NA	NA	NA
rs76818738	-0.185855	0.149337	NA	NA	NA	NA	NA	NA	NA	NA	NA	NA	0.0186652	0.0390935
rs1659885	0.0844319	0.055508	0.0272262	0.0290025	0.00469438	0.0582341	0.00883447	0.0452637	0.196213	0.0677916	-0.0389367	0.0682892	0.0179622	0.0143159
rs113409606	0.0687041	0.214718	NA	NA	NA	NA	NA	NA	NA	NA	NA	NA	-0.0385545	0.0560394
rs115412982	0.148353	0.117514	NA	NA	NA	NA	NA	NA	NA	NA	NA	NA	0.00988547	0.0332782
rs114541031	-0.214697	0.146064	NA	NA	NA	NA	NA	NA	NA	NA	NA	NA	0.0174967	0.0388233
rs72941002	0.277973	0.164094	NA	NA	NA	NA	NA	NA	NA	NA	NA	NA	0.00219118	0.0274746
rs76734076	-0.0793139	0.061611	NA	NA	NA	NA	0.0500723	0.0562425	0.00847181	0.0831952	-0.027074	0.0875148	NA	NA
rs9750855	-0.0585273	0.0677557	NA	NA	NA	NA	0.00711947	0.0463235	0.201928	0.0691478	-0.038946	0.0697013	0.0279748	0.0159399
rs7573589	-0.00869129	0.0635181	0.0265095	0.0297981	0.00420292	0.059751	0.00783135	0.0465607	0.202863	0.0692908	-0.0383084	0.0698131	0.0237557	0.0155386
rs72942804	-0.0873741	0.238039	NA	NA	NA	NA	NA	NA	NA	NA	NA	NA	NA	NA
rs1441854	-0.0584628	0.0677431	0.0265011	0.029796	0.00414887	0.0597466	0.00796707	0.0465545	0.203088	0.0693783	-0.038807	0.0699048	0.0279748	0.0159399
rs116445364	-0.222521	0.14467	NA	NA	NA	NA	NA	NA	NA	NA	NA	NA	0.0174967	0.0388233
rs72942805	0.281929	0.16467	NA	NA	NA	NA	NA	NA	NA	NA	NA	NA	NA	NA
rs75063988	-0.14072	0.272948	NA	NA	NA	NA	NA	NA	NA	NA	NA	NA	0.053968	0.0683876
rs74813921	-0.104537	0.192605	NA	NA	NA	NA	NA	NA	NA	NA	NA	NA	NA	NA
rs115939613	-0.213053	0.146252	NA	NA	NA	NA	NA	NA	NA	NA	NA	NA	0.0186652	0.0390935
rs831991	-0.0533704	0.0694437	0.0255446	0.0289921	0.00470986	0.0582281	0.00732339	0.0452414	0.203046	0.0693808	-0.0388447	0.0699043	NA	NA
rs10178243	0.0339086	0.0832654	NA	NA	NA	NA	NA	NA	NA	NA	NA	NA	NA	NA
rs67213169	-0.100415	0.113563	NA	NA	NA	NA	0.0156509	0.047225	0.220839	0.0692973	-0.0318544	0.0702253	NA	NA
rs17021811	-0.132642	0.0669402	NA	NA	NA	NA	NA	NA	NA	NA	NA	NA	NA	NA
rs831990	0.0859026	0.0553952	0.0255389	0.0289917	0.00470986	0.0582281	0.00733225	0.0452402	0.196191	0.0677885	-0.0389191	0.0682865	NA	NA
rs114625577	-0.196698	0.202845	NA	NA	NA	NA	NA	NA	NA	NA	NA	NA	0.0409672	0.0539373
rs6542737	-0.030362	0.320638	0.0375293	0.0368811	-0.0429171	0.0782524	-0.0279363	0.0554144	0.212101	0.077859	0.0184805	0.0825962	NA	NA
rs76628939	-0.104211	0.17662	NA	NA	NA	NA	NA	NA	NA	NA	NA	NA	-0.0313549	0.0445274
rs111582849	0.0726064	0.210215	NA	NA	NA	NA	NA	NA	NA	NA	NA	NA	-0.0385545	0.0560394
rs115547384	-0.213645	0.146074	NA	NA	NA	NA	NA	NA	NA	NA	NA	NA	0.0186652	0.0390935
rs114479115	-0.190628	0.202445	NA	NA	NA	NA	NA	NA	NA	NA	NA	NA	0.0386984	0.053187
rs831989	-0.00740143	0.0629956	0.0255392	0.0289918	0.00470986	0.0582281	0.00732628	0.0452404	0.1962	0.0677895	-0.0389214	0.0682874	0.0265439	0.0155246
rs113149780	0.0732082	0.210162	NA	NA	NA	NA	NA	NA	NA	NA	NA	NA	-0.0385545	0.0560394
rs13030132	0.145375	0.103292	0.0161913	0.0339542	-0.04143	0.0720937	-0.0317988	0.0503104	0.231786	0.0755356	-0.0285828	0.0796009	0.0667853	0.0233122
rs2119129	-0.139832	0.0668093	NA	NA	NA	NA	NA	NA	NA	NA	NA	NA	NA	NA
rs831988	-0.0539753	0.0700675	0.0265413	0.0298138	0.0038101	0.0598067	0.0077683	0.0465894	0.203022	0.0694102	-0.0387365	0.0699165	NA	NA
rs73951970	-0.139845	0.0668083	NA	NA	NA	NA	NA	NA	NA	NA	NA	NA	0.00292051	0.0185625
rs831987	-0.0579947	0.0679039	0.0265457	0.0298134	0.00380677	0.0598055	0.00782051	0.0465883	0.202983	0.0694075	-0.038732	0.069913	NA	NA
rs115037394	-0.213636	0.146791	NA	NA	NA	NA	NA	NA	NA	NA	NA	NA	0.0255542	0.0382963
rs1659909	-0.00089424	0.0635077	0.0265457	0.0298134	0.00380677	0.0598055	0.00782051	0.0465883	0.202738	0.069316	-0.0382414	0.0698181	NA	NA
rs1621837	0.0948048	0.0573975	NA	NA	NA	NA	0.00606551	0.0466982	0.203231	0.0694687	-0.0365497	0.0700146	0.0250075	0.0139615
rs1661385	0.162736	0.227237	NA	NA	NA	NA	NA	NA	NA	NA	NA	NA	NA	NA
rs1619178	-0.0538922	0.0701352	0.0265457	0.0298134	0.00380677	0.0598055	0.00782051	0.0465883	0.202901	0.0694087	-0.0387354	0.0699136	NA	NA
rs3113782	0.0922285	0.0559837	0.0265409	0.0298149	0.00383322	0.0598083	0.00781855	0.046592	0.202701	0.0693186	-0.0381879	0.0698192	NA	NA
rs7576738	-0.0580489	0.0679194	NA	NA	NA	NA	NA	NA	NA	NA	NA	NA	NA	NA
rs62159106	0.0906845	0.0560925	NA	NA	NA	NA	NA	NA	NA	NA	NA	NA	NA	NA
rs7603113	-0.0544365	0.0701846	NA	NA	NA	NA	NA	NA	NA	NA	NA	NA	NA	NA
rs7577032	0.0998981	0.0565448	NA	NA	NA	NA	NA	NA	NA	NA	NA	NA	NA	NA
rs78477381	-0.0422125	0.130319	NA	NA	NA	NA	NA	NA	NA	NA	NA	NA	NA	NA
rs79212828	0.29841	0.272129	NA	NA	NA	NA	NA	NA	NA	NA	NA	NA	NA	NA
rs78352114	-0.121032	0.069779	NA	NA	NA	NA	NA	NA	NA	NA	NA	NA	NA	NA
rs76997924	-0.121032	0.069779	NA	NA	NA	NA	NA	NA	NA	NA	NA	NA	NA	NA
rs74180291	-0.120933	0.161025	NA	NA	NA	NA	NA	NA	NA	NA	NA	NA	NA	NA
rs1659896	0.0997541	0.0558188	NA	NA	NA	NA	0.011354	0.0466321	0.203596	0.0694754	-0.0384365	0.0699975	NA	NA
rs1661384	-0.055242	0.070241	0.0265244	0.0298587	0.00421469	0.0598861	0.00775202	0.0466648	0.200784	0.0695238	-0.0418843	0.0699989	NA	NA
rs1659892	-0.0528762	0.0681395	0.026574	0.0298232	0.00382531	0.0598273	0.00787944	0.0466071	0.204209	0.0694602	-0.0389924	0.0699752	NA	NA
rs72942810	-0.062214	0.0682482	NA	NA	NA	NA	0.0343723	0.0498037	0.183212	0.0714792	-0.00301043	0.0726606	NA	NA
rs56200016	-0.068782	0.130896	NA	NA	NA	NA	-0.00678395	0.0498781	0.198687	0.0784541	-0.0230792	0.0791307	NA	NA
rs75043680	-0.00465349	0.0648992	NA	NA	NA	NA	NA	NA	NA	NA	NA	NA	NA	NA
rs1659883	-0.0545788	0.133008	NA	NA	NA	NA	-0.0110776	0.0486033	0.216002	0.0746617	-0.047911	0.0752609	0.0262482	0.0254311
rs62159117	0.118335	0.101365	NA	NA	NA	NA	-0.0265421	0.0505077	0.233483	0.0760714	-0.032916	0.080635	0.0662365	0.022956
rs1661346	0.247632	0.251497	NA	NA	NA	NA	NA	NA	NA	NA	NA	NA	-0.0142686	0.0296045
rs1659879	-0.014796	0.0640042	NA	NA	NA	NA	0.00794961	0.0466346	0.202531	0.0694446	-0.0381568	0.0699231	0.0258038	0.0155262
rs1659875	-0.058022	0.0678271	NA	NA	NA	NA	0.00779486	0.0466235	0.202308	0.069501	-0.0388219	0.0699755	0.0323583	0.0162507
rs79656079	-0.357077	0.24517	NA	NA	NA	NA	NA	NA	NA	NA	NA	NA	NA	NA
rs2556194	-0.0186423	0.0676396	NA	NA	NA	NA	NA	NA	NA	NA	NA	NA	NA	NA
rs2557923	-0.0701123	0.0698908	NA	NA	NA	NA	NA	NA	NA	NA	NA	NA	NA	NA
rs1659914	-0.0713453	0.0690575	NA	NA	NA	NA	0.0113465	0.0470595	0.187853	0.0695907	-0.0441465	0.0700189	NA	NA
rs73951972	-0.112489	0.0646678	NA	NA	NA	NA	NA	NA	NA	NA	NA	NA	NA	NA
rs2556192	-0.0706982	0.13346	0.037471	0.0319628	-0.0219637	0.0673197	-0.0213793	0.0485428	0.217791	0.0746223	-0.0511094	0.0754521	NA	NA
rs78961123	0.051046	0.0669209	NA	NA	NA	NA	NA	NA	NA	NA	NA	NA	NA	NA
rs79591499	-0.0463211	0.067967	NA	NA	NA	NA	0.00786463	0.0470966	0.194909	0.0704679	-0.0400118	0.070808	NA	NA
rs832378	0.0644138	0.0571546	NA	NA	NA	NA	0.00769812	0.0468229	0.201773	0.0697727	-0.038322	0.0702399	NA	NA
rs832377	-0.0658855	0.0699592	NA	NA	NA	NA	0.00665122	0.04707	0.203076	0.0702006	-0.0397404	0.0706586	NA	NA
rs55695893	-0.0557509	0.0827033	NA	NA	NA	NA	NA	NA	NA	NA	NA	NA	NA	NA
rs62150212	0.0996987	0.0626107	NA	NA	NA	NA	NA	NA	NA	NA	NA	NA	NA	NA
rs13427545	0.0405351	0.0619555	NA	NA	NA	NA	0.0486141	0.0561227	0.00280906	0.0841985	-0.000267926	0.0886024	NA	NA
rs114857517	-0.0528064	0.0875876	NA	NA	NA	NA	NA	NA	NA	NA	NA	NA	NA	NA
rs13419816	-0.222088	0.0919939	NA	NA	NA	NA	NA	NA	NA	NA	NA	NA	NA	NA
rs832355	0.291831	0.171404	NA	NA	NA	NA	NA	NA	NA	NA	NA	NA	0.0033733	0.0256769
rs832354	-0.0972017	0.130172	NA	NA	NA	NA	-0.00158925	0.0508908	0.220412	0.0777013	-0.0452585	0.0785126	NA	NA
rs832352	0.11603	0.0586965	NA	NA	NA	NA	0.00609592	0.0469905	0.201531	0.0699836	-0.0364061	0.0704598	NA	NA
rs6713451	-0.128795	0.0672765	NA	NA	NA	NA	NA	NA	NA	NA	NA	NA	0.0165867	0.0185516
rs75841199	0.0306842	0.211336	NA	NA	NA	NA	NA	NA	NA	NA	NA	NA	-0.0150598	0.0399546
rs832348	0.0399134	0.206366	NA	NA	NA	NA	NA	NA	NA	NA	NA	NA	NA	NA
rs832346	-0.06281	0.107732	NA	NA	NA	NA	-0.0051917	0.0501972	0.214677	0.0764606	-0.0515033	0.0775796	NA	NA
rs3178995	-0.304543	0.37824	NA	NA	NA	NA	NA	NA	NA	NA	NA	NA	-0.00187414	0.0508992
rs79850633	0.0533309	0.0650893	0.0296757	0.0353658	0.0541144	0.0681934	0.0412152	0.0551649	-0.0251857	0.0697448	0.0350541	0.0729914	NA	NA
rs76611401	-0.127306	0.069564	NA	NA	NA	NA	NA	NA	NA	NA	NA	NA	0.0165061	0.0190177
rs115799706	-0.0209771	0.0989942	NA	NA	NA	NA	NA	NA	NA	NA	NA	NA	NA	NA
rs62151460	0.100866	0.0903476	NA	NA	NA	NA	-0.0177523	0.0451781	0.19466	0.0650449	-0.0715315	0.069272	NA	NA
rs832330	-0.0184285	0.0967075	NA	NA	NA	NA	-0.0125812	0.0501978	0.212915	0.0768623	-0.0398404	0.0775219	NA	NA
rs832329	0.00375033	0.102984	NA	NA	NA	NA	-0.0121215	0.0501414	0.215392	0.0767749	-0.0465912	0.077391	NA	NA
rs832328	-0.0263473	0.0966568	NA	NA	NA	NA	-0.012442	0.0501391	0.215444	0.0767925	-0.0468246	0.0774133	0.0246983	0.0217921
rs79631772	-0.241143	0.125058	NA	NA	NA	NA	NA	NA	NA	NA	NA	NA	NA	NA
rs832325	0.0491172	0.130048	NA	NA	NA	NA	-0.0507849	0.0781036	-0.104528	0.111177	0.0847452	0.116733	NA	NA
rs77743919	0.0895984	0.0616897	NA	NA	NA	NA	NA	NA	NA	NA	NA	NA	NA	NA
rs62151463	0.130309	0.0959192	NA	NA	NA	NA	-0.0282937	0.0535739	0.198629	0.0724493	-0.031778	0.0776821	NA	NA
rs79116389	0.157463	0.108623	NA	NA	NA	NA	-0.019158	0.0558926	0.225132	0.076072	-0.0177448	0.0815772	NA	NA
rs10197751	-0.0446536	0.216414	NA	NA	NA	NA	NA	NA	NA	NA	NA	NA	NA	NA
rs62151464	0.0462426	0.370414	NA	NA	NA	NA	-0.0263014	0.0532087	0.189749	0.0706818	-0.0364568	0.0758285	NA	NA
rs2581024	-0.0992233	0.0674247	NA	NA	NA	NA	NA	NA	NA	NA	NA	NA	NA	NA
rs2581025	-0.0986391	0.0674867	NA	NA	NA	NA	NA	NA	NA	NA	NA	NA	NA	NA
rs1822005	-0.105961	0.0658652	NA	NA	NA	NA	NA	NA	NA	NA	NA	NA	NA	NA
rs1822004	-0.105778	0.0654109	NA	NA	NA	NA	NA	NA	NA	NA	NA	NA	0.00325802	0.017
rs1822003	-0.108964	0.0662466	NA	NA	NA	NA	NA	NA	NA	NA	NA	NA	NA	NA
rs2912713	-0.106285	0.0653549	NA	NA	NA	NA	NA	NA	NA	NA	NA	NA	0.00413634	0.0171093
rs2581030	-0.0954298	0.0665321	NA	NA	NA	NA	NA	NA	NA	NA	NA	NA	0.00325802	0.017
rs34715190	0.00569955	0.0973454	NA	NA	NA	NA	NA	NA	NA	NA	NA	NA	NA	NA
rs7582044	-0.058238	0.18417	NA	NA	NA	NA	NA	NA	NA	NA	NA	NA	NA	NA
rs10187326	-0.00505586	0.082225	0.0170812	0.0555538	-0.00632277	0.0962943	-0.118265	0.112088	-0.102817	0.14829	0.0101292	0.152703	-0.026593	0.0194855
rs56293462	0.0625029	0.0656094	NA	NA	NA	NA	0.0299456	0.0542956	-0.021222	0.0681586	0.0321742	0.0711519	NA	NA
rs6542743	0.0541759	0.086529	0.0412274	0.0325286	-0.0166776	0.0681136	-0.0107788	0.050101	0.213956	0.0765277	-0.0472245	0.0771088	NA	NA
rs62151470	0.113743	0.0894467	0.0169292	0.0293528	-0.0511346	0.0607159	-0.0105678	0.0440844	0.183503	0.0641097	-0.0678869	0.068278	0.0421035	0.0202667
rs111588864	0.111397	0.225037	NA	NA	NA	NA	NA	NA	NA	NA	NA	NA	NA	NA
rs77981735	0.0364899	0.101838	NA	NA	NA	NA	NA	NA	NA	NA	NA	NA	NA	NA
rs4419199	0.110764	0.060246	NA	NA	NA	NA	-0.00145053	0.0507232	0.237038	0.0728138	-0.0365475	0.0738897	NA	NA
rs1820560	0.00656465	0.101498	NA	NA	NA	NA	-0.0125059	0.0499876	0.214004	0.076422	-0.0482402	0.0770075	NA	NA
rs75812993	-0.106285	0.0653549	NA	NA	NA	NA	NA	NA	NA	NA	NA	NA	0.00329238	0.0170053
rs7573253	0.0233958	0.208141	NA	NA	NA	NA	NA	NA	NA	NA	NA	NA	-0.020683	0.0369378
rs76428252	-0.00998685	0.0817972	0.0329423	0.0545463	-0.0175239	0.0951597	-0.141377	0.108354	-0.100589	0.146817	0.0332172	0.15122	-0.0300032	0.0192859
rs111314776	0.217916	0.199145	NA	NA	NA	NA	NA	NA	NA	NA	NA	NA	NA	NA
rs6712356	0.217916	0.199145	NA	NA	NA	NA	NA	NA	NA	NA	NA	NA	0.00332599	0.0279611
rs116074195	-0.0538826	0.183791	NA	NA	NA	NA	NA	NA	NA	NA	NA	NA	NA	NA
rs3906487	0.00665561	0.101495	0.041359	0.0324646	-0.0155562	0.0679954	-0.0125238	0.0499962	0.213632	0.0763867	-0.0481751	0.0769675	0.0178391	0.0230527
rs79427669	0.00643057	0.0819438	0.0209115	0.0554711	-0.00490987	0.0961508	-0.113381	0.111904	-0.111339	0.148357	0.00926529	0.152846	-0.0266992	0.0194684
rs115612540	-0.115288	0.066188	NA	NA	NA	NA	NA	NA	NA	NA	NA	NA	NA	NA
rs116107613	0.138529	0.118381	NA	NA	NA	NA	NA	NA	NA	NA	NA	NA	-0.0365698	0.0245976
rs13418994	0.100224	0.060959	NA	NA	NA	NA	-0.0128491	0.0504976	0.209443	0.0765481	-0.0466805	0.0771036	NA	NA
rs13407174	0.00663371	0.101495	NA	NA	NA	NA	-0.0125997	0.0500146	0.213768	0.0764022	-0.0479197	0.0769835	NA	NA
rs13394016	0.00616079	0.101582	NA	NA	NA	NA	-0.0125867	0.0500553	0.213609	0.0764626	-0.0483641	0.0770465	NA	NA
rs113480292	0.315762	0.106083	0.0281691	0.0416398	0.0873239	0.0797513	0.0235709	0.065795	-0.0826065	0.0807774	0.174001	0.0860318	-0.0104528	0.0226393
rs70956237	-0.0934786	0.39112	NA	NA	NA	NA	-0.0283666	0.0495263	0.189989	0.0646573	-0.0518158	0.0683466	0.0349299	0.0284808
rs11678923	-0.0141642	0.104686	-0.0420489	0.0339333	-0.0166042	0.0688408	0.039972	0.0532159	-0.18437	0.0780009	0.00831145	0.0812618	-0.000569556	0.022573
rs6746560	0.0365049	0.0764974	0.0435745	0.0324263	-0.0177899	0.0681598	-0.0119935	0.0499333	0.214071	0.0764359	-0.0473774	0.0770238	NA	NA
rs6750057	0.0367571	0.0764456	0.0418036	0.0323975	-0.0155015	0.0679611	-0.014279	0.0498079	0.220687	0.0762167	-0.0453812	0.0769147	0.022212	0.0195025
rs113229105	-0.115329	0.0661869	NA	NA	NA	NA	NA	NA	NA	NA	NA	NA	NA	NA
rs2556143	0.0367479	0.0764359	0.0418026	0.0323942	-0.015528	0.0679572	-0.0142629	0.0498005	0.220672	0.0762162	-0.0453742	0.0769143	NA	NA
rs13400967	0.128627	0.0567041	0.0454169	0.032629	-0.0189241	0.0684231	-0.0143116	0.0503685	0.216053	0.0764132	-0.0439788	0.0770673	NA	NA
rs4081816	-0.115677	0.0658234	NA	NA	NA	NA	NA	NA	NA	NA	NA	NA	NA	NA
rs113176248	-0.0684905	0.217038	NA	NA	NA	NA	NA	NA	NA	NA	NA	NA	NA	NA
rs2378049	0.0367479	0.0764359	0.0418026	0.0323942	-0.015528	0.0679572	-0.0142629	0.0498005	0.220672	0.0762162	-0.0453742	0.0769143	NA	NA
rs56203232	0.308226	0.187499	0.0202845	0.0393068	0.06115	0.0752566	0.0113272	0.0614817	-0.0662348	0.0737305	0.135689	0.0770194	NA	NA
rs55933246	0.000164449	0.0581669	NA	NA	NA	NA	0.0224125	0.0533569	-0.0294348	0.0671794	0.043986	0.0702828	NA	NA
rs55786167	0.0316142	0.0753117	NA	NA	NA	NA	-0.0106549	0.0499704	0.213742	0.0762163	-0.0493613	0.0767957	NA	NA
rs4319897	0.108139	0.0572789	NA	NA	NA	NA	-0.0114753	0.0506926	0.209466	0.0768416	-0.0466555	0.0772923	NA	NA
rs13423010	0.109157	0.0597651	NA	NA	NA	NA	0.0112359	0.0501093	0.208735	0.0716078	-0.0418868	0.0723769	0.0282661	0.0139676
rs4289135	0.0367482	0.0764444	0.0419072	0.0324136	-0.0156157	0.0679891	-0.0141675	0.0498461	0.220392	0.0762695	-0.0453939	0.0769582	NA	NA
rs4012192	0.132645	0.0568257	NA	NA	NA	NA	-0.0143535	0.0503971	0.216085	0.0764128	-0.0437941	0.0770661	NA	NA
rs13426583	0.108263	0.0572688	NA	NA	NA	NA	-0.0144218	0.0503141	0.216064	0.0764171	-0.0441606	0.0770711	NA	NA
rs2114633	0.0367416	0.0764375	0.0418897	0.0323925	-0.0158714	0.0679766	-0.0142049	0.049789	0.220499	0.0762123	-0.0454901	0.0769093	NA	NA
rs112180019	0.0569153	0.378911	NA	NA	NA	NA	NA	NA	NA	NA	NA	NA	NA	NA
rs1820558	0.0365223	0.0764498	0.0418564	0.0324125	-0.0162884	0.0679725	-0.0138106	0.0498413	0.220793	0.0763272	-0.0457439	0.0770187	0.023099	0.0195662
rs59340040	-0.107163	0.0649626	NA	NA	NA	NA	NA	NA	NA	NA	NA	NA	NA	NA
rs79528772	-0.106676	0.0649376	NA	NA	NA	NA	NA	NA	NA	NA	NA	NA	NA	NA
rs7563872	0.0604028	0.0848475	NA	NA	NA	NA	-0.00380307	0.045056	0.21139	0.0654948	-0.0757311	0.069713	NA	NA
rs35430113	-0.106676	0.0649376	NA	NA	NA	NA	NA	NA	NA	NA	NA	NA	0.00329238	0.0170053
rs3856400	0.0286281	0.0788779	NA	NA	NA	NA	-0.0147	0.0497829	0.220301	0.0761219	-0.0455292	0.0768487	0.0253566	0.0209925
rs6728506	-0.106268	0.0648816	NA	NA	NA	NA	NA	NA	NA	NA	NA	NA	NA	NA
rs6716554	0.0932772	0.0569914	0.0429416	0.0325851	-0.0160488	0.0682306	-0.0147896	0.0502482	0.216105	0.0763492	-0.0447033	0.0770206	0.00896232	0.014685
rs74384947	0.0553206	0.0912008	NA	NA	NA	NA	-0.116957	0.112707	-0.105283	0.148248	0.0119775	0.152625	-0.028321	0.0200694
rs6721061	0.126127	0.0598387	0.0325071	0.0310123	-0.0113287	0.061459	0.00811498	0.049673	0.215859	0.0716541	-0.0422402	0.0724361	0.0257689	0.0142955
rs114351391	-0.161867	0.154885	NA	NA	NA	NA	NA	NA	NA	NA	NA	NA	0.0349285	0.0376175
rs114691040	-0.307925	0.234638	NA	NA	NA	NA	NA	NA	NA	NA	NA	NA	-0.070367	0.0684972
rs78970285	-0.0466657	0.116107	NA	NA	NA	NA	NA	NA	NA	NA	NA	NA	0.0172406	0.0304719
rs79805115	-0.227924	0.0996464	NA	NA	NA	NA	NA	NA	NA	NA	NA	NA	-0.0176126	0.028266
rs74411336	-0.161332	0.155151	NA	NA	NA	NA	NA	NA	NA	NA	NA	NA	0.0349285	0.0376175
rs2052819	-0.106267	0.0648825	NA	NA	NA	NA	NA	NA	NA	NA	NA	NA	0.00267053	0.0170034
rs114464539	-0.169083	0.15271	NA	NA	NA	NA	NA	NA	NA	NA	NA	NA	NA	NA
rs13021837	0.138234	0.0974583	0.0115451	0.0284374	-0.0447439	0.0586226	-0.0155645	0.0429299	0.19536	0.0619384	-0.0691839	0.0661083	0.0601518	0.0225857
rs13022589	0.138234	0.0974583	0.0115451	0.0284374	-0.0447439	0.0586226	-0.0155645	0.0429299	0.19536	0.0619384	-0.0691839	0.0661083	0.0601518	0.0225857
rs74995214	0.0239808	0.179485	NA	NA	NA	NA	NA	NA	NA	NA	NA	NA	-0.0061001	0.0564403
rs1346328	0.0416734	0.0764342	0.041862	0.032381	-0.0152368	0.0679886	-0.0144616	0.04977	0.220405	0.0761682	-0.0457616	0.0768772	NA	NA
rs2217158	0.0416358	0.076441	0.041862	0.032381	-0.0152368	0.0679886	-0.0144616	0.04977	0.220405	0.0761682	-0.0457616	0.0768772	NA	NA
rs116343430	0.527848	0.246038	NA	NA	NA	NA	NA	NA	NA	NA	NA	NA	0.0815015	0.0651372
rs113378976	-0.0917204	0.20998	NA	NA	NA	NA	NA	NA	NA	NA	NA	NA	-0.0619308	0.05432
rs74890552	0.0161163	0.195889	0.0232015	0.0573818	-0.00406819	0.0989585	-0.113326	0.118298	-0.121251	0.155481	0.0227905	0.160025	NA	NA
rs6726584	-0.116421	0.0660331	NA	NA	NA	NA	NA	NA	NA	NA	NA	NA	0.00333524	0.0169978
rs1365810	0.111054	0.0569562	0.0429291	0.0325842	-0.0160974	0.0682294	-0.0147745	0.0502467	0.215894	0.0763394	-0.0449984	0.0770094	NA	NA
rs115051736	-0.197587	0.141358	NA	NA	NA	NA	NA	NA	NA	NA	NA	NA	0.00102833	0.0406903
rs6711763	0.0405826	0.07613	0.0369058	0.0304888	-0.0095508	0.0646402	-0.0118411	0.0462534	0.209789	0.073688	-0.0553713	0.0743074	NA	NA
rs6542745	0.040177	0.0769521	0.0418354	0.0323859	-0.0154267	0.0679916	-0.0144311	0.049781	0.220423	0.0761727	-0.0457936	0.076882	0.023414	0.0200621
rs116745084	-0.145818	0.133026	NA	NA	NA	NA	NA	NA	NA	NA	NA	NA	-0.00472453	0.0349541
rs1427341	0.124143	0.0956681	0.0104218	0.0283532	-0.0453419	0.0580887	-0.0186161	0.0425818	0.191932	0.0615479	-0.0754134	0.0656524	0.0474107	0.0214346
rs10200072	0.0677965	0.109235	0.0224401	0.0560016	-0.00738556	0.0964671	-0.124652	0.114772	-0.098261	0.148655	0.0169034	0.153112	-0.0045816	0.0235246
rs13395424	0.0677965	0.109235	0.0224401	0.0560016	-0.00738556	0.0964671	-0.124652	0.114772	-0.098261	0.148655	0.0169034	0.153112	-0.00305053	0.0235632
rs115410616	-0.0352019	0.126995	NA	NA	NA	NA	NA	NA	NA	NA	NA	NA	-0.0247529	0.0371432
rs72946956	0.0689168	0.0757631	NA	NA	NA	NA	0.217567	0.232027	-0.216435	0.233752	0.162769	0.258177	NA	NA
rs72946958	-0.263036	0.163986	NA	NA	NA	NA	NA	NA	NA	NA	NA	NA	-0.0558044	0.0368555
rs79826493	0.266349	0.16203	NA	NA	NA	NA	NA	NA	NA	NA	NA	NA	-0.00739836	0.0392504
rs7604041	-0.0094291	0.068575	0.0111972	0.0264112	-0.0464107	0.0546258	-0.0141048	0.0393184	0.181736	0.0588644	-0.0743553	0.0627565	0.0235467	0.016634
rs7578879	0.114141	0.139089	NA	NA	NA	NA	NA	NA	NA	NA	NA	NA	-0.0155602	0.0306528
rs7581469	0.0677894	0.108057	0.020463	0.0553792	-0.00570909	0.0951385	-0.123389	0.115488	-0.0940235	0.145172	0.01699	0.149596	-0.00305053	0.0235632
rs79372338	-0.280424	0.0981336	NA	NA	NA	NA	NA	NA	NA	NA	NA	NA	-0.0274628	0.0250074
rs59128447	0.0661994	0.0749596	NA	NA	NA	NA	0.217567	0.232027	-0.216435	0.233752	0.162769	0.258177	0.0231025	0.0214366
rs75190709	0.0677894	0.108057	0.020463	0.0553792	-0.00570909	0.0951385	-0.123389	0.115488	-0.0940235	0.145172	0.01699	0.149596	NA	NA
rs2052818	0.146364	0.102573	0.0492586	0.035107	-0.0189347	0.0730281	-0.0181659	0.0550131	0.158129	0.0789046	-0.0923022	0.0788261	0.0315159	0.0247189
rs115625231	-0.0381883	0.160076	NA	NA	NA	NA	NA	NA	NA	NA	NA	NA	-0.0412392	0.0484201
rs13384936	-0.0671213	0.22771	NA	NA	NA	NA	NA	NA	NA	NA	NA	NA	-0.0162416	0.0408365
rs112152089	0.0661403	0.0749615	NA	NA	NA	NA	0.215033	0.231609	-0.219638	0.233765	0.160412	0.258191	0.0231025	0.0214366
rs10445868	0.166056	0.095977	0.0493085	0.0351739	-0.0191338	0.0730966	-0.0184485	0.0551543	0.158129	0.0789528	-0.0924612	0.0788885	0.00723617	0.0224565
rs113324783	0.0661961	0.0749594	NA	NA	NA	NA	0.218087	0.232031	-0.216435	0.233752	0.162769	0.258177	NA	NA
rs10209061	0.0677894	0.108057	0.0204063	0.055383	-0.00572528	0.0951397	-0.123832	0.115501	-0.0940235	0.145172	0.01699	0.149596	-0.00305053	0.0235632
rs13430821	0.0658843	0.106881	0.0204063	0.055383	-0.00572528	0.0951397	-0.123832	0.115501	-0.0940235	0.145172	0.01699	0.149596	-0.00305053	0.0235632
rs6744394	0.101336	0.109768	0.0207873	0.0309357	-0.0457665	0.0634598	-0.024023	0.0482214	0.183144	0.0622101	-0.0426697	0.0668582	0.06216	0.0251125
rs13417960	0.0673044	0.106817	0.0204063	0.055383	-0.00572528	0.0951397	-0.123832	0.115501	-0.0940235	0.145172	0.01699	0.149596	-0.00305053	0.0235632
rs13415133	0.0736292	0.0643226	0.00558811	0.0521378	0.0130471	0.0908033	-0.0531678	0.100947	-0.132999	0.12553	0.0559561	0.132266	NA	NA
rs10182966	0.0673044	0.106817	0.0204063	0.055383	-0.00572528	0.0951397	-0.123832	0.115501	-0.0940235	0.145172	0.01699	0.149596	-0.00305053	0.0235632
rs115786653	-0.0155911	0.175631	NA	NA	NA	NA	NA	NA	NA	NA	NA	NA	NA	NA
rs10206685	0.0673044	0.106817	0.0204063	0.055383	-0.00572528	0.0951397	-0.123832	0.115501	-0.0940235	0.145172	0.01699	0.149596	-0.00305053	0.0235632
rs10185772	0.155829	0.0960696	0.0492616	0.0351455	-0.0193043	0.0730527	-0.0182435	0.0550951	0.158121	0.0788931	-0.0921419	0.078813	0.00723617	0.0224565
rs115546161	-0.0701517	0.185075	NA	NA	NA	NA	NA	NA	NA	NA	NA	NA	NA	NA
rs7594779	0.0736292	0.0643226	0.00558811	0.0521378	0.0130471	0.0908033	-0.0531678	0.100947	-0.132999	0.12553	0.0559561	0.132266	NA	NA
rs72946967	-0.313101	0.19757	NA	NA	NA	NA	NA	NA	NA	NA	NA	NA	NA	NA
rs72946970	0.0624823	0.0743969	NA	NA	NA	NA	0.218087	0.232031	-0.216435	0.233752	0.162769	0.258177	0.0231025	0.0214366
rs13408792	0.066948	0.106476	0.016825	0.0549933	-0.0140265	0.0943115	-0.123832	0.115501	-0.0940235	0.145172	0.01699	0.149596	NA	NA
rs73951992	0.250165	0.139983	NA	NA	NA	NA	0.209046	0.233538	-0.217235	0.234519	0.162248	0.258995	0.0312612	0.0334079
rs13409022	0.066948	0.106476	0.016825	0.0549933	-0.0140265	0.0943115	-0.123832	0.115501	-0.0940235	0.145172	0.01699	0.149596	-0.00305053	0.0235632
rs6734993	0.0751108	0.113397	0.0494338	0.0351112	-0.0184176	0.0730072	-0.0183125	0.0550426	0.158135	0.0788949	-0.0921571	0.0788147	0.0288006	0.0265017
rs1863688	0.0665191	0.064037	0.00187017	0.0515949	0.00532193	0.0895883	-0.0531978	0.100947	-0.121127	0.12475	0.0573487	0.131418	0.0116772	0.0166589
rs73951993	0.250165	0.139983	NA	NA	NA	NA	0.209046	0.233538	-0.217235	0.234519	0.162248	0.258995	0.0312612	0.0334079
rs72946972	0.0652153	0.0747411	NA	NA	NA	NA	0.218087	0.232031	-0.216435	0.233752	0.162769	0.258177	0.0231025	0.0214366
rs72946974	0.208088	0.200692	NA	NA	NA	NA	NA	NA	NA	NA	NA	NA	0.0531365	0.0365854
rs114228080	-0.152062	0.214551	NA	NA	NA	NA	NA	NA	NA	NA	NA	NA	0.0985705	0.051418
rs58878955	0.239432	0.207153	NA	NA	NA	NA	NA	NA	NA	NA	NA	NA	0.0531365	0.0365854
rs60364200	0.239432	0.207153	NA	NA	NA	NA	NA	NA	NA	NA	NA	NA	0.0531365	0.0365854
rs10196571	0.0854614	0.0559185	0.0392044	0.0315608	-0.0165601	0.0616364	-0.00221433	0.0514143	0.161899	0.0722095	-0.0981747	0.0728256	0.0174424	0.0138522
rs2378059	0.0671915	0.106456	0.0167267	0.0549666	-0.01371	0.0942581	-0.123832	0.115501	-0.0935021	0.14516	0.0166964	0.149578	-0.00305053	0.0235632
rs2889820	0.0705484	0.0641379	0.00210414	0.0517996	0.00492581	0.0900087	-0.0531678	0.100947	-0.121579	0.125382	0.0580352	0.132112	0.0126446	0.01681
rs4383289	-0.0029191	0.058701	0.0393432	0.0312611	-0.0153567	0.0608906	-0.0021221	0.0514712	0.158957	0.0707192	-0.0991625	0.0713434	NA	NA
rs6718636	0.0619606	0.0743133	NA	NA	NA	NA	0.218087	0.232031	-0.178821	0.233452	0.17215	0.258218	0.0231025	0.0214366
rs113835676	-0.219555	0.0934289	NA	NA	NA	NA	NA	NA	NA	NA	NA	NA	-0.0188786	0.0217758
rs6747428	0.208088	0.200692	NA	NA	NA	NA	NA	NA	NA	NA	NA	NA	0.0519789	0.0363704
rs12463578	-0.0372669	0.0585947	0.0391634	0.0315656	-0.0155855	0.0616922	-0.00229025	0.0514729	0.16507	0.072109	-0.0976452	0.072742	-0.00684409	0.0149518
rs111304794	-0.217348	0.0887391	NA	NA	NA	NA	NA	NA	NA	NA	NA	NA	-0.0178125	0.0226853
rs111941516	0.208088	0.200692	NA	NA	NA	NA	NA	NA	NA	NA	NA	NA	0.0531365	0.0365854
rs13386313	0.0705484	0.0641379	0.00210414	0.0517996	0.00492581	0.0900087	-0.0531678	0.100947	-0.121579	0.125382	0.0580352	0.132112	NA	NA
rs6751473	0.150749	0.0960476	0.0494592	0.0351197	-0.018532	0.0729705	-0.0182435	0.0550951	0.147657	0.0788245	-0.093511	0.0787105	0.00723617	0.0224565
rs13424059	-0.0163252	0.20194	NA	NA	NA	NA	NA	NA	NA	NA	NA	NA	-0.0146912	0.0378513
rs4090785	0.111054	0.109035	0.00886158	0.0285353	-0.0353815	0.0583206	-0.0192201	0.0433848	0.194289	0.060539	-0.0700653	0.0646534	0.0542434	0.0237926
rs13427009	0.0709001	0.106136	0.0167267	0.0549666	-0.01371	0.0942581	-0.123832	0.115501	-0.0935021	0.14516	0.0166964	0.149578	-0.00305053	0.0235632
rs57187240	0.0598125	0.07423	NA	NA	NA	NA	0.215947	0.232009	-0.183182	0.233483	0.165553	0.25828	NA	NA
rs13405395	0.0711056	0.106153	0.0167267	0.0549666	-0.01371	0.0942581	-0.123832	0.115501	-0.0935021	0.14516	0.0166964	0.149578	-0.00305053	0.0235632
rs113016460	0.568124	0.223967	NA	NA	NA	NA	NA	NA	NA	NA	NA	NA	0.0297368	0.0692737
rs75913825	0.17922	0.138649	0.155322	0.119753	-0.0446413	0.200777	0.157596	0.218919	0.354306	0.198016	-0.250791	0.205991	NA	NA
rs6706100	-0.0157014	0.0685145	0.00914013	0.0283616	-0.035797	0.0580883	-0.0183601	0.0429804	0.192891	0.0603629	-0.0724382	0.0644148	NA	NA
rs13431995	0.0705203	0.064088	0.00210414	0.0517996	0.00492581	0.0900087	-0.0531678	0.100947	-0.121579	0.125382	0.0580352	0.132112	0.0134999	0.0168124
rs75590649	0.250564	0.140066	NA	NA	NA	NA	0.209046	0.233538	-0.176931	0.23426	0.172581	0.259053	0.0312612	0.0334079
rs112457159	0.574939	0.212585	NA	NA	NA	NA	NA	NA	NA	NA	NA	NA	NA	NA
rs7594860	0.157885	0.095903	0.0498979	0.0353777	-0.00975211	0.0738258	-0.0181586	0.0553326	0.149366	0.0790761	-0.0942282	0.0789693	0.00723617	0.0224565
rs113264854	-0.319464	0.191056	NA	NA	NA	NA	NA	NA	NA	NA	NA	NA	-0.0813228	0.0482076
rs112087146	0.207936	0.200745	NA	NA	NA	NA	NA	NA	NA	NA	NA	NA	0.0531365	0.0365854
rs116414834	-0.0354991	0.136639	NA	NA	NA	NA	NA	NA	NA	NA	NA	NA	-0.0247529	0.0371432
rs13021929	0.157746	0.0950347	0.0494592	0.0351197	-0.018532	0.0729705	-0.0182435	0.0550951	0.147657	0.0788245	-0.093511	0.0787105	0.00723617	0.0224565
rs58524924	0.0705203	0.064088	0.00210414	0.0517996	0.00492581	0.0900087	-0.0531678	0.100947	-0.121579	0.125382	0.0580352	0.132112	0.0126446	0.01681
rs13429089	0.0756092	0.106166	0.016698	0.0549493	-0.013665	0.0942249	-0.123866	0.115388	-0.0935021	0.14516	0.0166964	0.149578	-0.00305053	0.0235632
rs111570120	0.575083	0.212207	NA	NA	NA	NA	NA	NA	NA	NA	NA	NA	0.000788282	0.0581301
rs13028331	-0.258845	0.388722	0.0168203	0.0315175	-0.0334022	0.0643962	-0.0283708	0.0495283	0.186542	0.0621155	-0.0415794	0.0668372	0.0461198	0.0311798
rs72946980	0.0577901	0.0743275	NA	NA	NA	NA	0.218087	0.232031	-0.178821	0.233452	0.17215	0.258218	0.0231025	0.0214366
rs59966199	0.207936	0.200745	NA	NA	NA	NA	NA	NA	NA	NA	NA	NA	0.0531365	0.0365854
rs58737448	0.0591626	0.0741992	NA	NA	NA	NA	0.218087	0.232031	-0.178821	0.233452	0.17215	0.258218	NA	NA
rs76692201	0.151931	0.0898226	NA	NA	NA	NA	0.00902881	0.0778036	-0.0672493	0.0962935	-0.152615	0.100335	NA	NA
rs111307104	-0.318963	0.19182	NA	NA	NA	NA	NA	NA	NA	NA	NA	NA	-0.0813228	0.0482076
rs10164811	0.0715568	0.105947	0.0165799	0.0548944	-0.0131571	0.0941126	-0.123832	0.115501	-0.0934776	0.144921	0.0109087	0.149323	-0.00305053	0.0235632
rs10188344	0.0720705	0.106071	0.0165799	0.0548944	-0.0131571	0.0941126	-0.123832	0.115501	-0.0934776	0.144921	0.0109087	0.149323	-0.00305053	0.0235632
rs113985163	0.571496	0.223852	NA	NA	NA	NA	NA	NA	NA	NA	NA	NA	0.0297368	0.0692737
rs55900616	0.0335748	0.0775741	NA	NA	NA	NA	0.221262	0.232784	-0.186467	0.231619	0.116666	0.255752	0.00673562	0.0247427
rs17190709	0.151248	0.125731	0.0311005	0.0378467	0.0493388	0.071796	-0.00358883	0.0603025	-0.101218	0.0670563	0.0836552	0.0711577	-0.0387465	0.0275081
rs72946983	0.0591112	0.0741962	NA	NA	NA	NA	0.21778	0.232163	-0.186872	0.230508	0.100691	0.254239	0.0231025	0.0214366
rs10183788	0.0734646	0.0642614	0.00224563	0.0517457	0.00562726	0.0898739	-0.053232	0.100998	-0.123913	0.124618	0.03534	0.131343	0.0126446	0.01681
rs116812392	-0.0242755	0.129683	NA	NA	NA	NA	NA	NA	NA	NA	NA	NA	-0.0247529	0.0371432
rs72946985	0.0734646	0.0642614	0.00224563	0.0517457	0.00562726	0.0898739	-0.053232	0.100998	-0.123913	0.124618	0.03534	0.131343	0.0126446	0.01681
rs76780466	0.104466	0.251369	NA	NA	NA	NA	NA	NA	NA	NA	NA	NA	-0.023978	0.0579311
rs17035967	0.0800491	0.106548	0.0165799	0.0548944	-0.0131571	0.0941126	-0.123832	0.115501	-0.0934776	0.144921	0.0109087	0.149323	-0.00305053	0.0235632
rs114501641	0.0188796	0.179038	NA	NA	NA	NA	NA	NA	NA	NA	NA	NA	-0.0417587	0.0502972
rs114041307	-0.314273	0.188745	NA	NA	NA	NA	NA	NA	NA	NA	NA	NA	-0.0813228	0.0482076
rs114128573	-0.313458	0.188731	NA	NA	NA	NA	NA	NA	NA	NA	NA	NA	-0.0813228	0.0482076
rs112253726	0.54927	0.223839	NA	NA	NA	NA	NA	NA	NA	NA	NA	NA	NA	NA
rs10178309	0.0821231	0.106592	0.0165799	0.0548944	-0.0131571	0.0941126	-0.123832	0.115501	-0.0934776	0.144921	0.0109087	0.149323	-0.00305053	0.0235632
rs72946988	0.0593377	0.0741189	NA	NA	NA	NA	0.218996	0.232488	-0.186872	0.230508	0.100691	0.254239	0.0231025	0.0214366
rs116668613	-0.0526803	0.183529	NA	NA	NA	NA	NA	NA	NA	NA	NA	NA	NA	NA
rs17036075	-0.756764	0.417351	NA	NA	-0.144763	0.239683	NA	NA	-0.386571	0.263422	-0.429817	0.261378	NA	NA
rs115684759	0.211167	0.272788	NA	NA	NA	NA	NA	NA	-0.176696	0.235392	0.153374	0.258948	NA	NA
rs111384752	-0.341604	0.192116	NA	NA	NA	NA	NA	NA	NA	NA	NA	NA	NA	NA
rs5833262	0.483561	0.194282	NA	NA	NA	NA	NA	NA	NA	NA	NA	NA	-0.0246126	0.0466461
rs10170368	0.0775284	0.0649038	0.00386609	0.0516223	0.00655052	0.0896675	-0.0554679	0.101026	-0.122943	0.123294	0.0223398	0.129972	0.0104574	0.0169827
rs77081550	0.0385472	0.165646	NA	NA	NA	NA	NA	NA	NA	NA	NA	NA	-0.0526602	0.0539705
rs111491442	0.52258	0.212183	NA	NA	NA	NA	NA	NA	NA	NA	NA	NA	0.00575765	0.0610754
rs10174054	0.140111	0.0968218	0.0169106	0.054918	-0.0130122	0.0941454	-0.124109	0.115641	-0.0934313	0.14493	0.0109988	0.149327	-0.00120728	0.0224157
rs12328305	0.0886027	0.106456	0.0165573	0.0549031	-0.0131406	0.0941258	-0.124026	0.115554	-0.0934485	0.144922	0.0110465	0.149324	0.00115391	0.0237477
rs12328827	0.0772288	0.0649696	0.00394507	0.0517546	0.00669767	0.0899389	-0.0554617	0.100993	-0.123793	0.123848	0.0243458	0.130526	0.0122835	0.0169771
rs2033166	0.156269	0.0958785	0.0431105	0.035131	-0.028821	0.0729778	-0.0185921	0.0551425	0.141991	0.0791494	-0.0846682	0.0790343	0.00893454	0.0220797
rs28493935	0.0887608	0.106682	0.0165573	0.0549031	-0.0131406	0.0941258	-0.124026	0.115554	-0.0934485	0.144922	0.0110465	0.149324	NA	NA
rs2033165	0.0772288	0.0649696	0.00394507	0.0517546	0.00669767	0.0899389	-0.0554617	0.100993	-0.123793	0.123848	0.0243458	0.130526	NA	NA
rs2033164	0.08897	0.106679	0.0165573	0.0549031	-0.0131406	0.0941258	-0.124026	0.115554	-0.0934485	0.144922	0.0110465	0.149324	0.00201919	0.0236076
rs2033163	0.08897	0.106679	0.0165573	0.0549031	-0.0131406	0.0941258	-0.124026	0.115554	-0.0934485	0.144922	0.0110465	0.149324	0.00201919	0.0236076
rs76524768	-0.229033	0.0879584	NA	NA	NA	NA	NA	NA	NA	NA	NA	NA	-0.0164681	0.0229697
rs6760749	0.096103	0.0561686	NA	NA	NA	NA	NA	NA	NA	NA	NA	NA	NA	NA
rs72946995	-0.296667	0.157877	NA	NA	NA	NA	NA	NA	NA	NA	NA	NA	-0.053961	0.038549
rs116443089	-0.0268529	0.152793	NA	NA	NA	NA	NA	NA	NA	NA	NA	NA	-0.0473057	0.0470266
rs13018046	0.096824	0.176302	NA	NA	NA	NA	NA	NA	NA	NA	NA	NA	NA	NA
rs115934630	-0.167674	0.194419	NA	NA	NA	NA	NA	NA	NA	NA	NA	NA	NA	NA
rs1365809	-0.231635	0.0868076	NA	NA	NA	NA	NA	NA	NA	NA	NA	NA	NA	NA
rs10193220	0.0796076	0.0653162	0.00394507	0.0517546	0.00669767	0.0899389	-0.0554617	0.100993	-0.123793	0.123848	0.0243458	0.130526	NA	NA
rs10205668	-0.0023271	0.200068	NA	NA	NA	NA	NA	NA	NA	NA	NA	NA	-0.00164832	0.0381022
rs1365808	0.153362	0.095749	0.0431037	0.0351275	-0.0288074	0.0729755	-0.0185175	0.0551346	0.142017	0.0791355	-0.0845021	0.0790193	NA	NA
rs72826944	0.352184	0.220793	0.0459962	0.0469657	0.0210291	0.0913066	-0.0293085	0.0700637	-0.102196	0.0801938	0.0556121	0.0846571	-0.0401712	0.0400971
rs1593687	0.137066	0.102992	0.0431399	0.0351031	-0.0284527	0.0729586	-0.0185029	0.0550843	0.142015	0.0791439	-0.0845979	0.0790258	0.0325443	0.0241998
rs73952001	-0.0166804	0.105247	NA	NA	NA	NA	NA	NA	NA	NA	NA	NA	0.0175893	0.0251095
rs59841658	0.0640708	0.0762408	NA	NA	NA	NA	0.207263	0.232509	-0.184851	0.226289	0.0575759	0.248593	0.0182571	0.0216362
rs1593686	0.0796076	0.0653162	0.00394507	0.0517546	0.00669767	0.0899389	-0.0554617	0.100993	-0.123793	0.123848	0.0243458	0.130526	0.0122835	0.0169771
rs1593685	0.0796342	0.0653233	0.00394507	0.0517546	0.00669767	0.0899389	-0.0554617	0.100993	-0.123793	0.123848	0.0243458	0.130526	NA	NA
rs7426102	0.0795928	0.0653159	0.00394507	0.0517546	0.00669767	0.0899389	-0.0554617	0.100993	-0.123793	0.123848	0.0243458	0.130526	0.0122835	0.0169771
rs59536762	0.0640708	0.0762408	NA	NA	NA	NA	0.207263	0.232509	-0.186962	0.226896	0.0628975	0.249248	0.0182571	0.0216362
rs6727190	0.161984	0.0951847	NA	NA	NA	NA	-0.0184906	0.0551296	0.137994	0.0792343	-0.0742202	0.0791531	NA	NA
rs60360305	0.130402	0.171508	NA	NA	NA	NA	-0.0554617	0.100993	-0.124548	0.123966	0.0269697	0.130605	0.0122835	0.0169771
rs12712006	0.153372	0.0957496	NA	NA	NA	NA	-0.0198218	0.0551733	0.137127	0.0794094	-0.0748611	0.0793064	0.00893454	0.0220797
rs77220683	0.0880489	0.107352	0.016544	0.0549081	-0.0131518	0.0941303	-0.124769	0.115654	-0.0935123	0.144797	0.0126245	0.149161	0.00201919	0.0236076
rs10193097	0.153465	0.09575	0.0434336	0.035091	-0.028233	0.0728834	-0.0185609	0.0551411	0.137928	0.0792363	-0.0742283	0.0791543	NA	NA
rs112902170	0.520498	0.199081	NA	NA	NA	NA	NA	NA	NA	NA	NA	NA	0.00203949	0.0476065
rs75395684	0.0651388	0.162928	NA	NA	NA	NA	NA	NA	NA	NA	NA	NA	-0.042443	0.0478799
rs1427339	-0.229387	0.211912	-0.0448787	0.049384	0.00592813	0.105175	0.0910063	0.0767869	-0.0946259	0.120614	0.100777	0.120947	-0.0146665	0.0415207
rs13416160	0.087829	0.107257	0.0164205	0.0547285	-0.0132154	0.0937955	-0.1241	0.115534	-0.0933488	0.144328	0.0120693	0.148707	0.00201919	0.0236076
rs112617249	0.441211	0.185073	NA	NA	NA	NA	NA	NA	NA	NA	NA	NA	-0.0109921	0.0428368
rs57929846	0.185671	0.205156	NA	NA	NA	NA	NA	NA	NA	NA	NA	NA	0.0531365	0.0365854
rs13419460	0.0878297	0.107259	0.0165388	0.0548814	-0.0131574	0.0940891	-0.1241	0.115534	-0.0934687	0.14478	0.0126489	0.149144	0.00272476	0.0236503
rs6746551	0.064439	0.113035	0.0435657	0.0350607	-0.0278571	0.0728573	-0.0184431	0.0550774	0.138348	0.0792622	-0.074543	0.079178	NA	NA
rs78678966	-0.242907	0.0850047	NA	NA	NA	NA	NA	NA	NA	NA	NA	NA	NA	NA
rs79788106	0.166424	0.0921949	NA	NA	NA	NA	NA	NA	NA	NA	NA	NA	-0.0256493	0.0246433
rs76090182	-0.240621	0.0860728	NA	NA	NA	NA	NA	NA	NA	NA	NA	NA	NA	NA
rs1427336	-0.040014	0.0842251	NA	NA	NA	NA	NA	NA	NA	NA	NA	NA	0.00117641	0.0220695
rs79151991	-0.242748	0.0849807	NA	NA	NA	NA	NA	NA	NA	NA	NA	NA	-0.0150824	0.0226068
rs79267482	0.248297	0.114376	NA	NA	NA	NA	NA	NA	NA	NA	NA	NA	-0.0312263	0.0268229
rs13024513	0.150856	0.0955962	0.043455	0.0350509	-0.0279527	0.0727719	-0.0185175	0.0551346	0.137969	0.0792319	-0.0742155	0.0791504	NA	NA
rs10208932	0.0927069	0.055262	0.0335741	0.0314579	-0.0244014	0.0615682	-0.00182636	0.0517163	0.158316	0.0725052	-0.0717214	0.0732807	0.016659	0.0137448
rs72933272	0.185821	0.205237	NA	NA	NA	NA	NA	NA	NA	NA	NA	NA	0.0467221	0.0368019
rs111458226	0.199338	0.266568	NA	NA	NA	NA	NA	NA	NA	NA	NA	NA	0.0148144	0.0529797
rs7594107	0.0946799	0.107866	0.0163665	0.0548966	-0.0128725	0.0941298	-0.124156	0.115472	-0.0842721	0.144731	-0.000409459	0.148925	NA	NA
rs10177997	0.0803691	0.0653035	0.00379807	0.0517618	0.00692294	0.0899535	-0.0554617	0.100993	-0.117683	0.123969	0.0191883	0.130544	0.0122835	0.0169771
rs116102811	-0.367039	0.23143	NA	NA	NA	NA	NA	NA	NA	NA	NA	NA	NA	NA
rs77421846	0.10139	0.108078	0.0164336	0.0548818	-0.0131505	0.0940982	-0.124076	0.115473	-0.0842839	0.144736	-0.000832943	0.148928	0.00417882	0.0235609
rs10181373	0.0905466	0.0551443	0.0334901	0.0314202	-0.0245583	0.0614727	-0.00182832	0.0517168	0.151811	0.0722662	-0.0634586	0.0730879	0.016659	0.0137448
rs116656299	0.0329989	0.152022	NA	NA	NA	NA	NA	NA	NA	NA	NA	NA	-0.0441554	0.0388768
rs78408961	0.101427	0.108081	0.01643	0.05488	-0.0130695	0.0940941	-0.124156	0.115472	-0.0842721	0.144731	-0.000409459	0.148925	0.00201919	0.0236076
rs74450000	0.101427	0.108081	0.01643	0.05488	-0.0130695	0.0940941	-0.124156	0.115472	-0.0842721	0.144731	-0.000409459	0.148925	0.00201919	0.0236076
rs115213411	0.185636	0.20544	NA	NA	NA	NA	NA	NA	NA	NA	NA	NA	0.0328327	0.0379438
rs10184700	0.0549065	0.0543148	0.0340428	0.0312728	-0.024376	0.06108	-0.00163681	0.0517391	0.150481	0.0716904	-0.0649333	0.0725156	0.00837574	0.0137857
rs72933277	0.0591328	0.0761501	NA	NA	NA	NA	0.207623	0.232563	-0.188133	0.227808	0.0719325	0.250474	0.0182571	0.0216362
rs74410134	0.0345675	0.142016	NA	NA	NA	NA	NA	NA	NA	NA	NA	NA	NA	NA
rs77753234	0.033869	0.203762	NA	NA	NA	NA	NA	NA	NA	NA	NA	NA	-0.00164832	0.0381022
rs77415882	-0.0458171	0.184667	NA	NA	NA	NA	NA	NA	NA	NA	NA	NA	0.0804847	0.0358758
rs72933278	0.000588342	0.12668	NA	NA	NA	NA	NA	NA	NA	NA	NA	NA	-0.0422221	0.0344108
rs75077407	-0.236368	0.0851895	NA	NA	NA	NA	NA	NA	NA	NA	NA	NA	NA	NA
rs115029649	0.18634	0.276381	NA	NA	NA	NA	NA	NA	-0.174997	0.235639	0.160327	0.259071	NA	NA
rs73953507	0.220691	0.139952	NA	NA	NA	NA	0.207201	0.233732	-0.180461	0.233967	0.151209	0.258435	0.0292912	0.0332483
rs114669966	-0.243066	0.280823	NA	NA	NA	NA	NA	NA	NA	NA	NA	NA	-0.0337721	0.0614106
rs766683	0.122369	0.105123	0.00329891	0.0315881	-0.0280248	0.0647593	-0.0265465	0.0497654	0.174878	0.0609258	-0.0496681	0.0656821	0.0619692	0.0252939
rs333242	0.177805	0.20675	NA	NA	NA	NA	NA	NA	NA	NA	NA	NA	0.0531365	0.0365854
rs73953508	0.256891	0.13886	NA	NA	NA	NA	0.193144	0.232903	-0.180461	0.233967	0.151209	0.258435	0.0289181	0.0324899
rs333241	0.150243	0.0953433	0.0507413	0.034991	-0.0228012	0.0725219	-0.0193481	0.0551512	0.132145	0.0788917	-0.0677075	0.0788584	0.00893454	0.0220797
rs333240	0.150209	0.0953458	0.0509275	0.0349635	-0.0234533	0.07246	-0.0192814	0.0551358	0.132474	0.0788027	-0.0682037	0.0787741	0.00893454	0.0220797
rs10707418	0.0904796	0.055171	NA	NA	NA	NA	7.83E-05	0.0537878	0.13786	0.0731925	-0.0766961	0.0743252	0.0191927	0.0136764
rs13393493	0.0668019	0.200045	NA	NA	NA	NA	NA	NA	NA	NA	NA	NA	0.000427559	0.0366919
rs333239	0.124326	0.0576945	0.0371939	0.0339025	-0.0364497	0.0695855	0.0108642	0.0550553	0.124909	0.0746499	-0.063916	0.0753293	0.0274351	0.0141118
rs13013808	0.0904796	0.055171	0.0385677	0.033364	-0.0450275	0.0681519	7.83E-05	0.0537878	0.13786	0.0731925	-0.0766961	0.0743252	0.0192524	0.0136635
rs13014176	0.0902539	0.055079	0.0347684	0.0335405	-0.0476893	0.0685991	9.77E-05	0.0538038	0.137841	0.0732072	-0.0761925	0.0743334	NA	NA
rs79018402	-0.0388238	0.201396	NA	NA	NA	NA	NA	NA	NA	NA	NA	NA	-0.0462012	0.054533
rs78218464	-0.0706983	0.138333	NA	NA	NA	NA	NA	NA	NA	NA	NA	NA	-0.0434375	0.0412751
rs1021247	0.0902575	0.0550787	0.0387673	0.0332466	-0.0449105	0.067813	7.83E-05	0.0537878	0.137641	0.0726891	-0.0794633	0.0738276	0.0192524	0.0136635
rs80094781	0.116452	0.106982	0.0922153	0.0852649	0.113613	0.151414	-0.344443	0.186455	-0.0354698	0.187515	0.00937681	0.202606	-0.00839127	0.023592
rs72933284	-0.335766	0.195547	NA	NA	NA	NA	NA	NA	NA	NA	NA	NA	-0.0696176	0.0505003
rs17036533	0.164698	0.13674	0.164356	0.117301	-0.0537683	0.19619	0.158771	0.219589	0.345684	0.190422	-0.253574	0.199119	0.0281818	0.0337018
rs3806536	0.128074	0.0658546	0.0328886	0.0322131	-0.0119901	0.0626982	0.0297854	0.0538186	-0.0739062	0.0597717	-0.0116287	0.0637236	NA	NA
rs13422385	0.118162	0.106791	0.0619931	0.0814286	0.0534588	0.142738	-0.335886	0.182415	-0.0354672	0.186141	0.010546	0.200976	-0.00839127	0.023592
rs115291594	-0.234663	0.0868775	NA	NA	NA	NA	NA	NA	NA	NA	NA	NA	NA	NA
rs1684070	-0.0685651	0.0660447	NA	NA	NA	NA	0.188489	0.230098	-0.176334	0.23416	0.173939	0.2587	NA	NA
rs2433718	0.158321	0.0956172	0.0791694	0.0378742	-0.0319896	0.077546	-0.0230017	0.0594818	0.121298	0.0818813	-0.047194	0.0814555	0.00326655	0.0225982
rs4676168	0.13672	0.103886	0.0132496	0.0316861	-0.030164	0.0639387	-0.0266024	0.0494021	0.159069	0.0606755	-0.0308586	0.0657563	NA	NA
rs2433717	0.194841	0.214765	NA	NA	NA	NA	NA	NA	NA	NA	NA	NA	0.0531365	0.0365854
rs333238	0.156525	0.0958376	0.0545208	0.0349132	-0.0237446	0.0724151	-0.019045	0.0550864	0.13276	0.0787903	-0.0683827	0.0787654	0.0057867	0.0223013
rs333237	0.194841	0.214765	NA	NA	NA	NA	NA	NA	NA	NA	NA	NA	0.0531365	0.0365854
rs333236	0.156525	0.0958376	0.0545208	0.0349132	-0.0237446	0.0724151	-0.019045	0.0550864	0.13276	0.0787903	-0.0683827	0.0787654	NA	NA
rs3806531	0.129409	0.065893	0.0359885	0.0324249	-0.0116416	0.0631054	0.0303853	0.0539993	-0.0735925	0.0604226	-0.010173	0.0644009	0.00678405	0.0154625
rs17036563	0.0443852	0.174679	0.073778	0.0855797	0.0702416	0.150383	-0.351894	0.194254	-0.0523732	0.204568	0.0342679	0.224745	-0.0124921	0.0370723
rs13398078	0.108728	0.101672	0.062111	0.0824187	0.0543747	0.144384	-0.337856	0.182023	-0.034244	0.186273	0.00989874	0.201107	-0.0138704	0.0228037
rs13384641	0.108487	0.104203	0.0622834	0.082454	0.0538974	0.144403	-0.337193	0.182321	-0.0341347	0.186272	0.00989874	0.201107	-0.0146536	0.02305
rs72933292	0.0578126	0.144228	NA	NA	NA	NA	NA	NA	NA	NA	NA	NA	-0.0528299	0.0413654
rs72933295	0.0565031	0.143653	NA	NA	NA	NA	NA	NA	NA	NA	NA	NA	-0.0463201	0.041697
rs114172360	-0.0387729	0.201369	NA	NA	NA	NA	NA	NA	NA	NA	NA	NA	-0.0462012	0.054533
rs73953528	0.195588	0.140278	NA	NA	NA	NA	0.192645	0.232914	-0.177101	0.234354	0.171613	0.258672	0.0289181	0.0324899
rs6542746	0.106233	0.0547999	0.0118104	0.0295919	-0.0593692	0.0592729	-0.019071	0.0465764	0.164206	0.0575819	-0.120838	0.0611878	NA	NA
rs17269265	0.00295892	0.100934	0.0461901	0.0370315	0.0477916	0.0694637	-0.00454331	0.0606344	-0.10043	0.0653115	0.0857249	0.0693382	-0.0331206	0.0301917
rs72933297	0.00578698	0.124967	NA	NA	NA	NA	NA	NA	NA	NA	NA	NA	NA	NA
rs114464684	0.269031	0.143096	NA	NA	NA	NA	NA	NA	NA	NA	NA	NA	NA	NA
rs333235	0.15863	0.0956116	0.0547041	0.0348474	-0.0236526	0.0721302	-0.0169459	0.055151	0.132215	0.0782649	-0.0715567	0.0782572	0.0057867	0.0223013
rs13395214	0.11794	0.106973	0.0930932	0.0871735	0.116535	0.154519	-0.34547	0.186655	-0.0337659	0.1875	0.0105026	0.202552	-0.0119908	0.0235035
rs333234	-0.0565123	0.0577253	0.0417817	0.0364714	0.058161	0.0688642	0.00871789	0.0593064	-0.107305	0.0630196	0.0918858	0.0672786	-0.0222949	0.0148053
rs2450280	0.135094	0.102298	0.0548171	0.0349091	-0.0239897	0.0724497	-0.0186705	0.0550904	0.132721	0.078803	-0.0688862	0.0787647	0.0293443	0.0245087
rs2450279	0.157061	0.0958397	0.0547816	0.0349284	-0.0243473	0.0724637	-0.0186426	0.055128	0.132726	0.0787852	-0.068709	0.0787504	0.0057867	0.0223013
rs57150197	0.0582621	0.14257	NA	NA	NA	NA	NA	NA	NA	NA	NA	NA	-0.0528299	0.0413654
rs1013940	-0.218111	0.211436	-0.0536347	0.0501747	0.0235771	0.106702	0.0878011	0.0783816	-0.0524201	0.117365	0.0838119	0.117574	-0.0146665	0.0415207
rs333219	0.171515	0.215759	NA	NA	NA	NA	NA	NA	NA	NA	NA	NA	0.0531365	0.0365854
rs13020429	0.00290842	0.0670287	0.00404179	0.0315816	-0.0283217	0.0647378	-0.0236405	0.0494791	0.171029	0.0611598	-0.0548334	0.0657734	0.0278336	0.0168222
rs10195701	0.10013	0.0677191	0.0012447	0.046657	-0.087449	0.0826513	0.0972446	0.0907067	0.0233419	0.08364	-0.147335	0.0869959	0.0132012	0.016268
rs77020121	0.0859226	0.162971	NA	NA	NA	NA	NA	NA	NA	NA	NA	NA	-0.0691152	0.0534128
rs333218	0.173181	0.218181	NA	NA	NA	NA	NA	NA	NA	NA	NA	NA	0.0328327	0.0379438
rs4676169	0.100963	0.0593519	0.0125472	0.0301435	-0.0653133	0.0602199	0.00391823	0.0478077	0.168934	0.0607185	-0.120299	0.0641493	NA	NA
rs78165178	-0.359418	0.0993179	NA	NA	NA	NA	NA	NA	NA	NA	NA	NA	-0.0135901	0.0338183
rs10199155	0.14541	0.102906	0.0218697	0.0764346	0.0531385	0.135255	-0.172031	0.157187	-0.0766778	0.144446	-0.0814952	0.152226	-0.0209667	0.0230443
rs333217	0.207649	0.0974943	0.057891	0.0349491	-0.0191293	0.0723471	-0.0178293	0.0552007	0.170411	0.0806238	-0.0947205	0.0793026	NA	NA
rs17036602	-0.019272	0.105253	NA	NA	NA	NA	NA	NA	NA	NA	NA	NA	0.0193007	0.0248924
rs333216	-0.0696418	0.0557846	-0.0070384	0.0368277	0.00568114	0.0712167	-0.0318194	0.0627657	0.125228	0.0654607	-0.0531392	0.069703	-0.00562643	0.0141357
rs114216244	0.0085461	0.153819	NA	NA	NA	NA	NA	NA	NA	NA	NA	NA	-0.0570975	0.0427664
rs17269272	0.32024	0.183431	0.0431679	0.0371019	0.0270037	0.0691112	-0.000102027	0.0615213	-0.0954046	0.0669894	0.100562	0.0713308	NA	NA
rs10187415	0.0403027	0.071768	-0.014304	0.0496347	-0.107424	0.0910226	-0.0547532	0.0934947	-0.0702352	0.0945985	-0.170841	0.0980306	NA	NA
rs10187243	0.0103018	0.0705923	-0.0309716	0.0507954	-0.0947424	0.0938	-0.0445262	0.093898	-0.0770177	0.0966498	-0.229904	0.0997785	NA	NA
rs333215	0.164694	0.216146	NA	NA	NA	NA	NA	NA	NA	NA	NA	NA	0.0531365	0.0365854
rs11685666	-0.0183311	0.132644	-0.0584754	0.0525026	0.0439	0.112273	0.125828	0.079406	0.0147535	0.119418	0.0789323	0.120154	-0.0128857	0.0309484
rs11685873	-0.0955594	0.0680671	-0.0333109	0.0476871	0.0555782	0.0998985	0.109609	0.0741346	0.069308	0.111538	0.115846	0.113265	0.0062245	0.017618
rs113999061	-0.181511	0.162607	NA	NA	NA	NA	NA	NA	NA	NA	NA	NA	NA	NA
rs74490748	-0.139013	0.106954	NA	NA	NA	NA	NA	NA	NA	NA	NA	NA	0.0100997	0.0233528
rs333214	0.00303673	0.134884	-0.0401876	0.0534976	0.12434	0.108148	-0.0656552	0.0828008	0.0904869	0.0922926	-0.00696641	0.0982183	0.0222722	0.0268907
rs17036610	-0.224819	0.150273	NA	NA	NA	NA	NA	NA	NA	NA	NA	NA	0.0491514	0.0301408
rs60917988	-0.0188489	0.10026	NA	NA	NA	NA	NA	NA	NA	NA	NA	NA	0.0324063	0.024294
rs72935207	-0.135652	0.149709	NA	NA	NA	NA	NA	NA	NA	NA	NA	NA	-0.0545644	0.0377476
rs114439816	-0.0682929	0.167719	NA	NA	NA	NA	NA	NA	NA	NA	NA	NA	0.0871618	0.0336835
rs75777824	0.00372496	0.179104	NA	NA	NA	NA	NA	NA	NA	NA	NA	NA	NA	NA
rs114237057	-0.0567954	0.094041	NA	NA	NA	NA	NA	NA	NA	NA	NA	NA	-0.0492618	0.0291466
rs17269279	0.129312	0.230989	-0.00244558	0.0811357	0.198342	0.151829	0.251832	0.138903	0.180562	0.146549	0.195615	0.150131	NA	NA
rs115589268	0.264757	0.307217	NA	NA	NA	NA	NA	NA	NA	NA	NA	NA	0.0110892	0.047301
rs73953532	0.0464259	0.0922666	NA	NA	NA	NA	NA	NA	-0.107856	0.276678	0.0300261	0.296098	-0.00342508	0.0299475
rs114809106	-0.0560877	0.0939113	NA	NA	NA	NA	NA	NA	NA	NA	NA	NA	NA	NA
rs116583729	-0.0557308	0.0938036	NA	NA	NA	NA	NA	NA	NA	NA	NA	NA	-0.0492618	0.0291466
rs113513514	-0.148208	0.223454	NA	NA	NA	NA	NA	NA	NA	NA	NA	NA	-0.0684059	0.0538203
rs114772026	-0.119169	0.138823	NA	NA	NA	NA	NA	NA	NA	NA	NA	NA	NA	NA
rs115633185	-0.100179	0.0979038	NA	NA	NA	NA	NA	NA	NA	NA	NA	NA	NA	NA
rs114128553	-0.105355	0.0979841	NA	NA	NA	NA	NA	NA	NA	NA	NA	NA	-0.0598299	0.0394847
rs72826951	-0.108232	0.126814	-0.0379483	0.0484301	0.0482	0.100379	0.112818	0.0738422	0.106267	0.114333	0.16754	0.116051	-0.0119068	0.0284667
rs114954173	-0.0714187	0.167012	NA	NA	NA	NA	NA	NA	NA	NA	NA	NA	0.0871618	0.0336835
rs333213	-0.0886401	0.059514	-0.0411636	0.0334893	0.0609958	0.0636129	0.0217189	0.057131	0.0396823	0.062028	0.0332038	0.0648247	NA	NA
rs111624921	-0.147987	0.161264	NA	NA	NA	NA	NA	NA	NA	NA	NA	NA	NA	NA
rs116668917	-0.102055	0.0989362	NA	NA	NA	NA	NA	NA	NA	NA	NA	NA	NA	NA
rs76605307	0.0471765	0.0930124	NA	NA	NA	NA	NA	NA	-0.108404	0.276587	0.0362405	0.295988	NA	NA
rs114783964	0.038077	0.105673	NA	NA	NA	NA	NA	NA	NA	NA	NA	NA	NA	NA
rs3731684	-0.132714	0.0679085	-0.0361178	0.0485924	0.0515264	0.100381	0.118023	0.0741085	0.0968117	0.113364	0.154459	0.114864	0.00612581	0.0174234
rs3731683	-0.0800199	0.0583626	-0.0381334	0.0333165	0.0600295	0.0633426	0.0176848	0.0573484	0.0373022	0.0612349	0.0306263	0.0639912	NA	NA
rs58219111	-0.187069	0.177248	NA	NA	NA	NA	NA	NA	NA	NA	NA	NA	NA	NA
rs113110214	-0.15414	0.110885	NA	NA	NA	NA	NA	NA	NA	NA	NA	NA	0.00509992	0.0246549
rs36121864	-0.114849	0.123847	-0.0367801	0.0483775	0.0499163	0.100394	0.115588	0.0736317	0.105989	0.114371	0.168194	0.116068	-0.0119068	0.0284667
rs1684080	0.168257	0.217527	NA	NA	NA	NA	NA	NA	NA	NA	NA	NA	0.0293891	0.0389656
rs72935213	0.00830797	0.144877	-0.0509717	0.0529797	0.104114	0.105572	-0.0694173	0.083944	0.100444	0.0895993	0.00294684	0.095338	0.0222722	0.0268907
rs333220	-0.0827623	0.254524	0.0636447	0.04986	0.0340102	0.0991435	0.0191275	0.0830952	0.0646663	0.0881877	0.0564288	0.0895838	NA	NA
rs333221	-0.12833	0.445251	0.0832165	0.0515103	0.0250908	0.104829	0.0275215	0.0841628	0.0717836	0.0887644	0.0434302	0.0900113	NA	NA
rs333222	0.383364	0.208118	0.0833909	0.0511769	0.0267998	0.104228	0.0242044	0.0831603	0.0720026	0.0887803	0.0432007	0.0900354	NA	NA
rs28509360	0.0874805	0.133956	NA	NA	NA	NA	NA	NA	NA	NA	NA	NA	-0.0131315	0.0398763
rs72500448	0.394847	0.208601	NA	NA	NA	NA	NA	NA	NA	NA	NA	NA	NA	NA
rs6759730	0.16537	0.0787515	0.0702966	0.045095	-0.0611217	0.0870994	-0.0348016	0.0785558	-0.00486076	0.077886	-0.026213	0.0808375	NA	NA
rs111516425	-0.367569	0.259249	NA	NA	NA	NA	NA	NA	NA	NA	NA	NA	-0.0557998	0.04542
rs6720783	0.0355858	0.0579169	0.0717279	0.0348176	-0.000250914	0.0663392	0.00775133	0.0608809	0.0384638	0.0630099	0.0354498	0.0643289	NA	NA
rs78133633	0.116378	0.101677	-0.0344493	0.041648	0.00513892	0.0819506	0.0143562	0.0686292	0.111528	0.0862761	-0.0758268	0.0908167	-0.0190622	0.0218378
rs333223	-0.117233	0.0807982	0.0121236	0.0910722	0.259794	0.155793	0.153222	0.169106	0.209447	0.14816	0.234899	0.155793	NA	NA
rs111769050	0.155896	0.174014	NA	NA	NA	NA	NA	NA	NA	NA	NA	NA	NA	NA
rs11678551	-0.0679558	0.227162	-0.0101794	0.0857193	0.231168	0.150464	0.199083	0.155668	0.211522	0.145174	0.224457	0.152574	0.0500782	0.0488052
rs116445619	-0.15322	0.160418	NA	NA	NA	NA	NA	NA	NA	NA	NA	NA	0.0889831	0.0346728
rs6753566	0.0583467	0.0609381	0.0712081	0.0344632	0.00355128	0.0653928	0.0076455	0.0608509	0.0353152	0.0622013	0.0389702	0.0634364	NA	NA
rs333225	-0.108834	0.0546759	-0.015237	0.0387837	-0.0438071	0.0701575	-0.0308568	0.0728438	-0.129687	0.070445	-0.0286155	0.0783163	-0.00291907	0.0144227
rs114610741	0.134888	0.120896	NA	NA	NA	NA	NA	NA	NA	NA	NA	NA	-0.0133273	0.0336532
rs6753886	0.0394912	0.0570262	0.0707625	0.0342898	0.00373199	0.0649316	0.00737777	0.0608905	0.0346588	0.0615646	0.0373032	0.0628148	NA	NA
rs114813208	-0.180926	0.155176	NA	NA	NA	NA	NA	NA	NA	NA	NA	NA	0.0928464	0.0344794
rs11889263	0.115302	0.0530766	NA	NA	NA	NA	0.00748799	0.0597104	0.0874383	0.061249	-0.000601892	0.0642707	-0.00487791	0.0142626
rs58143025	0.11531	0.0530761	NA	NA	NA	NA	NA	NA	NA	NA	NA	NA	NA	NA
rs116795121	0.143782	0.163333	NA	NA	NA	NA	NA	NA	NA	NA	NA	NA	0.0507859	0.0381498
rs333227	0.444724	0.213091	0.0803256	0.0506456	0.028375	0.102707	0.0245739	0.0831442	0.0628386	0.0877808	0.0317335	0.0890587	-0.0189567	0.0340548
rs2046510	0.115101	0.0527609	0.0471301	0.0336461	0.00228779	0.0628657	0.00495799	0.0599183	0.0849838	0.0602783	-0.00539434	0.0633793	NA	NA
rs114121928	0.378642	0.18257	NA	NA	NA	NA	NA	NA	NA	NA	NA	NA	-0.0521003	0.0564544
rs333228	-0.0677539	0.0556792	-0.0192268	0.0383385	-0.0413041	0.0690837	-0.0288698	0.0722817	-0.129906	0.0695458	-0.0319011	0.0774117	-0.0167459	0.0146809
rs333229	-0.0651712	0.0555475	-0.0141998	0.03878	-0.0425547	0.0701157	-0.0380312	0.0729383	-0.130358	0.0702807	-0.0307887	0.0782213	-0.0177076	0.014676
rs10496417	0.0896879	0.0532375	0.048468	0.0332835	0.0413646	0.061656	0.0301579	0.0584176	0.134856	0.0622013	0.0407023	0.0658509	NA	NA
rs115729886	0.221786	0.121784	NA	NA	NA	NA	NA	NA	NA	NA	NA	NA	0.0293349	0.0424296
rs10496418	0.0419162	0.0572863	0.0713414	0.0346142	0.00213265	0.0657292	0.00744697	0.0608985	0.0376738	0.0627409	0.0371862	0.064022	-0.0120093	0.0156062
rs17037009	-0.493331	0.229747	NA	NA	NA	NA	NA	NA	NA	NA	NA	NA	-0.0345974	0.0431689
rs113544314	0.161667	0.172455	NA	NA	NA	NA	NA	NA	NA	NA	NA	NA	0.0131383	0.0304705
rs78164471	-0.181869	0.137244	NA	NA	NA	NA	NA	NA	NA	NA	NA	NA	0.0928464	0.0344794
rs78384430	0.117048	0.125622	-0.025372	0.0412496	-0.00122422	0.0805364	-0.00975881	0.0691268	0.0945955	0.0842172	-0.0784248	0.088892	-0.00218726	0.0213104
rs17037084	0.101098	0.11156	NA	NA	NA	NA	NA	NA	NA	NA	NA	NA	-0.0134538	0.0330322
rs116570165	-0.148483	0.180724	NA	NA	NA	NA	NA	NA	NA	NA	NA	NA	-0.0840037	0.0464807
rs116068676	-0.632977	0.306572	NA	NA	NA	NA	NA	NA	NA	NA	NA	NA	NA	NA
rs10198016	0.0897366	0.0535521	0.0486374	0.0335777	0.0439349	0.0622885	0.0343814	0.0587593	0.134229	0.0622642	0.0411174	0.0659296	NA	NA
rs114805436	0.288376	0.302998	NA	NA	NA	NA	NA	NA	NA	NA	NA	NA	NA	NA
rs79691350	-0.493331	0.229747	NA	NA	NA	NA	NA	NA	NA	NA	NA	NA	-0.0345974	0.0431689
rs17269293	0.0639776	0.179109	-0.0247775	0.0413723	0.00208051	0.0810387	-0.00901035	0.0694558	0.0944791	0.0842901	-0.0785562	0.0889714	-0.0150233	0.0281418
rs2114635	0.0947241	0.0545451	0.0506165	0.0336988	0.00280371	0.0631203	0.00192734	0.0595104	0.0867122	0.0610888	-0.00380907	0.0642152	NA	NA
rs333231	-0.0896374	0.0536234	-0.00997221	0.0390293	-0.0460964	0.070702	-0.0415114	0.0728931	-0.118408	0.0712047	-0.025985	0.0794393	NA	NA
rs333232	-0.0642722	0.0551624	-0.0109056	0.0391123	-0.0540657	0.0710044	-0.0530953	0.0736542	-0.105122	0.0724832	-0.0276176	0.0814221	-0.0174379	0.0147703
rs115253213	-0.18462	0.137884	NA	NA	NA	NA	NA	NA	NA	NA	NA	NA	0.0899305	0.0343074
rs78827039	-0.18462	0.137884	NA	NA	NA	NA	NA	NA	NA	NA	NA	NA	0.0899305	0.0343074
rs75394305	0.308023	0.153206	NA	NA	NA	NA	NA	NA	NA	NA	NA	NA	0.0105924	0.0409464
rs7604488	0.0702179	0.180712	-0.0253996	0.0416583	-0.00272026	0.0820372	-0.00901035	0.0694558	0.0935209	0.0859284	-0.0768813	0.0907501	NA	NA
rs115967163	-0.192436	0.139755	NA	NA	NA	NA	NA	NA	NA	NA	NA	NA	0.0899305	0.0343074
rs78444264	0.0702179	0.180712	-0.0249347	0.0416523	-0.0025903	0.0820583	-0.0109573	0.0694133	0.0949625	0.0860691	-0.0790718	0.090953	-0.0150233	0.0281418
rs115076623	0.319864	0.15463	NA	NA	NA	NA	NA	NA	NA	NA	NA	NA	-0.0114758	0.0432775
rs76514091	-0.388579	0.0990496	NA	NA	NA	NA	NA	NA	NA	NA	NA	NA	-0.0331399	0.0377674
rs116255573	0.125809	0.117895	NA	NA	NA	NA	NA	NA	NA	NA	NA	NA	-0.0210584	0.0338095
rs2630505	-0.0668056	0.118552	-0.0866359	0.052094	-0.0715574	0.103416	-0.0090392	0.0858402	-0.068127	0.0912729	-0.0154815	0.0919069	-0.0127548	0.0259803
rs75539634	0.487772	0.177735	NA	NA	NA	NA	NA	NA	NA	NA	NA	NA	0.0124982	0.0454544
rs76207812	-0.196878	0.14098	NA	NA	NA	NA	NA	NA	NA	NA	NA	NA	NA	NA
rs12469531	0.0315246	0.100945	0.0223042	0.0762169	0.22725	0.149416	0.0945202	0.129255	0.203608	0.137435	0.272164	0.143736	-0.000122001	0.0269555
rs10194057	0.0628673	0.0621373	0.0787705	0.0351417	0.0188111	0.0664388	0.00512455	0.0615195	0.0310204	0.0645158	0.0237101	0.0654971	NA	NA
rs116064608	0.236726	0.0998435	NA	NA	NA	NA	NA	NA	NA	NA	NA	NA	NA	NA
rs71419398	0.169622	0.0812712	-0.0933192	0.0527975	-0.065498	0.104361	-0.0108814	0.0866475	-0.0871925	0.09351	0.00326341	0.0944714	-0.00517224	0.0208269
rs17034731	0.0942702	0.111284	NA	NA	NA	NA	NA	NA	NA	NA	NA	NA	0.00954956	0.0305225
rs71381938	-0.0913807	0.0582853	NA	NA	NA	NA	NA	NA	NA	NA	NA	NA	NA	NA
rs3947633	-0.137152	0.0607408	-0.00383313	0.0390447	-0.0471584	0.0717512	0.0246315	0.0708857	-0.113499	0.0727354	-0.0489386	0.0809545	-0.00417401	0.0145787
rs79065414	0.265481	0.0996466	-0.0472305	0.0498116	-0.0654853	0.0982339	-0.00848965	0.0927985	0.112017	0.100404	-0.0722781	0.103176	-0.0446952	0.0224612
rs114654091	0.253231	0.149137	NA	NA	NA	NA	NA	NA	NA	NA	NA	NA	-0.0459049	0.0352107
rs12712007	-0.0136569	0.0557662	-0.00618775	0.0328283	-0.0177101	0.0611226	-0.0203961	0.0538978	-0.0703912	0.0614526	0.114338	0.0629879	-0.0239773	0.0143701
rs12472922	-0.290511	0.186893	-0.0420347	0.0653294	-0.211435	0.117154	-0.00729559	0.10748	-0.286993	0.157961	-0.0469414	0.159384	-0.0107651	0.0387243
rs112955391	0.0668613	0.118121	NA	NA	NA	NA	NA	NA	NA	NA	NA	NA	-0.0179829	0.0327726
rs76106518	0.0646432	0.117738	NA	NA	NA	NA	NA	NA	NA	NA	NA	NA	-0.0179829	0.0327726
rs115338288	0.224739	0.156945	NA	NA	NA	NA	NA	NA	NA	NA	NA	NA	-0.0187719	0.0530334
rs113791131	0.0646432	0.117738	NA	NA	NA	NA	NA	NA	NA	NA	NA	NA	NA	NA
rs80121208	0.0650173	0.117703	NA	NA	NA	NA	NA	NA	NA	NA	NA	NA	-0.0179829	0.0327726
rs721663	0.125086	0.0831727	-0.0535134	0.0490908	-0.0370327	0.0983319	-0.00547233	0.0805918	-0.122604	0.0894135	0.0742641	0.0910161	0.00127188	0.0203583
rs77003342	-0.0169343	0.147945	NA	NA	NA	NA	NA	NA	NA	NA	NA	NA	0.0405159	0.0305771
rs77788040	0.25496	0.148835	NA	NA	NA	NA	NA	NA	NA	NA	NA	NA	-0.0360342	0.0408687
rs12467395	-0.159171	0.0598374	0.0231176	0.0350054	-0.00568452	0.0660418	-0.0298781	0.0591372	-0.0120769	0.0653079	0.0865373	0.0665799	-0.0234726	0.0146827
rs112626015	0.0650173	0.117703	NA	NA	NA	NA	NA	NA	NA	NA	NA	NA	-0.0179829	0.0327726
rs114667655	0.166982	0.0993723	NA	NA	NA	NA	NA	NA	NA	NA	NA	NA	0.0108281	0.0244443
rs6750802	-0.0131474	0.0542222	-0.00631941	0.0329592	-0.0180635	0.0614416	-0.0204335	0.0539126	-0.0698835	0.0620281	0.11579	0.0635225	-0.0209593	0.0143116
rs6737533	-0.0257105	0.0991957	0.0565642	0.0411587	-0.0225669	0.0815113	-0.0752708	0.0721779	-0.0835864	0.0933046	0.148152	0.0968368	NA	NA
rs113721145	0.125819	0.0832713	-0.0535134	0.0490908	-0.0370327	0.0983319	-0.00547233	0.0805918	-0.122604	0.0894135	0.0742641	0.0910161	0.00127188	0.0203583
rs11890289	-0.366403	0.0987066	NA	NA	NA	NA	NA	NA	NA	NA	NA	NA	-0.0332486	0.0346755
rs62148709	0.125819	0.0832713	-0.053038	0.0489637	-0.0385317	0.0978948	-0.00547233	0.0805918	-0.11608	0.0885603	0.0802845	0.090165	0.00127188	0.0203583
rs6737897	-0.0164049	0.0560184	-0.00602256	0.032959	-0.0181942	0.0614546	-0.0205257	0.0538956	-0.0707178	0.0619874	0.115285	0.0634936	-0.021436	0.01433
rs6723132	-0.368526	0.0981898	NA	NA	NA	NA	NA	NA	NA	NA	NA	NA	-0.0335616	0.0344893
rs72826967	0.516682	0.285394	0.00947598	0.0458614	-0.05949	0.0873561	-0.0474251	0.0764886	-0.0144172	0.0922437	-0.0406387	0.0933039	-0.0368023	0.0398204
rs13024124	-0.0232252	0.0993549	0.0525542	0.0407254	-0.0203374	0.0804178	-0.0752708	0.0721779	-0.0831473	0.0928799	0.144216	0.0964743	NA	NA
rs55666553	0.0595649	0.0627457	0.0482312	0.0359744	0.00839428	0.0699837	-0.0259701	0.058077	0.0390438	0.0669462	-0.0614635	0.06898	NA	NA
rs13024833	0.0418851	0.123885	0.090983	0.08541	0.0268322	0.164383	-0.272137	0.152207	-0.22268	0.217371	0.346133	0.204626	NA	NA
rs10206308	-0.0943246	0.0575029	0.0200627	0.0349098	-0.00356119	0.065595	-0.0228131	0.0587263	-0.0154014	0.0653401	0.0818779	0.0665199	-0.0179654	0.0140791
rs115961308	-0.0384778	0.147414	NA	NA	NA	NA	NA	NA	NA	NA	NA	NA	0.0348676	0.0296245
rs67253368	-0.015343	0.0560671	NA	NA	NA	NA	NA	NA	NA	NA	NA	NA	NA	NA
rs77679138	0.367641	0.257148	0.0651331	0.101758	0.255991	0.202394	0.148588	0.15835	0.117755	0.197745	-0.279272	0.197011	NA	NA
rs75749182	0.0655251	0.117046	NA	NA	NA	NA	NA	NA	NA	NA	NA	NA	NA	NA
rs6542747	-0.166478	0.0595941	0.0190364	0.0347326	-0.00384647	0.065269	-0.0245746	0.0586973	-0.0156691	0.0647266	0.080604	0.0659085	-0.0230621	0.0147513
rs75060230	0.107444	0.201323	NA	NA	NA	NA	NA	NA	NA	NA	NA	NA	-0.0580736	0.0348681
rs116774237	-0.674529	0.384863	NA	NA	NA	NA	NA	NA	NA	NA	NA	NA	NA	NA
rs62804560	-0.0121277	0.0992386	NA	NA	NA	NA	NA	NA	NA	NA	NA	NA	NA	NA
rs13022710	-0.0114962	0.0988695	0.0508113	0.0405862	-0.0194994	0.0800453	-0.0752357	0.0721797	-0.0814501	0.0927842	0.142602	0.0963611	NA	NA
rs56239216	0.0650841	0.0635568	0.0470675	0.0359424	0.00873473	0.0698936	-0.0259504	0.0581074	0.0399401	0.0669073	-0.0619243	0.0689728	NA	NA
rs76139325	-0.364594	0.0988931	NA	NA	NA	NA	NA	NA	NA	NA	NA	NA	-0.0463292	0.0332284
rs2171182	-0.0199831	0.0562641	-0.00459722	0.0330444	-0.0168657	0.0617138	-0.01913	0.0539139	-0.0716766	0.0620285	0.113846	0.0635644	NA	NA
rs34592620	0.130072	0.0833672	-0.0530336	0.0489631	-0.0385443	0.0978924	-0.00547233	0.0805918	-0.117227	0.0886829	0.0808203	0.0902954	NA	NA
rs116101858	0.0632005	0.117038	NA	NA	NA	NA	NA	NA	NA	NA	NA	NA	NA	NA
rs2378062	-0.0160494	0.0562424	-0.00601012	0.032953	-0.0181946	0.061446	-0.0204314	0.0538905	-0.0710144	0.0620358	0.115544	0.0635348	-0.0212653	0.0143411
rs2378063	-0.0161386	0.0562291	-0.00601012	0.032953	-0.0181946	0.061446	-0.0204314	0.0538905	-0.0710144	0.0620358	0.115544	0.0635348	-0.0212653	0.0143411
rs6743309	-0.0944434	0.0576379	0.0200772	0.034904	-0.00354083	0.0655852	-0.0227832	0.0587236	-0.0152389	0.0654341	0.082025	0.0665979	-0.0178223	0.0141
rs7575812	-0.167009	0.0599894	0.0193904	0.0348774	-0.00482418	0.0656398	-0.0244612	0.0586946	-0.0152389	0.0654341	0.082025	0.0665979	NA	NA
rs114409147	-0.0372768	0.14778	NA	NA	NA	NA	NA	NA	NA	NA	NA	NA	0.0348676	0.0296245
rs2101358	-0.014551	0.0991136	0.050279	0.0406544	-0.0206163	0.0802552	-0.0752168	0.0723628	-0.0815367	0.0928545	0.142392	0.0964307	NA	NA
rs79116185	-0.0304873	0.121448	NA	NA	NA	NA	0.0107472	0.0683285	-0.063075	0.0918738	-0.0855229	0.0961661	NA	NA
rs7583315	-0.167998	0.0600004	0.0211665	0.0347951	-0.00406431	0.0656605	-0.0325505	0.0581255	-0.0326297	0.0654164	0.0939907	0.0666218	NA	NA
rs12617914	0.0151834	0.0624769	0.0447371	0.0355838	0.00862034	0.0693754	-0.0166864	0.0573574	0.0579723	0.0660384	-0.0766311	0.0680239	NA	NA
rs78241766	-0.0384612	0.147956	NA	NA	NA	NA	NA	NA	NA	NA	NA	NA	0.0348676	0.0296245
rs10191744	-0.0421004	0.0663468	0.0219923	0.0348984	-0.0034631	0.0658999	-0.0313708	0.0582262	-0.0329328	0.0654942	0.0968141	0.0666686	-0.0139272	0.0156814
rs114170507	0.129407	0.083749	NA	NA	NA	NA	NA	NA	NA	NA	NA	NA	NA	NA
rs78382053	0.0744904	0.122002	NA	NA	NA	NA	NA	NA	NA	NA	NA	NA	-0.0179829	0.0327726
rs7560566	-0.0113859	0.0988678	0.0501973	0.0403248	-0.0178081	0.0793413	-0.0752357	0.0721797	-0.0813059	0.0918117	0.133337	0.0955056	NA	NA
rs114996972	0.0133595	0.176299	NA	NA	NA	NA	NA	NA	NA	NA	NA	NA	0.0502307	0.0333479
rs80338113	0.0744607	0.122	NA	NA	NA	NA	NA	NA	NA	NA	NA	NA	NA	NA
rs2889821	0.130394	0.0833866	-0.0530499	0.0488994	-0.0390893	0.0976827	-0.00507498	0.0803975	-0.119183	0.0888834	0.0811142	0.090489	NA	NA
rs11898916	-0.0491535	0.186509	NA	NA	NA	NA	NA	NA	NA	NA	NA	NA	-0.0496131	0.0499598
rs6717163	-0.0962879	0.0572819	0.0221057	0.0348394	-0.0029327	0.0656392	-0.0309869	0.0581638	-0.0321393	0.0654495	0.0939116	0.0666419	NA	NA
rs12712008	-0.0175989	0.05624	-0.00413134	0.0328395	-0.0178506	0.0614161	-0.0271061	0.0534778	-0.088218	0.0623765	0.126953	0.0636886	-0.0201915	0.0143313
rs6749197	-0.0136066	0.099226	0.0513578	0.0404549	-0.018938	0.0797216	-0.0744268	0.072153	-0.0816381	0.0927195	0.142496	0.0963202	NA	NA
rs6720596	0.0149648	0.0597321	0.0450701	0.0357723	0.00854871	0.0698739	-0.0156784	0.0573635	0.0584421	0.0668484	-0.074324	0.0688695	NA	NA
rs6721059	-0.0130499	0.150064	NA	NA	NA	NA	NA	NA	NA	NA	NA	NA	NA	NA
rs7574949	0.0686733	0.0635385	0.0379743	0.0354825	0.033363	0.0691274	-0.0201712	0.0575189	0.0318882	0.0679541	-0.0798796	0.0712049	NA	NA
rs79626318	0.0531337	0.123812	NA	NA	NA	NA	NA	NA	NA	NA	NA	NA	NA	NA
rs113696279	-0.0159398	0.099832	NA	NA	NA	NA	NA	NA	NA	NA	NA	NA	NA	NA
rs78216110	0.0730982	0.121357	NA	NA	NA	NA	NA	NA	NA	NA	NA	NA	-0.0227248	0.032342
rs115593508	0.157674	0.0932732	NA	NA	NA	NA	NA	NA	NA	NA	NA	NA	0.035656	0.0281588
rs114209200	0.25926	0.146054	NA	NA	NA	NA	NA	NA	NA	NA	NA	NA	-0.0366393	0.0387055
rs79280798	-0.358637	0.0989903	NA	NA	NA	NA	NA	NA	NA	NA	NA	NA	-0.0463292	0.0332284
rs74847405	-0.358637	0.0989903	NA	NA	NA	NA	NA	NA	NA	NA	NA	NA	-0.0332486	0.0346755
rs114371649	-0.040254	0.148135	NA	NA	NA	NA	NA	NA	NA	NA	NA	NA	0.0348676	0.0296245
rs35586373	0.129736	0.0833551	-0.0531447	0.0488982	-0.0390856	0.0976796	-0.00521208	0.080394	-0.119172	0.0888846	0.0811076	0.0904898	NA	NA
rs10173872	-0.0811411	0.0575498	0.0219082	0.0347991	-0.00277964	0.0655664	-0.0298705	0.0580678	-0.0322402	0.0654412	0.0937811	0.0666351	NA	NA
rs10209946	-0.0811411	0.0575498	0.0219082	0.0347991	-0.00277964	0.0655664	-0.0298705	0.0580678	-0.0322402	0.0654412	0.0937811	0.0666351	-0.0204352	0.0140296
rs10173890	-0.0942285	0.0570794	0.0218952	0.0348221	-0.00287295	0.0656094	-0.0314237	0.0581369	-0.0322402	0.0654412	0.0937811	0.0666351	-0.0173226	0.0140716
rs113421092	0.0683102	0.121858	NA	NA	NA	NA	NA	NA	NA	NA	NA	NA	-0.0179829	0.0327726
rs114860472	-0.0398316	0.148395	NA	NA	NA	NA	NA	NA	NA	NA	NA	NA	0.0348676	0.0296245
rs7597420	-0.0188943	0.0562083	0.0256475	0.0347071	-0.0023716	0.0652104	-0.0277651	0.0578495	-0.0279469	0.0653944	0.0942747	0.0664959	-0.0247652	0.0143028
rs7570850	-0.170531	0.0595057	0.0233311	0.0347752	-0.00553051	0.0655603	-0.0330747	0.0581211	-0.0298051	0.0653131	0.090929	0.0664319	-0.0219881	0.0149724
rs78189070	0.0681712	0.121855	NA	NA	NA	NA	NA	NA	NA	NA	NA	NA	-0.0179829	0.0327726
rs78484417	0.158725	0.126874	NA	NA	NA	NA	NA	NA	NA	NA	NA	NA	-0.119124	0.0454669
rs113893533	0.0682018	0.121852	NA	NA	NA	NA	NA	NA	NA	NA	NA	NA	-0.0179829	0.0327726
rs28547155	-0.148742	0.0596357	NA	NA	NA	NA	-0.0331841	0.0583064	-0.0304536	0.0655929	0.0953825	0.0666128	NA	NA
rs12476994	-0.152167	0.154889	-0.0507595	0.0652968	-0.22184	0.117262	-0.00958313	0.10637	-0.277117	0.156485	-0.0713022	0.156489	0.0366613	0.0325749
rs75988050	0.0933036	0.199836	NA	NA	NA	NA	NA	NA	NA	NA	NA	NA	-0.0580736	0.0348681
rs1486196	-0.0919444	0.0572614	0.02938	0.0350585	-0.00837431	0.0660521	-0.0392882	0.0585504	-0.0262345	0.0655591	0.0922644	0.0670928	NA	NA
rs1486197	-0.163332	0.0593917	0.0311104	0.0357325	-0.0300719	0.0677764	-0.0303472	0.0593238	-0.00403666	0.0672632	0.0992162	0.0691945	NA	NA
rs74903893	0.132996	0.0838013	NA	NA	NA	NA	NA	NA	NA	NA	NA	NA	-0.0106808	0.0219543
rs111808803	-0.368741	0.1433	NA	NA	NA	NA	NA	NA	NA	NA	NA	NA	NA	NA
rs78113084	0.0684186	0.121864	NA	NA	NA	NA	NA	NA	NA	NA	NA	NA	-0.0179829	0.0327726
rs114781677	0.259339	0.146057	NA	NA	NA	NA	NA	NA	NA	NA	NA	NA	-0.0360342	0.0408687
rs114755165	-0.174166	0.243252	NA	NA	NA	NA	NA	NA	NA	NA	NA	NA	NA	NA
rs78159925	0.0286559	0.190422	NA	NA	NA	NA	NA	NA	NA	NA	NA	NA	-0.0697191	0.0344617
rs17035254	0.0709368	0.13995	NA	NA	NA	NA	NA	NA	NA	NA	NA	NA	0.0399895	0.0366212
rs114802671	0.121672	0.0953669	NA	NA	NA	NA	NA	NA	NA	NA	NA	NA	0.0320903	0.0246939
rs17035265	-0.150883	0.132885	NA	NA	NA	NA	NA	NA	NA	NA	NA	NA	0.0433438	0.0243373
rs1542665	-0.0440652	0.0556011	0.0284523	0.0346113	-0.00973494	0.0649995	-0.0241182	0.0572507	-0.0292645	0.064029	0.0817504	0.0650863	-0.0141109	0.0138799
rs114665535	0.0903893	0.198783	NA	NA	NA	NA	NA	NA	NA	NA	NA	NA	-0.0580736	0.0348681
rs17035316	0.0684776	0.121868	NA	NA	NA	NA	NA	NA	NA	NA	NA	NA	-0.0179829	0.0327726
rs17035330	0.0684776	0.121868	NA	NA	NA	NA	NA	NA	NA	NA	NA	NA	-0.0179829	0.0327726
rs116579612	0.259291	0.146059	NA	NA	NA	NA	NA	NA	NA	NA	NA	NA	-0.0360342	0.0408687
rs7570495	0.0651731	0.0622945	0.0212303	0.0337893	0.0305199	0.0644934	0.0220246	0.0551422	0.0488541	0.0661547	-0.088745	0.0690765	NA	NA
rs78385959	0.0684776	0.121868	NA	NA	NA	NA	NA	NA	NA	NA	NA	NA	-0.0179829	0.0327726
rs115730744	0.259291	0.146059	NA	NA	NA	NA	NA	NA	NA	NA	NA	NA	-0.0360342	0.0408687
rs7587799	-0.0215371	0.0567045	0.0293106	0.0346765	-0.0108804	0.0652272	-0.0222187	0.056989	-0.0300725	0.0647486	0.0845993	0.0658144	NA	NA
rs58841189	-0.559054	0.258691	NA	NA	NA	NA	NA	NA	NA	NA	NA	NA	-0.0240035	0.0628748
rs1038533	0.0315648	0.0590391	0.0382276	0.0288301	0.00675418	0.0616233	-0.0524631	0.0403677	0.0480648	0.0647576	-0.0656028	0.0664215	NA	NA
rs1486176	0.126275	0.33041	-0.0490325	0.0656047	-0.218127	0.117736	-0.00938572	0.107262	-0.293249	0.158148	-0.0584515	0.15877	NA	NA
rs1476251	0.0315391	0.0592549	0.0398969	0.0363616	0.020194	0.0709295	-0.0166788	0.0571213	0.0485373	0.0656273	-0.0642539	0.0673363	NA	NA
rs17035397	0.0846585	0.125029	NA	NA	NA	NA	NA	NA	NA	NA	NA	NA	-0.020214	0.0343562
rs832672	0.112995	0.148984	-0.0369086	0.0436846	0.0288411	0.0849607	0.0158916	0.0771019	0.0570231	0.101355	-0.0947188	0.107662	-0.0379128	0.0273021
rs12465913	-0.02083	0.0573666	0.0399452	0.0363588	0.020204	0.0709314	-0.0167236	0.0571154	0.0485373	0.0656273	-0.0642539	0.0673363	0.0245637	0.0142902
rs74817654	0.197367	0.173444	NA	NA	NA	NA	NA	NA	NA	NA	NA	NA	0.0732202	0.0476858
rs115409667	0.12247	0.0954519	NA	NA	NA	NA	NA	NA	NA	NA	NA	NA	0.0368637	0.0241755
rs115284077	-0.414011	0.165669	NA	NA	NA	NA	NA	NA	NA	NA	NA	NA	0.0232915	0.0371808
rs7592142	0.00906338	0.0560937	0.029681	0.0346276	-0.0107081	0.0652071	-0.0213886	0.0568675	-0.0362667	0.0646941	0.0869145	0.0657814	-0.0289335	0.014105
rs7565759	0.00942756	0.0561173	0.029681	0.0346276	-0.0107081	0.0652071	-0.0213886	0.0568675	-0.0362667	0.0646941	0.0869145	0.0657814	NA	NA
rs1385952	-0.0221184	0.0574906	0.0399452	0.0363588	0.020204	0.0709314	-0.0167236	0.0571154	0.0485373	0.0656273	-0.0642539	0.0673363	NA	NA
rs17035471	0.0503463	0.0999032	NA	NA	NA	NA	NA	NA	NA	NA	NA	NA	NA	NA
rs7595418	-0.145985	0.0604915	0.0233755	0.0345957	-0.00191648	0.0653997	-0.0283494	0.0575932	-0.036313	0.0652905	0.0952127	0.0664353	-0.0507212	0.01661
rs10199375	-0.032941	0.0976705	0.0678486	0.0350207	0.00760359	0.0712403	-0.0414345	0.0594283	0.0151515	0.0764058	0.0348362	0.0772465	NA	NA
rs80303914	0.258648	0.146068	NA	NA	NA	NA	NA	NA	NA	NA	NA	NA	-0.0360342	0.0408687
rs832673	0.102821	0.144356	-0.0539901	0.0355669	-0.00325391	0.0704996	0.000486603	0.0599246	-0.0438459	0.0783045	0.0131811	0.0796367	-0.0181619	0.0247887
rs114144522	-0.0253241	0.181285	NA	NA	NA	NA	NA	NA	NA	NA	NA	NA	NA	NA
rs35681428	-0.00623711	0.0550953	0.0294646	0.0347297	-0.0104189	0.0653919	-0.0232402	0.057159	-0.0362667	0.0646941	0.0869145	0.0657814	-0.0330429	0.014151
rs12475065	-0.0173474	0.0688027	NA	NA	NA	NA	-0.0270804	0.0577087	-0.0374591	0.0653579	0.0980252	0.0664914	-0.0510761	0.0178642
rs2378064	-0.0865307	0.0561373	NA	NA	NA	NA	-0.0174042	0.0571624	0.0499854	0.0655945	-0.0658317	0.067286	NA	NA
rs1486177	0.0799883	0.143055	NA	NA	NA	NA	NA	NA	NA	NA	NA	NA	0.0639353	0.0355183
rs1843595	0.115068	0.0553327	0.0300174	0.0347338	-0.0101758	0.0654216	-0.0207591	0.0570175	-0.0377489	0.0646893	0.0885485	0.0657792	NA	NA
rs33925627	-0.0326673	0.0979807	NA	NA	NA	NA	NA	NA	NA	NA	NA	NA	NA	NA
rs1486178	0.0429412	0.102319	NA	NA	NA	NA	NA	NA	NA	NA	NA	NA	NA	NA
rs6542748	0.101317	0.0583532	0.0297883	0.0348551	-0.00986651	0.0656544	-0.0237834	0.0573617	-0.0374949	0.0647193	0.0892746	0.0657988	-0.0274078	0.0151036
rs832674	0.0932147	0.144001	NA	NA	NA	NA	NA	NA	NA	NA	NA	NA	NA	NA
rs115681529	0.132383	0.0960083	NA	NA	NA	NA	NA	NA	NA	NA	NA	NA	0.0409518	0.0247799
rs76035146	0.121691	0.0955062	NA	NA	NA	NA	NA	NA	NA	NA	NA	NA	0.0368637	0.0241755
rs76335392	0.0180613	0.196049	NA	NA	NA	NA	NA	NA	NA	NA	NA	NA	0.0721671	0.0397341
rs1318242	-0.0865307	0.0561373	0.0398086	0.0364187	0.0194868	0.0711077	-0.0170145	0.0571966	0.0506207	0.0656794	-0.066914	0.0673637	NA	NA
rs28394755	0.10361	0.0670469	NA	NA	NA	NA	NA	NA	NA	NA	NA	NA	NA	NA
rs79583017	0.0569879	0.114665	NA	NA	NA	NA	NA	NA	NA	NA	NA	NA	-0.0180028	0.0261733
rs116568993	0.0182509	0.195965	NA	NA	NA	NA	NA	NA	NA	NA	NA	NA	NA	NA
rs79645467	0.196542	0.247258	NA	NA	NA	NA	NA	NA	NA	NA	NA	NA	-0.0571363	0.0420529
rs6739428	0.107635	0.0559209	0.0298266	0.0347993	-0.00992741	0.0655507	-0.0210123	0.0572149	-0.0374895	0.0647179	0.0892748	0.0657975	-0.0180899	0.0144346
rs77412560	0.0800988	0.143077	NA	NA	NA	NA	NA	NA	NA	NA	NA	NA	0.0447187	0.0372391
rs112701687	0.65534	0.286575	NA	NA	NA	NA	NA	NA	NA	NA	NA	NA	NA	NA
rs832656	0.0996281	0.145252	-0.0574894	0.0355306	-0.000929713	0.0707065	0.00906429	0.0599341	-0.0378729	0.0792608	0.0222976	0.0804759	-0.0181619	0.0247887
rs11694668	-0.0324177	0.0979974	0.070982	0.0349204	0.00519274	0.0710232	-0.049523	0.05919	0.00881417	0.0772253	0.027169	0.0779385	-0.00671298	0.0197511
rs115146543	0.154389	0.257294	NA	NA	NA	NA	NA	NA	NA	NA	NA	NA	NA	NA
rs74634452	0.257869	0.146121	NA	NA	NA	NA	NA	NA	NA	NA	NA	NA	NA	NA
rs74524803	0.257869	0.146121	NA	NA	NA	NA	NA	NA	NA	NA	NA	NA	NA	NA
rs55996512	-0.117785	0.060463	0.0284699	0.0347605	-0.013546	0.065604	-0.0259821	0.0572981	-0.0362883	0.0646957	0.0869357	0.0657828	NA	NA
rs114229192	0.0800988	0.143077	NA	NA	NA	NA	NA	NA	NA	NA	NA	NA	0.0447187	0.0372391
rs72826984	0.267593	0.156802	0.168093	0.0520508	0.138579	0.100203	-0.0571539	0.0895961	0.138786	0.0893998	-0.0859635	0.0907381	0.043477	0.0346267
rs4372838	-0.05257	0.056903	0.0283811	0.0347622	-0.0133726	0.0654909	-0.0228699	0.0572856	-0.0362525	0.0646998	0.0868898	0.065787	NA	NA
rs1000327	-0.147882	0.0606807	0.0235352	0.0345893	-0.00189255	0.0653916	-0.0290578	0.057575	-0.036388	0.0652881	0.0950587	0.0664349	-0.0507811	0.0164284
rs74554662	0.0175672	0.196162	NA	NA	NA	NA	NA	NA	NA	NA	NA	NA	0.0721671	0.0397341
rs80035111	0.0858555	0.125059	NA	NA	NA	NA	NA	NA	NA	NA	NA	NA	-0.020214	0.0343562
rs1000328	-0.101201	0.0563883	0.0288223	0.0346633	-0.0113843	0.0652367	-0.0224762	0.0569601	-0.0347584	0.0647433	0.0856264	0.0658026	-0.00286809	0.014149
rs111300771	0.681081	0.291566	NA	NA	NA	NA	NA	NA	NA	NA	NA	NA	NA	NA
rs76640515	-0.345923	0.0986394	NA	NA	NA	NA	NA	NA	NA	NA	NA	NA	-0.047737	0.032793
rs111712058	0.681081	0.291566	NA	NA	NA	NA	NA	NA	NA	NA	NA	NA	NA	NA
rs3895955	-0.0604445	0.0576261	0.0435222	0.0363236	0.0173304	0.0705529	-0.0249948	0.0564438	0.0435818	0.0660148	-0.0720844	0.0677162	NA	NA
rs1684065	0.0973212	0.19906	NA	NA	NA	NA	NA	NA	NA	NA	NA	NA	NA	NA
rs113769468	0.681081	0.291566	NA	NA	NA	NA	NA	NA	NA	NA	NA	NA	NA	NA
rs55881393	-0.0604445	0.0576261	0.0435222	0.0363236	0.0173304	0.0705529	-0.0249948	0.0564438	0.0435818	0.0660148	-0.0720844	0.0677162	NA	NA
rs4676173	0.111588	0.0593283	0.0473302	0.0298927	0.0106574	0.0635453	-0.0623367	0.0420265	0.0421044	0.0662064	-0.0576148	0.0678872	NA	NA
rs78074378	0.0858555	0.125059	NA	NA	NA	NA	NA	NA	NA	NA	NA	NA	-0.020214	0.0343562
rs116339396	0.0175672	0.196162	NA	NA	NA	NA	NA	NA	NA	NA	NA	NA	0.0661714	0.0394623
rs4676175	0.0270317	0.120276	0.0342187	0.0734656	0.033644	0.148489	-0.298118	0.113969	-0.197256	0.220736	0.342564	0.207753	-0.0413265	0.0275233
rs11335268	-0.0683188	0.0666355	NA	NA	NA	NA	-0.0435813	0.0432868	-0.00657461	0.0758033	0.0452887	0.0766583	-0.0172094	0.0152716
rs72826985	0.0686487	0.062902	0.0446824	0.0296332	0.00685304	0.0629401	-0.0621922	0.0415721	0.0465016	0.0664287	-0.0673916	0.0681786	NA	NA
rs12329371	-0.0701965	0.0827566	0.0575437	0.0289556	-0.0398414	0.0618789	-0.0440561	0.0429879	-0.00647176	0.0768401	0.0196233	0.0778054	NA	NA
rs6760961	-0.0328294	0.0982947	0.0571813	0.0291144	-0.0326843	0.0626153	-0.0365388	0.0435192	-0.00758724	0.077514	0.0380956	0.0783096	NA	NA
rs1684064	0.0715829	0.184542	NA	NA	NA	NA	NA	NA	NA	NA	NA	NA	NA	NA
rs6542749	-0.0335413	0.0984288	0.0533345	0.0295342	-0.0209476	0.0635448	-0.0437103	0.0440189	-0.00805007	0.080234	0.0435511	0.0810965	NA	NA
rs78472573	0.185666	0.117123	NA	NA	NA	NA	NA	NA	NA	NA	NA	NA	-0.0194066	0.0341804
rs6542750	0.0239864	0.0630878	0.00740391	0.0285776	-0.0286968	0.0575032	0.0316466	0.0414852	-0.04501	0.0665599	0.112372	0.0672756	-0.0667828	0.0171204
rs6542751	-0.0340713	0.0984375	0.0533348	0.0295341	-0.0209519	0.0635444	-0.0437103	0.0440189	-0.00805007	0.080234	0.0435511	0.0810965	NA	NA
rs832661	0.0343565	0.293833	NA	NA	NA	NA	NA	NA	NA	NA	NA	NA	NA	NA
rs113049774	0.610269	0.257003	NA	NA	NA	NA	NA	NA	NA	NA	NA	NA	NA	NA
rs116754550	0.103031	0.0942348	NA	NA	NA	NA	NA	NA	NA	NA	NA	NA	NA	NA
rs114807803	0.15287	0.123179	NA	NA	NA	NA	NA	NA	NA	NA	NA	NA	NA	NA
rs113604292	0.693936	0.294098	NA	NA	NA	NA	NA	NA	NA	NA	NA	NA	NA	NA
rs11891309	-0.342307	0.0984709	NA	NA	NA	NA	NA	NA	NA	NA	NA	NA	-0.0267451	0.0348593
rs114544043	0.0174623	0.196257	NA	NA	NA	NA	NA	NA	NA	NA	NA	NA	NA	NA
rs35123205	0.0859302	0.125062	NA	NA	NA	NA	NA	NA	NA	NA	NA	NA	-0.020214	0.0343562
rs112442835	-0.342194	0.0984896	NA	NA	NA	NA	NA	NA	NA	NA	NA	NA	-0.047737	0.032793
rs832660	0.102964	0.142937	NA	NA	NA	NA	NA	NA	NA	NA	NA	NA	-0.00938305	0.0320455
rs17035639	0.0859275	0.125026	NA	NA	NA	NA	NA	NA	NA	NA	NA	NA	-0.020214	0.0343562
rs1352099	-0.0684802	0.0666695	0.0533588	0.0289114	-0.0202625	0.0620481	-0.0435813	0.0432868	-0.00657461	0.0758033	0.0452887	0.0766583	NA	NA
rs117105283	0.691975	0.297902	NA	NA	NA	NA	NA	NA	NA	NA	NA	NA	NA	NA
rs11898498	0.0149929	0.094328	0.0571462	0.0291105	-0.0326398	0.0626096	-0.0365763	0.0435101	-0.00758724	0.077514	0.0380956	0.0783096	NA	NA
rs114709746	0.0525342	0.123417	NA	NA	NA	NA	NA	NA	NA	NA	NA	NA	-0.0135642	0.0332858
rs78378122	0.111313	0.171808	NA	NA	NA	NA	NA	NA	NA	NA	NA	NA	NA	NA
rs13421214	0.0151656	0.0941041	NA	NA	NA	NA	-0.0365763	0.0435101	-0.00758724	0.077514	0.0380956	0.0783096	NA	NA
rs13384120	0.00481425	0.0574676	NA	NA	NA	NA	-0.0713619	0.0416229	0.0395516	0.0655014	-0.0800478	0.0670977	NA	NA
rs116198909	0.0659439	0.126556	NA	NA	NA	NA	NA	NA	NA	NA	NA	NA	-0.0147753	0.034211
rs34232722	-0.0393316	0.0613247	0.0540395	0.028959	-0.0180744	0.0621357	-0.0408611	0.0433941	-0.00916609	0.0758968	0.0463118	0.0768032	NA	NA
rs76460133	0.0852439	0.125103	NA	NA	NA	NA	NA	NA	NA	NA	NA	NA	-0.020214	0.0343562
rs60837454	0.13095	0.095151	NA	NA	NA	NA	NA	NA	NA	NA	NA	NA	0.0368637	0.0241755
rs1879720	-0.0681153	0.0634006	0.0546568	0.0288368	-0.0363246	0.0622031	-0.035587	0.0429003	-0.00753259	0.0775146	0.0381414	0.0783114	NA	NA
rs1879721	-0.0875869	0.0613002	0.050752	0.0286296	-0.024035	0.0616462	-0.0429955	0.042663	-0.00656901	0.0758034	0.045308	0.0766596	NA	NA
rs1879722	0.0169542	0.0551594	0.0469026	0.0296681	0.0119544	0.0638001	-0.0714311	0.0416232	0.0395331	0.0654982	-0.0800633	0.0670946	NA	NA
rs1905999	0.0290417	0.0669167	0.0473089	0.0296334	0.0143299	0.0638199	-0.0684663	0.0415743	0.0379592	0.0657937	-0.0801098	0.0673937	NA	NA
rs1905998	0.0151656	0.0941041	0.0571462	0.0291105	-0.0326398	0.0626096	-0.0365763	0.0435101	-0.00758724	0.077514	0.0380956	0.0783096	NA	NA
rs1879723	0.0151656	0.0941041	0.0571462	0.0291105	-0.0326398	0.0626096	-0.0365763	0.0435101	-0.00758724	0.077514	0.0380956	0.0783096	NA	NA
rs2220260	-0.0579524	0.0663337	0.0546179	0.0288497	-0.0353732	0.0622766	-0.0359783	0.0429376	-0.00758724	0.077514	0.0380956	0.0783096	NA	NA
rs5833272	-0.0874419	0.0613869	NA	NA	NA	NA	-0.042991	0.0426634	-0.00656901	0.0758034	0.045308	0.0766596	-0.026032	0.014274
rs13402726	-0.0874577	0.054357	0.0463671	0.0296625	0.00943968	0.0638178	-0.0734964	0.0416317	0.0412979	0.0652592	-0.080446	0.0668485	NA	NA
rs6756775	-0.0618331	0.0696961	0.0544287	0.028823	-0.0363468	0.0621938	-0.0362282	0.0428729	-0.00758724	0.077514	0.0380956	0.0783096	-0.024824	0.0161239
rs11902977	0.0851597	0.125126	NA	NA	NA	NA	NA	NA	NA	NA	NA	NA	-0.020214	0.0343562
rs112187319	0.733401	0.300923	NA	NA	NA	NA	NA	NA	NA	NA	NA	NA	NA	NA
rs13428983	-0.0376562	0.0867138	NA	NA	NA	NA	NA	NA	NA	NA	NA	NA	0.0165884	0.0188435
rs10865017	-0.0588108	0.0691514	0.0505949	0.0279987	-0.040539	0.0606342	-0.0371717	0.0412944	-0.00769178	0.0762859	0.0302503	0.0770725	NA	NA
rs114625490	0.134514	0.0955203	NA	NA	NA	NA	NA	NA	NA	NA	NA	NA	NA	NA
rs1486187	-0.0959698	0.0576135	0.00689467	0.0285247	-0.030491	0.0573603	0.0295843	0.0413936	-0.0453526	0.0661252	0.114003	0.0666623	-0.0622761	0.0158412
rs3820961	0.0168389	0.0555219	0.0469022	0.029672	0.0119493	0.063805	-0.0714439	0.0416302	0.0395816	0.0655046	-0.0800302	0.0671015	NA	NA
rs1486186	-0.0815194	0.0681865	0.0503495	0.0285888	-0.0250635	0.0615557	-0.0438654	0.0425724	-0.00662132	0.0758031	0.0452642	0.0766584	NA	NA
rs1486185	-0.0815194	0.0681865	0.0503495	0.0285888	-0.0250635	0.0615557	-0.0438654	0.0425724	-0.00662132	0.0758031	0.0452642	0.0766584	NA	NA
rs1352098	-0.0815194	0.0681865	0.0503495	0.0285888	-0.0250635	0.0615557	-0.0438654	0.0425724	-0.00662132	0.0758031	0.0452642	0.0766584	NA	NA
rs1486184	0.0333473	0.0542266	0.0467488	0.0297048	0.0107595	0.0637731	-0.072599	0.0416595	0.0395243	0.0655004	-0.0800831	0.0670963	NA	NA
rs114172305	0.134514	0.0955203	NA	NA	NA	NA	NA	NA	NA	NA	NA	NA	NA	NA
rs117664118	0.257015	0.209882	NA	NA	NA	NA	NA	NA	NA	NA	NA	NA	0.0527717	0.057503
rs113478143	0.247656	0.226098	NA	NA	NA	NA	NA	NA	NA	NA	NA	NA	0.0527717	0.057503
rs6730646	-0.0066944	0.097991	0.0571588	0.0291127	-0.0326532	0.0626128	-0.0365782	0.0435156	-0.00758724	0.077514	0.0380956	0.0783096	NA	NA
rs2129143	-0.090729	0.0679998	0.0503495	0.0285888	-0.0250635	0.0615557	-0.0438654	0.0425724	-0.00662132	0.0758031	0.0452642	0.0766584	NA	NA
rs117854147	0.247656	0.226098	NA	NA	NA	NA	NA	NA	NA	NA	NA	NA	NA	NA
rs2129142	-0.0168542	0.0990328	0.0571588	0.0291127	-0.0326532	0.0626128	-0.0365782	0.0435156	-0.00758724	0.077514	0.0380956	0.0783096	NA	NA
rs114156838	0.0177555	0.196855	NA	NA	NA	NA	NA	NA	NA	NA	NA	NA	NA	NA
rs2220259	-0.0850474	0.0679186	0.0511613	0.0285983	-0.0250634	0.0614556	-0.0452684	0.0424879	-0.00555794	0.0759637	0.0465784	0.0767132	NA	NA
rs78354257	0.108584	0.0917712	NA	NA	NA	NA	NA	NA	NA	NA	NA	NA	0.0394797	0.0236536
rs1352097	0.0116971	0.0555651	0.0469638	0.0295678	0.0123671	0.0636244	-0.0722842	0.0414745	0.0408201	0.0654556	-0.0800574	0.0670536	NA	NA
rs2087028	-0.0921095	0.0572779	0.00734514	0.0284974	-0.0308309	0.0572992	0.029218	0.0412639	-0.0457698	0.0661064	0.114947	0.066596	-0.0627048	0.0158374
rs1352096	-0.0849463	0.0679244	0.051149	0.0285965	-0.0250933	0.0614491	-0.045268	0.0424876	-0.00541657	0.0759598	0.0466007	0.0767067	-0.0280074	0.0157682
rs79294371	0.108584	0.0917712	NA	NA	NA	NA	NA	NA	NA	NA	NA	NA	NA	NA
rs1352095	-0.0481902	0.0926631	0.0536452	0.0288587	-0.0213469	0.0618478	-0.0456071	0.0430743	-0.00547355	0.0759726	0.0462365	0.0767496	NA	NA
rs1872593	-0.0066944	0.097991	0.0582181	0.029112	-0.0325775	0.0625091	-0.0380473	0.0434135	-0.00600747	0.0777546	0.0395412	0.0784881	NA	NA
rs13013062	-0.0914154	0.0571295	0.00734514	0.0284974	-0.0308309	0.0572992	0.029218	0.0412639	-0.0457698	0.0661064	0.114947	0.066596	-0.0627048	0.0158374
rs72937213	-0.145712	0.148843	NA	NA	NA	NA	NA	NA	NA	NA	NA	NA	-0.0647235	0.0357524
rs75575689	0.146664	0.120307	NA	NA	NA	NA	NA	NA	NA	NA	NA	NA	NA	NA
rs112144631	0.247656	0.226098	NA	NA	NA	NA	NA	NA	NA	NA	NA	NA	NA	NA
rs1385953	-0.00571561	0.0980627	0.0582181	0.029112	-0.0325775	0.0625091	-0.0380473	0.0434135	-0.00600747	0.0777546	0.0395412	0.0784881	NA	NA
rs112140258	0.244667	0.228683	NA	NA	NA	NA	NA	NA	NA	NA	NA	NA	0.0527717	0.057503
rs115492842	0.0502878	0.126318	NA	NA	NA	NA	NA	NA	NA	NA	NA	NA	-0.0147753	0.034211
rs76673321	0.113109	0.0918069	NA	NA	NA	NA	NA	NA	NA	NA	NA	NA	NA	NA
rs80111151	0.113109	0.0918069	NA	NA	NA	NA	NA	NA	NA	NA	NA	NA	0.0437356	0.0238614
rs832659	-0.0616597	0.100949	NA	NA	NA	NA	-0.00734176	0.0461831	-0.0301728	0.080282	0.000950318	0.0813926	-0.0174492	0.0237897
rs59346949	-0.0934342	0.109567	NA	NA	NA	NA	NA	NA	NA	NA	NA	NA	0.0107134	0.0205697
rs832658	0.121018	0.150141	-0.030199	0.0373099	0.0595865	0.0755068	-0.0241052	0.0579323	0.0850175	0.0996089	-0.102104	0.106047	-0.0379128	0.0273021
rs832657	0.0369701	0.122292	0.0358254	0.0734621	0.0343954	0.148143	-0.30018	0.11397	-0.188098	0.222392	0.344629	0.209625	NA	NA
rs79394029	0.238657	0.23312	NA	NA	NA	NA	NA	NA	NA	NA	NA	NA	0.0527717	0.057503
rs6706040	0.0279978	0.0618927	0.00782833	0.0285395	-0.0289679	0.0574114	0.0312474	0.0413439	-0.0480594	0.0659273	0.114942	0.0664245	-0.0645129	0.0170607
rs2177102	-0.0867514	0.0678209	0.051149	0.0285965	-0.0250933	0.0614491	-0.045268	0.0424876	-0.00541657	0.0759598	0.0466007	0.0767067	NA	NA
rs2177103	-0.00452093	0.0981834	0.0582181	0.029112	-0.0325775	0.0625091	-0.0380473	0.0434135	-0.00600747	0.0777546	0.0395412	0.0784881	NA	NA
rs1104009	0.124604	0.145704	NA	NA	NA	NA	NA	NA	NA	NA	NA	NA	NA	NA
rs115385303	-0.0699471	0.0695243	NA	NA	NA	NA	NA	NA	NA	NA	NA	NA	NA	NA
rs1096720	0.121379	0.150326	-0.0303521	0.0376358	0.0612468	0.0761702	-0.0237292	0.0585579	0.0860637	0.10008	-0.102974	0.106586	NA	NA
rs114226986	0.208739	0.153661	NA	NA	NA	NA	NA	NA	NA	NA	NA	NA	-0.0187719	0.0530334
rs1843596	0.0270903	0.0542201	0.0467054	0.029606	0.0110849	0.0636002	-0.0734082	0.0415116	0.0421408	0.0653603	-0.0838162	0.0669593	NA	NA
rs115795216	0.118312	0.09193	NA	NA	NA	NA	NA	NA	NA	NA	NA	NA	0.0394797	0.0236536
rs10184498	-0.0139874	0.0992548	0.0587107	0.0291287	-0.0323875	0.062576	-0.0369125	0.0434444	-0.00605783	0.07777	0.039628	0.0785037	NA	NA
rs115685748	-0.417637	0.340774	-0.000233344	0.0618779	-0.00250359	0.116022	-0.067338	0.0979638	-0.0264266	0.133682	0.319266	0.136777	0.0539408	0.0574247
rs13003099	-0.0671556	0.0574652	0.00730724	0.028497	-0.0309529	0.057295	0.0292156	0.041262	-0.0457698	0.0661064	0.114947	0.066596	NA	NA
rs7422318	0.0170173	0.0974252	0.0582359	0.0291135	-0.0325596	0.062512	-0.0380741	0.0434166	-0.00602018	0.0777557	0.0396114	0.0784895	NA	NA
rs1960621	-0.0734952	0.0675503	0.0518175	0.0286629	-0.0246232	0.0614903	-0.0447178	0.0426119	-0.00540954	0.0759604	0.0466564	0.0767078	NA	NA
rs112556747	0.193093	0.250201	NA	NA	NA	NA	NA	NA	NA	NA	NA	NA	NA	NA
rs113391406	0.0852231	0.125102	NA	NA	NA	NA	NA	NA	NA	NA	NA	NA	-0.0067971	0.0352326
rs112106895	0.192484	0.0963381	NA	NA	NA	NA	NA	NA	NA	NA	NA	NA	NA	NA
rs115730751	0.0701404	0.10904	NA	NA	NA	NA	NA	NA	NA	NA	NA	NA	NA	NA
rs114643737	0.192484	0.0963381	NA	NA	NA	NA	NA	NA	NA	NA	NA	NA	NA	NA
rs1608066	-0.0735109	0.0675496	0.0516567	0.0285107	-0.0254305	0.0612219	-0.0463604	0.042197	-0.00132488	0.0760831	0.0454768	0.0765565	-0.0286705	0.0157908
rs66486804	-0.0608912	0.0574739	0.00762154	0.0283939	-0.0309786	0.057137	0.0289662	0.0409803	-0.0447036	0.0660527	0.114322	0.0664355	-0.0630625	0.0157924
rs78105369	0.192484	0.0963381	NA	NA	NA	NA	NA	NA	NA	NA	NA	NA	0.0368637	0.0241755
rs115089328	0.146407	0.119028	NA	NA	NA	NA	NA	NA	NA	NA	NA	NA	NA	NA
rs56139446	-0.0485776	0.087533	NA	NA	NA	NA	NA	NA	NA	NA	NA	NA	0.0172888	0.0189226
rs11897531	-0.0617645	0.0576331	0.00773957	0.0283922	-0.0308929	0.0571416	0.0289616	0.0409738	-0.0446147	0.0660615	0.114246	0.0664598	NA	NA
rs116481468	0.0176523	0.197694	NA	NA	NA	NA	NA	NA	NA	NA	NA	NA	NA	NA
rs61703071	-0.147801	0.149674	NA	NA	NA	NA	NA	NA	NA	NA	NA	NA	-0.0680261	0.0355411
rs56301924	-0.575582	0.258532	NA	NA	NA	NA	NA	NA	NA	NA	NA	NA	-0.0240035	0.0628748
rs78660204	0.0177374	0.197681	NA	NA	NA	NA	NA	NA	NA	NA	NA	NA	0.0498712	0.037522
rs67237934	0.0629902	0.06242	0.00800625	0.028472	-0.0291913	0.0572273	0.0291675	0.041134	-0.0472085	0.0658681	0.114653	0.0662576	-0.064814	0.0169918
rs76180034	-0.343021	0.0987685	NA	NA	NA	NA	NA	NA	NA	NA	NA	NA	NA	NA
rs12328607	-0.11496	0.0544626	0.0462216	0.0293468	0.00963925	0.0632376	-0.075223	0.0411848	0.045116	0.0649213	-0.0796965	0.0665138	NA	NA
rs901329	0.0625363	0.0935078	0.0586816	0.0290027	-0.0331872	0.0622347	-0.039051	0.043105	-0.00133416	0.0780933	0.0390124	0.0786374	NA	NA
rs80264135	0.0370306	0.241965	NA	NA	NA	NA	NA	NA	NA	NA	NA	NA	0.0688506	0.0565424
rs112339899	0.0370306	0.241965	NA	NA	NA	NA	NA	NA	NA	NA	NA	NA	0.0688506	0.0565424
rs901328	-0.0749136	0.0671847	0.0516352	0.0285102	-0.0254269	0.0612216	-0.0463563	0.0421954	-0.00132488	0.0760831	0.0454768	0.0765565	NA	NA
rs34593526	-0.062998	0.0576584	0.00767133	0.0283999	-0.0309206	0.0571604	0.0288994	0.0409858	-0.0450468	0.0660475	0.113665	0.0664203	-0.0638011	0.0157892
rs116033569	0.211293	0.095626	NA	NA	NA	NA	NA	NA	NA	NA	NA	NA	NA	NA
rs2378089	-0.10644	0.0576345	0.045348	0.0286325	0.00995928	0.0621344	-0.0703519	0.0400377	0.0430529	0.0641342	-0.0803694	0.0657026	NA	NA
rs6709869	-0.0749136	0.0671847	0.051706	0.0285231	-0.0252922	0.0612677	-0.0464913	0.0422078	-0.00180332	0.0761509	0.0447469	0.0766008	NA	NA
rs11901797	0.0853543	0.125098	NA	NA	NA	NA	NA	NA	NA	NA	NA	NA	-0.0067971	0.0352326
rs75811114	0.0716209	0.1096	NA	NA	NA	NA	NA	NA	NA	NA	NA	NA	0.0176144	0.0256801
rs10153803	-0.116605	0.054441	0.0462279	0.0293446	0.00955436	0.0632359	-0.0751867	0.0411801	0.0450821	0.0649167	-0.0797238	0.0665095	NA	NA
rs79074220	0.213475	0.0954692	NA	NA	NA	NA	NA	NA	NA	NA	NA	NA	0.0368637	0.0241755
rs6742263	-0.0770297	0.0690021	0.0563286	0.0287624	-0.0364019	0.0618616	-0.0391624	0.0425269	-0.00110819	0.0780702	0.0394232	0.0785306	NA	NA
rs115728516	0.0379096	0.160334	NA	NA	NA	NA	NA	NA	NA	NA	NA	NA	0.0488452	0.0380042
rs11903387	-0.077025	0.069003	0.057238	0.0289407	-0.0370457	0.0623886	-0.0408198	0.0426341	-0.00795162	0.07893	0.0386886	0.0794041	NA	NA
rs11898108	0.0631517	0.0933058	0.0587364	0.0290156	-0.0330722	0.062283	-0.0392001	0.0431162	-0.00186747	0.0781624	0.0381935	0.0786816	NA	NA
rs832662	0.17066	0.142711	NA	NA	NA	NA	NA	NA	NA	NA	NA	NA	NA	NA
rs71381940	-0.0744072	0.0669144	NA	NA	NA	NA	-0.0482941	0.0419973	0.00978402	0.0766383	0.0294069	0.0767079	NA	NA
rs71381941	-0.0801857	0.0671887	NA	NA	NA	NA	NA	NA	NA	NA	NA	NA	NA	NA
rs112100272	-0.0420546	0.224242	NA	NA	NA	NA	NA	NA	NA	NA	NA	NA	0.0688506	0.0565424
rs11684929	-0.128164	0.0604887	0.0471231	0.0296402	0.00926729	0.0640396	-0.0748364	0.0414563	0.0463589	0.0667078	-0.0918375	0.0683883	NA	NA
rs36091452	0.0608403	0.0632571	0.00992629	0.0286882	-0.026808	0.0577674	0.0308983	0.0412502	-0.0416213	0.0668497	0.112637	0.0672076	NA	NA
rs10188486	0.0649239	0.0923242	0.0602835	0.0291324	-0.0343796	0.0627242	-0.0427713	0.0429969	0.004694	0.0795993	0.0219018	0.0798506	NA	NA
rs1385956	-0.0649309	0.0709433	0.0493834	0.0278845	-0.0296365	0.0600426	-0.0490391	0.041015	0.0102149	0.0755233	0.024322	0.0755543	-0.018208	0.0173311
rs115266340	0.246657	0.107285	NA	NA	NA	NA	NA	NA	NA	NA	NA	NA	NA	NA
rs2378091	0.0608797	0.161795	NA	NA	NA	NA	NA	NA	NA	NA	NA	NA	0.0488452	0.0380042
rs6542752	0.0649239	0.0923242	0.0602835	0.0291324	-0.0343796	0.0627242	-0.0427713	0.0429969	0.004694	0.0795993	0.0219018	0.0798506	NA	NA
rs2378092	-0.0715472	0.0584157	0.00957576	0.0286489	-0.0285837	0.0576712	0.0290198	0.0411731	-0.0318157	0.0669597	0.115125	0.0672587	NA	NA
rs2087030	0.0649239	0.0923242	0.0602835	0.0291324	-0.0343796	0.0627242	-0.0427713	0.0429969	0.004694	0.0795993	0.0219018	0.0798506	NA	NA
rs2087029	0.0658815	0.0923149	0.0604711	0.0291531	-0.0343519	0.0627534	-0.0428163	0.0430439	0.00757265	0.0797393	0.0248695	0.0799009	NA	NA
rs116651656	0.243187	0.10606	NA	NA	NA	NA	NA	NA	NA	NA	NA	NA	0.0119502	0.0366936
rs1385955	0.0769774	0.0920571	0.0603968	0.0291368	-0.0343796	0.0627242	-0.0432326	0.0430042	0.00470697	0.0795998	0.0219171	0.079851	-0.0062572	0.0195097
rs114454070	0.0527868	0.248054	NA	NA	NA	NA	NA	NA	NA	NA	NA	NA	0.0940523	0.0548312
rs1385954	-0.0919934	0.0715671	0.0390846	0.0382022	-0.0717882	0.0775235	0.024642	0.05936	-0.00915764	0.102269	0.0856144	0.106505	-0.00669752	0.0169636
rs114781778	-0.0232841	0.239803	NA	NA	NA	NA	NA	NA	NA	NA	NA	NA	0.0448122	0.0372943
rs11689552	-0.0786469	0.0666665	0.0376057	0.0345343	-0.0600705	0.0724938	-0.0512595	0.0529505	-0.0646371	0.0948223	0.130498	0.0975592	NA	NA
rs13008121	0.0607557	0.122611	-0.0674574	0.042121	-0.0147217	0.0923305	0.0205323	0.0600052	-0.0832133	0.0982142	0.107388	0.0990952	0.0138364	0.0296376
rs74514300	0.0717538	0.162151	NA	NA	NA	NA	NA	NA	NA	NA	NA	NA	0.0488452	0.0380042
rs1486190	0.0576535	0.088205	0.0512648	0.0352224	-0.0567263	0.0742909	-0.063866	0.054132	-0.0546059	0.0967814	0.141245	0.0995811	NA	NA
rs1486189	0.0576535	0.088205	0.0512648	0.0352224	-0.0567263	0.0742909	-0.063866	0.054132	-0.0546059	0.0967814	0.141245	0.0995811	NA	NA
rs1486188	0.0576482	0.0882102	0.0512648	0.0352224	-0.0567263	0.0742909	-0.063866	0.054132	-0.0546059	0.0967814	0.141245	0.0995811	NA	NA
rs115554022	-0.0188708	0.240155	NA	NA	NA	NA	NA	NA	NA	NA	NA	NA	0.0386083	0.0370645
rs2029158	0.092315	0.125271	-0.0613475	0.0428417	-0.0177476	0.0934369	0.0265956	0.060856	-0.0579169	0.10351	0.118194	0.104131	NA	NA
rs13425591	-0.0830835	0.123118	NA	NA	NA	NA	NA	NA	NA	NA	NA	NA	0.0193958	0.0216664
rs112696643	0.233947	0.171822	NA	NA	NA	NA	NA	NA	NA	NA	NA	NA	NA	NA
rs10181499	-0.0455894	0.0780632	-0.00552177	0.0905783	-0.164131	0.188264	-0.178061	0.131821	-0.120641	0.217195	-0.305833	0.217847	NA	NA
rs1718022	-0.0751778	0.0629028	NA	NA	NA	NA	NA	NA	NA	NA	NA	NA	0.048105	0.0175917
rs72937225	0.157408	0.0849042	NA	NA	NA	NA	NA	NA	NA	NA	NA	NA	-0.0355559	0.0225773
rs1568551	0.138842	0.0564782	-0.038991	0.0301914	-0.0300245	0.0634565	0.0971565	0.04315	-0.00407062	0.0645953	0.0417425	0.0663177	-0.0215453	0.0146839
rs1718024	-0.116689	0.0696187	-0.0273363	0.0270056	-0.0102204	0.056093	0.0689021	0.039428	0.105311	0.0590542	-0.00297503	0.0608175	-0.0282065	0.0167631
rs10208673	0.127372	0.0913932	NA	NA	NA	NA	NA	NA	NA	NA	NA	NA	NA	NA
rs56118285	-0.123696	0.120451	NA	NA	NA	NA	NA	NA	NA	NA	NA	NA	0.0108548	0.0290495
rs12986876	0.0790134	0.0881993	-0.00827981	0.0837041	0.129775	0.199906	-0.0330407	0.114899	0.0139814	0.234274	0.205152	0.222649	NA	NA
rs13013172	0.0540441	0.0827227	-0.00820862	0.083703	0.130159	0.199905	-0.0329941	0.114899	0.0139814	0.234274	0.205152	0.222649	NA	NA
rs1027003	-0.100372	0.0593153	-0.0822552	0.0379098	-0.0403718	0.0733616	-0.0337092	0.058371	0.0990173	0.0795692	0.0167595	0.0820162	NA	NA
rs115605380	0.144386	0.157992	NA	NA	NA	NA	NA	NA	NA	NA	NA	NA	-0.00317383	0.0398519
rs10177325	0.12965	0.130977	0.10382	0.0465057	0.116519	0.0855032	-0.0224411	0.0794679	-0.0825493	0.0882602	0.0797092	0.0909471	0.00465062	0.0272486
rs1027002	0.0685054	0.064757	-0.040894	0.0292125	-0.0333337	0.0581421	-0.0527393	0.0422033	0.0246417	0.067147	-0.00571847	0.0707051	NA	NA
rs1027001	0.0975817	0.13862	NA	NA	NA	NA	NA	NA	NA	NA	NA	NA	NA	NA
rs10209348	0.129809	0.131324	0.10382	0.0465057	0.116519	0.0855032	-0.0224411	0.0794679	-0.0825493	0.0882602	0.0797092	0.0909471	0.00465062	0.0272486
rs10209553	0.0492915	0.0829093	-0.00900389	0.0836233	0.130159	0.199905	-0.0340409	0.114742	0.0139814	0.234274	0.205152	0.222649	NA	NA
rs75934462	0.0646287	0.115468	0.0348842	0.0601244	-0.111112	0.118652	0.103998	0.0874182	-0.0996802	0.176793	-0.282723	0.172681	-0.00737373	0.0320122
rs7424687	0.038456	0.0819086	-0.0117749	0.0824279	0.130729	0.193773	-0.0359265	0.114629	0.0166065	0.234223	0.20495	0.222607	-0.00369154	0.0213855
rs4292058	0.038456	0.0819086	-0.0117749	0.0824279	0.130729	0.193773	-0.0359265	0.114629	0.0166065	0.234223	0.20495	0.222607	NA	NA
rs2378093	-0.146748	0.0621728	-0.00587765	0.0265233	-0.00813818	0.0549625	0.0328033	0.0383918	0.0344214	0.0593636	-0.00189728	0.0614675	-0.00866979	0.0152018
rs114983019	0.0681428	0.281167	NA	NA	NA	NA	NA	NA	NA	NA	NA	NA	NA	NA
rs115525804	0.017838	0.121019	NA	NA	NA	NA	NA	NA	NA	NA	NA	NA	NA	NA
rs10169418	0.041182	0.0795032	-0.0117749	0.0824279	0.130729	0.193773	-0.0359265	0.114629	0.0166065	0.234223	0.20495	0.222607	-0.01199	0.0204633
rs4676030	0.130404	0.131157	0.104111	0.0464946	0.11807	0.0854418	-0.0223874	0.0794379	-0.0829043	0.0883003	0.0793568	0.0909669	0.00465062	0.0272486
rs4676176	0.130333	0.13115	0.104111	0.0464946	0.11807	0.0854418	-0.0223874	0.0794379	-0.0829043	0.0883003	0.0793568	0.0909669	0.00465062	0.0272486
rs1096721	-0.133848	0.0596426	0.00182307	0.0278917	-0.0301625	0.0560901	0.0606835	0.0409878	0.0253576	0.0614753	-0.0403565	0.0644715	NA	NA
rs76436813	0.0370506	0.109404	NA	NA	NA	NA	NA	NA	NA	NA	NA	NA	-0.0705363	0.0378208
rs58260877	-0.0251036	0.313031	NA	NA	NA	NA	NA	NA	-0.747392	0.331226	-0.783682	0.32249	-0.0170871	0.067068
rs1096722	-0.149835	0.0633205	-0.0113956	0.0262776	-0.00367784	0.0547887	0.0260198	0.0382854	0.0381969	0.0593804	0.00199808	0.0614979	-0.00713663	0.0153401
rs114114149	0.0498295	0.267478	NA	NA	NA	NA	NA	NA	NA	NA	NA	NA	-0.035409	0.0626183
rs10210397	0.0641912	0.0787467	-0.0117749	0.0824279	0.130729	0.193773	-0.0359265	0.114629	0.0166065	0.234223	0.20495	0.222607	-0.01199	0.0204633
rs10187130	0.0642884	0.0785962	-0.0103812	0.0805855	0.185403	0.185666	-0.044451	0.114002	-0.0029529	0.224059	0.160099	0.214343	NA	NA
rs111415774	0.0283709	0.115577	NA	NA	NA	NA	NA	NA	NA	NA	NA	NA	0.0380355	0.0252964
rs10166252	0.0641298	0.0788412	-0.0103812	0.0805855	0.185403	0.185666	-0.044451	0.114002	-0.0029529	0.224059	0.160099	0.214343	-0.01199	0.0204633
rs7558820	0.0682698	0.0650674	-0.0414432	0.0296681	-0.03249	0.0589702	-0.0532642	0.0429439	0.0243302	0.0678244	-0.00351399	0.0714484	NA	NA
rs116421004	0.0462307	0.266461	NA	NA	NA	NA	NA	NA	NA	NA	NA	NA	-0.035409	0.0626183
rs115776407	0.0459484	0.266201	NA	NA	NA	NA	NA	NA	NA	NA	NA	NA	-0.035409	0.0626183
rs77959686	0.00832152	0.119093	NA	NA	NA	NA	NA	NA	NA	NA	NA	NA	NA	NA
rs832664	-0.0920914	0.0794524	NA	NA	NA	NA	NA	NA	NA	NA	NA	NA	NA	NA
rs62150866	0.129025	0.130943	0.103171	0.0464653	0.117249	0.0854269	-0.0211646	0.0793259	-0.0832189	0.0884022	0.0797669	0.0911289	0.00465062	0.0272486
rs10170547	0.103286	0.08686	-0.0103812	0.0805855	0.185403	0.185666	-0.044451	0.114002	-0.0029529	0.224059	0.160099	0.214343	-0.00382337	0.021692
rs67223544	0.125385	0.0904087	NA	NA	NA	NA	NA	NA	NA	NA	NA	NA	-0.00597099	0.0227278
rs7580142	0.0684101	0.0650919	-0.0414432	0.0296681	-0.03249	0.0589702	-0.0532642	0.0429439	0.0243302	0.0678244	-0.00351399	0.0714484	NA	NA
rs832665	-0.16794	0.0710765	-0.0126025	0.0258657	-0.0123205	0.0539501	0.0244098	0.0377429	0.0384893	0.0587256	0.00381182	0.0609004	NA	NA
rs12712010	0.0625756	0.078674	-0.0103752	0.0805859	0.185403	0.185666	-0.0444639	0.114002	-0.0029529	0.224059	0.160099	0.214343	-0.01199	0.0204633
rs75141653	-0.030125	0.130188	0.0412537	0.0605818	-0.0996962	0.120552	0.109918	0.0890858	-0.0918916	0.176752	-0.282533	0.172547	-0.0171058	0.0350373
rs1872595	0.0664967	0.0546206	-0.00106958	0.0278498	0.0372259	0.0557979	-0.0606886	0.0411084	-0.0201594	0.0611643	0.0510715	0.064184	NA	NA
rs36012439	0.0625756	0.078674	-0.0103752	0.0805859	0.185403	0.185666	-0.0444639	0.114002	-0.0029529	0.224059	0.160099	0.214343	NA	NA
rs34033421	0.103297	0.0870605	-0.0103752	0.0805859	0.185403	0.185666	-0.0444639	0.114002	-0.0029529	0.224059	0.160099	0.214343	-0.00382337	0.021692
rs75084150	0.0321195	0.115481	NA	NA	NA	NA	NA	NA	NA	NA	NA	NA	0.0380355	0.0252964
rs13412134	0.125608	0.0903233	NA	NA	NA	NA	NA	NA	NA	NA	NA	NA	NA	NA
rs832666	0.0964463	0.139722	NA	NA	NA	NA	NA	NA	NA	NA	NA	NA	NA	NA
rs73953544	-0.124465	0.118053	NA	NA	NA	NA	NA	NA	NA	NA	NA	NA	0.0184661	0.0293272
rs77885860	0.0646629	0.117101	0.0429032	0.0602798	-0.0959236	0.119758	0.111829	0.0888841	-0.0867422	0.176622	-0.281433	0.172411	-0.00692845	0.032696
rs7588262	0.0874203	0.0611927	0.000263456	0.0277973	0.0201205	0.055872	-0.0540177	0.0410009	-0.0210268	0.0612185	0.0362675	0.0637063	NA	NA
rs73953545	-0.124465	0.118053	NA	NA	NA	NA	NA	NA	NA	NA	NA	NA	0.0184661	0.0293272
rs34943098	0.0931155	0.0863536	-0.011922	0.0802204	0.18604	0.185244	-0.0511134	0.113329	-0.00332688	0.223646	0.158954	0.213999	-0.00499523	0.0215148
rs12712011	0.062416	0.0785118	-0.011922	0.0802204	0.18604	0.185244	-0.0511134	0.113329	-0.00332688	0.223646	0.158954	0.213999	-0.01199	0.0204633
rs7593096	0.0855386	0.0589413	0.0137331	0.0262216	0.0139928	0.0545578	-0.0248913	0.038337	-0.0330713	0.0590443	0.00812724	0.0612751	NA	NA
rs115295591	0.0283567	0.261938	NA	NA	NA	NA	NA	NA	NA	NA	NA	NA	-0.035409	0.0626183
rs1601548	0.0879732	0.0608562	-0.000437273	0.0273866	0.0184659	0.0552022	-0.0523915	0.0402896	-0.021925	0.0606379	0.0349169	0.0631072	NA	NA
rs1522030	-0.124441	0.118052	NA	NA	NA	NA	NA	NA	NA	NA	NA	NA	0.0184661	0.0293272
rs931325	0.0901186	0.0613037	0.000309325	0.0277994	0.0201128	0.0558731	-0.0539794	0.0410061	-0.0217401	0.0612161	0.0360443	0.0636997	NA	NA
rs36068425	0.0575742	0.0788221	-0.0123642	0.0801238	0.186025	0.185227	-0.0529758	0.113111	-0.00332688	0.223646	0.158954	0.213999	-0.01199	0.0204633
rs71419400	0.0883219	0.0867059	-0.0123642	0.0801238	0.186025	0.185227	-0.0529758	0.113111	-0.00332688	0.223646	0.158954	0.213999	-0.00499523	0.0215148
rs931326	0.0678846	0.0554694	0.0126197	0.0258645	0.0124077	0.0539456	-0.0244059	0.0377435	-0.0332353	0.0585167	0.00726356	0.0607412	NA	NA
rs1906001	0.0877743	0.0615439	0.000287916	0.027847	0.0209089	0.0559924	-0.0546804	0.0411167	-0.0217627	0.0612208	0.0360776	0.0637035	NA	NA
rs10206311	0.0584445	0.0810723	-0.0124615	0.0801258	0.186003	0.185228	-0.0531475	0.113115	-0.0033369	0.223645	0.158954	0.213999	NA	NA
rs10206241	0.0575742	0.0788221	-0.0123642	0.0801238	0.186025	0.185227	-0.0529758	0.113111	-0.00332688	0.223646	0.158954	0.213999	-0.01199	0.0204633
rs12613456	0.0917092	0.0613913	0.000309325	0.0277994	0.0201128	0.0558731	-0.0539794	0.0410061	-0.0217401	0.0612161	0.0360443	0.0636997	0.0163978	0.0149463
rs59620793	-0.124737	0.115674	NA	NA	NA	NA	NA	NA	NA	NA	NA	NA	0.0207927	0.0296936
rs1486195	0.0917092	0.0613913	0.000309325	0.0277994	0.0201128	0.0558731	-0.0539794	0.0410061	-0.0217401	0.0612161	0.0360443	0.0636997	0.0163978	0.0149463
rs73953546	-0.0914619	0.115035	NA	NA	NA	NA	NA	NA	NA	NA	NA	NA	0.0179441	0.0295862
rs6731195	0.0662145	0.0542621	-0.00124846	0.0278487	0.0368534	0.0557603	-0.0616153	0.041136	-0.0219177	0.0611159	0.0508783	0.0641448	NA	NA
rs10209811	0.0826743	0.0869645	-0.0123642	0.0801238	0.186025	0.185227	-0.0529758	0.113111	-0.00332688	0.223646	0.158954	0.213999	NA	NA
rs6759917	0.0520012	0.0789072	-0.0123642	0.0801238	0.186025	0.185227	-0.0529758	0.113111	-0.00332688	0.223646	0.158954	0.213999	-0.0105515	0.0204794
rs1486179	0.101345	0.0557237	-0.00117621	0.0278465	0.0368746	0.0557519	-0.0614732	0.0411354	-0.0219177	0.0611159	0.0508783	0.0641448	NA	NA
rs1486180	-0.122295	0.115773	NA	NA	NA	NA	NA	NA	NA	NA	NA	NA	NA	NA
rs1486183	0.066762	0.0544791	-0.00125133	0.0278488	0.0368553	0.0557603	-0.0616098	0.0411364	-0.0219177	0.0611159	0.0508783	0.0641448	NA	NA
rs13384141	0.0520012	0.0789072	-0.0123701	0.0801234	0.186025	0.185227	-0.0529631	0.113111	-0.00332688	0.223646	0.158954	0.213999	-0.01199	0.0204633
rs55648040	-0.125003	0.118203	NA	NA	NA	NA	NA	NA	NA	NA	NA	NA	0.0207927	0.0296936
rs12712013	0.0516228	0.0794365	-0.0123442	0.0800522	0.186454	0.184868	-0.0529631	0.113111	-0.00325366	0.223302	0.157088	0.213709	-0.01199	0.0204633
rs832655	-0.167518	0.0716759	-0.0139854	0.0262177	-0.0163567	0.0547294	0.0248814	0.0382449	0.0445505	0.0593714	0.000356195	0.0616569	-0.0249712	0.0188681
rs12233084	0.0399891	0.340014	NA	NA	NA	NA	NA	NA	NA	NA	NA	NA	NA	NA
rs114992675	0.0511686	0.111572	NA	NA	NA	NA	NA	NA	NA	NA	NA	NA	NA	NA
rs6733482	0.0562713	0.112005	-0.00302691	0.030552	-0.0483532	0.0640981	0.0496466	0.0444757	0.0528174	0.0717577	-0.0607229	0.0736842	NA	NA
rs116002082	0.277222	0.160537	0.0894922	0.113495	-0.253469	0.244563	0.0431946	0.147676	NA	NA	NA	NA	0.00777644	0.0377548
rs11888798	-0.106325	0.195793	NA	NA	NA	NA	NA	NA	NA	NA	NA	NA	-0.0126903	0.046219
rs114483770	0.0453921	0.113252	NA	NA	NA	NA	NA	NA	NA	NA	NA	NA	0.0254245	0.0319266
rs4676177	0.0820633	0.0594441	NA	NA	NA	NA	NA	NA	NA	NA	NA	NA	NA	NA
rs10496419	0.0267443	0.0692804	-0.0145449	0.0794735	0.186375	0.184873	-0.0622824	0.111797	-0.0035631	0.223291	0.158037	0.213701	NA	NA
rs79554851	0.155855	0.171939	NA	NA	NA	NA	NA	NA	NA	NA	NA	NA	NA	NA
rs4322804	0.0808208	0.059237	0.00261672	0.0277594	0.0247141	0.0559635	-0.0501846	0.0411858	-0.0234385	0.0617993	0.037562	0.0646207	0.0145215	0.014844
rs6708539	0.103802	0.054162	0.000854969	0.0278793	0.0417241	0.0559004	-0.0593993	0.0414013	-0.0235279	0.0615593	0.052592	0.0649474	NA	NA
rs10496420	0.0554536	0.0669521	-0.0145883	0.079477	0.186313	0.184879	-0.0622792	0.111803	-0.00464455	0.223292	0.157462	0.21372	-0.0299086	0.0189029
rs750524	0.0809547	0.0593609	0.00254126	0.027743	0.0243751	0.0559378	-0.0505546	0.0411575	-0.0234299	0.0617717	0.0373078	0.0645963	NA	NA
rs55780041	0.0570621	0.0684355	-0.014545	0.0794736	0.186375	0.184873	-0.0621882	0.111797	-0.0035631	0.223291	0.158037	0.213701	NA	NA
rs78357520	0.0669819	0.102226	NA	NA	NA	NA	NA	NA	NA	NA	NA	NA	NA	NA
rs116178288	0.426432	0.17751	NA	NA	NA	NA	NA	NA	NA	NA	NA	NA	0.0079783	0.0395674
rs750523	0.0808131	0.0592367	0.00255638	0.0276502	0.0245734	0.0556331	-0.0505633	0.0411559	-0.0235844	0.0611232	0.035638	0.0639542	NA	NA
rs13001700	0.0555312	0.0669384	-0.014545	0.0794736	0.186375	0.184873	-0.0621882	0.111797	-0.0035631	0.223291	0.158037	0.213701	-0.0299086	0.0189029
rs1872594	0.0809567	0.059361	0.00254126	0.027743	0.0243751	0.0559378	-0.0505546	0.0411575	-0.0234299	0.0617717	0.0373078	0.0645963	NA	NA
rs34562598	0.0555312	0.0669384	-0.014545	0.0794736	0.186375	0.184873	-0.0621882	0.111797	-0.0035631	0.223291	0.158037	0.213701	-0.0299086	0.0189029
rs41351950	0.0338511	0.112039	NA	NA	NA	NA	NA	NA	NA	NA	NA	NA	0.0332431	0.0323966
rs9917180	0.101122	0.0552102	0.000754258	0.0278745	0.0412603	0.0558841	-0.0598574	0.0413958	-0.0235201	0.061533	0.0523239	0.0649233	NA	NA
rs41406847	0.05062	0.112201	NA	NA	NA	NA	NA	NA	NA	NA	NA	NA	0.0359665	0.0338458
rs9917181	0.104296	0.0542463	0.000770548	0.0278737	0.041421	0.0558829	-0.0598883	0.0413903	-0.0234598	0.061541	0.0525782	0.0649314	NA	NA
rs35591244	0.0589266	0.0670134	-0.0145231	0.0794571	0.186546	0.184788	-0.0621882	0.111797	-0.00363707	0.223207	0.157807	0.213631	-0.0299086	0.0189029
rs13421955	0.0788307	0.0594278	0.00253197	0.0277517	0.0243944	0.0559462	-0.0506544	0.0411694	-0.023366	0.0617835	0.0375706	0.0646078	NA	NA
rs13016503	0.12393	0.0874817	-0.0158094	0.0789641	0.18639	0.183804	-0.0632825	0.111095	-0.00360594	0.222769	0.156901	0.213236	NA	NA
rs114974968	0.0332427	0.111732	NA	NA	NA	NA	NA	NA	NA	NA	NA	NA	0.0332431	0.0323966
rs2101357	0.0788307	0.0594278	0.00253197	0.0277517	0.0243944	0.0559462	-0.0506544	0.0411694	-0.023366	0.0617835	0.0375706	0.0646078	NA	NA
rs1601547	0.111663	0.18315	-0.0340596	0.0389139	-0.0586078	0.0754769	-0.0107367	0.0548739	0.0247289	0.0819788	0.00138754	0.0870197	-0.0372541	0.0366344
rs71421307	0.124099	0.0875554	-0.0144284	0.0794582	0.186625	0.184782	-0.0622969	0.111799	-0.00363707	0.223207	0.157807	0.213631	-0.0153439	0.0252459
rs1718035	0.0147305	0.109945	-0.00336262	0.0281209	-0.00181241	0.0572468	0.00821239	0.0416746	-0.0112884	0.0626127	0.0168952	0.0648014	0.00147285	0.0239355
rs34003321	0.0589266	0.0670134	-0.0145231	0.0794571	0.186546	0.184788	-0.0621882	0.111797	-0.00363707	0.223207	0.157807	0.213631	-0.0299086	0.0189029
rs78843428	0.0199024	0.271265	NA	NA	NA	NA	NA	NA	NA	NA	NA	NA	-0.05449	0.0638747
rs56177389	0.394557	0.260157	-0.00418189	0.0304635	-0.0463465	0.0638684	0.0493399	0.0442913	0.0562262	0.0713247	-0.0648208	0.0731831	NA	NA
rs2171181	0.0788585	0.0594489	0.00252154	0.0277525	0.0243954	0.0559475	-0.0506396	0.0411713	-0.023366	0.0617835	0.0375706	0.0646078	NA	NA
rs1486191	0.0788307	0.0594278	0.00253197	0.0277517	0.0243944	0.0559462	-0.0506544	0.0411694	-0.023366	0.0617835	0.0375706	0.0646078	NA	NA
rs832663	0.0145829	0.109936	-0.00336262	0.0281209	-0.00181241	0.0572468	0.00821239	0.0416746	-0.0112884	0.0626127	0.0168952	0.0648014	NA	NA
rs1486192	0.077417	0.0594137	0.00253197	0.0277517	0.0243944	0.0559462	-0.0506544	0.0411694	-0.023366	0.0617835	0.0375706	0.0646078	NA	NA
rs67917782	0.0860062	0.0594979	NA	NA	NA	NA	-0.0506404	0.0411731	-0.0233541	0.0617848	0.0375829	0.0646093	NA	NA
rs114159333	-0.000108878	0.16507	NA	NA	NA	NA	NA	NA	NA	NA	NA	NA	NA	NA
rs57108589	0.214487	0.10553	NA	NA	NA	NA	NA	NA	NA	NA	NA	NA	0.0643489	0.0369002
rs41466647	0.0642117	0.0671325	-0.0145231	0.0794571	0.186546	0.184788	-0.0621882	0.111797	-0.00363707	0.223207	0.157807	0.213631	-0.0299086	0.0189029
rs60499091	-0.137197	0.161883	NA	NA	NA	NA	NA	NA	NA	NA	NA	NA	NA	NA
rs73953549	-0.120502	0.120031	NA	NA	NA	NA	NA	NA	NA	NA	NA	NA	-0.0151341	0.031457
rs73953550	-0.109309	0.152422	NA	NA	NA	NA	NA	NA	NA	NA	NA	NA	-0.0219939	0.0396532
rs71421308	0.0613467	0.0669588	-0.0145231	0.0794571	0.186546	0.184788	-0.0621882	0.111797	-0.00363707	0.223207	0.157807	0.213631	NA	NA
rs73953552	-0.114887	0.118378	NA	NA	NA	NA	NA	NA	NA	NA	NA	NA	-0.0151341	0.031457
rs12997177	0.127525	0.0877269	-0.0144284	0.0794582	0.186625	0.184782	-0.0622969	0.111799	-0.00363707	0.223207	0.157807	0.213631	-0.0153439	0.0252459
rs832671	0.0259603	0.112536	-0.00336627	0.028122	-0.00181879	0.0572478	0.00818369	0.0416768	-0.0113455	0.0626138	0.0168566	0.0648034	-0.000238942	0.0239794
rs12997531	0.0613467	0.0669588	-0.0145231	0.0794571	0.186546	0.184788	-0.0621882	0.111797	-0.00363707	0.223207	0.157807	0.213631	-0.0299086	0.0189029
rs1385957	0.077417	0.0594137	0.00187411	0.0276596	0.0224694	0.0557928	-0.0504427	0.0409662	-0.0235197	0.0618302	0.0374915	0.0646722	NA	NA
rs34436511	0.0613467	0.0669588	-0.0148791	0.079321	0.186181	0.184493	-0.0629213	0.111507	-0.00375863	0.223247	0.1579	0.213705	-0.0299086	0.0189029
rs13403182	-0.0347799	0.102799	NA	NA	NA	NA	NA	NA	NA	NA	NA	NA	0.0128628	0.0240286
rs1486194	0.077417	0.0594137	0.00187411	0.0276596	0.0224694	0.0557928	-0.0504427	0.0409662	-0.0235197	0.0618302	0.0374915	0.0646722	NA	NA
rs1486193	0.077585	0.0594172	0.00187411	0.0276596	0.0224694	0.0557928	-0.0504427	0.0409662	-0.0235112	0.0618311	0.0374976	0.064673	NA	NA
rs832670	0.0981641	0.0575464	0.00258203	0.0298563	0.0452461	0.0627314	-0.0502959	0.0432049	-0.0529525	0.0687478	0.0752003	0.0706364	NA	NA
rs10166791	0.0607142	0.12471	0.110898	0.0505042	0.146162	0.0976692	-0.0586067	0.082966	-0.0716697	0.100296	0.102737	0.10337	0.0157668	0.0277677
rs71421309	0.0624586	0.0669284	-0.0148791	0.079321	0.186181	0.184493	-0.0629213	0.111507	-0.00375863	0.223247	0.1579	0.213705	NA	NA
rs76139843	0.0334537	0.269746	NA	NA	NA	NA	NA	NA	NA	NA	NA	NA	NA	NA
rs71381945	0.062434	0.0669297	NA	NA	NA	NA	NA	NA	NA	NA	NA	NA	NA	NA
rs2129145	0.07716	0.0593733	0.00187411	0.0276596	0.0224694	0.0557928	-0.0504427	0.0409662	-0.0235197	0.0618302	0.0374915	0.0646722	NA	NA
rs832669	0.0366641	0.110434	-0.00408797	0.0274705	-0.00318535	0.0561417	0.00707507	0.0404767	-0.0150586	0.0619377	0.0139873	0.0640081	-0.000238942	0.0239794
rs71381946	0.149078	0.0572516	NA	NA	NA	NA	NA	NA	NA	NA	NA	NA	NA	NA
rs35353903	0.0624586	0.0669284	-0.0148791	0.079321	0.186181	0.184493	-0.0629213	0.111507	-0.00375863	0.223247	0.1579	0.213705	-0.0299086	0.0189029
rs35688780	0.0624586	0.0669284	-0.0148791	0.079321	0.186181	0.184493	-0.0629213	0.111507	-0.00375863	0.223247	0.1579	0.213705	-0.0299086	0.0189029
rs36053946	0.0624586	0.0669284	-0.0148791	0.079321	0.186181	0.184493	-0.0629213	0.111507	-0.00375863	0.223247	0.1579	0.213705	NA	NA
rs2200491	0.07716	0.0593733	0.00187411	0.0276596	0.0224694	0.0557928	-0.0504427	0.0409662	-0.0235197	0.0618302	0.0374915	0.0646722	NA	NA
rs3919943	0.0770208	0.0593937	0.00935557	0.027852	0.0274471	0.0559093	-0.051735	0.0412772	-0.0139043	0.0621488	0.0334025	0.0650758	NA	NA
rs2220261	0.07716	0.0593733	NA	NA	NA	NA	-0.0504427	0.0409662	-0.0235197	0.0618302	0.0374915	0.0646722	NA	NA
rs6712243	0.102826	0.055403	7.02E-05	0.0278383	0.0394301	0.0557526	-0.0601328	0.0413218	-0.0236218	0.0615891	0.0525399	0.0650049	NA	NA
rs13005350	0.0624586	0.0669284	-0.0148791	0.079321	0.186181	0.184493	-0.0629213	0.111507	-0.00375863	0.223247	0.1579	0.213705	NA	NA
rs6715622	0.0771866	0.0593937	0.00187411	0.0276596	0.0224694	0.0557928	-0.0504427	0.0409662	-0.0235197	0.0618302	0.0374915	0.0646722	NA	NA
rs76907615	0.139155	0.103558	NA	NA	NA	NA	NA	NA	NA	NA	NA	NA	-0.00588615	0.026665
rs71421312	0.0624586	0.0669284	-0.0148791	0.079321	0.186181	0.184493	-0.0629213	0.111507	-0.00375863	0.223247	0.1579	0.213705	NA	NA
rs1003019	0.10254	0.055333	-0.000434512	0.0274215	0.0379007	0.0550726	-0.0598733	0.0406141	-0.0237339	0.0609015	0.0503943	0.0642929	NA	NA
rs78389171	0.0436403	0.115893	NA	NA	NA	NA	NA	NA	NA	NA	NA	NA	0.0250174	0.0240599
rs77139029	0.0436387	0.115893	NA	NA	NA	NA	NA	NA	NA	NA	NA	NA	NA	NA
rs1003018	0.07716	0.0593733	0.00187411	0.0276596	0.0224694	0.0557928	-0.0504427	0.0409662	-0.0235197	0.0618302	0.0374915	0.0646722	NA	NA
rs17035697	0.0624586	0.0669284	-0.0147541	0.0793197	0.185987	0.184496	-0.0628124	0.111504	-0.00305677	0.223254	0.157494	0.213709	-0.0287607	0.0188215
rs17035705	0.421616	0.249013	NA	NA	NA	NA	NA	NA	NA	NA	NA	NA	NA	NA
rs116649292	-0.180264	0.215285	NA	NA	NA	NA	NA	NA	NA	NA	NA	NA	NA	NA
rs17035712	-0.114603	0.188193	NA	NA	NA	NA	NA	NA	NA	NA	NA	NA	0.0172589	0.0303125
rs1000173	0.0793742	0.0594181	0.00188097	0.0276588	0.022505	0.0557895	-0.0504339	0.0409658	-0.0232585	0.0618475	0.0375678	0.0646831	0.0128612	0.0147334
rs700870	0.104457	0.0574614	0.00237404	0.0298448	0.0447804	0.0626793	-0.0502959	0.0432049	-0.0530049	0.06863	0.074368	0.0705051	NA	NA
rs1001953	0.107262	0.0543611	7.70E-05	0.0278379	0.0394691	0.0557502	-0.0601276	0.0413225	-0.0233619	0.0616053	0.0526216	0.0650156	NA	NA
rs832668	-0.103513	0.0574098	-0.00149766	0.029551	-0.0430396	0.0620132	0.0510824	0.0427142	0.0545301	0.0681417	-0.0715357	0.0700085	-0.00537322	0.0147454
rs12624041	0.0802247	0.059448	0.00188097	0.0276588	0.022505	0.0557895	-0.0504339	0.0409658	-0.0232585	0.0618475	0.0375678	0.0646831	NA	NA
rs17035718	0.0805758	0.0817233	NA	NA	NA	NA	NA	NA	NA	NA	NA	NA	0.0198876	0.0249896
rs77450218	0.0367941	0.269256	NA	NA	NA	NA	NA	NA	NA	NA	NA	NA	-0.05449	0.0638747
rs79206716	0.0636691	0.101803	NA	NA	NA	NA	NA	NA	NA	NA	NA	NA	-0.0503803	0.0358551
rs6758448	0.0510783	0.122158	0.110692	0.0504969	0.146003	0.0976516	-0.0587398	0.0829681	-0.0709343	0.100438	0.101529	0.103433	0.0157668	0.0277677
rs2378095	0.07688	0.0593958	0.00187512	0.0276588	0.022505	0.0557895	-0.0504427	0.0409662	-0.0232585	0.0618475	0.0375678	0.0646831	NA	NA
rs2378096	0.101715	0.0555465	7.13E-05	0.0278375	0.0394633	0.055749	-0.0601328	0.0413218	-0.0233619	0.0616053	0.0526216	0.0650156	NA	NA
rs832667	-0.0381382	0.110482	0.00500557	0.027643	0.00558732	0.0562454	-0.00623818	0.0408424	0.0160265	0.062336	-0.0108823	0.064368	NA	NA
rs115879052	0.123354	0.171066	NA	NA	NA	NA	NA	NA	NA	NA	NA	NA	NA	NA
rs6746751	-0.0568662	0.0958132	-0.00170105	0.0297901	-0.0427027	0.0624718	0.0510981	0.0430953	0.0607895	0.0698509	-0.0587668	0.0716791	-0.000542381	0.0214527
rs115309356	-0.118552	0.140608	NA	NA	NA	NA	NA	NA	NA	NA	NA	NA	-0.00241741	0.0386407
rs855001	0.0398797	0.110276	-0.00438186	0.0274473	-0.00411976	0.0560641	0.00707507	0.0404767	-0.01535	0.0618737	0.0134233	0.0639268	-0.000238942	0.0239794
rs7596473	0.171994	0.0905394	NA	NA	NA	NA	NA	NA	NA	NA	NA	NA	NA	NA
rs7599463	0.133477	0.0880764	NA	NA	NA	NA	NA	NA	NA	NA	NA	NA	-0.0171741	0.0263149
rs855002	-0.0908289	0.0544528	0.000147406	0.0275758	-0.0375377	0.0553852	0.0592914	0.0408361	0.0235236	0.0612803	-0.0492801	0.0647087	-0.0027415	0.0138032
rs114420063	0.342871	0.151703	NA	NA	NA	NA	NA	NA	NA	NA	NA	NA	NA	NA
rs71421313	0.0813924	0.0660693	-0.0148791	0.079321	0.186181	0.184493	-0.0629213	0.111507	-0.00375863	0.223247	0.1579	0.213705	-0.0363093	0.0186077
rs73953555	0.0481951	0.07294	-0.0148791	0.079321	0.186181	0.184493	-0.0629213	0.111507	-0.00375863	0.223247	0.1579	0.213705	NA	NA
rs855003	-0.0907948	0.0544512	0.000497668	0.0275697	-0.0375318	0.0553836	0.0596648	0.0408238	0.0235432	0.0612781	-0.0493128	0.0647079	NA	NA
rs855004	-0.0907948	0.0544512	0.000526479	0.0275755	-0.0375245	0.0553973	0.0596044	0.040831	0.0232496	0.0612963	-0.0492772	0.0647227	NA	NA
rs855005	-0.0908021	0.0544539	0.000497668	0.0275697	-0.0375318	0.0553836	0.0596648	0.0408238	0.0235432	0.0612781	-0.0493128	0.0647079	NA	NA
rs855006	-0.0389557	0.0594298	-0.00128938	0.027372	-0.0207605	0.0553737	0.0500573	0.0404298	0.0234094	0.0614692	-0.0343849	0.0643236	-0.0261277	0.014789
rs855007	-0.0907948	0.0544512	0.000497668	0.0275697	-0.0375318	0.0553836	0.0596648	0.0408238	0.0235432	0.0612781	-0.0493128	0.0647079	NA	NA
rs855008	-0.0907948	0.0544512	0.000497668	0.0275697	-0.0375318	0.0553836	0.0596648	0.0408238	0.0235432	0.0612781	-0.0493128	0.0647079	NA	NA
rs855009	-0.0389557	0.0594298	-0.00128938	0.027372	-0.0207605	0.0553737	0.0500573	0.0404298	0.0234094	0.0614692	-0.0343849	0.0643236	-0.0261277	0.014789
rs855010	-0.0847358	0.0557519	0.000497668	0.0275697	-0.0375318	0.0553836	0.0596648	0.0408238	0.0235432	0.0612781	-0.0493128	0.0647079	-0.0147225	0.0138067
rs114528510	0.0473281	0.152169	NA	NA	NA	NA	NA	NA	NA	NA	NA	NA	-0.0806497	0.037767
rs6718046	0.329724	0.288295	-0.011754	0.0312104	-0.0519048	0.0649098	0.0501032	0.0456964	0.0549089	0.0729125	-0.0527588	0.0749955	-0.00815276	0.0343133
rs116548517	0.0375346	0.112153	NA	NA	NA	NA	NA	NA	NA	NA	NA	NA	0.0339284	0.0336784
rs77970565	0.0473281	0.152169	NA	NA	NA	NA	NA	NA	NA	NA	NA	NA	NA	NA
rs700871	-0.0847358	0.0557519	0.000497668	0.0275697	-0.0375318	0.0553836	0.0596648	0.0408238	0.0235432	0.0612781	-0.0493128	0.0647079	-0.0147225	0.0138067
rs72939260	-0.122154	0.0614168	-0.001651	0.0297702	-0.0427068	0.0624125	0.0510869	0.0430828	0.0540869	0.0688334	-0.0713924	0.070735	-0.0212872	0.0157047
rs111246238	-0.0519593	0.0566886	NA	NA	NA	NA	NA	NA	NA	NA	NA	NA	NA	NA
rs17035729	0.0364629	0.112145	NA	NA	NA	NA	NA	NA	NA	NA	NA	NA	0.0257758	0.0329736
rs71421314	0.0485273	0.15085	-0.0127952	0.0796124	0.186255	0.184888	-0.061994	0.111912	-0.0244163	0.22945	0.157421	0.219409	-0.0635259	0.0347096
rs17035730	0.077432	0.0715825	NA	NA	NA	NA	NA	NA	NA	NA	NA	NA	-0.0200844	0.0210124
rs73953556	-0.119809	0.146364	NA	NA	NA	NA	NA	NA	NA	NA	NA	NA	NA	NA
rs17035731	0.036462	0.112144	NA	NA	NA	NA	NA	NA	NA	NA	NA	NA	0.0339284	0.0336784
rs855011	-0.07755	0.0556165	-0.00753203	0.0274026	-0.0395977	0.0553209	0.0496104	0.0405937	0.0269278	0.0606917	-0.0442365	0.0639334	-0.0088996	0.0140525
rs11888652	-0.100293	0.0576434	-0.00391118	0.0297018	-0.0429631	0.0620919	0.0479347	0.0429023	0.0512465	0.0690124	-0.0750769	0.0709163	NA	NA
rs855012	0.0403651	0.110575	-0.00426088	0.0274363	-0.00561583	0.0559829	0.00660536	0.0404475	-0.0131144	0.0618632	0.0166017	0.063952	-0.000238942	0.0239794
rs115739795	0.303124	0.183673	NA	NA	NA	NA	NA	NA	NA	NA	NA	NA	0.0036715	0.052571
rs865925	0.0427622	0.112268	-0.00426088	0.0274363	-0.00561583	0.0559829	0.00660536	0.0404475	-0.0131144	0.0618632	0.0166017	0.063952	-0.000238942	0.0239794
rs854999	0.0427622	0.112268	-0.00426088	0.0274363	-0.00561583	0.0559829	0.00660536	0.0404475	-0.0131144	0.0618632	0.0166017	0.063952	-0.000238942	0.0239794
rs75539985	0.134263	0.0879611	NA	NA	NA	NA	NA	NA	NA	NA	NA	NA	-0.0178684	0.0262281
rs73953557	0.070854	0.0776412	NA	NA	NA	NA	NA	NA	NA	NA	NA	NA	-0.00458272	0.0222213
rs6737577	0.118517	0.139318	-0.00378444	0.0297201	-0.0430331	0.0621351	0.0479466	0.0429138	0.0584605	0.0700692	-0.0626092	0.0719125	0.0161105	0.0308441
rs75217301	0.0153434	0.138998	NA	NA	NA	NA	NA	NA	NA	NA	NA	NA	-0.0672741	0.0366861
rs73953558	-0.119717	0.146209	NA	NA	NA	NA	NA	NA	NA	NA	NA	NA	NA	NA
rs17035739	0.0464123	0.115726	NA	NA	NA	NA	NA	NA	NA	NA	NA	NA	0.0250174	0.0240599
rs115360091	-0.0303222	0.14034	NA	NA	NA	NA	NA	NA	NA	NA	NA	NA	NA	NA
rs79638681	0.0636531	0.101807	NA	NA	NA	NA	NA	NA	NA	NA	NA	NA	-0.0503803	0.0358551
rs860586	0.0433213	0.11232	-0.00303296	0.0275207	-0.0073217	0.0561559	0.00712529	0.0405201	-0.0131099	0.0618631	0.0166051	0.0639524	-0.000238942	0.0239794
rs56347147	-0.135052	0.0637846	0.00329309	0.02928	-0.0163003	0.0615386	0.0432368	0.0418504	0.00640776	0.0670077	-0.0816224	0.068673	-0.0214382	0.015641
rs73953559	0.081079	0.0721363	NA	NA	NA	NA	NA	NA	NA	NA	NA	NA	NA	NA
rs73953560	0.0702176	0.0652468	NA	NA	NA	NA	NA	NA	NA	NA	NA	NA	NA	NA
rs73953561	0.0702305	0.0652307	NA	NA	NA	NA	NA	NA	NA	NA	NA	NA	NA	NA
rs73953562	0.0702176	0.0652468	NA	NA	NA	NA	NA	NA	NA	NA	NA	NA	-0.0361355	0.0188121
rs1563113	0.0467528	0.148964	NA	NA	NA	NA	NA	NA	NA	NA	NA	NA	-0.059123	0.0353956
rs1563114	0.0686718	0.0654375	NA	NA	NA	NA	NA	NA	NA	NA	NA	NA	-0.0276604	0.0185785
rs1563115	0.0684275	0.0655199	NA	NA	NA	NA	NA	NA	NA	NA	NA	NA	-0.0250149	0.018596
rs1563116	0.056367	0.0658575	NA	NA	NA	NA	NA	NA	NA	NA	NA	NA	-0.0250149	0.018596
rs1563117	0.056367	0.0658575	NA	NA	NA	NA	NA	NA	NA	NA	NA	NA	-0.0250149	0.018596
rs1563118	0.0426765	0.0786431	NA	NA	NA	NA	NA	NA	NA	NA	NA	NA	NA	NA
rs6729118	0.0538341	0.0677358	NA	NA	NA	NA	NA	NA	NA	NA	NA	NA	0.00713587	0.0166568
rs1522028	0.112566	0.0572202	0.0235772	0.0270588	0.0345974	0.0542801	-0.0425462	0.0399928	-0.0202484	0.060872	0.0233797	0.0637259	0.0183088	0.0141432
rs115299861	-0.035388	0.128813	NA	NA	NA	NA	NA	NA	NA	NA	NA	NA	-0.0440287	0.0338307
rs114230608	-0.035388	0.128813	NA	NA	NA	NA	NA	NA	NA	NA	NA	NA	-0.0440287	0.0338307
rs115268803	-0.035388	0.128813	NA	NA	NA	NA	NA	NA	NA	NA	NA	NA	-0.0440287	0.0338307
rs116716143	-0.035388	0.128813	NA	NA	NA	NA	NA	NA	NA	NA	NA	NA	-0.0440287	0.0338307
rs17035741	0.0122821	0.0817063	NA	NA	NA	NA	NA	NA	NA	NA	NA	NA	0.000506289	0.0237956
rs9653451	0.0872671	0.0551595	0.0205313	0.0277022	0.0181493	0.0548947	-0.0419375	0.0410829	-0.0151479	0.0630015	0.0156129	0.0653203	NA	NA
rs4141935	0.0872732	0.0551611	0.0212312	0.0277486	0.0181601	0.0548938	-0.0403346	0.0411902	-0.0165704	0.0627631	0.00860937	0.0650208	0.0165458	0.0141234
rs1522029	0.00467731	0.0787981	NA	NA	NA	NA	NA	NA	NA	NA	NA	NA	0.000506289	0.0237956
rs76205870	0.00444664	0.0800548	NA	NA	NA	NA	NA	NA	NA	NA	NA	NA	NA	NA
rs75636136	0.00467731	0.0787981	NA	NA	NA	NA	NA	NA	NA	NA	NA	NA	0.000506289	0.0237956
rs79733536	0.00467731	0.0787981	NA	NA	NA	NA	NA	NA	NA	NA	NA	NA	0.000506289	0.0237956
rs115564075	-0.0418248	0.140339	NA	NA	NA	NA	NA	NA	NA	NA	NA	NA	-0.0132737	0.0365005
rs10194731	0.115778	0.056735	0.0198492	0.0278871	0.0345162	0.0548638	-0.0494047	0.0414114	-0.008349	0.0627182	0.0197009	0.0658184	NA	NA
rs700872	-0.0359824	0.136296	-0.0107057	0.0273895	-0.00386545	0.0559807	0.00692045	0.0403994	-0.0140468	0.0615965	0.0189137	0.0639008	NA	NA
rs114786337	0.00464477	0.0787947	NA	NA	NA	NA	NA	NA	NA	NA	NA	NA	0.000506289	0.0237956
rs76905655	0.00604196	0.0788603	NA	NA	NA	NA	NA	NA	NA	NA	NA	NA	NA	NA
rs114037472	0.00467731	0.0787981	NA	NA	NA	NA	NA	NA	NA	NA	NA	NA	NA	NA
rs78869519	0.00467731	0.0787981	NA	NA	NA	NA	NA	NA	NA	NA	NA	NA	0.000506289	0.0237956
rs17035743	0.00467731	0.0787981	NA	NA	NA	NA	NA	NA	NA	NA	NA	NA	0.000506289	0.0237956
rs114060862	-0.125031	0.157076	NA	NA	NA	NA	NA	NA	NA	NA	NA	NA	-0.0111845	0.0388411
rs116401967	0.0283751	0.0952726	NA	NA	NA	NA	NA	NA	NA	NA	NA	NA	0.0378751	0.0310217
rs17817924	-0.0331962	0.136166	NA	NA	NA	NA	0.00662876	0.0404356	-0.0131774	0.0618545	0.016712	0.0639506	0.00475629	0.0279285
rs115914623	0.00620155	0.0787117	NA	NA	NA	NA	NA	NA	NA	NA	NA	NA	0.000506289	0.0237956
rs862852	-0.0321557	0.140626	-0.0073097	0.027389	-0.00395954	0.0558629	0.00662876	0.0404356	-0.0131774	0.0618545	0.016712	0.0639506	0.00475629	0.0279285
rs7422107	0.00610973	0.0786404	NA	NA	NA	NA	NA	NA	NA	NA	NA	NA	0.000506289	0.0237956
rs17035744	-0.0162329	0.149282	NA	NA	NA	NA	NA	NA	NA	NA	NA	NA	NA	NA
rs76362281	-0.0071153	0.257919	NA	NA	NA	NA	NA	NA	NA	NA	NA	NA	NA	NA
rs2378097	0.00619762	0.0787103	NA	NA	NA	NA	NA	NA	NA	NA	NA	NA	0.000506289	0.0237956
rs1563119	0.00401941	0.0750547	-0.00749876	0.0273731	-0.00382159	0.0558368	0.00661741	0.0404013	-0.00981935	0.0616188	0.0198494	0.0638074	NA	NA
rs17035745	0.00619762	0.0787103	NA	NA	NA	NA	NA	NA	NA	NA	NA	NA	0.000506289	0.0237956
rs17035746	0.00619762	0.0787103	NA	NA	NA	NA	NA	NA	NA	NA	NA	NA	0.000506289	0.0237956
rs72831044	0.203111	0.245191	0.0148308	0.0488574	-0.0294948	0.100143	-0.00130333	0.0712021	-0.00258588	0.093671	0.100007	0.0978012	-0.107126	0.0644092
rs59685139	-0.140095	0.152001	NA	NA	NA	NA	NA	NA	NA	NA	NA	NA	0.0343986	0.0376399
rs75231687	0.0104577	0.0788863	NA	NA	NA	NA	NA	NA	NA	NA	NA	NA	0.000506289	0.0237956
rs17035754	0.00619762	0.0787103	NA	NA	NA	NA	NA	NA	NA	NA	NA	NA	0.000506289	0.0237956
rs79335529	0.00619762	0.0787103	NA	NA	NA	NA	NA	NA	NA	NA	NA	NA	0.000506289	0.0237956
rs79394077	0.00619762	0.0787103	NA	NA	NA	NA	NA	NA	NA	NA	NA	NA	NA	NA
rs17035756	0.00619762	0.0787103	NA	NA	NA	NA	NA	NA	NA	NA	NA	NA	0.000506289	0.0237956
rs17035758	0.00619762	0.0787103	NA	NA	NA	NA	NA	NA	NA	NA	NA	NA	NA	NA
rs855040	-0.0843275	0.103447	-0.00626793	0.0275124	-0.00588556	0.0560334	0.00901489	0.0406354	-0.00933299	0.0619096	0.0206563	0.0640315	0.0138778	0.0230796
rs855041	0.114841	0.0579931	0.0152761	0.0290815	0.017813	0.0610847	-0.0340203	0.0417239	-0.0195014	0.0656911	0.0246067	0.0671836	NA	NA
rs855042	0.123383	0.059615	0.0138589	0.0296376	0.0396541	0.0620665	-0.0445708	0.0427318	-0.022367	0.0677306	0.0431158	0.0698593	NA	NA
rs75532705	-0.132722	0.154135	NA	NA	NA	NA	NA	NA	NA	NA	NA	NA	-0.0219939	0.0396532
rs17035761	0.00619762	0.0787103	NA	NA	NA	NA	NA	NA	NA	NA	NA	NA	0.000502125	0.0238409
rs75848960	0.00619762	0.0787103	NA	NA	NA	NA	NA	NA	NA	NA	NA	NA	NA	NA
rs855043	0.122529	0.0595346	0.0137653	0.0296319	0.0394897	0.0620384	-0.0445881	0.0427322	-0.0223844	0.0677313	0.0431117	0.0698607	NA	NA
rs78390963	0.00665824	0.0788052	NA	NA	NA	NA	NA	NA	NA	NA	NA	NA	0.000502125	0.0238409
rs17035769	0.00665824	0.0788052	NA	NA	NA	NA	NA	NA	NA	NA	NA	NA	0.000502125	0.0238409
rs17035773	0.00665824	0.0788052	NA	NA	NA	NA	NA	NA	NA	NA	NA	NA	0.000502125	0.0238409
rs13391411	0.103215	0.0556953	0.021394	0.0277919	0.0179499	0.0549562	-0.0401571	0.041263	-0.00737754	0.0631843	0.00428182	0.0655029	NA	NA
rs111408080	-0.424035	0.107601	NA	NA	NA	NA	NA	NA	NA	NA	NA	NA	-0.0873475	0.0378707
rs113312236	0.00665824	0.0788052	NA	NA	NA	NA	NA	NA	NA	NA	NA	NA	0.000502125	0.0238409
rs115519053	-0.0365929	0.136163	NA	NA	NA	NA	NA	NA	NA	NA	NA	NA	-0.0396458	0.0347244
rs80236642	0.0588872	0.115135	NA	NA	NA	NA	NA	NA	NA	NA	NA	NA	NA	NA
rs76801253	0.00665824	0.0788052	NA	NA	NA	NA	NA	NA	NA	NA	NA	NA	0.00134781	0.0238865
rs10490683	0.00665824	0.0788052	NA	NA	NA	NA	NA	NA	NA	NA	NA	NA	0.00134781	0.0238865
rs700873	0.0238455	0.0626939	-0.00831436	0.0261544	0.012374	0.0541274	-0.00144078	0.0385555	-0.0116254	0.0614514	0.0308791	0.0629962	0.0134536	0.0162243
rs77495701	0.00665824	0.0788052	NA	NA	NA	NA	NA	NA	NA	NA	NA	NA	0.00134781	0.0238865
rs7558102	0.00665824	0.0788052	NA	NA	NA	NA	NA	NA	NA	NA	NA	NA	0.00134781	0.0238865
rs1621750	0.0238455	0.0626939	-0.00831436	0.0261544	0.012374	0.0541274	-0.00144078	0.0385555	-0.0116254	0.0614514	0.0308791	0.0629962	0.0134536	0.0162243
rs75336654	0.196785	0.107687	NA	NA	NA	NA	NA	NA	NA	NA	NA	NA	0.0438356	0.0395728
rs7558508	0.0283794	0.0952736	NA	NA	NA	NA	NA	NA	NA	NA	NA	NA	0.0381788	0.0311499
rs114152419	0.00665824	0.0788052	NA	NA	NA	NA	NA	NA	NA	NA	NA	NA	0.00134781	0.0238865
rs114214275	-0.110199	0.158085	NA	NA	NA	NA	NA	NA	NA	NA	NA	NA	0.0343986	0.0376399
rs56007871	0.030487	0.0629281	-0.00829732	0.0261559	0.0123769	0.0541285	-0.00145241	0.0385572	-0.0116411	0.0614578	0.0308115	0.0630048	0.0134536	0.0162243
rs1718032	0.0512945	0.0879554	-0.00831436	0.0261544	0.012374	0.0541274	-0.00144078	0.0385555	-0.0115941	0.0613206	0.0320978	0.0628327	0.0188402	0.0196572
rs74590586	0.00665824	0.0788052	NA	NA	NA	NA	NA	NA	NA	NA	NA	NA	NA	NA
rs1949679	0.0377598	0.0869949	-0.00831436	0.0261544	0.012374	0.0541274	-0.00144078	0.0385555	-0.0115941	0.0613206	0.0320978	0.0628327	NA	NA
rs1718031	0.0240064	0.0626293	-0.00845464	0.0260495	0.0125259	0.0538967	-0.0015583	0.038416	-0.0121146	0.0612495	0.0304653	0.0627861	0.0134536	0.0162243
rs1718030	0.0237014	0.0627013	-0.00831436	0.0261544	0.012374	0.0541274	-0.00144078	0.0385555	-0.0116254	0.0614514	0.0308791	0.0629962	0.0137616	0.0162202
rs1522026	0.0377964	0.0869937	-0.00831436	0.0261544	0.012374	0.0541274	-0.00144078	0.0385555	-0.0115941	0.0613206	0.0320978	0.0628327	0.0188402	0.0196572
rs1522025	0.0238455	0.0626939	-0.00831436	0.0261544	0.012374	0.0541274	-0.00144078	0.0385555	-0.0116254	0.0614514	0.0308791	0.0629962	NA	NA
rs79961863	-0.0474714	0.140666	NA	NA	NA	NA	NA	NA	NA	NA	NA	NA	NA	NA
rs1522024	0.0375303	0.087019	-0.00831436	0.0261544	0.012374	0.0541274	-0.00144078	0.0385555	-0.0115941	0.0613206	0.0320978	0.0628327	0.0188402	0.0196572
rs1522023	0.0238455	0.0626939	-0.00831436	0.0261544	0.012374	0.0541274	-0.00144078	0.0385555	-0.0116254	0.0614514	0.0308791	0.0629962	0.0134536	0.0162243
rs10183421	0.122533	0.0595346	0.0137653	0.0296319	0.0394897	0.0620384	-0.0445881	0.0427322	-0.0223844	0.0677313	0.0431117	0.0698607	NA	NA
rs11123679	0.0238514	0.0626945	-0.00831436	0.0261544	0.012374	0.0541274	-0.00144078	0.0385555	-0.0116254	0.0614514	0.0308791	0.0629962	0.0134536	0.0162243
rs1670502	0.0376459	0.0869886	-0.00831436	0.0261544	0.012374	0.0541274	-0.00144078	0.0385555	-0.0115941	0.0613206	0.0320978	0.0628327	NA	NA
rs1718025	0.0239013	0.0626356	-0.0085829	0.0260832	0.012372	0.0541272	-0.00141699	0.0384081	-0.0116733	0.0614402	0.03446	0.0628528	NA	NA
rs1670504	0.0212662	0.0628244	-0.0085829	0.0260832	0.012372	0.0541272	-0.00141699	0.0384081	-0.0116733	0.0614402	0.03446	0.0628528	0.0158492	0.0161756
rs10427408	0.0212662	0.0628244	-0.0085829	0.0260832	0.012372	0.0541272	-0.00141699	0.0384081	-0.0116733	0.0614402	0.03446	0.0628528	0.0158492	0.0161756
rs7582182	0.0212662	0.0628244	-0.0085829	0.0260832	0.012372	0.0541272	-0.00141699	0.0384081	-0.0116733	0.0614402	0.03446	0.0628528	0.0158492	0.0161756
rs78877567	0.0953089	0.171534	NA	NA	NA	NA	NA	NA	NA	NA	NA	NA	NA	NA
rs866478	0.0255789	0.0873646	-0.0085829	0.0260832	0.012372	0.0541272	-0.00141699	0.0384081	-0.0116425	0.0613106	0.0356857	0.0626992	NA	NA
rs865572	0.0292544	0.063091	-0.0085829	0.0260832	0.012372	0.0541272	-0.00141699	0.0384081	-0.0116733	0.0614402	0.03446	0.0628528	0.0162534	0.0160574
rs73951704	-0.160796	0.168285	NA	NA	NA	NA	NA	NA	NA	NA	NA	NA	-0.000909488	0.0639886
rs855013	0.170568	0.0649284	0.0136273	0.0296307	0.0395483	0.0620236	-0.0447545	0.0427264	-0.0220925	0.067838	0.0419751	0.0699797	NA	NA
rs855014	0.170583	0.0649273	0.0136206	0.0296338	0.0395516	0.0620266	-0.0447237	0.0427323	-0.0220871	0.0678407	0.0419952	0.0699832	NA	NA
rs855015	0.0105476	0.0630249	-0.0085829	0.0260832	0.012372	0.0541272	-0.00141699	0.0384081	-0.0116733	0.0614402	0.03446	0.0628528	0.0162534	0.0160574
rs855016	-0.0187885	0.102504	-0.00688716	0.0274026	-0.00451824	0.0559132	0.00648747	0.040456	-0.0114057	0.0617472	0.0190604	0.0638656	-0.0214708	0.0221624
rs116731765	0.0284283	0.0952752	NA	NA	NA	NA	NA	NA	NA	NA	NA	NA	0.0462421	0.0307709
rs59063803	-0.102469	0.154974	NA	NA	NA	NA	NA	NA	NA	NA	NA	NA	-0.0393129	0.0385652
rs855017	0.00178352	0.0856928	-0.00870867	0.0259795	0.0125215	0.0538979	-0.00153613	0.0382706	-0.0120712	0.061122	0.0353485	0.062504	NA	NA
rs80154057	-0.040851	0.136704	NA	NA	NA	NA	NA	NA	NA	NA	NA	NA	-0.0356506	0.0333672
rs73951705	-0.146716	0.151891	NA	NA	NA	NA	NA	NA	NA	NA	NA	NA	0.0343986	0.0376399
rs72939269	-0.361016	0.264736	NA	NA	NA	NA	NA	NA	NA	NA	NA	NA	-0.0957024	0.0463279
rs116561551	-0.0464373	0.136669	NA	NA	NA	NA	NA	NA	NA	NA	NA	NA	-0.0489835	0.0346526
rs855018	0.0139843	0.0874968	-0.00751008	0.0273679	-0.00378159	0.0558236	0.00655502	0.0403913	-0.00983988	0.0616041	0.0198051	0.0637907	0.0194717	0.0203853
rs855019	0.0313942	0.158464	-0.0151485	0.0283795	0.0185415	0.0586807	-0.0186038	0.0416707	-0.00147322	0.0611115	0.0559138	0.0630106	0.0160009	0.0307558
rs1102941	-0.000888937	0.0859164	-0.0085829	0.0260832	0.012372	0.0541272	-0.00141699	0.0384081	-0.0116425	0.0613106	0.0356857	0.0626992	0.0194294	0.019641
rs73951706	-0.146762	0.151865	NA	NA	NA	NA	NA	NA	NA	NA	NA	NA	0.0343986	0.0376399
rs114568352	0.0330279	0.0961101	NA	NA	NA	NA	NA	NA	NA	NA	NA	NA	0.0462421	0.0307709
rs855020	0.162033	0.0645993	0.0136273	0.0296307	0.0395483	0.0620236	-0.0447545	0.0427264	-0.0219246	0.0675575	0.0426531	0.0696171	NA	NA
rs11351595	0.119488	0.0603834	NA	NA	NA	NA	-0.0557656	0.0420841	-0.00612973	0.0651886	0.00958722	0.0676583	NA	NA
rs111290957	0.0495346	0.114497	NA	NA	NA	NA	NA	NA	NA	NA	NA	NA	NA	NA
rs4676180	0.0977436	0.0554346	0.021794	0.0278472	0.0180399	0.0549681	-0.0405252	0.0413923	-0.0068881	0.0632288	-0.000523934	0.065247	NA	NA
rs855021	-0.00233064	0.0858915	-0.00856579	0.0260845	0.0123749	0.0541283	-0.00142943	0.0384095	-0.0116772	0.0613156	0.0356258	0.0627057	0.0194294	0.019641
rs855022	0.0584167	0.174634	0.0136655	0.0296414	0.0391774	0.062062	-0.0446226	0.0427327	-0.0279135	0.0678829	0.0288635	0.0697972	NA	NA
rs855023	0.0273078	0.154452	-0.0152159	0.0283649	0.018541	0.0586791	-0.0185008	0.0416364	-0.00145267	0.0611169	0.0557884	0.0630177	NA	NA
rs77253342	0.0411499	0.0949862	NA	NA	NA	NA	NA	NA	NA	NA	NA	NA	NA	NA
rs855024	0.013803	0.0671451	-0.00853274	0.0260837	0.0123922	0.0541309	-0.00138095	0.0384086	-0.0116654	0.0614071	0.0352935	0.0628045	0.0296475	0.0173359
rs76477206	0.0822743	0.17092	NA	NA	NA	NA	NA	NA	NA	NA	NA	NA	NA	NA
rs855025	0.00946143	0.0669233	-0.00857238	0.0260913	0.012347	0.0541493	-0.00141676	0.0384152	-0.0116618	0.061404	0.0351522	0.062806	0.0276726	0.0172076
rs115540029	0.0181203	0.10815	NA	NA	NA	NA	NA	NA	NA	NA	NA	NA	0.05567	0.0328527
rs855026	-0.0997631	0.0805044	-0.00850573	0.026089	0.0123749	0.0541361	-0.00135718	0.0384184	-0.0132105	0.0615247	0.0343502	0.0628602	0.0148499	0.020945
rs981865	0.0370621	0.0957974	NA	NA	NA	NA	NA	NA	NA	NA	NA	NA	0.0476247	0.0301864
rs116771776	-0.0124444	0.0877273	NA	NA	NA	NA	NA	NA	NA	NA	NA	NA	NA	NA
rs860587	0.102656	0.0612647	0.00312156	0.0264286	0.0415415	0.0564421	-0.00523488	0.0368322	-0.0358078	0.0621892	0.0218908	0.0637462	NA	NA
rs34970992	-0.0347408	0.061597	NA	NA	NA	NA	-0.00135705	0.038413	-0.0248931	0.0617797	0.0237358	0.0632096	0.0307638	0.0153796
rs860588	-0.0311976	0.0616238	-0.00861516	0.0260838	0.0123965	0.0541296	-0.00135705	0.038413	-0.0248931	0.0617797	0.0237358	0.0632096	NA	NA
rs864411	-0.0311722	0.0616227	-0.0085598	0.0260783	0.0134967	0.0545322	-0.00128974	0.0381928	-0.021695	0.0613912	0.0167239	0.062736	0.0304745	0.0153212
rs17035785	-0.0674415	0.162825	NA	NA	NA	NA	NA	NA	NA	NA	NA	NA	-0.0462342	0.0360946
rs17035789	-0.109521	0.19621	0.0174301	0.0967506	0.42037	0.180048	-0.0863176	0.127182	-0.0217049	0.19317	-0.00138869	0.205076	3.85827E-05	0.0383757
rs1718037	-0.0279947	0.0618498	-0.0088264	0.026121	0.0135512	0.0545705	-0.00205283	0.0382798	-0.0215626	0.0614231	0.0166362	0.0627676	0.0304745	0.0153212
rs1670513	-0.0397303	0.0614084	-0.0088264	0.026121	0.0135512	0.0545705	-0.00205283	0.0382798	-0.0215626	0.0614231	0.0166362	0.0627676	NA	NA
rs74543770	0.0760524	0.171063	NA	NA	NA	NA	NA	NA	NA	NA	NA	NA	NA	NA
rs700874	-0.0453628	0.0590149	-0.0085598	0.0260783	0.0134967	0.0545322	-0.00128974	0.0381928	-0.021695	0.0613912	0.0167239	0.062736	NA	NA
rs115278689	0.0440493	0.0957118	NA	NA	NA	NA	NA	NA	NA	NA	NA	NA	0.0446091	0.0287059
rs855027	-0.0311722	0.0616227	-0.0085598	0.0260783	0.0134967	0.0545322	-0.00128974	0.0381928	-0.021695	0.0613912	0.0167239	0.062736	NA	NA
rs6733637	0.027524	0.0668316	-0.00237432	0.0286716	-0.0164098	0.0570382	-0.0299324	0.041863	-0.0152716	0.0658713	-0.00852921	0.0672934	-0.0249155	0.0156355
rs75166589	0.0345802	0.0957447	NA	NA	NA	NA	NA	NA	NA	NA	NA	NA	0.0551441	0.030699
rs17035794	0.0339658	0.0957758	NA	NA	NA	NA	NA	NA	NA	NA	NA	NA	NA	NA
rs114584062	0.0343601	0.0957372	NA	NA	NA	NA	NA	NA	NA	NA	NA	NA	0.0497138	0.0302348
rs116457864	0.0345802	0.0957447	NA	NA	NA	NA	NA	NA	NA	NA	NA	NA	NA	NA
rs56195860	-0.140783	0.151651	NA	NA	NA	NA	NA	NA	NA	NA	NA	NA	0.0380256	0.0381233
rs59250191	-0.140783	0.151651	NA	NA	NA	NA	NA	NA	NA	NA	NA	NA	0.0380256	0.0381233
rs115556748	0.0272459	0.0955238	NA	NA	NA	NA	NA	NA	NA	NA	NA	NA	NA	NA
rs13385834	0.0897046	0.129413	NA	NA	NA	NA	-0.00956902	0.076186	-0.0896076	0.110043	0.246626	0.111643	-0.0176194	0.0293737
rs855028	-0.018637	0.0612721	-0.0085598	0.0260783	0.0134967	0.0545322	-0.00128974	0.0381928	-0.021695	0.0613912	0.0167239	0.062736	NA	NA
rs855029	-0.018637	0.0612721	NA	NA	NA	NA	-0.00122332	0.0382084	-0.0216703	0.0614057	0.0169027	0.0627501	0.0313487	0.0152917
rs855030	-0.0473299	0.0609428	-0.0085598	0.0260783	0.0134967	0.0545322	-0.00128974	0.0381928	-0.021695	0.0613912	0.0167239	0.062736	0.0344856	0.0152512
rs13414687	0.143418	0.0575785	0.0141782	0.0306185	0.0323303	0.0622071	-0.00629095	0.0435902	-0.010974	0.0680954	-0.00332934	0.0704193	NA	NA
rs13389470	0.143546	0.0575472	0.0144647	0.0305847	0.0323223	0.0621949	-0.00513416	0.0435349	-0.0112996	0.0680715	-0.00336335	0.0704052	NA	NA
rs855031	-0.047402	0.0609325	-0.00854786	0.0260796	0.0134949	0.0545327	-0.00140729	0.0381953	-0.0217005	0.061391	0.0167231	0.0627359	0.035989	0.0151346
rs116316776	-0.0636948	0.159623	NA	NA	NA	NA	NA	NA	NA	NA	NA	NA	-0.0155185	0.0391057
rs1670516	-0.0744492	0.0671057	-0.0085598	0.0260783	0.0134967	0.0545322	-0.00128974	0.0381928	-0.0216358	0.0612987	0.0171348	0.0626357	NA	NA
rs1670517	-0.0743915	0.0670865	NA	NA	NA	NA	-0.00128974	0.0381928	-0.0216358	0.0612987	0.0171348	0.0626357	0.0258101	0.0162425
rs80112499	-0.0780259	0.152431	NA	NA	NA	NA	NA	NA	NA	NA	NA	NA	-0.0352637	0.0383082
rs1101762	-0.0441619	0.0608488	-0.0085598	0.0260783	0.0134967	0.0545322	-0.00128974	0.0381928	-0.021695	0.0613912	0.0167239	0.062736	0.0356522	0.0150912
rs59432223	-0.0785293	0.152382	NA	NA	NA	NA	NA	NA	NA	NA	NA	NA	-0.0394566	0.0374527
rs115269146	-0.103178	0.20119	NA	NA	NA	NA	NA	NA	NA	NA	NA	NA	-0.105225	0.0508877
rs855032	-0.0657559	0.0585872	-0.0085598	0.0260783	0.0134967	0.0545322	-0.00128974	0.0381928	-0.021695	0.0613912	0.0167239	0.062736	0.0275795	0.0144942
rs855033	-0.0902698	0.0628335	-0.0085598	0.0260783	0.0134967	0.0545322	-0.00128974	0.0381928	-0.0216358	0.0612987	0.0171348	0.0626357	NA	NA
rs855034	-0.0945521	0.0626602	-0.00871231	0.0259795	0.0135318	0.0543311	-0.00160536	0.0380597	-0.0214508	0.0610674	0.0164447	0.0623982	0.0159726	0.0152476
rs17035799	0.0347592	0.0943612	NA	NA	NA	NA	NA	NA	NA	NA	NA	NA	0.0551441	0.030699
rs855035	-0.0684801	0.0583792	-0.00871231	0.0259795	0.0135318	0.0543311	-0.00160536	0.0380597	-0.021525	0.0611996	0.0151046	0.0625506	0.0267448	0.0144899
rs73951710	-0.249197	0.138576	NA	NA	NA	NA	NA	NA	NA	NA	NA	NA	0.0426665	0.0344846
rs855036	-0.074058	0.0671068	-0.00856689	0.0260776	0.0134543	0.0545305	-0.00129206	0.0381921	-0.0216316	0.0612984	0.0171413	0.0626353	NA	NA
rs855037	0.0153797	0.151101	-0.0155157	0.0283715	0.0193347	0.0590909	-0.0182693	0.0413887	-0.00684278	0.0610578	0.039908	0.0631996	NA	NA
rs4583415	0.142116	0.0574955	0.0144363	0.0305856	0.0323476	0.0621946	-0.00504138	0.0435347	-0.0112546	0.0680767	-0.00341922	0.0704078	NA	NA
rs855038	0.00263141	0.0918986	NA	NA	NA	NA	0.00869694	0.0401271	-0.0169527	0.0612974	0.00230373	0.0635632	NA	NA
rs72438817	0.0145898	0.128853	NA	NA	NA	NA	NA	NA	NA	NA	NA	NA	0.0259773	0.0232939
rs12712014	0.143033	0.0575699	0.0145299	0.0305948	0.0322742	0.0621857	-0.00440072	0.0435497	-0.00850298	0.068392	-0.00543623	0.0707343	NA	NA
rs855039	0.141683	0.0563494	0.00358631	0.0260722	0.0564774	0.0560759	0.00963329	0.0361492	-0.0336883	0.0616864	0.00227567	0.0632347	0.0262195	0.013871
rs4328597	-0.131825	0.116423	-0.0465973	0.0471037	-0.204872	0.105302	-0.118905	0.068002	0.0233434	0.15311	0.104579	0.151088	0.0471559	0.0367693
rs74943464	-0.0823313	0.0780976	NA	NA	NA	NA	NA	NA	NA	NA	NA	NA	-0.0306703	0.0195782
rs6737626	0.0108072	0.107568	NA	NA	NA	NA	NA	NA	NA	NA	NA	NA	0.0528104	0.0327298
rs12329189	0.143172	0.0575757	0.0155122	0.0304584	0.0318734	0.0619377	-0.0141242	0.0432996	-0.0124975	0.0678257	-0.00527382	0.0701292	0.00593282	0.0142967
rs78652749	0.0352978	0.117734	NA	NA	NA	NA	NA	NA	NA	NA	NA	NA	0.0267449	0.0233691
rs67634256	0.134931	0.053839	NA	NA	NA	NA	NA	NA	NA	NA	NA	NA	NA	NA
rs12473656	0.136525	0.0575058	0.0147097	0.0304195	0.0323719	0.0618529	-0.0142473	0.0432722	-0.0123356	0.0678296	-0.00458368	0.0701128	NA	NA
rs12473810	-0.00830716	0.141287	NA	NA	NA	NA	0.0326813	0.0393083	-0.0193462	0.0613838	-0.00855811	0.0634796	NA	NA
rs112691715	0.136504	0.0575053	NA	NA	NA	NA	NA	NA	NA	NA	NA	NA	NA	NA
rs7370742	0.136525	0.0575058	0.0147097	0.0304195	0.0323719	0.0618529	-0.0142473	0.0432722	-0.0123356	0.0678296	-0.00458368	0.0701128	NA	NA
rs75105871	0.19128	0.0756107	NA	NA	NA	NA	NA	NA	NA	NA	NA	NA	-0.00209324	0.0240097
rs6542753	0.130847	0.0538491	0.0147001	0.0304237	0.0323784	0.0618586	-0.014228	0.0432779	-0.0122675	0.0678085	-0.00627365	0.0702674	NA	NA
rs855044	0.0452233	0.149992	-0.013673	0.0279551	0.0360091	0.0577106	0.00995365	0.0405629	-0.00940863	0.0609879	0.0279584	0.0629699	0.0185543	0.0294814
rs6761157	0.137465	0.0537098	0.0140236	0.03012	0.0302133	0.0612509	-0.0153276	0.0428827	-0.0138041	0.0668797	-0.0089304	0.0692647	NA	NA
rs112531627	0.0300128	0.0758758	NA	NA	NA	NA	NA	NA	NA	NA	NA	NA	NA	NA
rs114769415	0.0300128	0.0758758	NA	NA	NA	NA	NA	NA	NA	NA	NA	NA	0.0489575	0.0283783
rs10202964	0.135593	0.0574425	NA	NA	NA	NA	-0.0142725	0.0432638	-0.0124104	0.0678137	-0.00484615	0.070093	NA	NA
rs10203069	0.130086	0.0575564	NA	NA	NA	NA	-0.0142725	0.0432638	-0.0124104	0.0678137	-0.00484615	0.070093	NA	NA
rs114474571	0.192927	0.168128	NA	NA	NA	NA	NA	NA	NA	NA	NA	NA	NA	NA
rs6755078	0.134084	0.057456	0.0147116	0.0304096	0.0322304	0.0618458	-0.0143361	0.0432569	-0.012378	0.0678089	-0.00507572	0.0700884	NA	NA
rs6711297	0.132969	0.0537651	0.0147016	0.030412	0.0322305	0.0618462	-0.0143518	0.043261	-0.0123856	0.0678627	-0.00569108	0.0702023	0.0163105	0.0137964
rs12612935	-0.106304	0.205189	-0.015972	0.0377512	-0.126859	0.0735484	-0.00113831	0.0544713	0.0494156	0.0795717	-0.136636	0.0825014	NA	NA
rs9631035	0.13361	0.0572666	0.0140236	0.03012	0.0302133	0.0612509	-0.0153276	0.0428827	-0.0138388	0.0669091	-0.00716036	0.0691238	NA	NA
rs77815607	-0.0851478	0.0782844	NA	NA	NA	NA	NA	NA	NA	NA	NA	NA	-0.0308266	0.019616
rs114627907	-0.32757	0.273596	NA	NA	NA	NA	NA	NA	NA	NA	NA	NA	NA	NA
rs12613928	0.132969	0.0537651	0.0147231	0.0304944	0.03274	0.061976	-0.0135512	0.0434047	-0.0124391	0.0680121	-0.00589023	0.0703563	NA	NA
rs7424250	0.134483	0.0575448	NA	NA	NA	NA	-0.014321	0.0432749	-0.0127635	0.067843	-0.00535864	0.0701187	NA	NA
rs112831969	0.0308197	0.0757419	NA	NA	NA	NA	NA	NA	NA	NA	NA	NA	NA	NA
rs77956401	0.134152	0.0574598	NA	NA	NA	NA	NA	NA	NA	NA	NA	NA	NA	NA
rs80203722	0.135178	0.057577	NA	NA	NA	NA	NA	NA	NA	NA	NA	NA	NA	NA
rs116075554	0.104803	0.131288	NA	NA	NA	NA	NA	NA	NA	NA	NA	NA	NA	NA
rs74747963	0.132969	0.0537651	NA	NA	NA	NA	-0.0138384	0.0431637	-0.0139023	0.0679289	-0.00346434	0.0703031	NA	NA
rs78366445	0.134084	0.057456	NA	NA	NA	NA	-0.0143361	0.0432569	-0.012378	0.0678089	-0.00507572	0.0700884	NA	NA
rs1101763	0.098492	0.0618402	NA	NA	NA	NA	0.010749	0.0359195	-0.0348553	0.0615036	0.000345439	0.0630231	NA	NA
rs77335602	0.134988	0.0575334	NA	NA	NA	NA	NA	NA	NA	NA	NA	NA	NA	NA
rs7355287	0.134988	0.0575334	0.014702	0.0304107	0.0322346	0.061848	-0.0143219	0.0432578	-0.0129017	0.0678265	-0.00575601	0.0701079	NA	NA
rs58455679	-0.147527	0.153399	NA	NA	NA	NA	NA	NA	NA	NA	NA	NA	0.0316913	0.0393538
rs1101764	-0.0391199	0.155039	NA	NA	NA	NA	-0.0298978	0.0409167	-0.0398655	0.0653909	0.00894883	0.0666283	NA	NA
rs7355693	0.13412	0.0574584	NA	NA	NA	NA	-0.0143361	0.0432569	-0.0123683	0.0678078	-0.00508407	0.0700873	NA	NA
rs7355767	0.0500401	0.135086	NA	NA	NA	NA	NA	NA	NA	NA	NA	NA	0.0300266	0.0242554
rs115510885	0.133857	0.0574422	NA	NA	NA	NA	NA	NA	NA	NA	NA	NA	NA	NA
rs4676182	0.133857	0.0574422	0.0144988	0.0304228	0.0319474	0.0618391	-0.0138844	0.0432715	-0.0120567	0.0679865	-0.00253624	0.0701807	NA	NA
rs12475338	0.00721735	0.116829	NA	NA	NA	NA	NA	NA	NA	NA	NA	NA	-0.030701	0.0509379
rs10199566	0.133857	0.0574422	0.0145079	0.0304244	0.0319634	0.0618437	-0.0138694	0.0432723	-0.0120406	0.0679872	-0.00256032	0.070181	0.00593282	0.0142967
rs10175873	0.133857	0.0574422	0.0144988	0.0304228	0.0319474	0.0618391	-0.0138844	0.0432715	-0.0120567	0.0679865	-0.00253624	0.0701807	NA	NA
rs10199763	0.133857	0.0574422	0.0144921	0.0304235	0.0319536	0.0618412	-0.0138844	0.0432715	-0.0120475	0.0679874	-0.00253145	0.0701809	0.00593282	0.0142967
rs74382029	-0.25607	0.139884	NA	NA	NA	NA	NA	NA	NA	NA	NA	NA	0.0377245	0.0353607
rs13385677	0.133876	0.0574428	0.0145285	0.0304307	0.0320126	0.0618512	-0.0138577	0.0432852	-0.0120089	0.0679978	-0.00245779	0.070193	NA	NA
rs13423385	0.133857	0.0574422	0.0144921	0.0304235	0.0319536	0.0618412	-0.0138844	0.0432715	-0.0120475	0.0679874	-0.00253145	0.0701809	NA	NA
rs10203004	0.133857	0.0574422	0.0145079	0.0304245	0.0319615	0.0618434	-0.0138684	0.0432742	-0.0120593	0.0679888	-0.00251631	0.0701824	NA	NA
rs79176418	-0.151892	0.112082	NA	NA	NA	NA	NA	NA	NA	NA	NA	NA	NA	NA
rs34449318	0.133857	0.0574422	0.0144988	0.0304228	0.0319474	0.0618391	-0.0138844	0.0432715	-0.0120567	0.0679865	-0.00253624	0.0701807	0.00593282	0.0142967
rs6755598	0.134609	0.0536952	0.0144859	0.0304257	0.0319527	0.0618414	-0.0139031	0.043275	-0.0120261	0.0679551	-0.00433062	0.0703266	NA	NA
rs6713634	0.133857	0.0574422	0.0144988	0.0304228	0.0319474	0.0618391	-0.0138844	0.0432715	-0.0120567	0.0679865	-0.00253624	0.0701807	NA	NA
rs10454132	0.133893	0.0574433	0.0144921	0.0304235	0.0319536	0.0618412	-0.0138844	0.0432715	-0.0120475	0.0679874	-0.00253145	0.0701809	NA	NA
rs10185601	0.134609	0.0536952	0.0144859	0.0304257	0.0319527	0.0618414	-0.0139031	0.043275	-0.0120261	0.0679551	-0.00433062	0.0703266	NA	NA
rs77843373	-0.151892	0.112082	NA	NA	NA	NA	NA	NA	NA	NA	NA	NA	-0.00387336	0.0310747
rs79348820	0.0699767	0.17542	NA	NA	NA	NA	NA	NA	NA	NA	NA	NA	NA	NA
rs855046	0.0986601	0.0618394	0.00584013	0.0259952	0.0590667	0.0560607	0.0114685	0.036004	-0.0347674	0.06164	0.00202126	0.0631644	0.0236135	0.0149466
rs115876264	0.0317594	0.117711	NA	NA	NA	NA	NA	NA	NA	NA	NA	NA	0.0208147	0.0676414
rs10189396	0.133973	0.0574393	0.0144988	0.0304228	0.0319474	0.0618391	-0.0138844	0.0432715	-0.0120567	0.0679865	-0.00253624	0.0701807	NA	NA
rs115243670	0.0325992	0.0920916	NA	NA	NA	NA	NA	NA	NA	NA	NA	NA	0.0526555	0.0306015
rs2100407	0.133973	0.0574393	0.0144988	0.0304228	0.0319474	0.0618391	-0.0138844	0.0432715	-0.0120567	0.0679865	-0.00253624	0.0701807	NA	NA
rs855047	0.15252	0.12376	-0.0107523	0.0284202	-0.00112116	0.0594391	-0.031099	0.0407231	-0.0411369	0.0649806	0.00685015	0.0660813	NA	NA
rs10181278	0.133973	0.0574393	0.0144988	0.0304228	0.0319474	0.0618391	-0.0138844	0.0432715	-0.0120567	0.0679865	-0.00253624	0.0701807	NA	NA
rs9750218	0.133973	0.0574393	NA	NA	NA	NA	-0.0139292	0.0432853	-0.011649	0.068146	-0.000271853	0.0702373	NA	NA
rs75641154	0.0347182	0.116887	NA	NA	NA	NA	NA	NA	NA	NA	NA	NA	NA	NA
rs114412028	-0.0897042	0.19555	NA	NA	NA	NA	NA	NA	NA	NA	NA	NA	-0.0705845	0.0460003
rs74739860	0.00841606	0.105411	NA	NA	NA	NA	NA	NA	NA	NA	NA	NA	0.0528104	0.0327298
rs7568919	0.133973	0.0574393	0.0144988	0.0304228	0.0319474	0.0618391	-0.0138844	0.0432715	-0.0120567	0.0679865	-0.00253624	0.0701807	NA	NA
rs116617547	0.221918	0.264006	NA	NA	NA	NA	NA	NA	NA	NA	NA	NA	0.205341	0.0637718
rs1522021	0.133941	0.0574298	0.0144988	0.0304228	0.0319474	0.0618391	-0.0138844	0.0432715	-0.0120567	0.0679865	-0.00253624	0.0701807	0.00593282	0.0142967
rs1522020	0.133941	0.0574298	0.0144988	0.0304228	0.0319474	0.0618391	-0.0138844	0.0432715	-0.0120567	0.0679865	-0.00253624	0.0701807	NA	NA
rs77965759	0.0988072	0.101677	NA	NA	NA	NA	NA	NA	NA	NA	NA	NA	-0.0514435	0.0368706
rs13398290	0.139217	0.0538052	0.0144988	0.0304228	0.0319474	0.0618391	-0.0138844	0.0432715	-0.0120228	0.0679549	-0.00429805	0.0703261	0.0162576	0.0137949
rs114923521	0.0369662	0.0757585	NA	NA	NA	NA	NA	NA	NA	NA	NA	NA	0.0489575	0.0283783
rs6757761	0.133941	0.0574298	0.0144988	0.0304228	0.0319474	0.0618391	-0.0138844	0.0432715	-0.0120567	0.0679865	-0.00253624	0.0701807	NA	NA
rs7594896	0.133941	0.0574298	0.0145161	0.0304023	0.0320358	0.0618076	-0.0135557	0.0432434	-0.011464	0.067982	-0.000687535	0.0701015	0.00593282	0.0142967
rs58384222	-0.236598	0.119492	NA	NA	NA	NA	NA	NA	NA	NA	NA	NA	NA	NA
rs7595399	0.133941	0.0574298	0.0145161	0.0304023	0.0320358	0.0618076	-0.0135557	0.0432434	-0.011464	0.067982	-0.000687535	0.0701015	NA	NA
rs114413351	0.0369662	0.0757585	NA	NA	NA	NA	NA	NA	NA	NA	NA	NA	0.0489575	0.0283783
rs116561025	0.0370356	0.0757306	NA	NA	NA	NA	NA	NA	NA	NA	NA	NA	0.0489575	0.0283783
rs72939300	-0.321045	0.243261	NA	NA	NA	NA	NA	NA	NA	NA	NA	NA	-0.0957024	0.0463279
rs13022268	0.133941	0.0574298	0.0145093	0.030403	0.032042	0.0618097	-0.0135557	0.0432434	-0.011464	0.067982	-0.000687535	0.0701015	NA	NA
rs13023102	0.133941	0.0574298	0.0145093	0.030403	0.032042	0.0618097	-0.0135557	0.0432434	-0.011464	0.067982	-0.000687535	0.0701015	NA	NA
rs73951712	-0.146668	0.153403	NA	NA	NA	NA	NA	NA	NA	NA	NA	NA	0.0316913	0.0393538
rs10208945	0.133458	0.0573797	0.0145093	0.030403	0.032042	0.0618097	-0.0135557	0.0432434	-0.011464	0.067982	-0.000687535	0.0701015	NA	NA
rs10185270	0.133458	0.0573797	0.0145161	0.0304023	0.0320358	0.0618076	-0.0135557	0.0432434	-0.011464	0.067982	-0.000687535	0.0701015	NA	NA
rs12611470	0.133458	0.0573797	0.0145093	0.030403	0.032042	0.0618097	-0.0135557	0.0432434	-0.011464	0.067982	-0.000687535	0.0701015	NA	NA
rs77889536	0.182746	0.16997	NA	NA	NA	NA	NA	NA	NA	NA	NA	NA	-0.0053244	0.0404418
rs114707399	-0.0431151	0.257786	NA	NA	NA	NA	NA	NA	NA	NA	NA	NA	NA	NA
rs4396668	0.133458	0.0573797	0.0145161	0.0304023	0.0320358	0.0618076	-0.0135557	0.0432434	-0.011464	0.067982	-0.000687535	0.0701015	NA	NA
rs80262586	-0.121891	0.152114	NA	NA	NA	NA	NA	NA	NA	NA	NA	NA	-0.0462342	0.0360946
rs4676183	0.098698	0.0616512	0.00336756	0.0257946	0.0552991	0.0555038	0.00978408	0.0357329	-0.035533	0.0610303	-0.00152375	0.0625203	NA	NA
rs115665994	0.0373929	0.0758083	NA	NA	NA	NA	NA	NA	NA	NA	NA	NA	0.0489575	0.0283783
rs6741222	0.133458	0.0573797	0.0145161	0.0304023	0.0320358	0.0618076	-0.0135557	0.0432434	-0.011464	0.067982	-0.000687535	0.0701015	NA	NA
rs111719175	-0.338418	0.139977	0.0191925	0.0889239	-0.326349	0.199235	-0.197851	0.125655	-0.230077	0.241484	0.0324985	0.245221	-0.0460292	0.0550071
rs77334016	-0.1216	0.152145	NA	NA	NA	NA	NA	NA	NA	NA	NA	NA	-0.0462342	0.0360946
rs113321064	-0.0305226	0.15692	-0.0172106	0.0828499	0.188101	0.185215	-0.0693776	0.118206	-0.0693063	0.234103	0.211037	0.23469	NA	NA
rs4676185	0.133557	0.0573997	0.0145093	0.030403	0.032042	0.0618097	-0.0135557	0.0432434	-0.011464	0.067982	-0.000687535	0.0701015	NA	NA
rs72941104	-0.326133	0.255444	NA	NA	NA	NA	NA	NA	NA	NA	NA	NA	-0.0856992	0.0434483
rs59122987	-0.387648	0.248989	NA	NA	NA	NA	NA	NA	NA	NA	NA	NA	NA	NA
rs115482542	0.420871	0.291149	NA	NA	NA	NA	NA	NA	NA	NA	NA	NA	NA	NA
rs10174695	0.133527	0.0572667	0.0145093	0.030403	0.032042	0.0618097	-0.0135557	0.0432434	-0.011464	0.067982	-0.000687535	0.0701015	0.00445787	0.0142882
rs67669814	0.136462	0.0543766	NA	NA	NA	NA	NA	NA	NA	NA	NA	NA	NA	NA
rs17035849	0.15422	0.0544839	NA	NA	NA	NA	-0.0136695	0.0432414	-0.0113914	0.0679881	-0.000620191	0.0701096	0.00955356	0.0138183
rs4676186	0.133635	0.0574089	0.0145161	0.0304023	0.0320358	0.0618076	-0.0135557	0.0432434	-0.0113765	0.0679855	-0.000569157	0.0701048	NA	NA
rs60209480	-0.255929	0.139838	NA	NA	NA	NA	NA	NA	NA	NA	NA	NA	0.0377245	0.0353607
rs115987445	0.101364	0.105725	NA	NA	NA	NA	NA	NA	NA	NA	NA	NA	NA	NA
rs4676187	0.133635	0.0574089	0.0145093	0.030403	0.032042	0.0618097	-0.0135557	0.0432434	-0.0113779	0.0679858	-0.000560522	0.0701051	NA	NA
rs17035855	0.101476	0.105676	NA	NA	NA	NA	NA	NA	NA	NA	NA	NA	0.0394653	0.0351775
rs76708717	0.101364	0.105725	NA	NA	NA	NA	NA	NA	NA	NA	NA	NA	0.0394653	0.0351775
rs114095173	-0.0863061	0.195995	NA	NA	NA	NA	NA	NA	NA	NA	NA	NA	-0.0589344	0.0451076
rs12712017	0.133684	0.0574058	0.0145161	0.0304023	0.0320358	0.0618076	-0.0135557	0.0432434	-0.0113765	0.0679855	-0.000569157	0.0701048	NA	NA
rs10190865	0.133674	0.0574047	0.0145093	0.030403	0.032042	0.0618097	-0.0135557	0.0432434	-0.0113779	0.0679858	-0.000560522	0.0701051	0.00445787	0.0142882
rs2198471	0.13375	0.0574029	0.0145161	0.0304023	0.0320358	0.0618076	-0.0135557	0.0432434	-0.0113765	0.0679855	-0.000569157	0.0701048	NA	NA
rs74544809	0.0762496	0.0833083	NA	NA	NA	NA	NA	NA	NA	NA	NA	NA	0.0296133	0.0324063
rs998186	0.133705	0.0574066	0.0145093	0.030403	0.032042	0.0618097	-0.0135557	0.0432434	-0.0113779	0.0679858	-0.000560522	0.0701051	NA	NA
rs2219081	0.133682	0.0574053	0.0145161	0.0304023	0.0320358	0.0618076	-0.0135557	0.0432434	-0.0113765	0.0679855	-0.000569157	0.0701048	NA	NA
rs4614886	0.0768483	0.0583446	NA	NA	NA	NA	0.0328223	0.0390191	-0.0233141	0.0621041	-0.00755865	0.0639943	NA	NA
rs74356758	0.101073	0.105964	NA	NA	NA	NA	NA	NA	NA	NA	NA	NA	NA	NA
rs62150920	-0.0259258	0.140168	-0.00515391	0.0270354	0.013069	0.0556496	0.0326669	0.0392701	-0.0247863	0.0613258	-0.0112305	0.0632334	0.00368889	0.0271297
rs1563111	0.148563	0.0537261	0.013335	0.0303695	0.0321861	0.061686	-0.00338136	0.0432552	-0.0131832	0.0676788	0.0119216	0.0695045	NA	NA
rs34153365	0.133461	0.05745	0.0131964	0.0303723	0.0323796	0.0616989	-0.00299081	0.0432549	-0.0129361	0.0677229	0.0113845	0.0695391	NA	NA
rs114674689	-0.0180891	0.163357	NA	NA	NA	NA	NA	NA	NA	NA	NA	NA	-0.0171461	0.039386
rs59421394	-0.255899	0.139828	NA	NA	NA	NA	NA	NA	NA	NA	NA	NA	0.0377245	0.0353607
rs7581595	0.133461	0.05745	0.0133843	0.0303709	0.0321923	0.0616916	-0.00338136	0.0432552	-0.0131832	0.0676788	0.0119216	0.0695045	NA	NA
rs7570544	0.133827	0.0574005	0.0133775	0.0303716	0.0321985	0.0616936	-0.00338136	0.0432552	-0.013183	0.0676791	0.0119216	0.0695045	NA	NA
rs75131043	-0.0788354	0.0784809	NA	NA	NA	NA	NA	NA	NA	NA	NA	NA	-0.0347946	0.019647
rs34630488	-0.00921288	0.0917999	-0.00535743	0.0270343	0.0131025	0.055648	0.0325489	0.0392704	-0.0248493	0.0613225	-0.0114426	0.0632288	NA	NA
rs115691132	0.102263	0.105793	NA	NA	NA	NA	NA	NA	NA	NA	NA	NA	0.0394653	0.0351775
rs2378098	0.148464	0.0537441	0.0133345	0.0303697	0.0321888	0.0616869	-0.00336215	0.0432559	-0.0132173	0.0676838	0.0119653	0.0695079	NA	NA
rs74659014	0.0772366	0.0832967	NA	NA	NA	NA	NA	NA	NA	NA	NA	NA	0.0296133	0.0324063
rs115118818	-0.115043	0.106733	NA	NA	NA	NA	NA	NA	NA	NA	NA	NA	-0.00527466	0.0297125
rs1563112	0.148068	0.0537409	0.0133345	0.0303697	0.0321888	0.0616869	-0.00336215	0.0432559	-0.0132173	0.0676838	0.0119653	0.0695079	NA	NA
rs12052813	0.0995529	0.0610318	0.00312488	0.0257827	0.0568072	0.05582	0.0182429	0.0356991	-0.0414224	0.0618277	0.0122914	0.0632559	NA	NA
rs12475343	0.148068	0.0537409	0.0133345	0.0303697	0.0321888	0.0616869	-0.00336215	0.0432559	-0.0132173	0.0676838	0.0119653	0.0695079	NA	NA
rs114361479	-0.115043	0.106733	NA	NA	NA	NA	NA	NA	NA	NA	NA	NA	0.00303369	0.0291363
rs2198472	-0.0961535	0.0626577	-0.00678901	0.0256996	0.0284796	0.0537947	0.0222982	0.0373511	-0.0261535	0.061329	-0.000488478	0.0622706	0.0131143	0.0150309
rs7599646	0.13287	0.0575248	0.0133792	0.0303719	0.0322042	0.0616943	-0.00339407	0.0432556	-0.0131926	0.0676801	0.0119321	0.0695059	NA	NA
rs61250694	-0.0951392	0.0630134	-0.00650542	0.0258211	0.0283705	0.054053	0.0226765	0.0374991	-0.0302128	0.0616918	0.002338	0.0626212	NA	NA
rs115526540	-0.0713434	0.266081	NA	NA	NA	NA	NA	NA	NA	NA	NA	NA	-0.000413596	0.0476593
rs55819027	-0.112681	0.0637661	-0.00604773	0.0258437	0.0288346	0.0540998	0.0228774	0.0375131	-0.0388246	0.0619839	0.00407011	0.0627063	NA	NA
rs12712018	0.13284	0.0575973	0.0130475	0.0303232	0.0319827	0.061679	-0.000626058	0.0432048	-0.00555129	0.0673326	0.0176621	0.0686693	NA	NA
rs13427458	0.101446	0.0610256	0.00335865	0.0257293	0.0571088	0.0558432	0.0202098	0.0356271	-0.0433772	0.0618572	0.01914	0.0632978	NA	NA
rs7599444	-0.112657	0.063771	-0.00561296	0.0259352	0.0273068	0.0542807	0.0230034	0.0376937	-0.0392423	0.0623301	0.0011432	0.063001	0.0131143	0.0150309
rs2219082	0.132118	0.0581295	0.0130183	0.0303244	0.0320016	0.0616862	-0.0004569	0.0432082	-0.00559296	0.0675984	0.0191664	0.0689955	NA	NA
rs61609996	0.118791	0.121308	NA	NA	NA	NA	NA	NA	NA	NA	NA	NA	0.0217361	0.0324787
rs2198473	0.130282	0.0575925	0.0128741	0.0303459	0.0319497	0.0617352	-0.000333388	0.0432398	-0.00628627	0.067258	0.0248839	0.0685762	NA	NA
rs73951716	-0.227801	0.135551	NA	NA	NA	NA	NA	NA	NA	NA	NA	NA	0.0273272	0.034482
rs2123693	0.0332455	0.0765554	0.017163	0.0261532	0.0597699	0.053361	0.0304832	0.0379649	-0.0681807	0.058894	0.0610956	0.0597512	0.00132171	0.0199967
rs7603422	0.00757797	0.0590728	0.0144871	0.0255794	0.0634603	0.0530448	0.0223798	0.0369597	-0.0700202	0.0615585	0.0709162	0.0614475	NA	NA
rs12712019	0.0454153	0.0570852	NA	NA	NA	NA	0.00884372	0.0485373	0.0392028	0.0715063	-0.0723298	0.0735528	NA	NA
rs68131435	0.043116	0.0583192	NA	NA	NA	NA	NA	NA	NA	NA	NA	NA	NA	NA
rs73951717	-0.146618	0.153367	NA	NA	NA	NA	NA	NA	NA	NA	NA	NA	NA	NA
rs4676032	0.0346147	0.0577377	NA	NA	NA	NA	NA	NA	NA	NA	NA	NA	NA	NA
rs1466211	0.0919275	0.0622726	-0.0178283	0.0333809	-0.0408084	0.0653664	0.00964521	0.0484148	0.0402136	0.0713947	-0.0827894	0.0734421	NA	NA
rs1466212	0.091985	0.0622745	-0.0178283	0.0333809	-0.0408084	0.0653664	0.00964521	0.0484148	0.0402136	0.0713947	-0.0827894	0.0734421	NA	NA
rs1466213	0.0372465	0.0592195	-0.0178283	0.0333809	-0.0408084	0.0653664	0.00964521	0.0484148	0.0402136	0.0713947	-0.0827894	0.0734421	NA	NA
rs114924282	-0.291152	0.197059	NA	NA	NA	NA	NA	NA	NA	NA	NA	NA	-0.110332	0.0611565
rs2123694	0.0918834	0.0621765	-0.0178315	0.0332187	-0.04097	0.0650638	0.00914522	0.048173	0.0349498	0.0714733	-0.0793619	0.0734076	NA	NA
rs13425781	0.0037054	0.0662235	0.105653	0.0601891	0.189329	0.129051	0.0109186	0.0870299	-0.10183	0.116821	0.264833	0.118756	0.0155404	0.0167039
rs113551720	0.117721	0.121455	NA	NA	NA	NA	NA	NA	NA	NA	NA	NA	0.00921278	0.032718
rs4676190	-0.0395042	0.106609	-0.0275038	0.0355749	-0.110862	0.0692984	0.0230763	0.0512694	0.0358001	0.0750479	-0.0963073	0.0769752	NA	NA
rs75104924	0.0366514	0.11173	NA	NA	NA	NA	NA	NA	NA	NA	NA	NA	0.0371969	0.0234332
rs2378099	0.016892	0.078379	0.00479814	0.0257176	0.05322	0.0557646	0.0257305	0.0356901	-0.0557215	0.0616574	0.0228414	0.062841	NA	NA
rs78453357	0.0366514	0.11173	NA	NA	NA	NA	NA	NA	NA	NA	NA	NA	0.0332534	0.0236228
rs34974921	0.0371914	0.0592316	-0.0178321	0.0333808	-0.0408084	0.0653664	0.00964521	0.0484148	0.036727	0.0720589	-0.0784501	0.0741295	NA	NA
rs113174837	-0.0894287	0.108269	NA	NA	NA	NA	NA	NA	NA	NA	NA	NA	-0.00349559	0.0305357
rs115443753	-0.105967	0.0883652	NA	NA	NA	NA	NA	NA	NA	NA	NA	NA	-0.0401729	0.0221382
rs12475415	0.0360075	0.0593153	-0.0178321	0.0333808	-0.0408084	0.0653664	0.00964521	0.0484148	0.036727	0.0720589	-0.0784501	0.0741295	0.0273757	0.0152466
rs2123695	-0.0246741	0.13622	-0.00293577	0.0267908	0.0288654	0.0545526	0.0298573	0.0390219	-0.042948	0.0617445	-0.00186275	0.0634419	0.00255524	0.0274886
rs4676191	0.0471665	0.0543982	0.00960877	0.0298838	0.0258535	0.0595976	0.0013254	0.0425801	-0.00783644	0.067905	0.0406996	0.0710697	NA	NA
rs73951720	-0.0674578	0.157979	NA	NA	NA	NA	NA	NA	NA	NA	NA	NA	-0.0109407	0.0484904
rs13386346	0.0540206	0.135435	NA	NA	NA	NA	NA	NA	NA	NA	NA	NA	0.0242623	0.0244571
rs13398171	0.128399	0.126731	0.107862	0.0602657	0.190515	0.129385	0.0133757	0.0871658	-0.103614	0.117933	0.277391	0.12017	0.00132049	0.0270721
rs13398519	0.0487718	0.0942739	0.107862	0.0602657	0.190515	0.129385	0.0133757	0.0871658	-0.103614	0.117933	0.277391	0.12017	-0.000199016	0.0267875
rs11123685	-0.0246741	0.13622	-0.00293577	0.0267908	0.0288654	0.0545526	0.0298573	0.0390219	-0.042948	0.0617445	-0.00186275	0.0634419	0.00255524	0.0274886
rs11123686	-0.117466	0.115687	-0.002966	0.0267914	0.0288654	0.0545526	0.0298363	0.0390235	-0.042948	0.0617445	-0.00185116	0.063442	-0.0104044	0.0251279
rs7602887	0.0372631	0.112774	NA	NA	NA	NA	NA	NA	NA	NA	NA	NA	0.0328913	0.0244368
rs73951721	-0.0645802	0.150146	NA	NA	NA	NA	NA	NA	NA	NA	NA	NA	-0.0236782	0.037806
rs11123687	-0.115818	0.115864	-0.002966	0.0267914	0.0288654	0.0545526	0.0298363	0.0390235	-0.042948	0.0617445	-0.00185116	0.063442	-0.0104044	0.0251279
rs114460055	0.00903267	0.1645	NA	NA	NA	NA	NA	NA	NA	NA	NA	NA	-0.0155185	0.0391057
rs13427755	0.0474793	0.0936067	0.107862	0.0602657	0.190515	0.129385	0.0133757	0.0871658	-0.103614	0.117933	0.277391	0.12017	-5.44511E-05	0.0267206
rs6758954	0.00389419	0.066217	0.105641	0.0601938	0.189184	0.12907	0.011214	0.0870394	-0.10183	0.116821	0.264833	0.118756	0.0155404	0.0167039
rs17035894	0.11953	0.122197	NA	NA	NA	NA	NA	NA	NA	NA	NA	NA	0.00921278	0.032718
rs72941115	0.107783	0.161567	NA	NA	NA	NA	NA	NA	NA	NA	NA	NA	-0.107797	0.0347326
rs9646947	-0.02271	0.13586	-0.00286897	0.0266588	0.0283817	0.0542388	0.0296618	0.0388968	-0.0433635	0.0613939	-0.00425668	0.0630571	0.00255524	0.0274886
rs10209928	0.0373185	0.0591425	-0.0178353	0.0332181	-0.04097	0.0650638	0.00918557	0.0481721	0.0349541	0.0714694	-0.0793239	0.0734041	0.026237	0.0152328
rs76934993	-0.0785141	0.0772018	NA	NA	NA	NA	NA	NA	NA	NA	NA	NA	-0.0354248	0.0196072
rs17768655	0.047509	0.0934836	0.107862	0.0602657	0.190515	0.129385	0.0133757	0.0871658	-0.103614	0.117933	0.277391	0.12017	0.00561989	0.0262591
rs75453255	0.135276	0.127022	0.107862	0.0602657	0.190515	0.129385	0.0133757	0.0871658	-0.103614	0.117933	0.277391	0.12017	NA	NA
rs72941116	0.117783	0.121788	NA	NA	NA	NA	NA	NA	NA	NA	NA	NA	0.00921278	0.032718
rs6542755	-0.227198	0.241246	-0.0112488	0.0285655	-0.00867758	0.0602097	-0.0182654	0.0408481	-0.0551025	0.0643249	0.0254306	0.0657686	NA	NA
rs6542756	0.0460873	0.0544502	0.00914893	0.0298646	0.0267231	0.0595604	0.0017442	0.0425419	-0.00822791	0.0679219	0.0406244	0.0710971	NA	NA
rs57900280	-0.25607	0.139884	NA	NA	NA	NA	NA	NA	NA	NA	NA	NA	0.0377245	0.0353607
rs17035897	-0.00944923	0.0758466	0.107825	0.0602665	0.190512	0.129388	0.0133757	0.0871658	-0.101679	0.116863	0.265481	0.118791	-0.00161389	0.0205406
rs12477202	0.0919335	0.0622789	-0.017858	0.0333764	-0.0408473	0.0653621	0.00973498	0.0484089	0.0366941	0.0720544	-0.0784334	0.074124	0.0208298	0.0158662
rs35835357	-0.0186531	0.137992	-0.00288053	0.0268109	0.0290151	0.0545938	0.0298366	0.039051	-0.0427874	0.0617644	-0.00199556	0.0634631	0.00255524	0.0274886
rs116214857	0.0167364	0.164833	NA	NA	NA	NA	NA	NA	NA	NA	NA	NA	-0.00206362	0.0428686
rs12622661	0.0209155	0.0561486	0.00441288	0.0257045	0.0528999	0.0557281	0.0257652	0.035665	-0.0487013	0.0613863	0.02972	0.06269	NA	NA
rs12616140	0.0372504	0.0592355	-0.017858	0.0333764	-0.0408473	0.0653621	0.00973498	0.0484089	0.0366941	0.0720544	-0.0784334	0.074124	NA	NA
rs55739110	-0.111837	0.117015	-0.00290502	0.0268125	0.0290504	0.0545944	0.0298602	0.0390551	-0.0426133	0.0617647	-0.00192343	0.0634625	-0.0104044	0.0251279
rs73951722	-0.25607	0.139884	NA	NA	NA	NA	NA	NA	NA	NA	NA	NA	0.0411679	0.0386853
rs17819861	-0.163001	0.116998	-0.0479048	0.0478741	-0.224289	0.108497	-0.14842	0.0685391	0.0267212	0.15777	-0.00136576	0.160884	0.0654507	0.0347627
rs13030422	-0.111837	0.117015	-0.00193684	0.0271528	0.0307842	0.0552023	0.0291832	0.0396183	-0.0386619	0.0622403	-0.00196174	0.0640458	NA	NA
rs11903659	-0.487333	0.141592	NA	NA	NA	NA	NA	NA	NA	NA	NA	NA	-0.0833022	0.0397467
rs73951724	-0.25607	0.139884	NA	NA	NA	NA	NA	NA	NA	NA	NA	NA	NA	NA
rs111976908	-0.0818727	0.109013	NA	NA	NA	NA	NA	NA	NA	NA	NA	NA	NA	NA
rs17035904	0.0985665	0.128319	NA	NA	NA	NA	NA	NA	NA	NA	NA	NA	-0.00103161	0.0471849
rs7586924	0.0618935	0.0597965	0.00551619	0.0260054	0.0551244	0.056309	0.0250896	0.0361174	-0.0458753	0.0621517	0.0358124	0.0635556	NA	NA
rs73951725	-0.0465467	0.154765	NA	NA	NA	NA	NA	NA	NA	NA	NA	NA	-0.0314597	0.0383052
rs35184015	0.0437403	0.054363	0.00961667	0.0298662	0.0256336	0.0595601	0.00118028	0.0425629	-0.00778324	0.0678219	0.0409654	0.070995	0.0302053	0.0137132
rs10865018	0.014286	0.0563337	0.00761458	0.0265062	0.0393478	0.057206	0.0318297	0.0367469	-0.034784	0.0603724	0.0150572	0.0617163	NA	NA
rs13392744	0.148464	0.12726	0.105286	0.0599368	0.187146	0.128397	0.0114752	0.0867385	-0.102386	0.117414	0.275852	0.119706	0.00391953	0.0267954
rs17035911	-0.257134	0.139893	NA	NA	NA	NA	NA	NA	NA	NA	NA	NA	0.0377245	0.0353607
rs17819977	-0.0137365	0.137297	-0.00193758	0.027153	0.0307869	0.055203	0.0291908	0.0396183	-0.0387161	0.0622435	-0.00201798	0.0640487	NA	NA
rs10190406	0.00477055	0.0631381	0.105718	0.0601908	0.189473	0.129061	0.0111989	0.0870367	-0.101067	0.116766	0.26529	0.118693	NA	NA
rs12472278	0.0339091	0.0596037	-0.017734	0.0333577	-0.0405699	0.0653194	0.00957307	0.0483922	0.0364069	0.0719765	-0.0782163	0.0740464	NA	NA
rs6761290	0.0690209	0.0913364	0.105102	0.0605609	0.199076	0.130336	0.010242	0.0870627	-0.103663	0.117847	0.276526	0.120212	0.00250625	0.0264554
rs6542757	-0.0134407	0.0648823	0.104519	0.0605619	0.19925	0.130334	0.0099373	0.0870619	-0.101737	0.116783	0.264603	0.118826	NA	NA
rs2198463	0.0599936	0.0597196	-0.017582	0.0333607	-0.0416374	0.0653331	0.00956078	0.0483919	0.0366147	0.0719585	-0.0782052	0.0740346	NA	NA
rs2219078	0.0600542	0.0596533	-0.017582	0.0333607	-0.0416374	0.0653331	0.00956078	0.0483919	0.0366147	0.0719585	-0.0782052	0.0740346	NA	NA
rs6722745	0.0643892	0.0554567	0.00884826	0.0297255	0.0248494	0.059281	0.000681675	0.0423789	-0.00871235	0.0674103	0.0379918	0.0704976	NA	NA
rs61743196	-0.0559255	0.104198	NA	NA	NA	NA	NA	NA	NA	NA	NA	NA	-0.0068144	0.0311889
rs13385082	0.0118543	0.0548085	0.00974104	0.0298799	0.0257801	0.05957	0.00124195	0.0425974	-0.00727131	0.0678674	0.0412996	0.0710625	NA	NA
rs10221707	0.0314546	0.0684565	0.0670858	0.0493467	0.208952	0.11062	-0.0161871	0.0694178	-0.101642	0.107908	0.286757	0.110955	NA	NA
rs17035925	0.00423632	0.144029	NA	NA	NA	NA	NA	NA	NA	NA	NA	NA	0.0216868	0.0254391
rs12999783	-0.0350276	0.138968	0.00615323	0.0273247	0.0180904	0.0561852	0.00696424	0.0401405	-0.0486791	0.0603993	-0.0081183	0.0622924	0.0103925	0.0266717
rs114353124	-0.0566752	0.190107	NA	NA	NA	NA	NA	NA	NA	NA	NA	NA	-0.0758001	0.0452627
rs11687745	0.0177689	0.0582852	0.00637594	0.0268529	0.045294	0.0585539	0.0113388	0.0377333	-0.0450637	0.0614563	0.0226048	0.0629267	NA	NA
rs79597181	0.0375737	0.069481	0.0872353	0.0630843	0.202635	0.131998	0.035264	0.0909446	-0.0803781	0.129017	0.314973	0.127991	NA	NA
rs4141931	0.0177689	0.0582852	0.00624868	0.0268234	0.0455976	0.0584752	0.0112062	0.0376851	-0.0470336	0.0612488	0.0243051	0.0627218	NA	NA
rs17035932	-0.0918588	0.146625	NA	NA	NA	NA	NA	NA	NA	NA	NA	NA	-0.000213001	0.0324917
rs4141932	0.00399027	0.0622618	0.00625294	0.0268243	0.0455841	0.058478	0.0111752	0.0376861	-0.046992	0.0612453	0.0243366	0.0627184	NA	NA
rs4141933	-0.000701303	0.259707	0.00841386	0.0377254	-0.0827843	0.0735652	0.0514243	0.0545106	0.128375	0.0789406	-0.0989414	0.0824208	0.000667839	0.04001
rs13005888	0.0123528	0.0616525	0.00625294	0.0268243	0.0455841	0.058478	0.0111752	0.0376861	-0.046992	0.0612453	0.0243366	0.0627184	NA	NA
rs17035948	-0.00769465	0.0618489	0.0524062	0.0504766	0.209766	0.111197	-0.00206727	0.0709977	-0.0802551	0.114839	0.305879	0.115357	0.0386297	0.0165688
rs13006087	-0.0318009	0.138645	0.00615005	0.0273251	0.0180904	0.0561852	0.00695749	0.0401413	-0.0486775	0.0603996	-0.00812008	0.0622929	NA	NA
rs4141934	0.0228238	0.0582115	0.00625454	0.0268244	0.0455901	0.0584783	0.0111752	0.0376861	-0.046992	0.0612453	0.0243366	0.0627184	0.0123965	0.0141286
rs17035953	0.0126107	0.0631802	0.0524242	0.0504767	0.2098	0.111203	-0.0020767	0.0709987	-0.0802551	0.114839	0.305959	0.115357	0.0232512	0.0161548
rs73952169	-0.16196	0.156827	NA	NA	NA	NA	NA	NA	NA	NA	NA	NA	0.0457454	0.038947
rs73952170	-0.161977	0.156786	NA	NA	NA	NA	NA	NA	NA	NA	NA	NA	NA	NA
rs1470874	0.0227496	0.0582137	0.0132225	0.0273509	0.0456585	0.0591594	0.00489801	0.0386499	-0.0543122	0.0619479	0.0248688	0.0636784	NA	NA
rs73952171	-0.0171594	0.157237	NA	NA	NA	NA	NA	NA	NA	NA	NA	NA	0.00147678	0.0480157
rs115130022	-0.0782296	0.189561	NA	NA	NA	NA	NA	NA	NA	NA	NA	NA	-0.0758001	0.0452627
rs74965300	-0.162148	0.156865	NA	NA	NA	NA	NA	NA	NA	NA	NA	NA	0.0457454	0.038947
rs2219079	0.0367361	0.0611605	-0.0213008	0.0336593	-0.0438635	0.0660436	0.00933641	0.0484984	0.0348898	0.0717683	-0.0758855	0.0741165	NA	NA
rs116047467	-0.0908998	0.189632	NA	NA	NA	NA	NA	NA	NA	NA	NA	NA	-0.0758001	0.0452627
rs73952173	-0.162148	0.156865	NA	NA	NA	NA	NA	NA	NA	NA	NA	NA	0.0457454	0.038947
rs17035962	0.0853069	0.119418	NA	NA	NA	NA	NA	NA	NA	NA	NA	NA	0.0106845	0.0297313
rs113259444	-0.0129755	0.119795	NA	NA	NA	NA	NA	NA	NA	NA	NA	NA	0.0704824	0.0387976
rs73952174	-0.166237	0.157391	NA	NA	NA	NA	NA	NA	NA	NA	NA	NA	0.0457454	0.038947
rs7586216	0.0365723	0.061146	-0.0215619	0.0336144	-0.0439026	0.066039	0.00950959	0.0484002	0.0346022	0.0717162	-0.0766895	0.0740379	NA	NA
rs7586308	0.0381299	0.0607503	-0.0215619	0.0336144	-0.0439026	0.066039	0.00950959	0.0484002	0.0346022	0.0717162	-0.0766895	0.0740379	NA	NA
rs116645656	-0.126262	0.191787	NA	NA	NA	NA	NA	NA	NA	NA	NA	NA	-0.0758001	0.0452627
rs7562516	0.0293603	0.0584513	0.00763197	0.0270952	0.0451839	0.0591875	0.00904248	0.0381553	-0.0433651	0.0612269	0.0242586	0.0628515	NA	NA
rs60550230	0.135605	0.0720711	NA	NA	NA	NA	NA	NA	NA	NA	NA	NA	NA	NA
rs55905201	-0.12892	0.16395	NA	NA	NA	NA	NA	NA	NA	NA	NA	NA	0.0294498	0.0641662
rs7589709	-0.151605	0.138146	NA	NA	NA	NA	NA	NA	NA	NA	NA	NA	-0.0115964	0.0297535
rs112550206	-0.00429449	0.120239	NA	NA	NA	NA	NA	NA	NA	NA	NA	NA	0.0704824	0.0387976
rs13388627	0.0368922	0.0606229	-0.0216938	0.0334736	-0.0443987	0.0657854	0.00918565	0.0481723	0.0328766	0.0712982	-0.0779254	0.0735214	-0.0106931	0.0151358
rs4638749	0.0369006	0.0606237	-0.0216938	0.0334736	-0.0443987	0.0657854	0.00918565	0.0481723	0.0328766	0.0712982	-0.0779254	0.0735214	NA	NA
rs980525	0.0458661	0.0645828	-0.00711905	0.0312454	0.0340709	0.0682514	0.0273579	0.0452573	-0.0344652	0.0705071	0.0248586	0.0734741	NA	NA
rs6738314	0.0600968	0.187358	NA	NA	NA	NA	NA	NA	NA	NA	NA	NA	0.0424651	0.0521522
rs6723274	0.0883435	0.0645403	-0.0137072	0.036194	-0.118637	0.07194	-0.0422309	0.0506533	-0.0446151	0.0780389	-0.100019	0.0821388	NA	NA
rs13024169	-0.00567293	0.124704	-0.0443098	0.0372677	-0.133151	0.073145	0.000329109	0.0541752	-0.0682151	0.0791678	-0.0684655	0.0816983	NA	NA
rs7603060	0.0373901	0.0881254	0.0827421	0.0459602	0.332506	0.0949731	0.0142397	0.0620743	0.0623095	0.10093	0.184469	0.104804	-0.000368902	0.0267146
rs7576798	0.0507688	0.0880216	0.0827421	0.0459602	0.332506	0.0949731	0.0142397	0.0620743	0.0623095	0.10093	0.184469	0.104804	-0.000368902	0.0267146
rs72941121	0.172289	0.0872468	NA	NA	NA	NA	NA	NA	NA	NA	NA	NA	NA	NA
rs13401731	0.0634929	0.0584195	0.0178909	0.0295947	0.0437136	0.0601074	-0.0192294	0.0414733	-0.0114254	0.0672165	0.0204928	0.0717967	NA	NA
rs11891937	-0.0452815	0.0750957	0.070457	0.0446772	0.313213	0.0919204	0.0105026	0.0600984	0.0538059	0.0989887	0.171909	0.102555	0.0163125	0.0196681
rs6542758	-0.0027352	0.056606	-0.00924253	0.0327979	-0.0702316	0.0659469	-0.0403775	0.0466493	-0.0678212	0.0698572	-0.0453333	0.0741902	NA	NA
rs113314137	-0.0114627	0.104818	NA	NA	NA	NA	NA	NA	NA	NA	NA	NA	-0.0135566	0.026152
rs72831078	-0.178041	0.120341	-0.0294993	0.039281	-0.101367	0.0843128	-0.0329167	0.055075	-0.0184326	0.0909163	0.108606	0.0948703	-0.0790557	0.0403746
rs6542759	-0.0243413	0.056633	-0.009368	0.0326711	-0.0711237	0.0656721	-0.0403834	0.0464886	-0.0677815	0.0695609	-0.044966	0.0738518	NA	NA
rs13007736	-0.0247423	0.0567048	-0.00924253	0.0327979	-0.0702316	0.0659469	-0.0403775	0.0466493	-0.0677697	0.0698556	-0.0452718	0.074188	-0.000359332	0.0139109
rs17035982	-0.0327931	0.0555552	-0.00923932	0.0327995	-0.0702137	0.0659517	-0.0403854	0.0466515	-0.0677707	0.069862	-0.0452626	0.0741955	NA	NA
rs17820651	-0.181708	0.156069	-0.0212868	0.027404	-0.0279485	0.0558486	0.016284	0.0393284	0.00415212	0.0642245	-0.0775934	0.0657187	0.0115442	0.0242429
rs76965663	0.291046	0.20396	NA	NA	NA	NA	NA	NA	NA	NA	NA	NA	-0.187021	0.0539978
rs12623769	-0.0321474	0.0555097	-0.00925499	0.0327994	-0.0701445	0.0659517	-0.0403775	0.0466493	-0.0677803	0.0698665	-0.0456486	0.0741956	0.00176325	0.0138731
rs12617332	-0.0343233	0.0554858	-0.00991713	0.0333955	-0.115959	0.0665137	-0.0357147	0.047312	-0.0471499	0.0735494	-0.0615714	0.0786804	NA	NA
rs6542760	-0.138411	0.0678724	-0.00139161	0.028686	0.0357939	0.0598911	-0.00829746	0.0407813	-0.0327801	0.0659474	-0.0390474	0.0682088	NA	NA
rs921656	0.0243304	0.0580571	-0.00929705	0.0328034	-0.0699017	0.0659647	-0.0403815	0.0466495	-0.0677808	0.0698796	-0.0457444	0.0742118	NA	NA
rs921657	0.0448377	0.0582312	-0.00929705	0.0328034	-0.0699017	0.0659647	-0.0403815	0.0466495	-0.0693856	0.0697783	-0.0441863	0.0742732	NA	NA
rs113674197	-0.0116773	0.104752	NA	NA	NA	NA	NA	NA	NA	NA	NA	NA	-0.0135566	0.026152
rs921658	0.0244773	0.0579884	-0.00929705	0.0328034	-0.0699017	0.0659647	-0.0403815	0.0466495	-0.0677808	0.0698796	-0.0457444	0.0742118	NA	NA
rs921659	0.0244003	0.0580565	-0.00929705	0.0328034	-0.0699017	0.0659647	-0.0403815	0.0466495	-0.0677808	0.0698796	-0.0457444	0.0742118	NA	NA
rs12988988	0.0244003	0.0580565	-0.00923141	0.0328085	-0.0698854	0.0659694	-0.0403211	0.0466587	-0.067859	0.0698859	-0.0457723	0.0742203	NA	NA
rs6735166	-0.18104	0.0956029	-0.0213506	0.0275109	-0.0286367	0.0560427	0.0164914	0.039486	0.00412294	0.0644331	-0.0767463	0.06594	0.00908867	0.0218018
rs12989769	0.0244003	0.0580565	-0.00929705	0.0328034	-0.0699017	0.0659647	-0.0403815	0.0466495	-0.0677808	0.0698796	-0.0457444	0.0742118	NA	NA
rs12989439	0.0254345	0.0580246	-0.00922546	0.0328156	-0.0697453	0.0659889	-0.0404448	0.0466674	-0.0677165	0.0699154	-0.0457146	0.0742531	0.00481185	0.0141856
rs113113449	-0.00813636	0.10418	0.062034	0.0628845	0.164495	0.129054	-0.111513	0.0884679	-0.0284263	0.139088	-0.01218	0.153244	0.056772	0.0312835
rs13016595	0.0242475	0.0582906	-0.00922546	0.0328156	-0.0697453	0.0659889	-0.0404448	0.0466674	-0.0677165	0.0699154	-0.0457146	0.0742531	NA	NA
rs78344253	-0.0238267	0.0802472	0.062034	0.0628845	0.164495	0.129054	-0.111513	0.0884679	-0.0284263	0.139088	-0.01218	0.153244	NA	NA
rs34028701	-0.13463	0.0876259	NA	NA	NA	NA	NA	NA	NA	NA	NA	NA	-0.014231	0.0368182
rs11885481	-0.134655	0.0876485	NA	NA	NA	NA	NA	NA	NA	NA	NA	NA	-0.014231	0.0368182
rs72941127	-0.0221176	0.0681245	0.0620428	0.0628966	0.163876	0.129076	-0.11109	0.0884899	-0.0303158	0.134513	0.0154007	0.148205	0.020479	0.0204286
rs13413425	-0.469419	0.344152	NA	NA	NA	NA	NA	NA	NA	NA	NA	NA	NA	NA
rs76116869	-0.00473258	0.123881	NA	NA	NA	NA	NA	NA	NA	NA	NA	NA	0.0298851	0.0233264
rs111818438	-0.0552834	0.0795742	0.062034	0.0628845	0.164495	0.129054	-0.111513	0.0884679	-0.0206875	0.13692	-0.0183164	0.150143	NA	NA
rs13003461	0.0473551	0.073423	NA	NA	NA	NA	-0.00560453	0.0531107	-0.051732	0.0823096	-0.0659363	0.0848132	NA	NA
rs2007173	-0.177405	0.0946949	NA	NA	NA	NA	0.01486	0.0395358	-0.0161531	0.0633533	-0.0772269	0.0672554	0.00390343	0.0218288
rs112911136	-0.0235324	0.0802319	0.062034	0.0628845	0.164495	0.129054	-0.111513	0.0884679	-0.0284263	0.139088	-0.01218	0.153244	0.0611312	0.0297376
rs72941129	-0.0117006	0.104802	NA	NA	NA	NA	NA	NA	NA	NA	NA	NA	-0.0135566	0.026152
rs1116927	-0.154864	0.0674083	-0.00137187	0.0286619	0.0355203	0.0598255	-0.00869002	0.0407253	-0.0316116	0.0657932	-0.0456065	0.0680284	NA	NA
rs112377096	0.110584	0.127208	NA	NA	NA	NA	-0.0356023	0.0548579	-0.0155892	0.0908327	0.110003	0.094769	NA	NA
rs10199880	0.151822	0.126355	0.0713623	0.045276	0.317947	0.0938249	0.00795189	0.0611338	0.0565107	0.0996506	0.179494	0.10322	-0.0037162	0.0260734
rs72941131	-0.021839	0.068112	0.0626408	0.0625763	0.166236	0.128361	-0.11123	0.0878186	-0.0299799	0.134223	0.0132408	0.14797	0.0204856	0.0202787
rs2100405	-0.0232784	0.0801622	0.0629779	0.0625611	0.166236	0.128361	-0.110829	0.0877956	-0.0278609	0.138755	-0.0133276	0.152967	0.0611312	0.0297376
rs73952176	-0.107987	0.121789	NA	NA	NA	NA	NA	NA	NA	NA	NA	NA	0.0303153	0.0252665
rs2084991	-0.0398372	0.0685358	0.0629779	0.0625611	0.166236	0.128361	-0.110829	0.0877956	-0.0228784	0.132207	0.00700392	0.144982	0.0156804	0.019419
rs2100406	-0.0398437	0.0685361	0.0629779	0.0625611	0.166236	0.128361	-0.110829	0.0877956	-0.0228784	0.132207	0.00700392	0.144982	0.0156804	0.019419
rs76975659	0.156688	0.124635	0.0713623	0.045276	0.317947	0.0938249	0.00795189	0.0611338	0.0565107	0.0996506	0.179494	0.10322	0.0148052	0.0245225
rs4362516	-0.177321	0.0946925	NA	NA	NA	NA	0.0128505	0.0393262	-0.017122	0.0635655	-0.0716337	0.0675276	NA	NA
rs4610008	-0.177478	0.0946936	-0.0190629	0.027107	0.00257622	0.0545744	0.0128505	0.0393262	-0.0172076	0.0635561	-0.071779	0.067515	0.00390343	0.0218288
rs112062531	-0.0263772	0.0802004	0.0630372	0.0625626	0.16629	0.128363	-0.11085	0.0877988	-0.0278609	0.138755	-0.0133276	0.152967	0.0611312	0.0297376
rs4606880	-0.0113347	0.125308	NA	NA	NA	NA	NA	NA	NA	NA	NA	NA	0.0390957	0.0239864
rs4363992	-0.177356	0.0946082	NA	NA	NA	NA	0.0128505	0.0393262	-0.017122	0.0635655	-0.0716337	0.0675276	0.00390343	0.0218288
rs72941133	0.0731034	0.0857973	NA	NA	NA	NA	NA	NA	NA	NA	NA	NA	-0.0768893	0.0232254
rs113978909	-0.137454	0.0866634	NA	NA	NA	NA	NA	NA	NA	NA	NA	NA	-0.0266301	0.0245201
rs10432619	-0.113961	0.066809	-0.00133194	0.0286626	0.0356071	0.0598271	-0.00868912	0.0407258	-0.0311928	0.065536	-0.0507655	0.0677395	NA	NA
rs6542761	-0.119346	0.0666662	-0.00172003	0.0285673	0.0354067	0.0596369	-0.00880292	0.0405975	-0.0324538	0.0652719	-0.052944	0.0674429	NA	NA
rs76374401	0.0121804	0.0788189	0.0629779	0.0625611	0.166236	0.128361	-0.110829	0.0877956	-0.0278609	0.138755	-0.0133276	0.152967	0.0539072	0.0297513
rs113439830	0.0120148	0.0789457	0.0629779	0.0625611	0.166236	0.128361	-0.110829	0.0877956	-0.0278609	0.138755	-0.0133276	0.152967	0.0539072	0.0297513
rs76439324	0.0224167	0.10805	NA	NA	NA	NA	NA	NA	NA	NA	NA	NA	0.0313532	0.047436
rs57140044	-0.106467	0.121892	NA	NA	NA	NA	NA	NA	NA	NA	NA	NA	0.0303153	0.0252665
rs2198464	-0.00978873	0.0588004	-0.0139674	0.0280412	-0.00042874	0.0583617	0.0144934	0.040113	-0.0233072	0.0623021	-0.0485258	0.0650492	NA	NA
rs17035992	-0.137017	0.0866552	NA	NA	NA	NA	NA	NA	NA	NA	NA	NA	-0.0203396	0.0248527
rs6760530	-0.0112233	0.0587168	-0.0139674	0.0280412	-0.00042874	0.0583617	0.0144934	0.040113	-0.0235356	0.062514	-0.0435144	0.0653012	NA	NA
rs60167985	-0.10583	0.121821	NA	NA	NA	NA	NA	NA	NA	NA	NA	NA	0.0303153	0.0252665
rs55734404	-0.106436	0.121868	NA	NA	NA	NA	NA	NA	NA	NA	NA	NA	0.0303153	0.0252665
rs12712020	-0.0112233	0.0587168	-0.0139674	0.0280412	-0.00042874	0.0583617	0.0144934	0.040113	-0.0233072	0.0623021	-0.0485258	0.0650492	NA	NA
rs7595108	-0.13551	0.0865817	NA	NA	NA	NA	NA	NA	NA	NA	NA	NA	NA	NA
rs113622234	-0.0832666	0.112829	NA	NA	NA	NA	NA	NA	NA	NA	NA	NA	NA	NA
rs115118669	-0.404173	0.229579	NA	NA	NA	NA	NA	NA	NA	NA	NA	NA	-0.00569052	0.0471956
rs13009185	-0.182817	0.152662	-0.0190598	0.027108	0.00257299	0.0545749	0.0128368	0.0393289	-0.0172085	0.0635598	-0.0717312	0.0675191	0.00663372	0.0243436
rs77745505	0.01195	0.0789375	0.0629779	0.0625611	0.166236	0.128361	-0.110829	0.0877956	-0.0278609	0.138755	-0.0133276	0.152967	0.0539072	0.0297513
rs73952177	-0.0206253	0.0808291	NA	NA	NA	NA	NA	NA	NA	NA	NA	NA	NA	NA
rs76543992	0.0225274	0.101609	NA	NA	NA	NA	NA	NA	NA	NA	NA	NA	NA	NA
rs73952178	-0.126251	0.119691	NA	NA	NA	NA	NA	NA	NA	NA	NA	NA	NA	NA
rs10587289	-0.0123484	0.0586295	NA	NA	NA	NA	0.0146368	0.0400661	-0.0229763	0.0622899	-0.0483846	0.0650383	NA	NA
rs7602268	-0.0681766	0.0588024	-0.00138765	0.0286515	0.0353512	0.0597849	-0.0087369	0.0407098	-0.0324944	0.065173	-0.049365	0.067395	0.00500474	0.0145125
rs76840677	-0.0215085	0.120081	NA	NA	NA	NA	NA	NA	NA	NA	NA	NA	0.0276642	0.0231944
rs80113158	-0.106436	0.121868	NA	NA	NA	NA	NA	NA	NA	NA	NA	NA	0.0303153	0.0252665
rs6758147	-0.11458	0.0668492	-0.00142894	0.0286511	0.0352605	0.0597845	-0.0087369	0.0407098	-0.0312721	0.0655256	-0.0513509	0.0677187	0.0206775	0.0163067
rs73952179	-0.106422	0.121866	NA	NA	NA	NA	NA	NA	NA	NA	NA	NA	0.0303153	0.0252665
rs79858198	0.012013	0.0789211	0.0632251	0.0623457	0.167373	0.127991	-0.11068	0.087437	-0.0279863	0.138409	-0.0148987	0.152582	NA	NA
rs11684742	-0.171459	0.15074	-0.0182201	0.0269908	0.00332251	0.0543421	0.0132163	0.0391618	-0.0176702	0.063369	-0.0717347	0.0673349	0.00663372	0.0243436
rs55638279	-0.106453	0.12189	NA	NA	NA	NA	NA	NA	NA	NA	NA	NA	0.0303153	0.0252665
rs11308365	-0.0681968	0.0588097	NA	NA	NA	NA	-0.0087369	0.0407098	-0.0325842	0.0651673	-0.0495253	0.0673881	0.00352003	0.0145493
rs7571068	0.0327815	0.141241	NA	NA	NA	NA	NA	NA	NA	NA	NA	NA	NA	NA
rs57486754	-0.135473	0.0865805	NA	NA	NA	NA	NA	NA	NA	NA	NA	NA	-0.0207522	0.0247957
rs79374536	0.243758	0.156768	NA	NA	NA	NA	NA	NA	NA	NA	NA	NA	-0.0129649	0.035769
rs112147290	-0.174215	0.118651	NA	NA	NA	NA	NA	NA	NA	NA	NA	NA	0.0142657	0.0445121
rs2198465	-0.103076	0.0618165	-0.00172003	0.0285673	0.0354067	0.0596369	-0.00880292	0.0405975	-0.0336837	0.0649154	-0.0510745	0.0671158	NA	NA
rs55860663	0.00987255	0.139118	NA	NA	NA	NA	NA	NA	NA	NA	NA	NA	NA	NA
rs6713582	-0.0126528	0.0584321	-0.014324	0.027929	-0.00075055	0.0581394	0.0145191	0.0399491	-0.0243972	0.0620174	-0.0500751	0.0647522	NA	NA
rs6745104	-0.0682986	0.0586897	-0.00170926	0.0285685	0.0353618	0.0596407	-0.00881144	0.0405993	-0.0336402	0.0649153	-0.0511181	0.0671163	NA	NA
rs6731959	-0.109353	0.0618702	-0.00145985	0.0286493	0.0353786	0.0597844	-0.00878018	0.0407084	-0.0313011	0.0655279	-0.0516977	0.0677171	NA	NA
rs112203905	-0.462468	0.34117	NA	NA	NA	NA	NA	NA	NA	NA	NA	NA	NA	NA
rs59076801	-0.0454503	0.129809	NA	NA	NA	NA	NA	NA	NA	NA	NA	NA	0.0417838	0.0281194
rs7568215	-0.105514	0.0595287	0.0172513	0.0293802	0.0163869	0.061169	0.042328	0.0425045	0.00135995	0.0654044	-0.000624102	0.0688132	NA	NA
rs114085671	0.0426371	0.10872	NA	NA	NA	NA	NA	NA	NA	NA	NA	NA	0.0313532	0.047436
rs114611604	-0.0437291	0.120036	NA	NA	NA	NA	NA	NA	NA	NA	NA	NA	NA	NA
rs72941146	-0.161947	0.0768346	NA	NA	NA	NA	NA	NA	NA	NA	NA	NA	0.0115996	0.0187431
rs73952181	-0.137757	0.11574	NA	NA	NA	NA	NA	NA	NA	NA	NA	NA	0.0295445	0.0242482
rs77400907	-0.173837	0.119285	NA	NA	NA	NA	NA	NA	NA	NA	NA	NA	0.0180518	0.0449425
rs114355912	-0.372015	0.244411	NA	NA	NA	NA	NA	NA	NA	NA	NA	NA	NA	NA
rs6760918	0.13148	0.0655971	0.0202566	0.0346664	-0.145809	0.0678059	0.0579538	0.0489311	0.0607361	0.0786471	-0.049227	0.0817586	NA	NA
rs11904556	-0.404173	0.229579	NA	NA	NA	NA	NA	NA	NA	NA	NA	NA	0.00325465	0.0477193
rs72941149	-0.149822	0.0882182	NA	NA	NA	NA	NA	NA	NA	NA	NA	NA	NA	NA
rs11889053	-0.134789	0.115549	NA	NA	NA	NA	NA	NA	NA	NA	NA	NA	0.0317623	0.0237325
rs2305484	0.101521	0.0548134	-0.00493566	0.0265458	-0.00748001	0.0539173	-0.0335413	0.0381671	-0.0244645	0.0656847	0.0411142	0.0689083	NA	NA
rs2305485	0.0993634	0.0631713	0.014414	0.0303911	-0.119071	0.0621443	0.0562907	0.0439644	0.050027	0.0713516	-0.0370388	0.074936	NA	NA
rs17036045	0.00295066	0.0844205	0.238066	0.115417	0.303797	0.210796	0.206065	0.174219	0.576458	0.209686	-0.171711	0.22365	0.0194163	0.0300419
rs17821116	-0.383189	0.14149	0.0528086	0.0630499	0.167419	0.127949	-0.110544	0.0872704	-0.0082062	0.139315	0.00583553	0.152541	-0.0690138	0.0583237
rs112754335	-0.165204	0.11499	NA	NA	NA	NA	NA	NA	NA	NA	NA	NA	0.00577797	0.0441207
rs17821152	-0.0332131	0.0781524	-0.00987149	0.0270582	0.00333062	0.0539416	0.0356707	0.0396923	-0.00173715	0.0589599	-0.0274312	0.0630857	NA	NA
rs116044793	0.0629669	0.113348	NA	NA	NA	NA	NA	NA	NA	NA	NA	NA	0.0109325	0.031538
rs114838385	0.14404	0.155925	NA	NA	NA	NA	NA	NA	NA	NA	NA	NA	NA	NA
rs11887636	-0.249509	0.151765	NA	NA	NA	NA	NA	NA	NA	NA	NA	NA	0.0257167	0.0289099
rs11898358	-0.196766	0.155318	NA	NA	NA	NA	NA	NA	NA	NA	NA	NA	0.0183243	0.0297983
rs10173554	-0.188208	0.0560654	-0.0172695	0.0268763	-0.0047587	0.0540601	-0.00667041	0.039642	-0.0351299	0.0579559	-0.0222355	0.0615397	-0.00388525	0.0138375
rs72941150	-0.0726189	0.115064	NA	NA	NA	NA	NA	NA	NA	NA	NA	NA	-0.0223319	0.0247133
rs76077963	-0.231282	0.155546	NA	NA	NA	NA	NA	NA	NA	NA	NA	NA	NA	NA
rs10177500	-0.161039	0.0873899	NA	NA	NA	NA	NA	NA	NA	NA	NA	NA	-0.0129016	0.0229812
rs114177527	0.0650886	0.113915	NA	NA	NA	NA	NA	NA	NA	NA	NA	NA	NA	NA
rs6751951	0.0103144	0.177655	-0.0716115	0.0475058	-0.0872992	0.099678	-0.0279392	0.073119	-0.0696525	0.0993387	0.00738949	0.104762	NA	NA
rs116697315	-0.112671	0.0902233	NA	NA	NA	NA	NA	NA	NA	NA	NA	NA	0.0197785	0.0232223
rs13424530	-0.191343	0.056465	-0.0169997	0.0269678	-0.00432219	0.0542899	-0.0068436	0.0397216	-0.0453505	0.0581816	-0.0264319	0.0619703	-0.00362611	0.0138521
rs17838479	-0.405283	0.230176	NA	NA	NA	NA	NA	NA	NA	NA	NA	NA	-0.00569052	0.0471956
rs77855374	0.0649227	0.113803	NA	NA	NA	NA	NA	NA	NA	NA	NA	NA	0.0105371	0.0324684
rs17036061	-0.189254	0.0562919	-0.0171876	0.0269597	-0.00620378	0.0544481	-0.00079978	0.0397247	-0.0370411	0.0579542	-0.0134742	0.0618247	-0.00423573	0.0138276
rs36055322	-0.176633	0.0561248	0.00397501	0.026942	0.0309955	0.0538269	0.0190186	0.0395821	0.0015459	0.0591187	-0.016313	0.0624988	NA	NA
rs12990757	-0.0123681	0.0785857	-0.0144459	0.0273792	-0.0112309	0.0550574	0.0380186	0.0397617	-0.0435179	0.0605275	0.00643511	0.0644031	0.00758951	0.0210937
rs79479438	-0.26726	0.138988	0.0710462	0.0716452	0.213709	0.13976	0.0156513	0.0989826	0.387417	0.161015	0.142661	0.173856	0.0195011	0.0283038
rs13410305	0.117379	0.0572251	0.0146052	0.0341592	-0.155491	0.0660016	0.0419855	0.0490414	0.0138419	0.0787092	-0.0777663	0.0815798	NA	NA
rs10554232	0.356445	0.127965	NA	NA	NA	NA	-0.0244571	0.0435909	-0.0121441	0.068956	-0.0452808	0.0700687	0.0115513	0.0226277
rs72941154	-0.0298457	0.165107	NA	NA	NA	NA	NA	NA	NA	NA	NA	NA	-0.0320297	0.0330164
rs12104590	0.12589	0.0573808	0.0146802	0.0342837	-0.155612	0.0661936	0.0422147	0.0492264	0.0138381	0.0795754	-0.0807406	0.0824918	NA	NA
rs4149420	0.125835	0.0573851	0.0146865	0.0342866	-0.155628	0.0661973	0.042237	0.0492309	0.0147036	0.0797223	-0.0796397	0.0826143	NA	NA
rs3769775	-0.098183	0.0673306	NA	NA	NA	NA	NA	NA	-0.739924	0.254983	0.0228908	0.299494	0.0464622	0.0207748
rs115006993	0.0286054	0.127509	NA	NA	NA	NA	NA	NA	NA	NA	NA	NA	0.0928936	0.0351914
rs78019919	-0.441213	0.143378	0.0244949	0.0584376	0.0911087	0.122732	0.0959231	0.0859435	-0.0213362	0.138695	-0.0181503	0.155146	NA	NA
rs79520588	-0.0144353	0.118928	NA	NA	NA	NA	NA	NA	NA	NA	NA	NA	0.0421689	0.0464359
rs113808917	-0.535889	0.304968	0.0710407	0.0717823	0.213709	0.13976	0.0180707	0.0992038	0.388841	0.161311	0.139963	0.173504	0.0267574	0.0640344
rs114294661	0.0335454	0.129059	NA	NA	NA	NA	NA	NA	NA	NA	NA	NA	NA	NA
rs7590599	-0.0687705	0.0856005	0.0209835	0.0261496	-0.0867607	0.0536928	0.0405302	0.0388241	-0.0248536	0.0586337	0.0169675	0.0624253	NA	NA
rs4149422	-0.0444874	0.0845811	0.00182861	0.0261686	-0.124147	0.0535056	0.0218792	0.0389779	-0.0648785	0.058856	0.020696	0.0626373	NA	NA
rs7576937	-0.0277566	0.0730636	0.00182861	0.0261686	-0.124147	0.0535056	0.0218792	0.0389779	-0.0658139	0.0587152	0.0230386	0.0625108	NA	NA
rs9646948	-0.0609726	0.061668	0.0111698	0.0269572	-0.000596894	0.0535161	-0.00639779	0.0392485	-0.0306469	0.061009	0.077382	0.0651927	0.00045018	0.017903
rs115433327	0.0388927	0.220699	NA	NA	NA	NA	NA	NA	NA	NA	NA	NA	0.0641274	0.0468088
rs4149423	0.113215	0.0614493	0.00899542	0.0343578	-0.15649	0.0667306	0.0419709	0.0490406	0.0248043	0.0804719	-0.0732916	0.0836884	NA	NA
rs111519379	0.0992422	0.0944708	NA	NA	NA	NA	NA	NA	NA	NA	NA	NA	0.0224064	0.0254627
rs115477806	-0.405283	0.230176	NA	NA	NA	NA	NA	NA	NA	NA	NA	NA	-0.0242666	0.0482436
rs114691612	-0.237585	0.15534	NA	NA	NA	NA	NA	NA	NA	NA	NA	NA	0.0276817	0.0311209
rs75598365	-0.463784	0.224215	NA	NA	NA	NA	NA	NA	NA	NA	NA	NA	-0.0056801	0.0466934
rs17036079	-0.382289	0.122964	-0.0689613	0.0539322	-0.0939381	0.112283	0.0140567	0.0802906	-0.207417	0.126687	0.00225115	0.143411	NA	NA
rs4149425	-0.310733	0.126332	-0.0688018	0.0537755	-0.0938871	0.112051	0.0150866	0.080033	-0.208386	0.126661	0.00158084	0.143374	NA	NA
rs4149426	-0.359337	0.127751	-0.0690579	0.0539306	-0.0939381	0.112283	0.0140567	0.0802906	-0.208386	0.126661	0.00158084	0.143374	NA	NA
rs7585182	-0.146557	0.091604	0.0190713	0.0265219	-0.0821611	0.053733	0.0105024	0.0397714	-0.0151691	0.0589456	0.0401729	0.0627449	-0.0102477	0.0196699
rs75488758	-0.360846	0.129469	0.0139279	0.0568729	0.0732158	0.118887	0.104037	0.0842342	-0.0274207	0.137952	-0.0200113	0.154068	-0.0818254	0.0418483
rs73952183	0.044969	0.0750468	NA	NA	NA	NA	NA	NA	NA	NA	NA	NA	0.0183285	0.0215325
rs12620050	0.0997228	0.0590084	0.0097038	0.035032	-0.158942	0.067677	0.0474974	0.0503077	0.0359232	0.0816844	-0.0650043	0.0852457	NA	NA
rs6542762	0.0312934	0.0745145	NA	NA	NA	NA	NA	NA	NA	NA	NA	NA	NA	NA
rs60617553	-0.0838792	0.166448	NA	NA	NA	NA	NA	NA	NA	NA	NA	NA	NA	NA
rs6746883	-0.156697	0.0930337	0.0243259	0.0267383	-0.076892	0.0541166	0.0219075	0.0398578	-0.0108375	0.0591065	0.042653	0.0628838	NA	NA
rs78022722	-0.0210376	0.135949	NA	NA	NA	NA	NA	NA	NA	NA	NA	NA	0.0928936	0.0351914
rs17036083	-0.237585	0.15534	NA	NA	NA	NA	NA	NA	NA	NA	NA	NA	NA	NA
rs17036092	-0.0522561	0.128756	NA	NA	NA	NA	NA	NA	NA	NA	NA	NA	NA	NA
rs11885032	-0.355467	0.127198	-0.0738698	0.0541653	-0.101648	0.113603	0.0150989	0.0800306	-0.208003	0.126217	0.000112545	0.142994	-0.0680585	0.0405656
rs73952184	0.0463334	0.0749498	-0.0486073	0.0839224	-0.182599	0.181539	-0.014102	0.112124	-0.188265	0.199684	-0.472341	0.224691	0.0194175	0.0209834
rs11885078	-0.357575	0.129021	0.00949425	0.0571578	0.0695521	0.120633	0.104567	0.0839466	-0.0284405	0.137375	-0.0215712	0.153587	-0.0818254	0.0418483
rs11890318	-0.357575	0.129021	0.00949425	0.0571578	0.0695521	0.120633	0.104567	0.0839466	-0.0284405	0.137375	-0.0215712	0.153587	-0.0818254	0.0418483
rs17036104	-0.355467	0.127198	-0.0739109	0.0541637	-0.101696	0.113598	0.0150989	0.0800306	-0.208003	0.126217	0.000112545	0.142994	-0.0680585	0.0405656
rs17036108	-0.237585	0.15534	NA	NA	NA	NA	NA	NA	NA	NA	NA	NA	0.0276817	0.0311209
rs17036110	-0.357549	0.127595	-0.0747027	0.0543605	-0.102121	0.11396	0.0147747	0.0803907	-0.20839	0.126641	0.00144178	0.143351	NA	NA
rs55834437	0.0461867	0.0751318	NA	NA	NA	NA	NA	NA	NA	NA	NA	NA	0.0165388	0.0212951
rs17036111	-0.0557675	0.129927	NA	NA	NA	NA	NA	NA	NA	NA	NA	NA	0.102073	0.0335636
rs114364379	-0.379478	0.134945	0.00921859	0.0573932	0.0702626	0.121042	0.10506	0.0843709	-0.0274578	0.137932	-0.0201324	0.154037	NA	NA
rs66884717	-0.161975	0.0921015	NA	NA	NA	NA	NA	NA	NA	NA	NA	NA	NA	NA
rs10182799	-0.187761	0.0930123	0.0197774	0.0267357	-0.081343	0.0537111	0.028262	0.0401045	-0.00627347	0.0591404	0.0420154	0.0630518	-0.0174119	0.0198267
rs62148790	0.0774538	0.147201	0.0600962	0.0510651	0.0443363	0.103581	-0.0766718	0.0797995	0.0434391	0.100042	-0.00117016	0.106947	0.0675426	0.0438281
rs59897150	-0.357511	0.127587	-0.0706502	0.0542307	-0.114841	0.113339	0.00601324	0.0797422	-0.212887	0.125952	-0.0250158	0.142181	-0.0680585	0.0405656
rs10185965	0.0352334	0.124153	NA	NA	NA	NA	NA	NA	NA	NA	NA	NA	0.0430796	0.0227141
rs116135554	-0.357512	0.127588	-0.074859	0.0543824	-0.102163	0.114023	0.0147589	0.0804226	-0.208507	0.126654	0.00136934	0.143341	NA	NA
rs79811736	-0.357512	0.127588	-0.0748079	0.0543844	-0.101787	0.114031	0.0147282	0.0804265	-0.20831	0.126662	0.00126465	0.143351	NA	NA
rs17036115	0.0550063	0.076107	NA	NA	NA	NA	NA	NA	NA	NA	NA	NA	0.0139205	0.0214836
rs3731680	-0.355326	0.127192	-0.0739471	0.0541623	-0.101747	0.113592	0.0150989	0.0800306	-0.208003	0.126217	0.000112545	0.142994	-0.0589639	0.0435431
rs114245761	-0.237417	0.155132	NA	NA	NA	NA	NA	NA	NA	NA	NA	NA	0.0276817	0.0311209
rs11689841	0.000105865	0.130061	0.0203625	0.0268958	0.00915522	0.053262	-0.0113811	0.0391087	-0.0311537	0.0608036	0.0786027	0.0648705	NA	NA
rs76908083	-0.168492	0.0931999	NA	NA	NA	NA	NA	NA	NA	NA	NA	NA	NA	NA
rs35976654	-0.000458412	0.13046	NA	NA	NA	NA	-0.01197	0.0394533	-0.0300718	0.0613576	0.0773201	0.0654022	-0.00711547	0.0250337
rs114650905	-0.120781	0.168056	NA	NA	NA	NA	NA	NA	NA	NA	NA	NA	0.0585853	0.0480153
rs77468019	-0.229772	0.096797	0.0769657	0.0736689	0.213137	0.141962	0.0340828	0.101244	0.432068	0.170453	0.119761	0.183227	-0.00121415	0.0283836
rs116006178	-0.370461	0.128191	NA	NA	NA	NA	NA	NA	NA	NA	NA	NA	NA	NA
rs2198466	0.0528172	0.0610876	0.00954788	0.0352982	-0.161268	0.0684948	0.0511784	0.0506803	0.0423737	0.0819539	-0.0518774	0.0853874	NA	NA
rs115509086	-0.140271	0.171954	NA	NA	NA	NA	NA	NA	NA	NA	NA	NA	0.0585853	0.0480153
rs11901666	0.00863854	0.0715733	NA	NA	NA	NA	NA	NA	NA	NA	NA	NA	NA	NA
rs113756789	-0.222539	0.09862	NA	NA	NA	NA	NA	NA	NA	NA	NA	NA	NA	NA
rs10205093	-0.161135	0.0750275	0.0260302	0.0266455	-0.0747165	0.0537989	0.0226923	0.0397269	0.0061351	0.0586309	0.0346246	0.0625678	NA	NA
rs4676193	-0.160896	0.0743049	0.0261049	0.0263772	-0.0756315	0.0533232	0.0220804	0.0392968	0.00491517	0.0581388	0.0344195	0.062076	0.0299771	0.0168244
rs7602574	0.220225	0.119568	NA	NA	NA	NA	NA	NA	NA	NA	NA	NA	0.00302807	0.0335073
rs114770464	-0.350956	0.292425	0.00971067	0.0586957	0.0720362	0.122099	0.112049	0.0863618	-0.027541	0.13855	-0.0217281	0.154716	NA	NA
rs4676194	0.137623	0.0704726	0.0171971	0.0355212	-0.148084	0.0690259	0.0516299	0.0508601	0.0354998	0.0832966	-0.0587789	0.0867661	NA	NA
rs113475345	-0.400329	0.134292	-0.0846589	0.0560284	-0.103243	0.116293	0.0141252	0.0831103	-0.212278	0.128144	-0.000224961	0.144109	-0.0589639	0.0435431
rs114949210	0.0628775	0.0764365	NA	NA	NA	NA	NA	NA	NA	NA	NA	NA	NA	NA
rs113197927	-0.385794	0.126518	-0.0688972	0.0527387	-0.0990017	0.112779	0.0326639	0.0775245	-0.092724	0.117736	-0.0158221	0.131934	-0.0562367	0.0371679
rs77949028	-0.0921535	0.168871	NA	NA	NA	NA	NA	NA	NA	NA	NA	NA	0.0327506	0.0391351
rs62148812	-0.245193	0.0725634	0.0139295	0.0348512	0.0139197	0.0722536	-0.00881046	0.0517559	0.0555068	0.0779258	0.0269294	0.085354	NA	NA
rs114713197	0.0441807	0.17828	NA	NA	NA	NA	NA	NA	NA	NA	NA	NA	NA	NA
rs77742498	-0.321772	0.131128	0.0211246	0.0822528	0.210318	0.179237	0.0797245	0.113017	-0.00274617	0.197491	0.290692	0.223553	NA	NA
rs72831087	-0.108832	0.124573	-0.0717831	0.116744	0.0993297	0.273587	0.0381915	0.156071	-0.466133	0.281259	0.423	0.294445	-0.0131111	0.0300369
rs76101080	0.165871	0.0734842	NA	NA	NA	NA	NA	NA	0.0240169	0.276083	-0.128483	0.295619	NA	NA
rs3835904	-0.0439838	0.0716949	NA	NA	NA	NA	-0.143397	0.0748907	0.142994	0.132463	-0.155588	0.134129	0.00276752	0.0199696
rs112317745	0.210021	0.274959	NA	NA	NA	NA	NA	NA	NA	NA	NA	NA	NA	NA
rs7560956	-0.0541239	0.12071	NA	NA	NA	NA	NA	NA	NA	NA	NA	NA	-0.0134651	0.0273715
rs752273	-0.0237886	0.0612967	0.0150714	0.0331118	-0.0429557	0.0663986	-0.0958676	0.0480272	-0.00369802	0.0758633	-0.00770558	0.0783677	0.0163047	0.0158731
rs13389508	0.110848	0.0951903	NA	NA	NA	NA	NA	NA	NA	NA	NA	NA	0.00755022	0.0244346
rs62148814	0.00384057	0.120073	0.0838008	0.0386424	0.0472329	0.0807835	-0.049086	0.0560496	-0.0541261	0.0844281	0.0515071	0.0887044	0.0223693	0.026939
rs78447384	-0.0540683	0.12068	NA	NA	NA	NA	NA	NA	NA	NA	NA	NA	-0.0077044	0.0275679
rs112958189	-0.03641	0.0807274	NA	NA	NA	NA	NA	NA	NA	NA	NA	NA	NA	NA
rs113417651	-0.04624	0.0583787	NA	NA	NA	NA	-0.0858876	0.044226	0.0445192	0.0690879	-0.0239406	0.0711347	NA	NA
rs1989096	-0.0462554	0.058372	-0.00371034	0.0307899	-0.0430995	0.062828	-0.085319	0.0439703	0.0426204	0.0683682	-0.0226861	0.0704073	0.0162306	0.0149923
rs34373199	-0.00174196	0.0717715	0.000567762	0.0312668	-0.0362078	0.0640271	-0.0869986	0.044454	0.0464248	0.0694363	-0.0338494	0.0715209	NA	NA
rs78911053	-0.143083	0.136773	NA	NA	NA	NA	NA	NA	NA	NA	NA	NA	0.0377803	0.0272024
rs56030900	-0.0147664	0.0989728	0.0384777	0.0519765	-0.00262264	0.102425	0.00201419	0.0798765	0.429902	0.147218	-0.222841	0.147177	-0.0559799	0.0375513
rs9646949	-0.100314	0.0587225	0.0694599	0.0297251	-0.0193891	0.0603142	0.00591087	0.0440767	0.0996706	0.0666972	-0.0379461	0.0694922	NA	NA
rs112843137	0.0133114	0.0774032	NA	NA	NA	NA	NA	NA	NA	NA	NA	NA	0.00904501	0.0218605
rs115127787	-0.133455	0.160223	-0.315725	0.0657874	-0.34085	0.145507	-0.242905	0.0916938	-0.0561169	0.173166	-0.0889984	0.171101	0.0363272	0.0447177
rs74897517	0.0141689	0.0959906	NA	NA	NA	NA	NA	NA	NA	NA	NA	NA	0.0615621	0.0294702
rs62148815	-0.0654177	0.0942673	0.0769324	0.0386218	0.0323873	0.0804909	-0.0496085	0.0560396	-0.0528125	0.0844279	0.0499137	0.0887083	NA	NA
rs115816719	-0.00149467	0.091124	NA	NA	NA	NA	NA	NA	NA	NA	NA	NA	0.0394453	0.0244655
rs74358228	-0.0697698	0.115696	NA	NA	NA	NA	NA	NA	NA	NA	NA	NA	0.000726031	0.0258885
rs62148816	-0.033151	0.0895105	0.076773	0.0386235	0.0319003	0.0804781	-0.0492057	0.0560476	-0.05309	0.084418	0.0502764	0.088711	NA	NA
rs60182045	0.0814926	0.09328	NA	NA	NA	NA	NA	NA	NA	NA	NA	NA	NA	NA
rs116198944	0.00239024	0.122967	0.028144	0.055753	0.0276397	0.11014	-0.000135611	0.0854103	0.493201	0.152613	-0.235386	0.152191	0.0643644	0.0641451
rs72941161	0.14024	0.115602	NA	NA	NA	NA	NA	NA	NA	NA	NA	NA	NA	NA
rs73952194	0.10892	0.235674	NA	NA	NA	NA	NA	NA	NA	NA	NA	NA	-0.108118	0.0605026
rs72941162	0.10569	0.108414	NA	NA	NA	NA	NA	NA	NA	NA	NA	NA	NA	NA
rs72941163	0.0877986	0.109195	NA	NA	NA	NA	NA	NA	NA	NA	NA	NA	-0.0897376	0.024582
rs80130516	-0.0440088	0.112235	0.0527279	0.0515889	0.000426165	0.102428	0.0116534	0.0788922	0.431253	0.142032	-0.203912	0.1424	0.0341471	0.0445687
rs77929914	0.308318	0.214299	0.0655166	0.0398218	0.0198097	0.088262	-0.0650562	0.0561482	-0.0363327	0.0984888	0.116418	0.102001	-0.0233818	0.046894
rs35718535	-0.197856	0.0753905	-0.00624377	0.0258155	-0.0774708	0.0516165	-0.0121465	0.0373287	0.0652517	0.059942	0.0750997	0.0619164	NA	NA
rs13012360	-0.0990762	0.0532484	-7.22E-05	0.026673	-0.0510167	0.0551558	0.0193013	0.0384498	0.0968866	0.0629345	0.0574776	0.064906	0.0328287	0.0136145
rs17036137	0.0714045	0.15212	0.0891536	0.0513322	-0.00941434	0.101223	0.015319	0.0763272	-0.207371	0.101797	0.241913	0.105372	NA	NA
rs34661588	-0.101155	0.0541433	-0.00186545	0.0266395	-0.0508273	0.0551877	0.0172409	0.0383551	0.0809084	0.0622084	0.0459033	0.0642287	NA	NA
rs57433612	0.0382619	0.196069	NA	NA	NA	NA	NA	NA	NA	NA	NA	NA	-0.11988	0.0583132
rs10192545	-0.031289	0.0909121	NA	NA	NA	NA	NA	NA	NA	NA	NA	NA	-0.0928626	0.0225461
rs72941166	0.150703	0.0946107	NA	NA	NA	NA	NA	NA	NA	NA	NA	NA	0.0415959	0.0245286
rs73952195	0.0382619	0.196069	NA	NA	NA	NA	NA	NA	NA	NA	NA	NA	-0.11988	0.0583132
rs10180360	-0.0384331	0.0906832	NA	NA	NA	NA	NA	NA	NA	NA	NA	NA	NA	NA
rs76092520	0.00939104	0.0998792	NA	NA	NA	NA	NA	NA	NA	NA	NA	NA	0.0141751	0.030585
rs6542763	-0.10367	0.0551809	0.000792498	0.026642	-0.0486026	0.0550878	0.0197641	0.0384019	0.0971335	0.0628924	0.0620748	0.0648808	NA	NA
rs116380441	-0.0242403	0.116678	0.0616936	0.0514833	0.0251901	0.102625	0.00940922	0.0778752	0.425286	0.141681	-0.203478	0.142247	0.0623125	0.0616863
rs77668474	-0.229104	0.12928	NA	NA	NA	NA	NA	NA	NA	NA	NA	NA	0.0510527	0.0269485
rs75088767	-0.083442	0.102708	0.0643513	0.0395319	0.0165703	0.087402	-0.0623922	0.0559026	-0.0375418	0.0966003	0.120684	0.0998609	0.0250342	0.0249434
rs1879493	-0.111166	0.0567395	0.00079527	0.0266425	-0.0485577	0.0550901	0.0197641	0.0384019	0.0962818	0.0630596	0.0647936	0.0650401	0.0354496	0.013793
rs1879494	-0.11424	0.0555642	0.000792498	0.026642	-0.0486026	0.0550878	0.0197641	0.0384019	0.0971335	0.0628924	0.0620748	0.0648808	NA	NA
rs72941168	-0.0265212	0.168489	NA	NA	NA	NA	NA	NA	NA	NA	NA	NA	-0.174011	0.031994
rs1879495	-0.171741	0.0811763	-0.00751549	0.0254594	-0.0759114	0.0507819	-0.0101428	0.037125	0.0597622	0.0589208	0.0702356	0.0609884	NA	NA
rs12477830	0.00674784	0.0798466	0.0756049	0.0366838	0.00649601	0.0744912	0.0169904	0.0555965	-0.00283672	0.0857701	0.0719308	0.0873802	NA	NA
rs111753157	-0.274858	0.125047	NA	NA	NA	NA	NA	NA	NA	NA	NA	NA	-0.0205563	0.0375829
rs7607619	-0.0875496	0.0564573	0.00242397	0.0265649	-0.0443861	0.0550169	0.0273037	0.0382059	0.0916541	0.0625949	0.066847	0.0644319	NA	NA
rs7607740	-0.0881177	0.0565184	-0.0418118	0.0258146	-0.0896249	0.0547082	-0.00861942	0.0372532	0.0800193	0.0615301	0.047168	0.0630504	0.0359115	0.0138125
rs72941169	0.291067	0.269669	NA	NA	NA	NA	NA	NA	NA	NA	NA	NA	NA	NA
rs7581572	-0.0987421	0.0553506	0.0015017	0.0264992	-0.0463826	0.0549481	0.0272921	0.0382074	0.0960658	0.0621745	0.0637679	0.0641957	0.0356869	0.0139193
rs7595791	-0.0914658	0.0551826	-0.0414483	0.0255428	-0.0881372	0.0542499	-0.00404553	0.0369054	0.0848532	0.0605575	0.0444704	0.0620943	0.0342664	0.0138796
rs35877836	0.00801706	0.0998988	NA	NA	NA	NA	NA	NA	NA	NA	NA	NA	NA	NA
rs7598552	-0.100455	0.055742	0.00144955	0.0264542	-0.0463488	0.0549458	0.031962	0.0381766	0.096306	0.0621843	0.0642405	0.0642055	0.0276519	0.0140233
rs73952197	0.0674097	0.163944	NA	NA	NA	NA	NA	NA	NA	NA	NA	NA	-0.116573	0.038573
rs12476238	0.0134636	0.0791875	0.0859551	0.0373727	0.0283522	0.0764014	0.0231049	0.0558673	-0.000917514	0.0861448	0.0585545	0.0874981	NA	NA
rs34478124	-0.0269026	0.0531469	0.00110281	0.0264609	-0.0466313	0.0549565	0.0316422	0.0381896	0.0993858	0.062106	0.0649748	0.0641393	0.020764	0.0136145
rs74716555	0.0235483	0.0900883	NA	NA	NA	NA	NA	NA	NA	NA	NA	NA	NA	NA
rs60054148	-0.0474017	0.0531594	0.00112991	0.026461	-0.046641	0.0549557	0.0315861	0.0381911	0.0994003	0.0621105	0.0649897	0.0641564	NA	NA
rs75284763	-0.0360982	0.075273	0.0649602	0.0391948	0.0214098	0.0864012	-0.059399	0.0555537	-0.0268755	0.0943857	0.138702	0.0977041	NA	NA
rs35879301	-0.0333511	0.0564885	-0.0252969	0.0305731	-0.0703106	0.061811	0.0769975	0.0444843	0.143149	0.0687841	0.0311596	0.0720718	0.0217424	0.0145166
rs115301217	-0.0121874	0.221731	NA	NA	NA	NA	NA	NA	NA	NA	NA	NA	NA	NA
rs114243443	-0.0014709	0.220271	NA	NA	NA	NA	NA	NA	NA	NA	NA	NA	NA	NA
rs77857767	-0.22527	0.126165	NA	NA	NA	NA	NA	NA	NA	NA	NA	NA	0.052083	0.026606
rs6542764	-0.173801	0.078034	0.00538683	0.0256225	-0.0637566	0.0506091	-0.00404339	0.0376548	0.0702324	0.0595366	0.0811312	0.061687	NA	NA
rs116300526	0.103569	0.100986	NA	NA	NA	NA	NA	NA	NA	NA	NA	NA	-0.0645257	0.0290251
rs115475218	-0.0331695	0.174608	NA	NA	NA	NA	NA	NA	NA	NA	NA	NA	0.0380528	0.0296783
rs77968888	0.0156438	0.160666	NA	NA	NA	NA	NA	NA	NA	NA	NA	NA	NA	NA
rs114373630	-0.049626	0.173614	NA	NA	NA	NA	NA	NA	NA	NA	NA	NA	0.0613561	0.0312587
rs113944288	0.0407255	0.164112	NA	NA	NA	NA	NA	NA	NA	NA	NA	NA	-0.131922	0.0416227
rs11123688	-0.0446762	0.0569248	0.00181938	0.0311566	-0.0354776	0.0660599	-0.0840923	0.0442499	0.0734262	0.0729801	0.00488687	0.0745003	-0.038478	0.0149767
rs1983394	-0.153978	0.241376	-0.0248703	0.0317214	-0.0558387	0.0642439	0.086841	0.0462613	0.146522	0.0728559	0.0626362	0.0769522	0.0545448	0.0390112
rs73952199	-0.0358955	0.0762806	0.0652144	0.0390046	0.0238915	0.0863919	-0.0495658	0.0553082	-0.0272499	0.0934641	0.144408	0.0966544	0.00651715	0.0192903
rs56296447	-0.0333102	0.0943603	0.0681534	0.0516594	0.0355028	0.102467	0.00796809	0.0784525	0.428157	0.141493	-0.202772	0.142009	-0.0203417	0.0336554
rs116379868	0.315142	0.222804	NA	NA	NA	NA	NA	NA	NA	NA	NA	NA	0.00787554	0.0399213
rs7580242	-0.227215	0.12642	NA	NA	NA	NA	NA	NA	NA	NA	NA	NA	0.0507904	0.0270141
rs116151278	0.0324493	0.208671	NA	NA	NA	NA	NA	NA	NA	NA	NA	NA	NA	NA
rs7580171	-0.0570629	0.0583456	0.00860377	0.0308847	-0.0280269	0.0655889	-0.0765444	0.0439011	0.0728166	0.0725155	0.00461878	0.0740847	-0.0366977	0.0149934
rs111882057	-0.0523254	0.0566394	0.00682737	0.0309316	-0.022513	0.0658197	-0.0757641	0.0440031	0.0713247	0.072639	0.00656677	0.0741072	-0.037651	0.0149807
rs77166669	0.310719	0.128106	NA	NA	NA	NA	NA	NA	NA	NA	NA	NA	-0.0968262	0.0337916
rs114169938	0.310719	0.128106	NA	NA	NA	NA	NA	NA	NA	NA	NA	NA	-0.0968262	0.0337916
rs114723810	0.0344683	0.210875	NA	NA	NA	NA	NA	NA	NA	NA	NA	NA	NA	NA
rs13408491	-0.0621389	0.0581293	0.00858253	0.0308854	-0.0280269	0.0655889	-0.076601	0.0439022	0.0728166	0.0725155	0.00461878	0.0740847	-0.0380028	0.0149472
rs75253977	-0.0661493	0.0860424	0.0635867	0.0391554	0.0186356	0.0867706	-0.0510802	0.0555558	-0.034613	0.0940004	0.143335	0.0971423	-0.00963117	0.0228319
rs13382967	-0.0735257	0.065168	0.00660774	0.0255708	-0.0639854	0.0506468	-0.00218877	0.0374998	0.0828659	0.0596485	0.0906464	0.0614985	NA	NA
rs13383219	-0.0525121	0.0565371	0.00860377	0.0308847	-0.0280269	0.0655889	-0.0765444	0.0439011	0.0708255	0.0724156	0.00768249	0.0739292	-0.0374435	0.0149803
rs13408865	-0.0526157	0.0566278	0.00861399	0.0308848	-0.0280179	0.0655893	-0.0765467	0.0439012	0.0707705	0.0724174	0.00767741	0.0739305	-0.0374435	0.0149803
rs17770853	-0.0370985	0.0935815	0.0681534	0.0516594	0.0355028	0.102467	0.00796809	0.0784525	0.428157	0.141493	-0.202772	0.142009	-0.0144549	0.0330379
rs17036144	-0.0525174	0.056537	0.00860377	0.0308847	-0.0280269	0.0655889	-0.0765444	0.0439011	0.0708255	0.0724156	0.00768249	0.0739292	-0.0374435	0.0149803
rs17036146	-0.0525105	0.0565373	0.00910753	0.0306738	-0.026388	0.0651679	-0.0749095	0.0435791	0.07101	0.0718524	0.00796662	0.0733405	-0.0374435	0.0149803
rs72941177	-0.0526599	0.0566278	0.00971311	0.0309209	-0.0285083	0.0658498	-0.0782596	0.0439445	0.0708255	0.0724156	0.00768249	0.0739292	NA	NA
rs6753034	-0.0700131	0.0636084	0.00249007	0.0257845	-0.0594982	0.0519097	0.00884292	0.0376511	0.0758467	0.0596753	0.0958813	0.06146	NA	NA
rs6709159	-0.0688615	0.0634722	0.00242861	0.0255872	-0.0579789	0.0515181	0.00979143	0.0373265	0.0757653	0.0592763	0.0952507	0.0610348	NA	NA
rs74376531	-0.214404	0.125724	NA	NA	NA	NA	NA	NA	NA	NA	NA	NA	0.0529265	0.0273589
rs6709978	0.00362819	0.0555381	-0.00247271	0.0288681	-0.0428558	0.0596563	0.0758124	0.0420318	0.0251382	0.0639057	0.10756	0.0663697	NA	NA
rs74629249	0.0164168	0.153814	NA	NA	NA	NA	NA	NA	NA	NA	NA	NA	0.0508299	0.0485968
rs78646048	-0.0147286	0.100883	0.0774007	0.0393598	0.0169739	0.0865309	-0.00976304	0.0557974	-0.0152042	0.0948889	0.124168	0.0983808	0.00803361	0.0251302
rs74561880	0.109339	0.1126	0.0498379	0.100945	0.0886308	0.21705	-0.123547	0.147233	-0.133581	0.231196	-0.243845	0.246558	-0.0106991	0.025844
rs73954107	-0.0564854	0.108427	NA	NA	NA	NA	NA	NA	NA	NA	NA	NA	0.0320659	0.0299576
rs73954108	-0.00854657	0.100426	NA	NA	NA	NA	NA	NA	NA	NA	NA	NA	0.0161229	0.0231394
rs73954109	0.341038	0.224299	NA	NA	NA	NA	NA	NA	NA	NA	NA	NA	0.0114384	0.0431496
rs1020610	0.0277627	0.0602351	-0.0107485	0.0290994	-0.0519645	0.0571274	0.00683029	0.0430075	0.0952101	0.0662869	0.0833051	0.066766	NA	NA
rs116683552	-0.146916	0.107301	NA	NA	NA	NA	NA	NA	NA	NA	NA	NA	-0.00386676	0.0256544
rs78910796	-0.054033	0.124612	NA	NA	NA	NA	NA	NA	NA	NA	NA	NA	NA	NA
rs73954110	-0.394532	0.251302	NA	NA	NA	NA	NA	NA	NA	NA	NA	NA	0.129524	0.0519224
rs74358393	0.0649164	0.0739066	NA	NA	NA	NA	NA	NA	NA	NA	NA	NA	NA	NA
rs13385278	0.106949	0.0838246	NA	NA	NA	NA	NA	NA	NA	NA	NA	NA	0.0396158	0.0221475
rs73954111	-0.444142	0.147595	NA	NA	NA	NA	NA	NA	NA	NA	NA	NA	0.0501911	0.0305156
rs78298804	0.336548	0.12978	NA	NA	NA	NA	NA	NA	NA	NA	NA	NA	-0.0917215	0.0345128
rs72941181	-0.046242	0.0583373	0.0362559	0.0374566	-0.125818	0.0745212	-0.112416	0.0580252	0.100222	0.0986126	-0.166241	0.097288	-0.029371	0.0147048
rs1521095	-0.0554578	0.0726589	-0.352768	0.0866631	-0.302915	0.194278	-0.221801	0.111142	-0.336652	0.189035	-0.023047	0.193533	0.0302884	0.0175572
rs72941182	-0.0441444	0.0579226	0.0362559	0.0374566	-0.125818	0.0745212	-0.112416	0.0580252	0.100222	0.0986126	-0.166241	0.097288	-0.029371	0.0147048
rs11902068	-0.440355	0.145479	NA	NA	NA	NA	NA	NA	NA	NA	NA	NA	0.0501911	0.0305156
rs973507	0.0414121	0.0676856	-0.0230851	0.0339147	-0.135985	0.0666919	-0.13928	0.0509952	0.0116835	0.0854185	-0.117788	0.0857191	NA	NA
rs11902046	-0.440355	0.145479	NA	NA	NA	NA	NA	NA	NA	NA	NA	NA	0.0501911	0.0305156
rs730631	0.0414759	0.0675848	-0.022543	0.0335304	-0.134193	0.0658739	-0.136301	0.0503443	0.00931213	0.0845754	-0.117331	0.0849635	0.00966728	0.0145555
rs61510771	0.147594	0.0673514	NA	NA	NA	NA	NA	NA	NA	NA	NA	NA	NA	NA
rs114008588	0.440483	0.263419	NA	NA	NA	NA	NA	NA	NA	NA	NA	NA	NA	NA
rs73954124	-0.0614014	0.0727754	-0.352793	0.0866625	-0.302915	0.194278	-0.221877	0.111141	-0.336652	0.189035	-0.023047	0.193533	0.0314725	0.0178046
rs971301	-0.0423991	0.0738691	-0.352781	0.0866628	-0.302915	0.194278	-0.221839	0.111141	-0.335722	0.189036	-0.0228403	0.193535	0.0347925	0.0176458
rs75218923	0.147594	0.0673514	NA	NA	NA	NA	NA	NA	NA	NA	NA	NA	0.0267245	0.0178893
rs77664857	0.337013	0.130334	NA	NA	NA	NA	NA	NA	NA	NA	NA	NA	NA	NA
rs971302	-0.0485271	0.0740124	NA	NA	NA	NA	-0.221877	0.111141	-0.335722	0.189036	-0.0228403	0.193535	0.0361359	0.0179008
rs1402461	-0.0485271	0.0740124	-0.352793	0.0866625	-0.302915	0.194278	-0.221877	0.111141	-0.335722	0.189036	-0.0228403	0.193535	0.0361359	0.0179008
rs6704875	0.0669645	0.0732918	NA	NA	NA	NA	NA	NA	NA	NA	NA	NA	0.0683671	0.0204576
rs13383019	-0.252067	0.236027	NA	NA	NA	NA	NA	NA	NA	NA	NA	NA	NA	NA
rs6705786	0.147594	0.0673514	NA	NA	NA	NA	NA	NA	NA	NA	NA	NA	NA	NA
rs6705596	0.349261	0.15776	NA	NA	NA	NA	NA	NA	NA	NA	NA	NA	NA	NA
rs28463097	-0.139438	0.0864382	NA	NA	NA	NA	NA	NA	NA	NA	NA	NA	NA	NA
rs10200729	-0.0485271	0.0740124	NA	NA	NA	NA	-0.221877	0.111141	-0.335722	0.189036	-0.0228403	0.193535	0.0361359	0.0179008
rs10201154	0.106724	0.0835702	NA	NA	NA	NA	NA	NA	NA	NA	NA	NA	0.0396158	0.0221475
rs10177558	-0.0486776	0.0740189	NA	NA	NA	NA	-0.220865	0.11083	-0.253653	0.184008	0.0379723	0.188289	NA	NA
rs10204133	-0.0452818	0.0579854	NA	NA	NA	NA	-0.107826	0.0573392	0.0994513	0.0988693	-0.168936	0.0973818	-0.0287463	0.0146865
rs56301825	-0.0423991	0.0738691	-0.353839	0.0864111	-0.303434	0.193768	-0.222227	0.110816	-0.329272	0.189332	-0.0212204	0.193772	0.0347925	0.0176458
rs115417552	0.341407	0.130401	NA	NA	NA	NA	NA	NA	NA	NA	NA	NA	-0.0911534	0.0340102
rs77568561	-0.204693	0.115147	0.0243533	0.0541986	-0.222684	0.103199	-0.0473308	0.0843031	-0.151168	0.155185	-0.171132	0.147328	0.00280092	0.032673
rs76404278	-0.440355	0.145479	NA	NA	NA	NA	NA	NA	NA	NA	NA	NA	0.0501911	0.0305156
rs116627714	0.100148	0.0933716	NA	NA	NA	NA	NA	NA	NA	NA	NA	NA	0.0414409	0.0269474
rs113587737	0.0390349	0.124835	NA	NA	NA	NA	NA	NA	NA	NA	NA	NA	NA	NA
rs13382347	-0.0485271	0.0740124	-0.353839	0.0864111	-0.303434	0.193768	-0.222227	0.110816	-0.329272	0.189332	-0.0212204	0.193772	0.0361359	0.0179008
rs4602185	-0.0485271	0.0740124	-0.353839	0.0864111	-0.303434	0.193768	-0.222227	0.110816	-0.329272	0.189332	-0.0212204	0.193772	0.0358924	0.017913
rs13407510	-0.0485271	0.0740124	-0.353839	0.0864111	-0.303434	0.193768	-0.222227	0.110816	-0.329272	0.189332	-0.0212204	0.193772	0.0358924	0.017913
rs4308091	-0.0505779	0.073891	-0.353839	0.0864111	-0.303434	0.193768	-0.222227	0.110816	-0.329272	0.189332	-0.0212204	0.193772	0.0361359	0.0179008
rs4386286	0.0431207	0.0710201	-0.0225732	0.0335266	-0.134226	0.0658655	-0.136267	0.0503384	-0.0124034	0.0844594	-0.127974	0.0848014	NA	NA
rs6736509	0.089454	0.0813672	NA	NA	NA	NA	NA	NA	NA	NA	NA	NA	0.0640802	0.0215385
rs111907970	-0.0924754	0.289606	NA	NA	NA	NA	NA	NA	NA	NA	NA	NA	0.0219377	0.0513904
rs112808769	0.116885	0.0838662	NA	NA	NA	NA	NA	NA	NA	NA	NA	NA	NA	NA
rs10193801	-0.0518954	0.0580128	0.0367207	0.0372439	-0.125136	0.0741537	-0.107826	0.0573392	0.0994513	0.0988693	-0.168936	0.0973818	NA	NA
rs57684034	0.0794983	0.0710154	NA	NA	NA	NA	NA	NA	NA	NA	NA	NA	0.0588178	0.0201862
rs116451545	0.0164539	0.0688818	NA	NA	NA	NA	NA	NA	NA	NA	NA	NA	NA	NA
rs13414622	0.0491171	0.0715063	-0.0231938	0.0337577	-0.134525	0.0663993	-0.138142	0.0505825	-0.0102378	0.0853708	-0.12894	0.0856278	0.00583329	0.0146486
rs116138995	0.346688	0.130266	NA	NA	NA	NA	NA	NA	NA	NA	NA	NA	-0.0917215	0.0345128
rs7581177	0.480886	0.241784	NA	NA	NA	NA	NA	NA	NA	NA	NA	NA	NA	NA
rs77678057	-0.444722	0.14556	NA	NA	NA	NA	NA	NA	NA	NA	NA	NA	0.0501911	0.0305156
rs13409282	-0.0444658	0.0737519	-0.353839	0.0864111	-0.303434	0.193768	-0.222227	0.110816	-0.329272	0.189332	-0.0212204	0.193772	0.0347925	0.0176458
rs58733910	-0.00531255	0.07169	-0.353839	0.0864111	-0.303434	0.193768	-0.222227	0.110816	-0.329272	0.189332	-0.0212204	0.193772	NA	NA
rs114664635	-0.423896	0.244441	NA	NA	NA	NA	NA	NA	NA	NA	NA	NA	NA	NA
rs78606328	0.346688	0.130266	NA	NA	NA	NA	NA	NA	NA	NA	NA	NA	-0.0911534	0.0340102
rs116013135	0.481142	0.241811	NA	NA	NA	NA	NA	NA	NA	NA	NA	NA	-0.099791	0.0685268
rs13425308	0.000281992	0.0715849	-0.353839	0.0864111	-0.303434	0.193768	-0.222227	0.110816	-0.324339	0.189769	-0.0181675	0.194187	0.0269965	0.0172885
rs13400239	0.000281992	0.0715849	-0.353839	0.0864111	-0.303434	0.193768	-0.222227	0.110816	-0.324339	0.189769	-0.0181675	0.194187	0.0269965	0.0172885
rs10204619	-0.423896	0.244441	NA	NA	NA	NA	NA	NA	NA	NA	NA	NA	NA	NA
rs17036203	-0.444722	0.14556	NA	NA	NA	NA	NA	NA	NA	NA	NA	NA	0.0501911	0.0305156
rs10514623	-0.0174838	0.064383	0.03362	0.0380435	-0.116359	0.0752805	-0.109219	0.0587039	0.115149	0.100926	-0.181176	0.0991407	-0.0373403	0.0168596
rs116620899	0.00396246	0.0934557	NA	NA	NA	NA	NA	NA	NA	NA	NA	NA	NA	NA
rs7579076	0.00389165	0.0934746	NA	NA	NA	NA	NA	NA	NA	NA	NA	NA	NA	NA
rs7588551	0.00257764	0.0717322	-0.353883	0.0864011	-0.303566	0.193726	-0.222227	0.110816	-0.324339	0.189769	-0.0181675	0.194187	0.0269965	0.0172885
rs112599026	0.0033838	0.0716065	NA	NA	NA	NA	NA	NA	NA	NA	NA	NA	0.0269965	0.0172885
rs13388057	0.00321613	0.0715889	-0.353883	0.0864011	-0.303566	0.193726	-0.222227	0.110816	-0.324339	0.189769	-0.0181675	0.194187	NA	NA
rs13388232	0.171793	0.0813724	NA	NA	NA	NA	NA	NA	NA	NA	NA	NA	NA	NA
rs57432132	0.159362	0.0668543	NA	NA	NA	NA	NA	NA	NA	NA	NA	NA	0.0267245	0.0178893
rs75458872	0.345915	0.130127	NA	NA	NA	NA	NA	NA	NA	NA	NA	NA	NA	NA
rs13416525	0.00339823	0.0716055	-0.353883	0.0864011	-0.303566	0.193726	-0.222227	0.110816	-0.324339	0.189769	-0.0181675	0.194187	0.0269965	0.0172885
rs10173529	-0.0523384	0.057977	0.0354486	0.0375673	-0.12167	0.0747076	-0.0989048	0.0576652	0.10958	0.0995418	-0.167415	0.0978138	-0.0312259	0.0147145
rs10173535	-0.0523492	0.0579775	0.0354486	0.0375673	-0.12167	0.0747076	-0.0989048	0.0576652	0.10958	0.0995418	-0.167415	0.0978138	NA	NA
rs4544387	0.00258198	0.071519	-0.353883	0.0864011	-0.303566	0.193726	-0.222227	0.110816	-0.324339	0.189769	-0.0181675	0.194187	0.0269965	0.0172885
rs7569774	0.171627	0.0814345	NA	NA	NA	NA	NA	NA	NA	NA	NA	NA	0.0272483	0.0214182
rs2060943	-0.00311622	0.0715343	-0.35432	0.0863029	-0.303269	0.193689	-0.223015	0.110677	-0.323212	0.189247	-0.0180977	0.19365	0.0280272	0.0175168
rs2060944	0.0054148	0.0707977	-0.353883	0.0864011	-0.303566	0.193726	-0.222227	0.110816	-0.324284	0.189782	-0.0181199	0.194199	NA	NA
rs115444079	0.357709	0.130975	NA	NA	NA	NA	NA	NA	NA	NA	NA	NA	-0.0911534	0.0340102
rs7584232	-0.0029999	0.0716241	-0.353883	0.0864011	-0.303566	0.193726	-0.222227	0.110816	-0.324339	0.189769	-0.0181675	0.194187	0.0280272	0.0175168
rs116312286	0.09161	0.08131	NA	NA	NA	NA	NA	NA	NA	NA	NA	NA	NA	NA
rs74341457	0.0345397	0.221617	NA	NA	NA	NA	NA	NA	NA	NA	NA	NA	NA	NA
rs112632492	-0.0029999	0.0716241	-0.353883	0.0864011	-0.303566	0.193726	-0.222227	0.110816	-0.324339	0.189769	-0.0181675	0.194187	0.0277001	0.0175066
rs2378104	-0.00979562	0.0717507	-0.353883	0.0864011	-0.303566	0.193726	-0.222227	0.110816	-0.324339	0.189769	-0.0181675	0.194187	NA	NA
rs28458219	-0.252427	0.236097	NA	NA	NA	NA	NA	NA	NA	NA	NA	NA	NA	NA
rs2378105	-0.00979562	0.0717507	-0.354446	0.0863249	-0.303566	0.193726	-0.223018	0.110709	-0.324339	0.189769	-0.0181675	0.194187	NA	NA
rs2378106	-0.447284	0.135862	NA	NA	NA	NA	NA	NA	NA	NA	NA	NA	NA	NA
rs2378107	-0.00979562	0.0717507	-0.354446	0.0863249	-0.303566	0.193726	-0.223018	0.110709	-0.324339	0.189769	-0.0181675	0.194187	NA	NA
rs2378108	-0.0101262	0.0717631	-0.254372	0.0729644	-0.230385	0.16329	-0.152144	0.0929851	-0.377473	0.175711	-0.105448	0.182779	0.0312311	0.0173451
rs75333594	0.260577	0.133571	NA	NA	NA	NA	NA	NA	NA	NA	NA	NA	NA	NA
rs12328812	-0.00979562	0.0717507	-0.354446	0.0863249	-0.303566	0.193726	-0.223018	0.110709	-0.324339	0.189769	-0.0181675	0.194187	0.0280272	0.0175168
rs73954131	-0.442641	0.145141	NA	NA	NA	NA	NA	NA	NA	NA	NA	NA	NA	NA
rs10179994	0.0737118	0.0582521	0.0280719	0.037343	-0.127697	0.074128	-0.126584	0.0572256	0.0624604	0.0975879	-0.185552	0.0960155	-0.0134018	0.0137853
rs13427066	-0.0581026	0.0739848	-0.354446	0.0863249	-0.303566	0.193726	-0.223018	0.110709	-0.324339	0.189769	-0.0181675	0.194187	0.0361359	0.0179008
rs7577165	-0.0498465	0.0579174	0.0372124	0.0371281	-0.12694	0.073584	-0.110051	0.0572289	0.105367	0.0983685	-0.169949	0.0962285	-0.0312259	0.0147145
rs13402351	-0.0519424	0.0738454	-0.354446	0.0863249	-0.303566	0.193726	-0.223018	0.110709	-0.324339	0.189769	-0.0181675	0.194187	NA	NA
rs13402363	-0.0519424	0.0738454	-0.354446	0.0863249	-0.303566	0.193726	-0.223018	0.110709	-0.324339	0.189769	-0.0181675	0.194187	0.0347925	0.0176458
rs12329268	-0.058374	0.0737659	-0.354446	0.0863249	-0.303566	0.193726	-0.223018	0.110709	-0.324339	0.189769	-0.0181675	0.194187	0.0347925	0.0176458
rs17036245	-0.183022	0.0847873	0.0537644	0.043801	-0.0432305	0.0891934	0.0626913	0.0653205	0.00490756	0.0886125	0.0441411	0.0930828	0.00459633	0.0193632
rs56251406	-0.234345	0.104751	-0.354477	0.0863243	-0.303527	0.193727	-0.223018	0.110709	-0.356892	0.194858	-0.00722412	0.20024	0.0294902	0.0226367
rs57398774	-0.412347	0.133397	NA	NA	NA	NA	NA	NA	NA	NA	NA	NA	0.0405259	0.0286983
rs80024898	0.00753812	0.0931603	0.0236935	0.05432	0.00639295	0.106799	-0.162465	0.0856155	0.320431	0.13715	-0.129092	0.141308	0.0025495	0.0287032
rs6746280	-0.111474	0.13216	0.00666288	0.0283752	-0.108907	0.0557439	-0.0714849	0.0421044	0.000589171	0.0677799	-0.0608068	0.0707432	0.0071485	0.0185601
rs56234237	-0.23332	0.104142	-0.354477	0.0863243	-0.303527	0.193727	-0.223018	0.110709	-0.356451	0.194943	-0.00763429	0.200358	0.0294902	0.0226367
rs11684248	-0.186248	0.0842773	0.0507176	0.0434536	-0.0460927	0.0887264	0.0592108	0.0646832	0.00572444	0.0878755	0.0427004	0.092208	NA	NA
rs17036246	0.0549113	0.0705205	NA	NA	NA	NA	NA	NA	0.056766	0.296437	0.22159	0.298694	0.0536898	0.0189509
rs17822619	0.01482	0.0640718	0.0369745	0.038292	-0.113638	0.075803	-0.114331	0.0588212	0.119496	0.100956	-0.18247	0.0991547	-0.0374801	0.0170717
rs17036247	-0.233271	0.104153	-0.354659	0.0863364	-0.306921	0.193775	-0.223162	0.110721	-0.357102	0.19491	-0.015976	0.200297	0.027272	0.022546
rs17036248	-0.222788	0.103149	-0.354477	0.0863243	-0.303527	0.193727	-0.223018	0.110709	-0.357276	0.19491	-0.0073269	0.200299	0.0208938	0.0221246
rs17036251	-0.0922119	0.0766564	0.0507367	0.0433299	-0.0480222	0.0884364	0.0600337	0.064488	-0.0209796	0.0862811	0.0285288	0.0903784	-0.0080742	0.0185695
rs114040109	0.0139227	0.198418	NA	NA	NA	NA	NA	NA	NA	NA	NA	NA	NA	NA
rs17036255	0.0598967	0.069538	NA	NA	NA	NA	NA	NA	0.0766691	0.274028	0.155267	0.278214	0.0543256	0.0188798
rs79069864	-0.414469	0.209963	NA	NA	NA	NA	NA	NA	NA	NA	NA	NA	-0.0602396	0.062435
rs114605100	-0.0131513	0.0601166	NA	NA	NA	NA	-0.114326	0.058634	0.115905	0.101344	-0.181422	0.0992871	-0.021648	0.0151445
rs1915488	-0.20085	0.103926	-0.354391	0.086297	-0.303176	0.193672	-0.223046	0.11067	-0.355266	0.194284	-0.00723357	0.199658	0.0161763	0.0218158
rs1402465	0.0594436	0.069511	NA	NA	NA	NA	NA	NA	0.0757852	0.273628	0.156317	0.277794	0.0543256	0.0188798
rs1402464	-0.152684	0.0795475	0.0502162	0.0430681	-0.0473389	0.0877617	0.059838	0.0642827	-0.0200153	0.0853188	0.0300585	0.0892817	0.000561094	0.0190821
rs11693250	-0.152283	0.0794732	0.0506175	0.0432471	-0.0472075	0.0882986	0.0597881	0.0643511	-0.0202982	0.0860907	0.0288966	0.090144	0.000561094	0.0190821
rs77184140	0.386705	0.149594	NA	NA	NA	NA	NA	NA	NA	NA	NA	NA	-0.145961	0.0376932
rs78914138	0.103438	0.0718655	NA	NA	NA	NA	NA	NA	NA	NA	NA	NA	0.0669945	0.0199212
rs7592064	0.477667	0.239206	NA	NA	NA	NA	NA	NA	NA	NA	NA	NA	-0.099791	0.0685268
rs72941196	-0.0133729	0.0601166	0.0315901	0.0383038	-0.11247	0.0756088	-0.114371	0.0586359	0.116067	0.101351	-0.181674	0.0992962	-0.021013	0.0151798
rs13390694	-0.0433123	0.0586826	0.0328856	0.037948	-0.112751	0.0755186	-0.105222	0.0579482	0.110937	0.100096	-0.165471	0.0982398	NA	NA
rs115593880	-0.414584	0.209902	NA	NA	NA	NA	NA	NA	NA	NA	NA	NA	-0.0565915	0.0637281
rs72941199	-0.185889	0.0843829	0.0506175	0.0432471	-0.0472075	0.0882986	0.0597881	0.0643511	0.00242636	0.0873869	0.0424611	0.0916115	0.00296614	0.0192597
rs77719593	0.373358	0.146446	NA	NA	NA	NA	NA	NA	NA	NA	NA	NA	-0.141942	0.0372165
rs73952381	-0.193076	0.104449	-0.354477	0.0863243	-0.303527	0.193727	-0.223018	0.110709	-0.357744	0.194786	-0.00779565	0.200177	NA	NA
rs10199330	-0.424034	0.24446	NA	NA	NA	NA	NA	NA	NA	NA	NA	NA	NA	NA
rs73952382	-0.193076	0.104449	-0.354477	0.0863243	-0.303527	0.193727	-0.223018	0.110709	-0.357744	0.194786	-0.00779565	0.200177	0.0193304	0.0220884
rs114745057	-0.193076	0.104449	NA	NA	NA	NA	NA	NA	NA	NA	NA	NA	NA	NA
rs78304700	0.109451	0.0691204	NA	NA	NA	NA	NA	NA	-0.13145	0.257149	0.0377223	0.262066	0.0550517	0.0193369
rs13382942	-0.0432665	0.0585769	0.0328856	0.037948	-0.112751	0.0755186	-0.105222	0.0579482	0.110937	0.100096	-0.165471	0.0982398	-0.0288314	0.0147693
rs78608344	0.0079098	0.0931402	0.0236755	0.0543179	0.00640498	0.10678	-0.162949	0.0856178	0.320246	0.137122	-0.129289	0.141299	-0.00380735	0.0287972
rs72941200	-0.0432665	0.0585769	0.0328856	0.037948	-0.112751	0.0755186	-0.105222	0.0579482	0.110937	0.100096	-0.165471	0.0982398	-0.0288314	0.0147693
rs57380791	0.0547667	0.0687977	NA	NA	NA	NA	NA	NA	0.0757852	0.273628	0.156317	0.277794	0.0540309	0.018867
rs112324752	-0.193076	0.104449	-0.354477	0.0863243	-0.303527	0.193727	-0.223018	0.110709	-0.357744	0.194786	-0.00779565	0.200177	0.0193304	0.0220884
rs77616940	-0.193065	0.10446	-0.354477	0.0863243	-0.303527	0.193727	-0.223018	0.110709	-0.357744	0.194786	-0.00779565	0.200177	0.0193304	0.0220884
rs114682750	0.373358	0.146446	NA	NA	NA	NA	NA	NA	NA	NA	NA	NA	-0.141942	0.0372165
rs115224939	0.470932	0.248196	NA	NA	NA	NA	NA	NA	NA	NA	NA	NA	-0.099791	0.0685268
rs114372034	0.0955714	0.0802974	NA	NA	NA	NA	NA	NA	NA	NA	NA	NA	0.0625965	0.0211211
rs12994669	-0.163472	0.119768	-0.236807	0.0760281	-0.126362	0.166053	-0.174866	0.0999431	-0.251861	0.173375	0.0885145	0.178042	0.0213267	0.0220368
rs2198467	-0.110048	0.0812157	0.00539333	0.0282582	-0.111051	0.0555354	-0.0712962	0.0418588	-0.00238227	0.066984	-0.0592833	0.0698573	NA	NA
rs2198468	-0.189996	0.0735183	0.00518473	0.0284175	-0.10828	0.0559233	-0.0661053	0.0418953	-0.000637679	0.0670389	-0.056641	0.0699042	0.00657265	0.015648
rs113240219	0.139318	0.162089	NA	NA	NA	NA	NA	NA	NA	NA	NA	NA	-0.0278916	0.0334399
rs2198469	-0.189996	0.0735183	0.00518473	0.0284175	-0.10828	0.0559233	-0.0661053	0.0418953	-0.000637679	0.0670389	-0.056641	0.0699042	0.00657265	0.015648
rs73952383	-0.186804	0.104534	-0.354477	0.0863243	-0.303527	0.193727	-0.223018	0.110709	-0.357744	0.194786	-0.00779565	0.200177	0.0193304	0.0220884
rs77371763	0.0550822	0.0688925	NA	NA	NA	NA	NA	NA	0.0757852	0.273628	0.156317	0.277794	NA	NA
rs11899147	-0.186804	0.104534	-0.354223	0.0863269	-0.303379	0.193709	-0.222343	0.11071	-0.356913	0.194696	-0.00816092	0.200071	NA	NA
rs113162574	-0.186804	0.104534	-0.354223	0.0863269	-0.303379	0.193709	-0.222343	0.11071	-0.356913	0.194696	-0.00816092	0.200071	0.020553	0.0220542
rs112694710	0.139318	0.162089	NA	NA	NA	NA	NA	NA	NA	NA	NA	NA	-0.0278916	0.0334399
rs73952385	-0.175204	0.104522	-0.354223	0.0863269	-0.303379	0.193709	-0.222343	0.11071	-0.356913	0.194696	-0.00816092	0.200071	NA	NA
rs7572443	-0.0433922	0.0585617	0.0300771	0.0378467	-0.114677	0.0752558	-0.107813	0.0579919	0.116345	0.0998191	-0.172338	0.0981144	NA	NA
rs56092550	-0.371095	0.251185	NA	NA	NA	NA	NA	NA	NA	NA	NA	NA	0.129524	0.0519224
rs114167148	0.412458	0.255936	NA	NA	NA	NA	NA	NA	NA	NA	NA	NA	-0.099791	0.0685268
rs55754106	-0.435198	0.144559	NA	NA	NA	NA	NA	NA	NA	NA	NA	NA	0.0536135	0.0305596
rs17190797	-0.130499	0.0713656	0.00265984	0.0283393	-0.112007	0.0556094	-0.066272	0.0418881	-0.000986438	0.0666489	-0.0588711	0.0695098	NA	NA
rs11889392	0.0319144	0.0770888	NA	NA	NA	NA	NA	NA	NA	NA	NA	NA	NA	NA
rs116467208	0.273523	0.227089	NA	NA	NA	NA	NA	NA	NA	NA	NA	NA	NA	NA
rs62148822	-0.184297	0.0842556	0.0506741	0.0432682	-0.0472764	0.0883387	0.0601311	0.0643671	0.00270882	0.0874562	0.0426607	0.0916948	NA	NA
rs111863781	0.228417	0.137326	NA	NA	NA	NA	NA	NA	NA	NA	NA	NA	-0.043107	0.0305385
rs111303272	-0.0823162	0.098804	NA	NA	NA	NA	-0.222885	0.110713	-0.385255	0.192717	-0.00256142	0.198471	NA	NA
rs75891743	-0.100783	0.116056	NA	NA	NA	NA	0.0576119	0.0660538	-0.00133834	0.0890978	0.0456375	0.0935876	0.00902951	0.0276841
rs17036271	0.110064	0.0679064	NA	NA	NA	NA	NA	NA	NA	NA	NA	NA	0.0552996	0.0189577
rs13411994	-0.252495	0.236139	NA	NA	NA	NA	NA	NA	NA	NA	NA	NA	NA	NA
rs73952386	-0.090993	0.0960443	-0.360135	0.0856874	-0.343827	0.191046	-0.222885	0.110713	-0.385255	0.192717	-0.00256142	0.198471	0.00941942	0.0211696
rs115998048	0.26007	0.133059	NA	NA	NA	NA	NA	NA	NA	NA	NA	NA	0.00456025	0.0563888
rs1851160	0.183517	0.0840942	-0.049488	0.0409652	0.0620884	0.0834179	-0.113665	0.0607157	-0.0105852	0.0870843	-0.0382527	0.0916255	-0.0050476	0.019147
rs73952387	-0.0824211	0.098791	-0.360135	0.0856874	-0.343827	0.191046	-0.222885	0.110713	-0.385255	0.192717	-0.00256142	0.198471	NA	NA
rs73952388	-0.0910627	0.0960522	-0.360135	0.0856874	-0.343827	0.191046	-0.222885	0.110713	-0.385255	0.192717	-0.00256142	0.198471	0.00944695	0.0211987
rs7562068	0.0696826	0.0679106	NA	NA	NA	NA	NA	NA	-0.130747	0.253778	0.0339595	0.258462	NA	NA
rs73952389	-0.0910627	0.0960522	-0.360135	0.0856874	-0.343827	0.191046	-0.222885	0.110713	-0.385255	0.192717	-0.00256142	0.198471	0.00941942	0.0211696
rs115080582	0.0158544	0.164384	NA	NA	NA	NA	NA	NA	NA	NA	NA	NA	-0.00370453	0.0377379
rs56276454	-0.0262008	0.0976347	NA	NA	NA	NA	NA	NA	NA	NA	NA	NA	0.0253716	0.0235721
rs13399601	-0.420481	0.244808	NA	NA	NA	NA	NA	NA	NA	NA	NA	NA	NA	NA
rs75852657	0.383282	0.143983	NA	NA	NA	NA	NA	NA	NA	NA	NA	NA	-0.109402	0.0355823
rs73952390	-0.0910627	0.0960522	-0.360135	0.0856874	-0.343827	0.191046	-0.222885	0.110713	-0.385255	0.192717	-0.00256142	0.198471	0.00941942	0.0211696
rs112154272	0.0393522	0.125397	NA	NA	NA	NA	NA	NA	NA	NA	NA	NA	-0.00684167	0.0531429
rs1105109	-0.18307	0.0841652	0.0502394	0.0430674	-0.0474611	0.0877561	0.0600431	0.0642792	0.00225361	0.0865832	0.04339	0.0907081	0.00296614	0.0192597
rs13428540	-0.0529196	0.0586741	0.0300771	0.0378467	-0.114677	0.0752558	-0.107813	0.0579919	0.116345	0.0998191	-0.172338	0.0981144	-0.0293924	0.0147645
rs73952391	-0.403635	0.14317	NA	NA	NA	NA	NA	NA	NA	NA	NA	NA	0.0536135	0.0305596
rs17036274	0.0621108	0.067653	NA	NA	NA	NA	NA	NA	-0.130747	0.253778	0.0339595	0.258462	0.0461767	0.0186375
rs116447159	-0.2475	0.237029	NA	NA	NA	NA	NA	NA	NA	NA	NA	NA	-0.0824104	0.0665898
rs73952392	-0.381196	0.138077	NA	NA	NA	NA	NA	NA	NA	NA	NA	NA	0.0500421	0.0291159
rs73952393	-0.0775197	0.0986622	-0.362841	0.0854838	-0.347746	0.190397	-0.221619	0.110772	-0.389691	0.192233	-0.00531777	0.198025	0.0114149	0.0215147
rs115502845	0.428177	0.249778	NA	NA	NA	NA	NA	NA	NA	NA	NA	NA	NA	NA
rs10167564	-0.20258	0.0712432	0.00346606	0.0281377	-0.107548	0.0550921	-0.0657044	0.0417943	0.00237284	0.0657457	-0.0588858	0.0684997	0.00935112	0.0155854
rs56867533	-0.158391	0.103253	-0.354192	0.086328	-0.303379	0.193709	-0.222228	0.110711	-0.356951	0.194698	-0.00829181	0.200073	0.0155694	0.0218284
rs73952395	-0.403635	0.14317	NA	NA	NA	NA	NA	NA	NA	NA	NA	NA	0.0536135	0.0305596
rs73952396	-0.153242	0.10697	NA	NA	NA	NA	NA	NA	NA	NA	NA	NA	NA	NA
rs62148824	0.439202	0.300704	0.0603098	0.0456632	-0.0503486	0.0924677	0.0698277	0.067614	0.00787496	0.0914261	0.032906	0.0962006	-0.0120648	0.0595464
rs59099932	0.0952001	0.0803385	NA	NA	NA	NA	NA	NA	NA	NA	NA	NA	0.0625965	0.0211211
rs79319107	-0.158441	0.103277	NA	NA	NA	NA	NA	NA	NA	NA	NA	NA	NA	NA
rs11887656	0.0625979	0.0678955	NA	NA	NA	NA	NA	NA	-0.12956	0.253888	0.0349752	0.258585	0.0473951	0.0186466
rs10197193	-0.212531	0.0713685	-0.00457915	0.0289845	-0.133723	0.0564743	-0.083761	0.0433959	-0.0104282	0.0680248	-0.0658125	0.0710087	0.00721881	0.0156731
rs11887802	0.0616843	0.0676197	NA	NA	-0.0105675	0.227816	NA	NA	-0.12956	0.253888	0.0349752	0.258585	0.0463004	0.0186246
rs73952397	-0.157682	0.103228	NA	NA	NA	NA	NA	NA	NA	NA	NA	NA	0.018815	0.0219889
rs6716875	-0.0440358	0.0584326	0.0261079	0.0375883	-0.114274	0.0743742	-0.12374	0.057977	0.115258	0.0986753	-0.17242	0.0970387	-0.0292453	0.0147593
rs72943115	0.202083	0.280088	NA	NA	NA	NA	NA	NA	NA	NA	NA	NA	NA	NA
rs11298968	-0.0441571	0.0584981	NA	NA	NA	NA	-0.124293	0.0581327	0.116573	0.0997115	-0.172963	0.0979984	-0.0292453	0.0147593
rs10177287	-0.126611	0.128752	-0.00581223	0.028808	-0.141704	0.0559545	-0.0891981	0.0433157	-0.0162762	0.068271	-0.0703033	0.0713398	NA	NA
rs116138386	0.166092	0.158761	NA	NA	NA	NA	NA	NA	NA	NA	NA	NA	-0.0246269	0.0332982
rs80318434	-0.366041	0.251992	NA	NA	NA	NA	NA	NA	NA	NA	NA	NA	NA	NA
rs79829628	-0.157682	0.103228	NA	NA	NA	NA	NA	NA	NA	NA	NA	NA	0.018815	0.0219889
rs13396635	-0.198484	0.0787856	0.05453	0.0430879	-0.0472703	0.0883597	0.0772958	0.063827	0.00723718	0.0870479	0.0362172	0.091175	NA	NA
rs77569150	0.108176	0.0792474	NA	NA	NA	NA	NA	NA	NA	NA	NA	NA	0.0617771	0.0210993
rs41371352	0.0466006	0.120231	NA	NA	NA	NA	NA	NA	NA	NA	NA	NA	0.00861028	0.0524035
rs41513152	-0.632465	0.249337	NA	NA	NA	NA	NA	NA	NA	NA	NA	NA	-0.0664274	0.0468255
rs13402896	-0.252495	0.236139	NA	NA	NA	NA	NA	NA	NA	NA	NA	NA	NA	NA
rs41514550	0.102474	0.069308	NA	NA	NA	NA	NA	NA	NA	NA	NA	NA	0.0572691	0.0195944
rs41497146	0.0612533	0.0675979	NA	NA	NA	NA	NA	NA	-0.128157	0.255425	0.0348016	0.260191	0.0461767	0.0186375
rs3754926	-0.150747	0.106721	NA	NA	NA	NA	NA	NA	NA	NA	NA	NA	0.0213345	0.0223886
rs41498349	0.166294	0.158617	NA	NA	NA	NA	NA	NA	NA	NA	NA	NA	-0.0246269	0.0332982
rs41456250	0.0451953	0.130791	NA	NA	NA	NA	NA	NA	NA	NA	NA	NA	-0.0779448	0.0645949
rs6739225	0.373389	0.14646	NA	NA	NA	NA	NA	NA	NA	NA	NA	NA	-0.141942	0.0372165
rs55634146	-0.151879	0.10691	NA	NA	NA	NA	NA	NA	NA	NA	NA	NA	NA	NA
rs56356822	-0.151879	0.10691	NA	NA	NA	NA	NA	NA	NA	NA	NA	NA	NA	NA
rs56286651	-0.151879	0.10691	NA	NA	NA	NA	NA	NA	NA	NA	NA	NA	0.0213345	0.0223886
rs11569697	-0.150737	0.10672	NA	NA	NA	NA	NA	NA	NA	NA	NA	NA	0.0229104	0.0222884
rs1402467	-0.108103	0.0813477	-0.00546588	0.0288151	-0.142101	0.0559246	-0.0864616	0.0433806	-0.00780087	0.0676473	-0.0659622	0.0706229	-0.0215863	0.0166046
rs41519947	-0.151486	0.106876	NA	NA	NA	NA	NA	NA	NA	NA	NA	NA	0.0213345	0.0223886
rs4149432	-0.203252	0.0716031	-0.00409148	0.028837	-0.133212	0.0560316	-0.080609	0.0433702	-0.000170901	0.0667774	-0.0624325	0.0696546	0.00942668	0.0156784
rs17036285	0.104647	0.268438	NA	NA	NA	NA	NA	NA	NA	NA	NA	NA	NA	NA
rs41456749	-0.419103	0.211307	NA	NA	NA	NA	NA	NA	NA	NA	NA	NA	-0.0539651	0.0651043
rs41356548	-0.00561767	0.099426	NA	NA	NA	NA	NA	NA	NA	NA	NA	NA	NA	NA
rs11569692	-0.401582	0.142959	NA	NA	NA	NA	NA	NA	NA	NA	NA	NA	0.0536135	0.0305596
rs41428444	0.166908	0.158622	NA	NA	NA	NA	NA	NA	NA	NA	NA	NA	NA	NA
rs34003233	-0.0128203	0.0599979	NA	NA	NA	NA	-0.120434	0.058532	0.132454	0.0997312	-0.160388	0.0987617	NA	NA
rs11569696	-0.424588	0.213002	NA	NA	NA	NA	NA	NA	NA	NA	NA	NA	-0.0539651	0.0651043
rs4149436	-0.100763	0.132556	-0.00568382	0.0286421	-0.141961	0.0554592	-0.0860421	0.043289	0.00410421	0.0671194	-0.0654108	0.0698497	-0.00203381	0.0186792
rs5008103	0.0307174	0.0603271	-0.480573	0.0918494	-0.411292	0.164413	-0.615312	0.147058	-0.567237	0.20753	0.0346747	0.227154	0.0479535	0.015905
rs58927872	-0.139297	0.0588582	NA	NA	NA	NA	-0.114503	0.0622154	0.0275912	0.11009	-0.104619	0.109324	NA	NA
rs5008102	0.0119617	0.0603882	NA	NA	NA	NA	NA	NA	NA	NA	NA	NA	NA	NA
rs5008101	0.0354216	0.0604026	-0.485904	0.0924849	-0.416762	0.165846	-0.622783	0.148137	-0.576822	0.208971	0.0328989	0.228923	NA	NA
rs57441012	-0.169893	0.076151	NA	NA	NA	NA	NA	NA	NA	NA	NA	NA	NA	NA
rs59701000	-0.0611786	0.0680125	NA	NA	NA	NA	-0.0382271	0.0445643	0.062041	0.0699734	-0.0780033	0.073328	NA	NA
rs111292394	0.167117	0.158575	NA	NA	NA	NA	NA	NA	NA	NA	NA	NA	NA	NA
rs6710340	0.383614	0.143784	NA	NA	NA	NA	NA	NA	NA	NA	NA	NA	-0.117003	0.0345173
rs4149437	0.0111567	0.0579679	-0.042284	0.0350486	-0.165133	0.0675643	-0.187956	0.0541173	0.00118718	0.0928993	-0.136275	0.0927973	NA	NA
rs6739402	-0.0176681	0.0587861	0.0271463	0.0377156	-0.114274	0.0743742	-0.119179	0.0581494	0.127884	0.099037	-0.157644	0.0976547	-0.0249603	0.0149731
rs41323848	-0.425031	0.213138	NA	NA	NA	NA	NA	NA	NA	NA	NA	NA	NA	NA
rs4149438	-0.218612	0.0715012	-0.00408878	0.0288367	-0.133212	0.0560316	-0.0805915	0.0433696	0.00988377	0.0668558	-0.0611119	0.0695776	NA	NA
rs116862100	-0.184731	0.282459	NA	NA	NA	NA	NA	NA	NA	NA	NA	NA	NA	NA
rs11569694	0.110038	0.235694	NA	NA	NA	NA	NA	NA	NA	NA	NA	NA	0.246548	0.0549181
rs11569691	-0.401113	0.142863	NA	NA	NA	NA	NA	NA	NA	NA	NA	NA	0.0521253	0.0306846
rs11569690	-0.204042	0.2277	NA	NA	NA	NA	NA	NA	NA	NA	NA	NA	NA	NA
rs3731686	-0.199303	0.0806583	0.0546771	0.043089	-0.0470741	0.0884247	0.0777836	0.0637927	0.015194	0.0860623	0.0243646	0.0899667	-0.00189192	0.0185958
rs11569689	-0.424745	0.213651	NA	NA	NA	NA	NA	NA	NA	NA	NA	NA	-0.0539651	0.0651043
rs17036301	0.0306877	0.060325	-0.485831	0.0924854	-0.416659	0.165846	-0.622606	0.148122	-0.577055	0.209005	0.0329517	0.22896	0.0479535	0.015905
rs76499416	0.167257	0.158566	NA	NA	NA	NA	NA	NA	NA	NA	NA	NA	-0.0246269	0.0332982
rs1967572	-0.22018	0.0716479	-0.00361205	0.029013	-0.133588	0.0565148	-0.0809293	0.0434539	0.00873913	0.0676102	-0.0616591	0.0703961	NA	NA
rs41440948	-0.0174859	0.187032	NA	NA	NA	NA	NA	NA	NA	NA	NA	NA	0.0706136	0.0307398
rs41463946	0.0303346	0.0604237	-0.485831	0.0924854	-0.416659	0.165846	-0.622606	0.148122	-0.5772	0.20902	0.0329259	0.228983	NA	NA
rs114871006	0.476654	0.238193	NA	NA	NA	NA	NA	NA	NA	NA	NA	NA	NA	NA
rs41442346	0.00184966	0.0630323	NA	NA	-0.0112921	0.227805	NA	NA	NA	NA	NA	NA	NA	NA
rs17036305	0.0306889	0.060325	-0.480573	0.0918494	-0.411292	0.164413	-0.615312	0.147058	-0.567237	0.20753	0.0346747	0.227154	0.0479535	0.015905
rs41489245	0.030428	0.0604303	-0.485793	0.0924891	-0.416559	0.165852	-0.622542	0.148127	-0.57789	0.209026	0.0331149	0.229004	NA	NA
rs11894618	-0.21479	0.193176	NA	NA	NA	NA	NA	NA	NA	NA	NA	NA	0.0415649	0.0470065
rs1402463	-0.199374	0.0807802	0.0546838	0.0430851	-0.0470791	0.0884278	0.0777052	0.0637817	0.0151758	0.0860728	0.0243439	0.0899781	-0.00243158	0.0186457
rs1402462	-0.131742	0.056132	0.0442506	0.0300054	-0.0936646	0.0595957	-0.031146	0.0445023	0.0721994	0.0697873	-0.0701289	0.0732226	NA	NA
rs13021399	0.690526	0.267455	0.0531818	0.0339968	0.0535187	0.0663991	0.0815435	0.0487535	-0.0507999	0.0789499	0.193397	0.0817957	NA	NA
rs10195404	0.0928223	0.0961929	NA	NA	NA	NA	NA	NA	NA	NA	NA	NA	0.0604616	0.0288892
rs58526584	0.0308991	0.0604486	-0.485831	0.0924854	-0.416659	0.165846	-0.622606	0.148122	-0.5772	0.20902	0.0329259	0.228983	NA	NA
rs73954325	0.0308991	0.0604486	-0.485831	0.0924854	-0.416659	0.165846	-0.622606	0.148122	-0.5772	0.20902	0.0329259	0.228983	0.0479535	0.015905
rs2378110	0.0104057	0.0580254	-0.0420647	0.0353029	-0.166264	0.0682293	-0.188757	0.0542694	-0.00122138	0.0937472	-0.136606	0.0937657	0.0150536	0.0139884
rs116747992	0.0977496	0.0698472	NA	NA	NA	NA	NA	NA	NA	NA	NA	NA	0.0583313	0.0198218
rs72944950	0.0101198	0.0577154	-0.0420128	0.0353067	-0.166308	0.0682394	-0.188714	0.0542794	-0.00122138	0.0937472	-0.136606	0.0937657	0.0150536	0.0139884
rs72944951	-0.0183056	0.0588111	-0.0496444	0.0370595	-0.191461	0.0733165	-0.191468	0.0556517	-0.0114585	0.0964556	-0.153019	0.0953621	-0.0234814	0.0149244
rs77456716	-0.423844	0.214623	NA	NA	NA	NA	NA	NA	NA	NA	NA	NA	NA	NA
rs73954328	0.00223525	0.0630544	NA	NA	-0.0112921	0.227805	NA	NA	NA	NA	NA	NA	0.0620832	0.0173967
rs4012173	0.0313768	0.0604817	-0.485831	0.0924854	-0.416659	0.165846	-0.622606	0.148122	-0.5772	0.20902	0.0329259	0.228983	0.0479535	0.015905
rs113152175	0.167778	0.158242	NA	NA	NA	NA	NA	NA	NA	NA	NA	NA	-0.0246269	0.0332982
rs55661241	-0.400911	0.14298	NA	NA	NA	NA	NA	NA	NA	NA	NA	NA	0.0521253	0.0306846
rs76991316	-0.198975	0.123792	NA	NA	NA	NA	NA	NA	NA	NA	NA	NA	0.0444924	0.0258174
rs56908113	-0.0196698	0.0587557	0.0295551	0.0380543	-0.114206	0.075336	-0.119736	0.0582877	0.125798	0.0998602	-0.155795	0.0988655	NA	NA
rs59943070	0.0108021	0.0580715	-0.0411584	0.0353626	-0.16627	0.0683788	-0.188713	0.054266	-0.00283399	0.0936748	-0.134773	0.093931	NA	NA
rs10205371	-0.202414	0.0719948	-0.00289026	0.0290313	-0.133424	0.056567	-0.0809298	0.0434535	0.00791778	0.0676064	-0.0603435	0.0704443	0.00417174	0.015325
rs10181958	-0.424445	0.244543	NA	NA	NA	NA	NA	NA	NA	NA	NA	NA	NA	NA
rs1851159	-0.202224	0.0781741	0.0547444	0.0430873	-0.0472809	0.0884329	0.0776906	0.0637873	0.0152306	0.0860742	0.0245024	0.0899838	NA	NA
rs13429903	0.0609484	0.0955728	NA	NA	NA	NA	NA	NA	NA	NA	NA	NA	0.0533832	0.0249818
rs113708114	-0.219251	0.0719385	-0.00289026	0.0290313	-0.133424	0.056567	-0.0809298	0.0434535	0.00791778	0.0676064	-0.0603435	0.0704443	NA	NA
rs112722609	0.167778	0.158242	NA	NA	NA	NA	NA	NA	NA	NA	NA	NA	-0.0246269	0.0332982
rs72944955	0.0032263	0.0579155	-0.0486557	0.0371286	-0.19165	0.0735066	-0.191435	0.0556484	-0.00306248	0.0960754	-0.145123	0.0952181	-0.0270899	0.0145593
rs11673744	-0.201642	0.0783318	0.0542062	0.0428623	-0.0474088	0.0877618	0.0778812	0.0636843	0.0149885	0.0850153	0.0245231	0.0887963	-0.0173731	0.0193509
rs11684854	-0.210412	0.0762257	0.0547444	0.0430873	-0.0472809	0.0884329	0.0776906	0.0637873	0.0152306	0.0860742	0.0245024	0.0899838	-0.0111485	0.0182836
rs116209594	0.355867	0.150687	NA	NA	NA	NA	NA	NA	NA	NA	NA	NA	-0.148053	0.0359741
rs2378111	-0.0198214	0.0587875	-0.048264	0.0370803	-0.191112	0.0734282	-0.19067	0.0555317	-0.0133207	0.0963566	-0.151159	0.0955101	-0.0234814	0.0149244
rs112034377	0.1681	0.158506	NA	NA	NA	NA	NA	NA	NA	NA	NA	NA	-0.0185597	0.0340442
rs10165105	-0.252496	0.204871	NA	NA	NA	NA	NA	NA	NA	NA	NA	NA	-0.106494	0.0634925
rs58765438	-0.13271	0.0562109	0.0451425	0.0300262	-0.0936301	0.0596818	-0.031179	0.044513	0.0712988	0.0697804	-0.0687123	0.0732694	-0.0269811	0.0136445
rs72944958	-0.248389	0.103335	NA	NA	NA	NA	NA	NA	NA	NA	NA	NA	0.00201518	0.022519
rs111610441	0.1681	0.158506	NA	NA	NA	NA	NA	NA	NA	NA	NA	NA	NA	NA
rs56221267	-0.0171001	0.0975436	NA	NA	NA	NA	NA	NA	NA	NA	NA	NA	0.0253716	0.0235721
rs60861960	-0.0200243	0.0588117	0.0295366	0.0380514	-0.114215	0.0753307	-0.11972	0.0582853	0.125712	0.0998779	-0.155772	0.0988815	NA	NA
rs73954329	0.0112971	0.0632523	NA	NA	-0.0112793	0.227703	NA	NA	NA	NA	NA	NA	0.0620832	0.0173967
rs72833104	-0.198126	0.0810014	0.0558993	0.0435217	-0.0434705	0.0892248	0.0810982	0.0644984	0.00757614	0.0870206	0.0316473	0.0911546	NA	NA
rs13399734	-0.252537	0.204871	NA	NA	NA	NA	NA	NA	NA	NA	NA	NA	-0.106494	0.0634925
rs62150764	-0.198126	0.0810014	0.0548811	0.0431028	-0.0476458	0.0884957	0.0777826	0.0638312	0.0152306	0.0860742	0.0245024	0.0899838	NA	NA
rs6714548	-0.217411	0.0721987	-0.0028016	0.0290304	-0.133994	0.0565892	-0.0809244	0.0434623	0.00763599	0.0676237	-0.0605628	0.0704631	0.00756368	0.0156735
rs13428438	0.0913204	0.0961507	NA	NA	NA	NA	NA	NA	NA	NA	NA	NA	0.0604616	0.0288892
rs73954331	0.433125	0.275742	NA	NA	NA	NA	NA	NA	NA	NA	NA	NA	0.0702581	0.0693619
rs6728228	-0.139864	0.0560348	-0.00678462	0.0299348	-0.141047	0.0592547	-0.0773576	0.0439225	0.00837938	0.0695265	-0.0682693	0.0724002	-0.0317318	0.0137719
rs6728337	-0.217443	0.0721947	-0.00284717	0.0290338	-0.133604	0.0565774	-0.0809726	0.0434629	0.00791778	0.0676064	-0.0603435	0.0704443	NA	NA
rs6715135	-0.0266464	0.05655	-0.0486557	0.0371286	-0.19165	0.0735066	-0.191435	0.0556484	-0.00306248	0.0960754	-0.145123	0.0952181	NA	NA
rs11683034	-0.139864	0.0560349	-0.00511117	0.0298852	-0.144878	0.0590184	-0.0781999	0.0438432	0.00830674	0.0693564	-0.0672377	0.0722455	NA	NA
rs58469559	-0.11397	0.0568146	0.0451474	0.0300263	-0.0936082	0.059682	-0.031179	0.044513	0.0768084	0.069815	-0.0659799	0.0733995	-0.0312163	0.0136546
rs59109801	-0.13271	0.0562109	NA	NA	NA	NA	-0.031179	0.044513	0.0713436	0.0697765	-0.0687551	0.0732677	NA	NA
rs11684287	-0.132714	0.0562109	0.0451299	0.0300286	-0.0936041	0.0596828	-0.0312987	0.0445201	0.0713436	0.0697765	-0.0687551	0.0732677	-0.0269811	0.0136445
rs11695638	-0.132714	0.0562109	0.0451299	0.0300286	-0.0936041	0.0596828	-0.0312987	0.0445201	0.0713436	0.0697765	-0.0687551	0.0732677	-0.0269811	0.0136445
rs11684370	-0.198119	0.0810013	0.0548811	0.0431028	-0.0476458	0.0884957	0.0777826	0.0638312	0.0152306	0.0860742	0.0245024	0.0899838	-0.00243158	0.0186457
rs11695733	-0.116032	0.134504	-0.00448479	0.0288426	-0.142466	0.0560028	-0.0865639	0.0433853	0.00202294	0.0678677	-0.0647049	0.0707027	NA	NA
rs112098184	0.168155	0.158501	NA	NA	NA	NA	NA	NA	NA	NA	NA	NA	-0.0246269	0.0332982
rs72944966	-0.019826	0.0587874	-0.0487065	0.0371321	-0.191623	0.0735107	-0.191695	0.0556575	-0.0131987	0.0963431	-0.151175	0.0954934	-0.0234814	0.0149244
rs62150767	-0.210412	0.0762257	0.0548811	0.0431028	-0.0476458	0.0884957	0.0777826	0.0638312	0.0152306	0.0860742	0.0245024	0.0899838	-0.0111485	0.0182836
rs72944968	-0.0219003	0.0587122	-0.0487065	0.0371321	-0.191623	0.0735107	-0.191695	0.0556575	-0.0131987	0.0963431	-0.151175	0.0954934	-0.0234814	0.0149244
rs13385293	-0.206863	0.0761258	0.0548811	0.0431028	-0.0476458	0.0884957	0.0777826	0.0638312	0.0152306	0.0860742	0.0245024	0.0899838	-0.0111485	0.0182836
rs13410546	-0.206762	0.076065	0.0548811	0.0431028	-0.0476458	0.0884957	0.0777826	0.0638312	0.0152306	0.0860742	0.0245024	0.0899838	-0.0111485	0.0182836
rs13385416	-0.206863	0.0761258	0.0548811	0.0431028	-0.0476458	0.0884957	0.0777826	0.0638312	0.0152306	0.0860742	0.0245024	0.0899838	-0.0111485	0.0182836
rs10167474	-0.206863	0.0761258	0.0560149	0.0431762	-0.0291658	0.0887538	0.0777826	0.0638312	0.0151914	0.0864297	0.022867	0.0904004	-0.0111485	0.0182836
rs6736883	-0.0219613	0.0587225	0.031967	0.0381201	-0.112978	0.0755172	-0.119969	0.058298	0.120015	0.0994557	-0.150163	0.0986255	-0.0249603	0.0149731
rs6737023	-0.132156	0.0560527	0.0472043	0.030072	-0.084237	0.0598422	-0.0312987	0.0445201	0.0691565	0.0699034	-0.0674965	0.07335	-0.0262889	0.0136316
rs111233199	-0.0573674	0.132703	NA	NA	NA	NA	NA	NA	NA	NA	NA	NA	-0.031864	0.0301898
rs115102296	0.505381	0.23011	NA	NA	NA	NA	NA	NA	NA	NA	NA	NA	NA	NA
rs115654489	0.0968676	0.0838856	NA	NA	NA	NA	NA	NA	NA	NA	NA	NA	0.0650747	0.021199
rs13405541	-0.0426394	0.0584446	-0.0123834	0.036779	-0.113371	0.0739487	-0.0876038	0.0560737	0.0732375	0.0952942	-0.0876296	0.0948539	-0.0350236	0.0147532
rs11887778	-0.399151	0.145613	0.132311	0.150111	NA	NA	-0.0386172	0.209496	NA	NA	NA	NA	NA	NA
rs67143178	-0.00120961	0.0641439	-0.015061	0.0371839	-0.108994	0.0742642	-0.0955734	0.0567341	0.0794481	0.0969386	-0.0992292	0.0964484	NA	NA
rs10197421	-0.00262954	0.0555564	-0.0121431	0.0370169	-0.116294	0.0746917	-0.0926777	0.0561084	0.0834451	0.0950459	-0.0816061	0.0944578	NA	NA
rs116284119	-0.245599	0.242043	NA	NA	NA	NA	NA	NA	NA	NA	NA	NA	-0.102985	0.0665533
rs13418136	-0.146969	0.0614285	0.0582554	0.0432719	-0.0365189	0.0893264	0.0781963	0.0642474	0.0198393	0.0874737	0.0209477	0.09172	0.0276131	0.0153529
rs7567726	-0.228596	0.119027	-0.0215882	0.0284865	-0.128115	0.0564487	-0.0707708	0.0423477	-0.0145919	0.0677859	-0.0279245	0.070688	0.00200621	0.0188087
rs28718494	-0.146969	0.0614285	0.058273	0.0432704	-0.036583	0.0893235	0.078189	0.0642459	0.019862	0.0874832	0.0209391	0.0917326	0.0276131	0.0153529
rs113854247	-0.146969	0.0614285	NA	NA	NA	NA	0.078189	0.0642459	0.019862	0.0874832	0.0209391	0.0917326	NA	NA
rs10177713	-0.526175	0.282202	NA	NA	NA	NA	NA	NA	NA	NA	NA	NA	NA	NA
rs2139810	-0.0835399	0.0645713	0.0584975	0.043268	-0.036401	0.0893186	0.0784029	0.064241	0.020005	0.0874778	0.0210177	0.0917285	0.0178813	0.0167166
rs58122162	-0.504508	0.225129	NA	NA	NA	NA	NA	NA	NA	NA	NA	NA	-0.0539651	0.0651043
rs62150768	-0.191881	0.0804534	0.0584975	0.043268	-0.036401	0.0893186	0.0784029	0.064241	0.0172438	0.0877057	0.0224365	0.0919981	-0.00181389	0.0186709
rs73954337	-0.363269	0.2533	NA	NA	NA	NA	NA	NA	NA	NA	NA	NA	0.129524	0.0519224
rs75382107	0.23882	0.108146	NA	NA	NA	NA	NA	NA	NA	NA	NA	NA	-0.0844548	0.0251668
rs13424670	-0.0425997	0.058426	-0.0121603	0.0370201	-0.116317	0.074702	-0.0926708	0.0561159	0.0725821	0.0951007	-0.0869248	0.0946801	NA	NA
rs57196063	-0.504508	0.225129	NA	NA	NA	NA	NA	NA	NA	NA	NA	NA	-0.0539651	0.0651043
rs73954338	-0.397275	0.143918	NA	NA	NA	NA	NA	NA	NA	NA	NA	NA	0.0503293	0.0308165
rs10193149	0.00422375	0.0557232	0.000424436	0.0357322	-0.103065	0.0703046	-0.0826124	0.0556577	0.102849	0.093179	-0.0566541	0.0932743	-0.0551896	0.01412
rs10193251	-0.425137	0.244638	NA	NA	NA	NA	NA	NA	NA	NA	NA	NA	NA	NA
rs10193432	-0.083701	0.0645667	0.0584975	0.043268	-0.036401	0.0893186	0.0784029	0.064241	0.020005	0.0874778	0.0210177	0.0917285	0.0178813	0.0167166
rs1464404	-0.0221971	0.0586953	-0.0847172	0.0360262	-0.193324	0.0730589	-0.160045	0.0537426	-0.0506899	0.092032	-0.0875442	0.091996	NA	NA
rs79461829	-0.416667	0.217534	NA	NA	NA	NA	NA	NA	NA	NA	NA	NA	-0.0539651	0.0651043
rs72944984	-0.28096	0.185884	NA	NA	NA	NA	NA	NA	NA	NA	NA	NA	-0.112311	0.0482758
rs17036340	-0.0842776	0.0645632	0.0584975	0.043268	-0.036401	0.0893186	0.0784029	0.064241	0.020005	0.0874778	0.0210177	0.0917285	0.0178813	0.0167166
rs114743706	-0.411548	0.218267	NA	NA	NA	NA	NA	NA	NA	NA	NA	NA	-0.0539651	0.0651043
rs115941162	-0.411548	0.218267	NA	NA	NA	NA	NA	NA	NA	NA	NA	NA	-0.0539651	0.0651043
rs13401627	-0.0842776	0.0645632	0.0584975	0.043268	-0.036401	0.0893186	0.0784029	0.064241	0.020005	0.0874778	0.0210177	0.0917285	0.0178813	0.0167166
rs13390901	-0.0636066	0.059078	-0.0198929	0.0287098	-0.132772	0.0571268	-0.0584679	0.0425547	0.00204317	0.0683928	-0.023586	0.0711321	NA	NA
rs17036345	-0.0338542	0.0862651	0.0145482	0.0568007	0.00959768	0.110636	-0.224625	0.08806	0.323821	0.13918	-0.0794979	0.147007	-0.0114643	0.0272447
rs10196756	-0.0839822	0.06446	0.0579969	0.0430009	-0.0352927	0.0885214	0.0786417	0.0641421	0.0200645	0.0863547	0.0215855	0.0904706	0.017212	0.0167168
rs10196842	-0.0897691	0.0648461	0.0585116	0.043261	-0.0362083	0.0892974	0.0783936	0.0642389	0.020005	0.0874778	0.0210177	0.0917285	0.0178813	0.0167166
rs77374533	0.10944	0.0700682	NA	NA	NA	NA	NA	NA	NA	NA	NA	NA	0.0596058	0.0196556
rs116506343	0.504654	0.229728	NA	NA	NA	NA	NA	NA	NA	NA	NA	NA	NA	NA
rs10176702	-0.0839822	0.06446	0.058505	0.0432607	-0.0362083	0.0892974	0.0784271	0.0642381	0.0200163	0.0874653	0.0210247	0.0917177	0.0178813	0.0167166
rs116367092	0.287376	0.154061	NA	NA	NA	NA	NA	NA	NA	NA	NA	NA	-0.144257	0.0392575
rs112244719	-0.0549493	0.0594604	-0.0123689	0.0370697	-0.115351	0.0748508	-0.092701	0.0561529	0.0732349	0.0952632	-0.0863022	0.0949171	NA	NA
rs13412217	-0.0842456	0.0645707	0.0585873	0.0432649	-0.0361941	0.0892976	0.078591	0.064247	0.020145	0.0874681	0.0207602	0.0917246	NA	NA
rs11890515	0.0496174	0.0611033	NA	NA	NA	NA	NA	NA	NA	NA	NA	NA	0.0575328	0.0171264
rs62150769	-0.19362	0.080647	0.058591	0.0432662	-0.0361873	0.0892997	0.0785944	0.0642501	0.0172635	0.0877342	0.0220235	0.0920308	-0.00181389	0.0186709
rs115103972	0.140707	0.210085	NA	NA	NA	NA	NA	NA	NA	NA	NA	NA	-0.00727984	0.0579679
rs79371255	-0.412583	0.218708	NA	NA	NA	NA	NA	NA	NA	NA	NA	NA	-0.0539651	0.0651043
rs11688343	-0.0837299	0.0646066	0.0585873	0.0432649	-0.0361941	0.0892976	0.078591	0.064247	0.020145	0.0874681	0.0207602	0.0917246	0.0178813	0.0167166
rs6755756	-0.186376	0.0847325	-0.0273141	0.0283447	-0.141289	0.0560781	-0.0708537	0.0420162	-0.0221241	0.0663838	-0.0362133	0.0693684	NA	NA
rs11693693	-0.0837299	0.0646066	0.0585873	0.0432649	-0.0361941	0.0892976	0.078591	0.064247	0.020145	0.0874681	0.0207602	0.0917246	0.0178813	0.0167166
rs11682473	-0.0837515	0.0646057	0.0585876	0.0432652	-0.0361947	0.0892987	0.0786043	0.0642477	0.020145	0.0874681	0.0207602	0.0917246	0.0178813	0.0167166
rs11892110	-0.449502	0.314978	NA	NA	NA	NA	NA	NA	NA	NA	NA	NA	NA	NA
rs57608745	-0.0227979	0.0586338	-0.0858336	0.036018	-0.192187	0.072968	-0.160089	0.0537163	-0.0514872	0.0919862	-0.0873986	0.091941	-0.0241746	0.0149313
rs6759067	-0.0221088	0.0548615	0.0407389	0.0425561	-0.062363	0.0872528	0.0458954	0.06372	-0.0126399	0.0855089	0.00114335	0.0891128	0.0524401	0.0141043
rs114292237	-0.413694	0.219015	NA	NA	NA	NA	NA	NA	NA	NA	NA	NA	NA	NA
rs56364066	0.00546898	0.0642877	NA	NA	NA	NA	NA	NA	NA	NA	NA	NA	NA	NA
rs114477292	0.276226	0.142432	NA	NA	NA	NA	NA	NA	NA	NA	NA	NA	-0.158974	0.0330195
rs57269410	-0.126403	0.0622677	-0.0350337	0.0291935	-0.134975	0.0587717	-0.0687359	0.0423991	-0.0291369	0.0689421	-0.0503077	0.0718951	0.0217576	0.0142382
rs116759327	-0.413612	0.21903	NA	NA	NA	NA	NA	NA	NA	NA	NA	NA	NA	NA
rs11884130	-0.196377	0.0747904	-0.0348029	0.0291489	-0.139463	0.0586107	-0.0691429	0.0423406	-0.029657	0.0686439	-0.0495625	0.0715298	0.0371457	0.0156503
rs12612761	0.273763	0.0776465	NA	NA	NA	NA	0.0154601	0.0395374	-0.028093	0.0667914	0.206141	0.0695524	NA	NA
rs28413002	-0.188796	0.069944	NA	NA	NA	NA	0.0917769	0.0557705	0.0109023	0.0814355	-0.00752119	0.0844445	0.0196209	0.0172524
rs72480324	0.138702	0.0711737	NA	NA	NA	NA	NA	NA	NA	NA	NA	NA	NA	NA
rs12712021	0.247462	0.0711644	NA	NA	NA	NA	NA	NA	NA	NA	NA	NA	NA	NA
rs6714460	-0.00897975	0.0596007	-0.0147961	0.0372789	-0.132932	0.0743769	-0.0983227	0.0567743	0.0734414	0.0968122	-0.101488	0.0958152	-0.0215789	0.0150719
rs13416661	0.183573	0.103211	0.0773936	0.0269085	0.0839992	0.0542368	-0.000662094	0.0397427	-0.0616631	0.0663164	0.190526	0.0696303	-0.0235595	0.0205095
rs115579981	0.50458	0.229525	NA	NA	NA	NA	NA	NA	NA	NA	NA	NA	NA	NA
rs55970747	0.284183	0.0812841	0.0774085	0.0269077	0.0839786	0.0542365	-0.000695098	0.0397414	-0.0568415	0.0664845	0.194324	0.0697517	NA	NA
rs74348937	-0.442049	0.143017	NA	NA	NA	NA	NA	NA	NA	NA	NA	NA	0.0538795	0.0301324
rs116130121	0.144341	0.192339	NA	NA	NA	NA	NA	NA	NA	NA	NA	NA	NA	NA
rs115239491	0.504727	0.229626	NA	NA	NA	NA	NA	NA	NA	NA	NA	NA	NA	NA
rs113935887	-0.1947	0.126383	NA	NA	NA	NA	NA	NA	NA	NA	NA	NA	-0.00116483	0.0424049
rs56154404	0.283082	0.0768839	0.086954	0.0266353	0.108442	0.0545704	0.0133939	0.0390457	-0.0281091	0.0663694	0.209155	0.0688937	NA	NA
rs56399340	-0.186933	0.109696	-0.0447684	0.0502649	-0.161242	0.0970247	0.00933613	0.0738646	-0.183446	0.14173	-0.0477968	0.133118	NA	NA
rs1533735	0.258559	0.0703497	0.08551	0.0266484	0.0987239	0.0548693	0.00890711	0.0389029	-0.03553	0.066443	0.204269	0.0685081	NA	NA
rs115807036	-0.417139	0.219949	NA	NA	NA	NA	NA	NA	NA	NA	NA	NA	NA	NA
rs1983396	-0.00764791	0.0591917	-0.0881518	0.0362364	-0.208888	0.0726321	-0.166447	0.0542319	-0.0540254	0.0935061	-0.101167	0.0929579	-0.0201006	0.0150204
rs78905173	0.0954866	0.0859567	NA	NA	NA	NA	NA	NA	NA	NA	NA	NA	0.0682792	0.0206853
rs4395219	-0.00643849	0.0590605	-0.0146187	0.0370619	-0.132908	0.0737507	-0.0979388	0.0566399	0.0724057	0.0955628	-0.0999679	0.0946024	NA	NA
rs1983395	0.0450787	0.063529	0.0671521	0.0280447	0.00159167	0.0583729	-0.0297983	0.0396289	-0.0602626	0.0688882	0.143289	0.0704672	NA	NA
rs62150773	0.0461837	0.0588791	0.105406	0.0259542	0.115549	0.0541096	0.0561138	0.0394875	-0.0266258	0.064038	0.171929	0.0646365	NA	NA
rs76053234	0.0899696	0.0861991	NA	NA	NA	NA	NA	NA	NA	NA	NA	NA	0.0681393	0.0210495
rs62150774	0.193618	0.102949	0.0773936	0.0269085	0.0839992	0.0542368	-0.000662094	0.0397427	-0.0616631	0.0663164	0.190526	0.0696303	-0.0235595	0.0205095
rs80101155	-0.417139	0.219949	NA	NA	NA	NA	NA	NA	NA	NA	NA	NA	NA	NA
rs12614270	0.0449345	0.0635192	0.0671521	0.0280447	0.00159167	0.0583729	-0.0297983	0.0396289	-0.0602626	0.0688882	0.143289	0.0704672	NA	NA
rs58376270	0.0954866	0.0859567	NA	NA	NA	NA	NA	NA	NA	NA	NA	NA	NA	NA
rs116622764	-0.150594	0.169885	NA	NA	NA	NA	NA	NA	NA	NA	NA	NA	NA	NA
rs11123689	0.263949	0.0699823	0.08551	0.0266484	0.0987239	0.0548693	0.00890711	0.0389029	-0.03553	0.066443	0.204269	0.0685081	NA	NA
rs113126734	-0.220186	0.130719	NA	NA	NA	NA	NA	NA	NA	NA	NA	NA	-0.040558	0.0477942
rs10191171	0.0780651	0.133886	NA	NA	NA	NA	NA	NA	NA	NA	NA	NA	-0.121271	0.0517166
rs68122544	-0.00780176	0.0591939	-0.0881518	0.0362364	-0.208888	0.0726321	-0.166447	0.0542319	-0.0540254	0.0935061	-0.101167	0.0929579	-0.0201006	0.0150204
rs10202243	0.263949	0.0699823	0.08551	0.0266484	0.0987239	0.0548693	0.00890711	0.0389029	-0.03553	0.066443	0.204269	0.0685081	NA	NA
rs79743457	0.0173069	0.168578	0.00708461	0.0732247	0.212599	0.139558	0.0866992	0.102538	-0.00139464	0.186618	-0.123062	0.187438	0.165578	0.044072
rs13022595	0.0735204	0.0603648	0.0378104	0.026787	0.0151313	0.0555996	-0.0582777	0.0377138	-0.0623483	0.0659759	0.124857	0.0676722	NA	NA
rs114004858	-0.150535	0.169861	NA	NA	NA	NA	NA	NA	NA	NA	NA	NA	NA	NA
rs67128932	-0.00385039	0.063723	-0.0148102	0.0374253	-0.136619	0.0748528	-0.0987722	0.0569619	0.0766847	0.097505	-0.100693	0.0966297	-0.0426496	0.0170923
rs10185654	0.0780651	0.133886	NA	NA	NA	NA	NA	NA	NA	NA	NA	NA	NA	NA
rs80294188	0.0831451	0.0867183	NA	NA	NA	NA	NA	NA	NA	NA	NA	NA	0.0681393	0.0210495
rs10186111	0.0945238	0.131793	NA	NA	NA	NA	NA	NA	NA	NA	NA	NA	NA	NA
rs111656651	-0.0257664	0.16002	0.00580348	0.0718725	0.202731	0.135937	0.083366	0.101183	0.04259	0.180262	-0.106208	0.18094	0.165578	0.044072
rs57272169	-0.00733049	0.0591774	-0.0140795	0.0371422	-0.13627	0.0740659	-0.0984173	0.0567904	0.0738957	0.0966477	-0.100071	0.0956938	-0.0236918	0.0150507
rs116258587	0.419988	0.254859	NA	NA	NA	NA	NA	NA	NA	NA	NA	NA	NA	NA
rs113144049	0.058294	0.120795	NA	NA	NA	NA	NA	NA	NA	NA	NA	NA	-0.0196405	0.0537943
rs13408673	-0.150535	0.169861	NA	NA	NA	NA	NA	NA	NA	NA	NA	NA	NA	NA
rs1976832	0.263955	0.0699825	0.0837577	0.0262102	0.0984462	0.0541932	0.00691852	0.0382405	-0.0352428	0.0652916	0.206155	0.0673302	NA	NA
rs75763666	0.152373	0.0600119	NA	NA	NA	NA	NA	NA	NA	NA	NA	NA	NA	NA
rs77380691	0.152373	0.0600119	NA	NA	NA	NA	NA	NA	NA	NA	NA	NA	NA	NA
rs78494881	0.152373	0.0600119	NA	NA	NA	NA	NA	NA	NA	NA	NA	NA	NA	NA
rs4407217	-0.0220758	0.0967072	NA	NA	NA	NA	0.0733617	0.0657127	-0.0107923	0.0912125	-0.00245086	0.0954358	0.016204	0.0221352
rs58585789	-0.451926	0.143128	NA	NA	NA	NA	NA	NA	NA	NA	NA	NA	NA	NA
rs62150800	0.517433	0.303727	0.066662	0.0465279	-0.0401761	0.0952595	0.0770601	0.0683957	-0.00152428	0.0950941	-0.0027011	0.100436	NA	NA
rs59274398	0.148415	0.0579507	NA	NA	NA	NA	-0.0592329	0.0372776	-0.0546679	0.0649947	0.130969	0.0666714	NA	NA
rs68094720	-0.00505446	0.063655	-0.0146205	0.0373096	-0.134289	0.074539	-0.0989155	0.0569922	0.0769126	0.0972607	-0.0989938	0.0964207	NA	NA
rs112482682	-0.188087	0.108282	-0.0445586	0.0503662	-0.161106	0.0972602	0.00921883	0.0739344	-0.183725	0.142291	-0.0480805	0.133624	-0.0106567	0.0314257
rs1829601	0.1484	0.0578454	0.0378132	0.0263468	0.0144928	0.0546624	-0.0583098	0.0371701	-0.0550626	0.0649009	0.130987	0.0665732	NA	NA
rs1829600	-0.0591598	0.190139	NA	NA	NA	NA	NA	NA	NA	NA	NA	NA	0.0754181	0.0299279
rs1829599	0.1484	0.0578454	0.0378132	0.0263468	0.0144928	0.0546624	-0.0583098	0.0371701	-0.0550626	0.0649009	0.130987	0.0665732	NA	NA
rs1829598	0.172839	0.0563104	0.0749798	0.0259948	0.0250361	0.0540327	-0.0349255	0.0369891	-0.00144109	0.0624424	0.137004	0.0638532	NA	NA
rs112720033	-0.0301881	0.159695	0.00580348	0.0718725	0.202731	0.135937	0.083366	0.101183	0.04259	0.180262	-0.106208	0.18094	0.165578	0.044072
rs4271731	0.0795695	0.0601265	0.0377713	0.0263486	0.0144888	0.0546647	-0.0583967	0.0371724	-0.0550576	0.064901	0.13099	0.0665731	NA	NA
rs1915487	0.0795809	0.0601248	0.0377713	0.0263486	0.0144888	0.0546647	-0.0583967	0.0371724	-0.0550576	0.064901	0.13099	0.0665731	-0.0360102	0.0140912
rs57669368	0.0765602	0.0865982	NA	NA	NA	NA	NA	NA	NA	NA	NA	NA	0.0682792	0.0206853
rs7596199	0.172699	0.0561296	0.0743257	0.0258008	0.0241632	0.0535066	-0.0346282	0.0367942	-0.00401774	0.0614381	0.134496	0.0628418	NA	NA
rs72946811	-0.295469	0.191587	NA	NA	NA	NA	NA	NA	NA	NA	NA	NA	-0.101257	0.0449571
rs2139809	0.149899	0.0578445	0.0757237	0.0259849	0.0563437	0.0537181	-0.0243014	0.037425	0.0039789	0.0650589	0.134263	0.0666263	NA	NA
rs7596964	0.50343	0.229475	NA	NA	NA	NA	NA	NA	NA	NA	NA	NA	NA	NA
rs113997344	-0.0301881	0.159695	0.00580348	0.0718725	0.202731	0.135937	0.083366	0.101183	0.04259	0.180262	-0.106208	0.18094	0.165578	0.044072
rs114578839	-0.180286	0.149364	NA	NA	NA	NA	NA	NA	NA	NA	NA	NA	0.0650077	0.0530324
rs115790757	0.0491368	0.167671	NA	NA	NA	NA	NA	NA	NA	NA	NA	NA	-0.00364038	0.0379844
rs11123690	0.00672958	0.0581684	-0.0165896	0.0369455	-0.153867	0.0735673	-0.107079	0.0564929	0.0582057	0.0963998	-0.103664	0.0952833	-0.0336704	0.0146712
rs9789602	0.142247	0.0570984	0.065544	0.0261984	0.00301733	0.0539835	-0.0476747	0.0369645	-0.0276023	0.0630496	0.123057	0.0646029	NA	NA
rs77689933	-0.00994566	0.0971711	NA	NA	NA	NA	NA	NA	NA	NA	NA	NA	0.021883	0.0231601
rs13388725	0.29689	0.0751818	0.0851414	0.0262013	0.107715	0.0538838	0.0112853	0.0383761	-0.0281716	0.065216	0.210756	0.0676645	NA	NA
rs10170784	0.1484	0.0578454	0.0378132	0.0263468	0.0144928	0.0546624	-0.0583098	0.0371701	-0.0550576	0.064901	0.13099	0.0665731	NA	NA
rs60383605	0.00672958	0.0581684	NA	NA	NA	NA	-0.107076	0.056498	0.0582312	0.0964201	-0.103635	0.0952981	-0.0336704	0.0146712
rs10194636	-0.150972	0.169211	NA	NA	NA	NA	NA	NA	NA	NA	NA	NA	NA	NA
rs10200997	0.172176	0.056345	0.0749847	0.0259949	0.0250378	0.0540334	-0.0349258	0.0369896	-0.00142248	0.0624429	0.137011	0.0638535	-0.0593467	0.013591
rs112697550	0.080436	0.0600727	NA	NA	NA	NA	NA	NA	NA	NA	NA	NA	NA	NA
rs114736413	0.0703657	0.0868642	NA	NA	NA	NA	NA	NA	NA	NA	NA	NA	0.066375	0.0210822
rs12621364	0.214915	0.100157	0.0758479	0.0264629	0.0839409	0.0535664	-0.00235351	0.0390134	-0.0611267	0.0651396	0.191948	0.0683786	NA	NA
rs116830065	-0.375768	0.181468	NA	NA	NA	NA	NA	NA	NA	NA	NA	NA	0.0334302	0.0408714
rs7559079	0.296861	0.0751812	0.0851414	0.0262013	0.107715	0.0538838	0.0112853	0.0383761	-0.0281716	0.065216	0.210756	0.0676645	-0.0448469	0.0166972
rs11901830	-0.421859	0.222611	NA	NA	NA	NA	NA	NA	NA	NA	NA	NA	NA	NA
rs55982501	-0.00994566	0.0971711	NA	NA	NA	NA	NA	NA	NA	NA	NA	NA	NA	NA
rs7604621	0.0764799	0.133563	NA	NA	NA	NA	NA	NA	NA	NA	NA	NA	-0.123578	0.0489332
rs6756886	-0.00959015	0.0591195	-0.0900256	0.0359858	-0.210595	0.0720569	-0.170701	0.0540013	-0.0531349	0.0933779	-0.0999664	0.092867	NA	NA
rs7349435	0.296879	0.075185	0.0850995	0.0261976	0.107711	0.0538778	0.0112512	0.0383695	-0.0281716	0.065216	0.210756	0.0676645	NA	NA
rs60328538	0.100581	0.0959807	NA	NA	NA	NA	NA	NA	NA	NA	NA	NA	0.0565545	0.0292205
rs12478285	0.208654	0.0666089	0.0810854	0.0256879	0.127018	0.0530733	0.0186114	0.0381036	-0.0301727	0.0659138	0.191453	0.0675948	NA	NA
rs58708266	0.0846997	0.0876609	NA	NA	NA	NA	NA	NA	NA	NA	NA	NA	0.0682792	0.0206853
rs113503997	-0.00505446	0.063655	-0.0177336	0.0373617	-0.13541	0.074734	-0.104057	0.057123	0.0769126	0.0972607	-0.0989938	0.0964207	-0.0426496	0.0170923
rs12624177	0.29689	0.0751818	0.0850262	0.026205	0.108001	0.053888	0.011351	0.0383785	-0.0280684	0.0652335	0.211911	0.0677037	NA	NA
rs10187608	0.167915	0.077135	NA	NA	NA	NA	NA	NA	NA	NA	NA	NA	NA	NA
rs6708372	-0.00888742	0.0591947	-0.0176265	0.037177	-0.137201	0.0742379	-0.104379	0.0568666	0.0738957	0.0966477	-0.100071	0.0956938	-0.0236918	0.0150507
rs10180167	-0.150972	0.169211	NA	NA	NA	NA	NA	NA	NA	NA	NA	NA	NA	NA
rs6723720	-0.0104707	0.0592514	-0.0900256	0.0359858	-0.210595	0.0720569	-0.170701	0.0540013	-0.0531349	0.0933779	-0.0999664	0.092867	-0.0222031	0.015
rs112815045	-0.227842	0.128973	NA	NA	NA	NA	NA	NA	NA	NA	NA	NA	-0.00367035	0.0427742
rs11123691	0.270746	0.0690329	0.0837164	0.0262065	0.0984443	0.0541872	0.00688619	0.0382341	-0.0352428	0.0652916	0.206155	0.0673302	NA	NA
rs115804286	0.50343	0.229475	NA	NA	NA	NA	NA	NA	NA	NA	NA	NA	NA	NA
rs10203795	0.294722	0.0748229	0.0844409	0.0259901	0.106258	0.053357	0.0111054	0.038151	-0.0298851	0.0639743	0.206003	0.0663883	NA	NA
rs10169264	0.269419	0.0687414	0.0830465	0.0260006	0.0970245	0.0536644	0.00676064	0.0380173	-0.0368422	0.0640474	0.201667	0.0660718	NA	NA
rs115947419	-0.421859	0.222611	NA	NA	NA	NA	NA	NA	NA	NA	NA	NA	NA	NA
rs2007380	-0.452191	0.143151	NA	NA	NA	NA	NA	NA	NA	NA	NA	NA	0.0538795	0.0301324
rs1112806	0.269885	0.0690716	0.083706	0.0262	0.0981499	0.0541667	0.00693817	0.0382323	-0.0351972	0.06529	0.206274	0.067323	NA	NA
rs113305518	0.0675448	0.0601563	NA	NA	NA	NA	NA	NA	NA	NA	NA	NA	NA	NA
rs77498980	-0.115845	0.183971	NA	NA	NA	NA	NA	NA	NA	NA	NA	NA	NA	NA
rs113907398	-0.0720175	0.108235	NA	NA	NA	NA	-1.0814	0.176862	-1.37945	0.285575	-0.119025	0.31016	-0.0532969	0.0310342
rs116293463	0.105854	0.244572	NA	NA	NA	NA	NA	NA	NA	NA	NA	NA	0.244408	0.0513282
rs73954343	-0.452191	0.143151	NA	NA	NA	NA	NA	NA	NA	NA	NA	NA	0.0538795	0.0301324
rs112558671	-0.297961	0.189202	NA	NA	NA	NA	NA	NA	NA	NA	NA	NA	-0.112311	0.0482758
rs2718760	-0.0403018	0.0569122	-0.0758519	0.0333199	-0.123143	0.0656076	-0.119471	0.0491861	-0.0368131	0.0882236	-0.116774	0.0887641	NA	NA
rs10210738	0.2699	0.0690969	0.0914246	0.0262765	0.113734	0.0540127	0.0132861	0.0385711	-0.0431815	0.0654178	0.216076	0.0676803	NA	NA
rs28474759	0.264619	0.0797798	0.0758162	0.0264509	0.0836308	0.0535366	-0.0023771	0.039003	-0.0568914	0.0652915	0.195051	0.0684931	NA	NA
rs2683808	0.213555	0.0630344	0.0339945	0.0263473	0.0141743	0.0546579	-0.0633981	0.0371412	-0.0548903	0.0648916	0.131322	0.066559	NA	NA
rs10166029	0.267567	0.0691095	0.083706	0.0262	0.0981499	0.0541667	0.00693817	0.0382323	-0.0351972	0.06529	0.206274	0.067323	NA	NA
rs10182304	0.206098	0.0666588	0.0810475	0.0256799	0.126653	0.0530491	0.0186457	0.0381006	-0.0299417	0.0658997	0.191783	0.0675686	-0.0350424	0.0157331
rs2718759	0.148304	0.0579769	0.0358892	0.0263408	0.0143668	0.0546807	-0.0607446	0.0371534	-0.0547868	0.0648879	0.131328	0.0665547	-0.046364	0.0138415
rs2718758	0.07993	0.0602005	NA	NA	NA	NA	-0.060784	0.0371569	-0.0547402	0.0648948	0.131363	0.0665614	NA	NA
rs10196142	-0.148875	0.16912	NA	NA	NA	NA	NA	NA	NA	NA	NA	NA	NA	NA
rs2176959	0.148304	0.0579769	0.0358892	0.0263408	0.0143668	0.0546807	-0.0607446	0.0371534	-0.0547868	0.0648879	0.131328	0.0665547	NA	NA
rs10172708	0.269917	0.0690697	0.083706	0.0262	0.0981499	0.0541667	0.00693817	0.0382323	-0.0351972	0.06529	0.206274	0.067323	NA	NA
rs2139811	0.148008	0.0580283	0.0358892	0.0263408	0.0143668	0.0546807	-0.0607446	0.0371534	-0.0547868	0.0648879	0.131328	0.0665547	NA	NA
rs12613736	0.204636	0.0997668	0.0757973	0.0264521	0.0836593	0.0535373	-0.00233069	0.039005	-0.0616091	0.0651313	0.191384	0.068387	NA	NA
rs57895745	-0.419751	0.22316	NA	NA	NA	NA	NA	NA	NA	NA	NA	NA	NA	NA
rs2683806	0.168373	0.0562496	0.073211	0.0260976	0.0232131	0.0544065	-0.0389259	0.0370995	-0.000798875	0.0626269	0.139972	0.0641886	-0.0562606	0.0134755
rs112025250	0.200535	0.0910535	NA	NA	NA	NA	NA	NA	NA	NA	NA	NA	NA	NA
rs73954345	-0.454074	0.143103	NA	NA	NA	NA	NA	NA	NA	NA	NA	NA	0.0493502	0.0297877
rs1464406	0.145312	0.0579118	0.0331441	0.0263544	0.0149457	0.0546654	-0.0642902	0.0371812	-0.0505983	0.0649609	0.132634	0.0666187	NA	NA
rs1464405	0.504696	0.229579	NA	NA	NA	NA	NA	NA	NA	NA	NA	NA	NA	NA
rs2718755	0.142746	0.0553295	0.0334863	0.0261868	-0.00747422	0.0541767	-0.0697984	0.0366936	-0.0482552	0.0619955	0.13557	0.0635665	-0.0474828	0.0135782
rs115179711	-0.132406	0.186367	NA	NA	NA	NA	NA	NA	NA	NA	NA	NA	NA	NA
rs111664764	0.0439891	0.266953	NA	NA	NA	NA	NA	NA	NA	NA	NA	NA	-0.0255215	0.0554193
rs10206459	0.11456	0.140987	NA	NA	NA	NA	NA	NA	NA	NA	NA	NA	NA	NA
rs78130673	0.504684	0.229576	NA	NA	NA	NA	NA	NA	NA	NA	NA	NA	NA	NA
rs77572979	0.068233	0.0869672	NA	NA	NA	NA	NA	NA	NA	NA	NA	NA	0.0672645	0.021001
rs114325036	-0.132406	0.186367	NA	NA	NA	NA	NA	NA	NA	NA	NA	NA	NA	NA
rs2683805	-0.0426692	0.0570346	-0.0790769	0.0330679	-0.121093	0.0650132	-0.123636	0.0486697	-0.0285823	0.0878777	-0.114978	0.0885234	-0.00627335	0.0145079
rs111252677	-0.0275013	0.15802	0.0046289	0.0711132	0.197729	0.133684	0.081952	0.10021	0.0693563	0.17748	-0.0970204	0.178162	NA	NA
rs2683804	-0.0426764	0.0570349	-0.0790769	0.0330679	-0.121093	0.0650132	-0.123636	0.0486697	-0.0285823	0.0878777	-0.114978	0.0885234	-0.00627335	0.0145079
rs3820960	0.280984	0.0744511	0.0844177	0.0261787	0.107475	0.053719	0.0123004	0.0383159	-0.0281545	0.065205	0.21102	0.0676442	NA	NA
rs11123692	0.268128	0.0796707	NA	NA	NA	NA	-0.00234377	0.0391046	-0.0590778	0.065628	0.194566	0.0688976	NA	NA
rs11123693	0.268135	0.0796698	NA	NA	NA	NA	-0.00285513	0.0391455	-0.0596543	0.0656906	0.193932	0.0689598	NA	NA
rs116466358	0.0403558	0.113124	NA	NA	NA	NA	NA	NA	NA	NA	NA	NA	NA	NA
rs116961844	-0.00887665	0.0594624	NA	NA	NA	NA	NA	NA	NA	NA	NA	NA	NA	NA
rs28488067	-0.0944736	0.117492	NA	NA	NA	NA	NA	NA	NA	NA	NA	NA	NA	NA
rs11123694	0.130748	0.055361	NA	NA	NA	NA	NA	NA	NA	NA	NA	NA	NA	NA
rs115216733	-0.329661	0.120998	NA	NA	NA	NA	NA	NA	NA	NA	NA	NA	NA	NA
rs114362548	-0.0911252	0.0804739	NA	NA	NA	NA	NA	NA	NA	NA	NA	NA	NA	NA
rs28491803	-0.0284052	0.0606964	NA	NA	NA	NA	NA	NA	NA	NA	NA	NA	NA	NA
rs116542011	-0.0724442	0.059291	NA	NA	NA	NA	NA	NA	NA	NA	NA	NA	NA	NA
rs115260526	0.0681659	0.0857788	NA	NA	NA	NA	NA	NA	NA	NA	NA	NA	NA	NA
rs72435153	0.219763	0.0753838	NA	NA	NA	NA	NA	NA	NA	NA	NA	NA	NA	NA
rs28614071	0.0640762	0.0764322	NA	NA	NA	NA	NA	NA	NA	NA	NA	NA	NA	NA
rs62150804	0.218432	0.0747382	NA	NA	NA	NA	NA	NA	NA	NA	NA	NA	NA	NA
rs2465956	-0.0420053	0.0567971	-0.0784747	0.0328265	-0.12023	0.0644293	-0.12286	0.0484137	-0.0267957	0.0869849	-0.113963	0.0875991	-0.00627335	0.0145079
rs3806530	-0.0420053	0.0567971	-0.0790769	0.0330679	-0.121093	0.0650132	-0.123636	0.0486697	-0.0285823	0.0878777	-0.114978	0.0885234	-0.00627335	0.0145079
rs1879496	0.281569	0.074527	0.0844177	0.0261787	0.107475	0.053719	0.0123004	0.0383159	-0.0281545	0.065205	0.21102	0.0676442	-0.0447003	0.0165447
rs3840470	-0.041997	0.0567963	NA	NA	NA	NA	-0.123636	0.0486697	-0.0285823	0.0878777	-0.114978	0.0885234	-0.00627335	0.0145079
rs2460947	0.153501	0.0577412	0.0332196	0.0264503	0.0214083	0.0551285	-0.0600454	0.0374363	-0.05138	0.0652087	0.129757	0.0670104	NA	NA
rs76296501	0.0670663	0.0870513	NA	NA	NA	NA	NA	NA	NA	NA	NA	NA	NA	NA
rs3820957	0.297458	0.0793567	0.0761633	0.0264976	0.084991	0.0534732	0.000596962	0.0390622	-0.0495926	0.0656695	0.199158	0.0688863	NA	NA
rs111776505	-0.026857	0.156549	0.0046289	0.0711132	0.197729	0.133684	0.081952	0.10021	0.0693563	0.17748	-0.0970204	0.178162	0.136922	0.0417076
rs2460944	0.0779129	0.059546	0.032588	0.026348	0.0149851	0.0546488	-0.0633232	0.0371713	-0.0504466	0.0649116	0.132352	0.0665669	NA	NA
rs2378113	0.181622	0.10248	0.0743834	0.0262192	0.0831786	0.0528707	-0.00110257	0.038705	-0.0629058	0.0638167	0.185772	0.0670471	NA	NA
rs76428482	-0.026857	0.156549	0.0046289	0.0711132	0.197729	0.133684	0.081952	0.10021	0.0693563	0.17748	-0.0970204	0.178162	0.136922	0.0417076
rs1474220	0.145964	0.0574517	0.0325777	0.0263464	0.0149851	0.0546488	-0.0633156	0.0371687	-0.0504466	0.0649116	0.132352	0.0665669	NA	NA
rs2718752	-0.0440773	0.0569344	-0.0790264	0.033069	-0.12111	0.0650173	-0.123643	0.0486698	-0.0285939	0.0878786	-0.114979	0.0885243	NA	NA
rs12468026	0.260055	0.0928705	0.0749849	0.0264299	0.0838696	0.0533724	-0.00102847	0.0389385	-0.0621328	0.0651159	0.190849	0.0683976	NA	NA
rs28636802	0.112704	0.141097	NA	NA	NA	NA	NA	NA	NA	NA	NA	NA	-0.128547	0.0555373
rs2683799	0.0465241	0.166118	0.0615471	0.0277856	0.00298508	0.0575142	-0.0324665	0.0393313	-0.0757327	0.0681513	0.143387	0.0697618	NA	NA
rs13397470	0.297698	0.0755376	NA	NA	NA	NA	0.0125401	0.0382824	-0.0281006	0.065205	0.211147	0.0676444	NA	NA
rs13410844	0.297698	0.0755376	0.0842291	0.0261657	0.10735	0.0536554	0.0125401	0.0382824	-0.0281006	0.065205	0.211147	0.0676444	-0.0445455	0.0167062
rs13411256	0.302352	0.0788783	0.0842236	0.0261653	0.107346	0.0536537	0.012545	0.0382815	-0.0281006	0.065205	0.211147	0.0676444	NA	NA
rs2683798	0.145986	0.0574529	0.0325777	0.0263464	0.0149851	0.0546488	-0.0633156	0.0371687	-0.0504466	0.0649116	0.132352	0.0665669	-0.0461323	0.0137323
rs79209743	0.274308	0.078334	NA	NA	NA	NA	NA	NA	NA	NA	NA	NA	NA	NA
rs28718272	0.297698	0.0755376	0.0842291	0.0261657	0.10735	0.0536554	0.0125401	0.0382824	-0.0281006	0.065205	0.211147	0.0676444	NA	NA
rs2718751	-0.0440622	0.0569353	-0.0790264	0.033069	-0.12111	0.0650173	-0.123643	0.0486698	-0.0285939	0.0878786	-0.114979	0.0885243	NA	NA
rs57235417	-0.163061	0.131117	0.0042455	0.0711156	0.197719	0.133692	0.0814166	0.100216	0.0693563	0.17748	-0.0970204	0.178162	0.0829124	0.035916
rs28452998	0.112704	0.141097	NA	NA	NA	NA	NA	NA	NA	NA	NA	NA	NA	NA
rs73954346	-0.455167	0.143038	NA	NA	NA	NA	NA	NA	NA	NA	NA	NA	0.0538795	0.0301324
rs2683797	0.145986	0.0574529	0.0325777	0.0263464	0.0149851	0.0546488	-0.0633156	0.0371687	-0.0504466	0.0649116	0.132352	0.0665669	NA	NA
rs2465955	-0.0145135	0.0594244	-0.0936407	0.0357367	-0.207332	0.0714536	-0.175325	0.0534196	-0.0515261	0.0933859	-0.0999008	0.0928976	-0.023967	0.0150232
rs114640929	-0.415304	0.223669	NA	NA	NA	NA	NA	NA	NA	NA	NA	NA	NA	NA
rs58279800	0.297617	0.0755266	0.0842291	0.0261657	0.10735	0.0536554	0.0125401	0.0382824	-0.0281006	0.065205	0.211147	0.0676444	NA	NA
rs61129860	0.297617	0.0755266	0.0842291	0.0261657	0.10735	0.0536554	0.0125401	0.0382824	-0.0281006	0.065205	0.211147	0.0676444	NA	NA
rs13408353	0.112659	0.141517	NA	NA	NA	NA	NA	NA	NA	NA	NA	NA	NA	NA
rs2718749	0.0769077	0.0594666	0.032588	0.026348	0.0149851	0.0546488	-0.0633232	0.0371713	-0.0504466	0.0649116	0.132352	0.0665669	NA	NA
rs55870446	-0.189651	0.108271	-0.0501393	0.0505819	-0.162396	0.0978084	0.00198208	0.0744442	-0.183982	0.142458	-0.0479455	0.133795	-0.00323179	0.0315659
rs76460252	0.0646657	0.0869225	NA	NA	NA	NA	NA	NA	NA	NA	NA	NA	0.0672645	0.021001
rs5833289	0.145237	0.0573841	NA	NA	NA	NA	NA	NA	NA	NA	NA	NA	NA	NA
rs2090803	0.297644	0.0755278	0.0842291	0.0261657	0.10735	0.0536554	0.0125401	0.0382824	-0.0281006	0.065205	0.211147	0.0676444	NA	NA
rs2889831	0.0646657	0.0869225	NA	NA	NA	NA	NA	NA	NA	NA	NA	NA	0.0669413	0.0210856
rs2683800	-0.0133816	0.0593391	-0.0225875	0.0371275	-0.137474	0.0742086	-0.112567	0.0567069	0.075638	0.0966502	-0.0999999	0.0957265	NA	NA
rs10865019	0.302866	0.078898	0.0842236	0.0261653	0.107346	0.0536537	0.012545	0.0382815	-0.0281006	0.065205	0.211147	0.0676444	NA	NA
rs67896276	0.297427	0.0756168	NA	NA	NA	NA	NA	NA	NA	NA	NA	NA	NA	NA
rs80165246	-0.0717194	0.188677	NA	NA	NA	NA	NA	NA	NA	NA	NA	NA	0.0732993	0.0297271
rs116358344	0.504696	0.229579	NA	NA	NA	NA	NA	NA	NA	NA	NA	NA	NA	NA
rs115668914	-0.0259512	0.154674	0.0046289	0.0711132	0.197729	0.133684	0.081952	0.10021	0.0693563	0.17748	-0.0970204	0.178162	0.136922	0.0417076
rs7591250	0.112659	0.141517	NA	NA	NA	NA	NA	NA	NA	NA	NA	NA	-0.128547	0.0555373
rs13418980	-0.115127	0.183076	NA	NA	NA	NA	NA	NA	NA	NA	NA	NA	NA	NA
rs74803127	0.297617	0.0755266	NA	NA	NA	NA	0.0125401	0.0382824	-0.0281006	0.065205	0.211147	0.0676444	NA	NA
rs79469550	-0.164245	0.128883	-0.235547	0.0644541	-0.0569147	0.125201	-0.143877	0.0930575	-0.293089	0.156739	-0.0991186	0.16332	0.0874854	0.035295
rs115029847	0.504696	0.229579	NA	NA	NA	NA	NA	NA	NA	NA	NA	NA	NA	NA
rs10199197	-0.137649	0.187758	NA	NA	NA	NA	NA	NA	NA	NA	NA	NA	NA	NA
rs2683801	-0.044256	0.0568617	-0.0790264	0.033069	-0.12111	0.0650173	-0.123643	0.0486698	-0.0285939	0.0878786	-0.114979	0.0885243	NA	NA
rs4450567	0.297576	0.0755258	0.0842291	0.0261657	0.10735	0.0536554	0.0125401	0.0382824	-0.0281006	0.065205	0.211147	0.0676444	NA	NA
rs79809908	0.0349311	0.163143	0.0046289	0.0711132	0.197729	0.133684	0.081952	0.10021	0.0693563	0.17748	-0.0970204	0.178162	NA	NA
rs2683803	-0.044256	0.0568617	-0.0725766	0.0333289	-0.120096	0.0651781	-0.117689	0.0492409	-0.0262652	0.087986	-0.114784	0.0885551	NA	NA
rs13407027	0.112659	0.141517	NA	NA	NA	NA	NA	NA	NA	NA	NA	NA	-0.128547	0.0555373
rs80290084	-0.45343	0.242895	NA	NA	NA	NA	NA	NA	NA	NA	NA	NA	NA	NA
rs2245229	-0.0133816	0.0593391	-0.0225875	0.0371275	-0.137474	0.0742086	-0.112567	0.0567069	0.075638	0.0966502	-0.0999999	0.0957265	NA	NA
rs2378114	-0.0133816	0.0593391	-0.0225875	0.0371275	-0.137474	0.0742086	-0.112567	0.0567069	0.075638	0.0966502	-0.0999999	0.0957265	-0.0254737	0.0150742
rs2460949	-0.044256	0.0568617	-0.0790264	0.033069	-0.12111	0.0650173	-0.123643	0.0486698	-0.0285939	0.0878786	-0.114979	0.0885243	-0.00884343	0.0145104
rs115584718	-0.415304	0.223669	NA	NA	NA	NA	NA	NA	NA	NA	NA	NA	NA	NA
rs7600214	-0.0442286	0.0568621	-0.0790317	0.0330717	-0.121098	0.0650248	-0.12365	0.0486701	-0.0286859	0.0878899	-0.114969	0.0885311	-0.00884343	0.0145104
rs2049151	0.145237	0.0573841	0.0325777	0.0263464	0.0149851	0.0546488	-0.0633156	0.0371687	-0.0504466	0.0649116	0.132352	0.0665669	NA	NA
rs2049150	0.145237	0.0573841	0.0325739	0.0263472	0.0149862	0.0546498	-0.0633187	0.0371707	-0.0503892	0.0649169	0.132395	0.0665715	NA	NA
rs2139808	0.0473514	0.165548	0.0616494	0.027767	0.0031517	0.0574756	-0.032475	0.039302	-0.0759684	0.0681172	0.144065	0.0697274	-0.0267365	0.0272542
rs2139807	0.146479	0.0574281	0.0325426	0.0263672	0.0148565	0.0546886	-0.0631742	0.03719	-0.0506483	0.0649602	0.132938	0.0666179	-0.0461939	0.0137215
rs62150806	0.293774	0.0794475	0.0750164	0.026432	0.0838899	0.0533819	-0.00106257	0.0389435	-0.0575692	0.065268	0.194338	0.0684954	NA	NA
rs13414292	0.112659	0.141517	NA	NA	NA	NA	NA	NA	NA	NA	NA	NA	-0.128547	0.0555373
rs13414406	0.284375	0.0701426	0.0828255	0.0261759	0.0981548	0.053962	0.0082289	0.038155	-0.0351317	0.0652846	0.206594	0.0673151	-0.0539656	0.0163406
rs2577623	-0.0133816	0.0593391	-0.0225875	0.0371275	-0.137474	0.0742086	-0.112567	0.0567069	0.075638	0.0966502	-0.0999999	0.0957265	NA	NA
rs56338371	-0.456915	0.142959	NA	NA	NA	NA	NA	NA	NA	NA	NA	NA	0.0538795	0.0301324
rs76057306	-0.231727	0.141893	NA	NA	NA	NA	NA	NA	NA	NA	NA	NA	NA	NA
rs13389402	0.112659	0.141517	NA	NA	NA	NA	NA	NA	NA	NA	NA	NA	NA	NA
rs7593788	-0.0442602	0.0568615	-0.0790264	0.033069	-0.12111	0.0650173	-0.123643	0.0486698	-0.0285939	0.0878786	-0.114979	0.0885243	NA	NA
rs58712547	-0.032015	0.0572531	NA	NA	NA	NA	-0.0787626	0.0541855	0.09601	0.0929702	-0.110185	0.0934837	NA	NA
rs9789660	0.296804	0.0752919	NA	NA	NA	NA	0.0126154	0.0383198	-0.0280517	0.0652456	0.219291	0.068004	NA	NA
rs9789664	0.14295	0.0571565	0.0316856	0.0263706	0.0167314	0.0546792	-0.0634504	0.037194	-0.0506177	0.0649903	0.132752	0.0666412	NA	NA
rs67564328	-0.0450093	0.0565975	NA	NA	NA	NA	-0.127113	0.048921	-0.0320305	0.0882088	-0.113283	0.0889147	NA	NA
rs66477626	-0.0141657	0.0593238	NA	NA	NA	NA	NA	NA	NA	NA	NA	NA	NA	NA
rs28773290	0.294406	0.079241	NA	NA	NA	NA	-0.0031024	0.0394644	-0.0760004	0.0664851	0.195574	0.070047	NA	NA
rs2718728	0.451301	0.306458	0.0818022	0.0646378	-0.0418663	0.120693	-0.0763325	0.101823	0.106758	0.1626	0.220174	0.164834	NA	NA
rs2577612	0.14295	0.0571565	0.0325777	0.0263464	0.0149851	0.0546488	-0.0633156	0.0371687	-0.0504466	0.0649116	0.132352	0.0665669	NA	NA
rs113007080	-0.134264	0.283134	NA	NA	NA	NA	NA	NA	NA	NA	NA	NA	-0.0122983	0.045594
rs11901424	-0.384725	0.181266	NA	NA	NA	NA	NA	NA	NA	NA	NA	NA	0.0334302	0.0408714
rs2718727	-0.0141657	0.0593238	-0.0229678	0.0373777	-0.138776	0.0746736	-0.112745	0.0571323	0.0719989	0.0972385	-0.100551	0.0962927	NA	NA
rs10204516	-0.146559	0.188734	NA	NA	NA	NA	NA	NA	NA	NA	NA	NA	NA	NA
rs2718726	-0.0450093	0.0565975	-0.079629	0.0332346	-0.121895	0.065313	-0.123559	0.0489532	-0.0320043	0.0883042	-0.11556	0.088975	-0.00944453	0.0145361
rs114539745	0.293199	0.158312	NA	NA	NA	NA	NA	NA	NA	NA	NA	NA	NA	NA
rs7601939	-0.0450093	0.0565975	-0.079629	0.0332346	-0.121895	0.065313	-0.123559	0.0489532	-0.0320043	0.0883042	-0.11556	0.088975	NA	NA
rs2577611	-0.0196767	0.0577597	-0.079629	0.0332346	-0.121895	0.065313	-0.123559	0.0489532	-0.0320043	0.0883042	-0.11556	0.088975	NA	NA
rs2577610	-0.0196767	0.0577597	-0.079629	0.0332346	-0.121895	0.065313	-0.123559	0.0489532	-0.0320043	0.0883042	-0.11556	0.088975	NA	NA
rs115629584	0.504696	0.229579	NA	NA	NA	NA	NA	NA	NA	NA	NA	NA	NA	NA
rs2718714	-0.0196717	0.0577599	-0.079629	0.0332346	-0.121895	0.065313	-0.123559	0.0489532	-0.0320043	0.0883042	-0.11556	0.088975	NA	NA
rs12478058	0.294404	0.0792447	0.0779366	0.0266968	0.0815592	0.0538969	0.00056893	0.039378	-0.0620676	0.0660089	0.199774	0.0693397	-0.0654651	0.0174824
rs115634950	0.0685594	0.121083	NA	NA	NA	NA	NA	NA	NA	NA	NA	NA	-0.00353078	0.0523525
rs10207673	-0.146559	0.188734	NA	NA	NA	NA	NA	NA	NA	NA	NA	NA	NA	NA
rs6757135	-0.147397	0.0987581	NA	NA	NA	NA	-0.0194018	0.0705699	-0.119379	0.124323	-0.0973173	0.120109	NA	NA
rs116750774	-0.408099	0.223733	NA	NA	NA	NA	NA	NA	NA	NA	NA	NA	NA	NA
rs13432565	0.296939	0.0752952	0.0853066	0.02639	0.108724	0.0541092	0.011885	0.0386305	-0.0278305	0.0659014	0.213555	0.0683331	NA	NA
rs2577609	-0.0196767	0.0577597	-0.079629	0.0332346	-0.121895	0.065313	-0.123559	0.0489532	-0.0320043	0.0883042	-0.11556	0.088975	NA	NA
rs115786524	-0.027195	0.150341	0.00492317	0.0710893	0.197331	0.133584	0.0823026	0.100191	0.0716428	0.177246	-0.0965711	0.177931	0.136922	0.0417076
rs2577608	-0.0161104	0.059372	-0.0947932	0.0359615	-0.20942	0.0718751	-0.176188	0.0537904	-0.0563406	0.0939	-0.100432	0.0934211	-0.023967	0.0150232
rs2718713	-0.0086099	0.0853693	0.0182339	0.0586183	-0.0127858	0.114469	-0.247719	0.0910908	0.327036	0.143549	-0.0866348	0.151716	-0.0157356	0.0268819
rs13398160	0.296804	0.0752919	0.0849009	0.0264048	0.10865	0.0541092	0.0126195	0.0386562	-0.0277657	0.0658326	0.213109	0.0682956	NA	NA
rs2718712	-0.0141657	0.0593238	-0.0229678	0.0373777	-0.138776	0.0746736	-0.112745	0.0571323	0.0719989	0.0972385	-0.100551	0.0962927	NA	NA
rs75065491	0.293154	0.158303	NA	NA	NA	NA	NA	NA	NA	NA	NA	NA	-0.158485	0.0357062
rs2577607	-0.0450093	0.0565975	-0.079629	0.0332346	-0.121895	0.065313	-0.123559	0.0489532	-0.0320043	0.0883042	-0.11556	0.088975	-0.00884343	0.0145104
rs76429344	-0.0273016	0.150343	0.00492317	0.0710893	0.197331	0.133584	0.0823026	0.100191	0.0716428	0.177246	-0.0965711	0.177931	0.136922	0.0417076
rs2577606	-0.0450291	0.0564264	-0.079629	0.0332346	-0.121895	0.065313	-0.123559	0.0489532	-0.0320043	0.0883042	-0.11556	0.088975	-0.00884343	0.0145104
rs2718711	-0.0450093	0.0565975	-0.079629	0.0332346	-0.121895	0.065313	-0.123559	0.0489532	-0.0320043	0.0883042	-0.11556	0.088975	-0.00884343	0.0145104
rs111784268	0.0809078	0.0596649	NA	NA	NA	NA	NA	NA	NA	NA	NA	NA	NA	NA
rs2718710	-0.0450093	0.0565975	-0.079629	0.0332346	-0.121895	0.065313	-0.123559	0.0489532	-0.0320043	0.0883042	-0.11556	0.088975	NA	NA
rs2718709	-0.0141657	0.0593238	-0.0229678	0.0373777	-0.138776	0.0746736	-0.112745	0.0571323	0.0719989	0.0972385	-0.100551	0.0962927	-0.0254737	0.0150742
rs2718708	-0.0450093	0.0565975	-0.079629	0.0332346	-0.121895	0.065313	-0.123559	0.0489532	-0.0320043	0.0883042	-0.11556	0.088975	-0.00884343	0.0145104
rs2718707	-0.016555	0.0593769	-0.0947932	0.0359615	-0.20942	0.0718751	-0.176188	0.0537904	-0.0563406	0.0939	-0.100432	0.0934211	-0.023967	0.0150232
rs10179602	0.18753	0.103143	0.0760701	0.0266726	0.0845141	0.0538691	-0.0020005	0.0393083	-0.0629476	0.0658809	0.193873	0.069159	NA	NA
rs13424452	-0.425506	0.245017	NA	NA	NA	NA	NA	NA	NA	NA	NA	NA	NA	NA
rs76646082	0.155379	0.249757	NA	NA	NA	NA	NA	NA	NA	NA	NA	NA	0.246548	0.0549181
rs61741717	-0.40687	0.223558	NA	NA	NA	NA	NA	NA	NA	NA	NA	NA	NA	NA
rs111860015	0.0384924	0.159022	0.00458726	0.0711023	0.197331	0.133584	0.0814988	0.100211	0.0720346	0.177251	-0.0965508	0.17794	0.165578	0.044072
rs73954350	-0.0196466	0.0977976	NA	NA	NA	NA	NA	NA	NA	NA	NA	NA	NA	NA
rs2718706	-0.0196387	0.0577464	-0.079629	0.0332346	-0.121895	0.065313	-0.123559	0.0489532	-0.0320043	0.0883042	-0.11556	0.088975	NA	NA
rs1898557	0.0743961	0.0592276	0.0324853	0.026548	0.0154438	0.0550346	-0.0635311	0.0374681	-0.0515017	0.0654311	0.132592	0.0671125	NA	NA
rs2577622	0.142924	0.0571543	0.0324715	0.026544	0.0154453	0.0550388	-0.0635517	0.0374595	-0.051532	0.0654379	0.132639	0.0671194	NA	NA
rs11123696	0.109532	0.14198	NA	NA	NA	NA	NA	NA	NA	NA	NA	NA	-0.128547	0.0555373
rs2243888	0.142798	0.057152	0.0324766	0.0265421	0.0154438	0.0550346	-0.0635479	0.0374575	-0.0515017	0.0654311	0.132592	0.0671125	NA	NA
rs116285940	-0.407109	0.235392	NA	NA	NA	NA	NA	NA	NA	NA	NA	NA	NA	NA
rs13413249	0.109017	0.142014	NA	NA	NA	NA	NA	NA	NA	NA	NA	NA	-0.128547	0.0555373
rs2718705	-0.0448752	0.056592	-0.079629	0.0332346	-0.121895	0.065313	-0.123559	0.0489532	-0.0320043	0.0883042	-0.11556	0.088975	NA	NA
rs2577621	-0.0448752	0.056592	-0.079629	0.0332346	-0.121895	0.065313	-0.123559	0.0489532	-0.0320043	0.0883042	-0.11556	0.088975	NA	NA
rs10496421	-0.0267234	0.150205	0.00492317	0.0710893	0.197331	0.133584	0.0823026	0.100191	0.0716428	0.177246	-0.0965711	0.177931	NA	NA
rs2577620	-0.0144605	0.0593303	-0.0229678	0.0373777	-0.138776	0.0746736	-0.112745	0.0571323	0.0719989	0.0972385	-0.100551	0.0962927	-0.0254737	0.0150742
rs13390736	0.109091	0.142018	NA	NA	NA	NA	NA	NA	NA	NA	NA	NA	NA	NA
rs2718704	0.142435	0.0569723	0.0324766	0.0265421	0.0154438	0.0550346	-0.0635479	0.0374575	-0.0515017	0.0654311	0.132592	0.0671125	NA	NA
rs2577619	-0.0451536	0.0566113	-0.079629	0.0332346	-0.121895	0.065313	-0.123559	0.0489532	-0.0320043	0.0883042	-0.11556	0.088975	-0.00884343	0.0145104
rs116378572	-0.408031	0.223823	NA	NA	NA	NA	NA	NA	NA	NA	NA	NA	-0.0695205	0.059164
rs62150824	-0.0484566	0.109348	0.0647596	0.0448616	-0.0317217	0.093885	0.0942531	0.0654965	-0.0151763	0.0923362	0.00844046	0.0971383	NA	NA
rs2718703	-0.0164854	0.0593339	-0.0947932	0.0359615	-0.20942	0.0718751	-0.176188	0.0537904	-0.0563406	0.0939	-0.100432	0.0934211	NA	NA
rs78211583	0.294015	0.158626	NA	NA	NA	NA	NA	NA	NA	NA	NA	NA	NA	NA
rs6719131	0.329103	0.0729112	0.0808741	0.026501	0.102614	0.0543328	0.00819591	0.0385164	-0.034747	0.0658086	0.209449	0.0679121	NA	NA
rs1053027	0.296555	0.0752745	0.0849009	0.0264048	0.10865	0.0541092	0.0126195	0.0386562	-0.0277657	0.0658326	0.213109	0.0682956	NA	NA
rs17036399	-0.459935	0.142791	NA	NA	NA	NA	NA	NA	NA	NA	NA	NA	NA	NA
rs2577618	-0.0141752	0.0593116	-0.0229678	0.0373777	-0.138776	0.0746736	-0.112745	0.0571323	0.0719989	0.0972385	-0.100551	0.0962927	NA	NA
rs17036402	0.0696185	0.0866599	NA	NA	NA	NA	NA	NA	NA	NA	NA	NA	NA	NA
rs76734850	0.109017	0.142014	NA	NA	NA	NA	NA	NA	NA	NA	NA	NA	-0.128547	0.0555373
rs3213886	0.294493	0.0792149	0.0756663	0.0266903	0.0844436	0.0538696	-0.00126029	0.0393421	-0.0580236	0.0659657	0.197158	0.0692139	NA	NA
rs2718702	-0.0475936	0.0567815	-0.0796094	0.0332359	-0.122361	0.0653073	-0.123567	0.0489613	-0.0320257	0.0883073	-0.115906	0.0889791	-0.00821488	0.0144913
rs2718701	-0.0448752	0.056592	-0.0786286	0.0333094	-0.118048	0.06542	-0.124115	0.0490352	-0.0261518	0.0885447	-0.119545	0.0891277	NA	NA
rs2577617	-0.0164854	0.0593339	-0.0947932	0.0359615	-0.20942	0.0718751	-0.176188	0.0537904	-0.0563406	0.0939	-0.100432	0.0934211	-0.023967	0.0150232
rs6723641	0.294466	0.0792144	0.0756663	0.0266903	0.0844436	0.0538696	-0.00126029	0.0393421	-0.0580236	0.0659657	0.197158	0.0692139	NA	NA
rs13427104	-0.425365	0.244949	NA	NA	NA	NA	NA	NA	NA	NA	NA	NA	NA	NA
rs10195484	0.114547	0.120491	NA	NA	NA	NA	NA	NA	NA	NA	NA	NA	-0.0111443	0.0361132
rs11892070	-0.406541	0.223669	NA	NA	NA	NA	NA	NA	NA	NA	NA	NA	NA	NA
rs1992172	-0.0617704	0.0571972	-0.079633	0.0332352	-0.121895	0.065313	-0.123556	0.0489548	-0.0320043	0.0883042	-0.11556	0.088975	-0.00423607	0.0144167
rs73954353	-0.019691	0.0977981	NA	NA	NA	NA	NA	NA	NA	NA	NA	NA	0.0158918	0.0235776
rs75108517	-0.0267234	0.150205	0.00492317	0.0710893	0.197331	0.133584	0.0823026	0.100191	0.0716428	0.177246	-0.0965711	0.177931	0.136922	0.0417076
rs2254411	-0.0080088	0.0851838	0.0182702	0.0586218	-0.0128899	0.114476	-0.247628	0.0910962	0.327036	0.143549	-0.0866348	0.151716	-0.0157356	0.0268819
rs13386520	0.108862	0.141995	NA	NA	NA	NA	NA	NA	NA	NA	NA	NA	NA	NA
rs3927013	0.0603935	0.0871406	NA	NA	NA	NA	NA	NA	NA	NA	NA	NA	NA	NA
rs2254258	-0.0434899	0.0566378	-0.079629	0.0332346	-0.121895	0.065313	-0.123559	0.0489532	-0.0320043	0.0883042	-0.11556	0.088975	-0.00884343	0.0145104
rs1025695	0.283427	0.0700675	0.0836298	0.0264104	0.0998733	0.0544166	0.00819591	0.0385164	-0.0343929	0.0659168	0.208252	0.0679711	NA	NA
rs2577616	0.144792	0.0572489	0.0324766	0.0265421	0.0154438	0.0550346	-0.0635479	0.0374575	-0.0515017	0.0654311	0.132592	0.0671125	NA	NA
rs111968584	-0.190491	0.108059	-0.0509552	0.0514354	-0.164086	0.0992197	0.00520644	0.0760866	-0.186692	0.144107	-0.0455953	0.135342	-0.00323179	0.0315659
rs59149151	-0.0329162	0.0567334	NA	NA	NA	NA	-0.123471	0.0489579	-0.0320682	0.0883099	-0.115578	0.0889844	NA	NA
rs13393971	0.108862	0.141995	NA	NA	NA	NA	NA	NA	NA	NA	NA	NA	NA	NA
rs11888655	-0.460137	0.143553	NA	NA	NA	NA	NA	NA	NA	NA	NA	NA	0.0538795	0.0301324
rs111322595	0.119076	0.0554256	NA	NA	NA	NA	NA	NA	NA	NA	NA	NA	NA	NA
rs78564653	0.296162	0.0752352	NA	NA	NA	NA	0.0126195	0.0386562	-0.0277657	0.0658326	0.213109	0.0682956	NA	NA
rs2718700	-0.0237044	0.0593171	-0.0229678	0.0373777	-0.138776	0.0746736	-0.112745	0.0571323	0.0719989	0.0972385	-0.100551	0.0962927	NA	NA
rs10205877	0.108862	0.141995	NA	NA	NA	NA	NA	NA	NA	NA	NA	NA	-0.128547	0.0555373
rs3213887	0.294647	0.0791376	0.0756663	0.0266903	0.0844436	0.0538696	-0.00126029	0.0393421	-0.0580236	0.0659657	0.197158	0.0692139	NA	NA
rs2577615	-0.0318629	0.059774	-0.0229698	0.0373785	-0.138776	0.0746736	-0.112738	0.0571341	0.0719989	0.0972385	-0.100551	0.0962927	-0.0201145	0.0149212
rs2718699	-0.0137667	0.0592887	-0.0229678	0.0373777	-0.138776	0.0746736	-0.112745	0.0571323	0.0719989	0.0972385	-0.100551	0.0962927	NA	NA
rs113976191	0.0658442	0.117766	NA	NA	NA	NA	NA	NA	NA	NA	NA	NA	-0.0149582	0.0538255
rs2577614	-0.00768314	0.0636488	-0.0227601	0.0377065	-0.137913	0.0754216	-0.111956	0.0577005	0.0753363	0.0979738	-0.099599	0.0971459	-0.0411228	0.0170675
rs2577613	0.145383	0.0570507	0.0321794	0.0261424	0.0145208	0.0541177	-0.0629286	0.0369476	-0.0511677	0.0639051	0.130268	0.0655618	-0.0461323	0.0137323
rs112971525	0.0657944	0.117771	NA	NA	NA	NA	NA	NA	NA	NA	NA	NA	-0.0112147	0.0530722
rs1542025	-0.0820449	0.0596603	-0.0323886	0.0263496	-0.0142812	0.0545146	0.062596	0.0372104	0.0516972	0.0647366	-0.132945	0.0664045	0.0353737	0.0139451
rs10164449	0.148546	0.152915	NA	NA	NA	NA	NA	NA	NA	NA	NA	NA	-0.128547	0.0555373
rs10192324	0.108138	0.142051	NA	NA	NA	NA	NA	NA	NA	NA	NA	NA	NA	NA
rs10168486	0.108138	0.142051	NA	NA	NA	NA	NA	NA	NA	NA	NA	NA	-0.128547	0.0555373
rs12619704	0.295018	0.0791319	0.0757757	0.026699	0.0843643	0.0538829	-0.00104038	0.0393562	-0.0582203	0.0659768	0.197361	0.0692262	-0.0654651	0.0174824
rs2577586	0.178317	0.0709079	0.0325257	0.0265719	0.015422	0.0550376	-0.0634818	0.0375103	-0.0652056	0.0656609	0.127037	0.0674951	NA	NA
rs112494017	-0.406918	0.223776	NA	NA	NA	NA	NA	NA	NA	NA	NA	NA	NA	NA
rs3754925	0.303991	0.0787254	0.0849362	0.0264186	0.108748	0.0541341	0.0125675	0.0386784	-0.0277846	0.065869	0.213036	0.0683375	-0.0549557	0.0169185
rs28375819	0.10778	0.141965	NA	NA	NA	NA	NA	NA	NA	NA	NA	NA	NA	NA
rs3820955	0.29645	0.0752591	0.0849362	0.0264186	0.108748	0.0541341	0.0125675	0.0386784	-0.0277846	0.065869	0.213036	0.0683375	NA	NA
rs72946902	0.207289	0.29698	NA	NA	NA	NA	NA	NA	NA	NA	NA	NA	-0.000850258	0.0692623
rs2577587	-0.0155001	0.0591875	-0.0229975	0.0373844	-0.139007	0.0746979	-0.112819	0.057141	0.0718793	0.0972511	-0.100375	0.0963018	-0.0254737	0.0150742
rs79639230	0.0718971	0.0879847	NA	NA	NA	NA	NA	NA	NA	NA	NA	NA	0.0688671	0.0205202
rs10196723	-0.15074	0.189078	NA	NA	NA	NA	NA	NA	NA	NA	NA	NA	NA	NA
rs10184417	0.144876	0.0573335	0.0325987	0.0265618	0.0156455	0.0550897	-0.0636243	0.037474	-0.0516426	0.0654724	0.132651	0.0671674	NA	NA
rs61657011	0.295184	0.0791291	NA	NA	NA	NA	NA	NA	NA	NA	NA	NA	NA	NA
rs2577594	0.0643682	0.164782	0.0603046	0.0275875	0.00443422	0.0569004	-0.0300954	0.0391669	-0.0771403	0.067281	0.144535	0.0688934	NA	NA
rs112145586	-0.140835	0.297766	NA	NA	NA	NA	NA	NA	NA	NA	NA	NA	0.0888118	0.0628468
rs11894049	-0.406918	0.223776	NA	NA	NA	NA	NA	NA	NA	NA	NA	NA	NA	NA
rs10496422	0.612054	0.294756	0.0647399	0.0468845	-0.0336058	0.0974181	0.0865108	0.0679268	-0.0106613	0.0956822	-0.000611818	0.100976	2.87624E-05	0.0585269
rs68162134	0.283733	0.07013	NA	NA	NA	NA	NA	NA	NA	NA	NA	NA	NA	NA
rs12104502	0.282796	0.0698388	0.0836816	0.026424	0.100023	0.0544419	0.00813915	0.0385382	-0.0343544	0.0659542	0.208142	0.0680131	NA	NA
rs115335625	-0.63655	0.252527	NA	NA	NA	NA	NA	NA	NA	NA	NA	NA	-0.0664274	0.0468255
rs61333803	-0.0761253	0.207225	NA	NA	NA	NA	NA	NA	NA	NA	NA	NA	0.0732993	0.0297271
rs76587990	0.0055003	0.0628231	NA	NA	NA	NA	NA	NA	NA	NA	NA	NA	NA	NA
rs2718732	0.150135	0.0577804	NA	NA	NA	NA	-0.0261278	0.0379855	-0.0338535	0.063657	0.12765	0.0651482	NA	NA
rs2577599	0.177704	0.0709236	0.0324785	0.0265813	0.0154133	0.0550557	-0.0635941	0.0375212	-0.0652046	0.0656898	0.126913	0.0675286	NA	NA
rs11904149	-0.442262	0.172275	NA	NA	NA	NA	NA	NA	NA	NA	NA	NA	0.0101063	0.0368202
rs73954367	-0.46257	0.142927	NA	NA	NA	NA	NA	NA	NA	NA	NA	NA	NA	NA
rs111966542	-0.406918	0.223776	NA	NA	NA	NA	NA	NA	NA	NA	NA	NA	NA	NA
rs6710336	0.284368	0.0701986	0.0836816	0.026424	0.100023	0.0544419	0.00813915	0.0385382	-0.0343544	0.0659542	0.208142	0.0680131	NA	NA
rs73954368	-0.462731	0.142972	NA	NA	NA	NA	NA	NA	NA	NA	NA	NA	0.0538795	0.0301324
rs114858576	-0.0397481	0.182574	NA	NA	NA	NA	NA	NA	NA	NA	NA	NA	-0.0311709	0.0424422
rs10207391	0.304373	0.0787611	0.0849005	0.0264219	0.10856	0.0541418	0.0125333	0.0386825	-0.0267563	0.0657446	0.211018	0.0681435	-0.0549557	0.0169185
rs114203056	0.505271	0.229618	NA	NA	NA	NA	NA	NA	NA	NA	NA	NA	NA	NA
rs13403233	0.162089	0.118921	NA	NA	NA	NA	0.108852	0.0834518	-0.0797342	0.153407	-0.197006	0.15527	NA	NA
rs13391354	0.161179	0.118941	NA	NA	NA	NA	0.074118	0.0841842	-0.0599668	0.15401	-0.19994	0.155515	0.069304	0.0359451
rs11123697	0.270167	0.076497	0.0843979	0.0264573	0.100096	0.0545574	0.00815174	0.0386256	-0.0344413	0.0659969	0.208151	0.0680623	-0.0258891	0.0173544
rs59335173	-0.406918	0.223776	NA	NA	NA	NA	NA	NA	NA	NA	NA	NA	NA	NA
rs61077428	-0.406918	0.223776	NA	NA	NA	NA	NA	NA	NA	NA	NA	NA	NA	NA
rs67196624	0.110182	0.142798	NA	NA	NA	NA	NA	NA	NA	NA	NA	NA	-0.128547	0.0555373
rs4012146	0.284429	0.070202	NA	NA	NA	NA	0.0085141	0.0386911	-0.0340911	0.0660158	0.208911	0.0680968	NA	NA
rs4608479	0.284368	0.0701986	NA	NA	NA	NA	0.00818327	0.038617	-0.0343256	0.0659662	0.20824	0.0680274	-0.0539656	0.0163406
rs2917988	0.178685	0.071771	NA	NA	NA	NA	NA	NA	NA	NA	NA	NA	NA	NA
rs6761584	0.110182	0.142798	NA	NA	NA	NA	NA	NA	NA	NA	NA	NA	NA	NA
rs2378149	0.0751094	0.0594966	NA	NA	NA	NA	-0.0627232	0.0375659	-0.0498869	0.0656049	0.1329	0.0672845	NA	NA
rs2953736	0.0539759	0.165159	NA	NA	NA	NA	-0.0311007	0.0397314	-0.0782969	0.0687101	0.145481	0.0703685	NA	NA
rs2438255	-0.0159566	0.0592191	-0.0229958	0.0373848	-0.139035	0.0746992	-0.112819	0.057141	0.0719367	0.0972594	-0.100406	0.0963097	NA	NA
rs2003996	0.14453	0.0573404	0.0330244	0.0265753	0.0151846	0.055089	-0.0638752	0.0375244	-0.0514526	0.0654705	0.132521	0.067156	NA	NA
rs1814418	0.284368	0.0701986	0.084402	0.026449	0.100072	0.0545361	0.00816467	0.0386138	-0.0343091	0.0659623	0.208198	0.0680211	NA	NA
rs2378150	0.284368	0.0701986	0.084402	0.026449	0.100072	0.0545361	0.00816467	0.0386138	-0.0343091	0.0659623	0.208198	0.0680211	NA	NA
rs3856401	0.284332	0.0702381	0.0839156	0.0267127	0.096145	0.0551267	0.00746536	0.0390961	-0.0281367	0.0671575	0.211233	0.0684305	NA	NA
rs58980777	-0.462779	0.142968	NA	NA	NA	NA	NA	NA	NA	NA	NA	NA	0.0463637	0.0307332
rs2917986	0.201888	0.0682509	NA	NA	NA	NA	-0.0166909	0.0423885	-0.124023	0.065474	0.100072	0.0667736	NA	NA
rs2917985	0.180353	0.0681522	NA	NA	NA	NA	0.0129815	0.0413478	-0.115171	0.064362	0.103817	0.0659478	NA	NA
rs60371152	0.0487615	0.0831609	NA	NA	NA	NA	NA	NA	NA	NA	NA	NA	NA	NA
rs2917984	0.00455754	0.0583519	NA	NA	NA	NA	-0.0526188	0.0390622	-0.0434025	0.065821	0.128874	0.0673906	NA	NA
rs2917983	0.026924	0.0621866	NA	NA	NA	NA	-0.0550413	0.0380348	-0.0634034	0.0665636	0.135847	0.0681678	NA	NA
rs2718761	0.0754304	0.0594831	NA	NA	NA	NA	-0.0638562	0.0375352	-0.0514526	0.0654705	0.132521	0.067156	NA	NA
rs2577597	-0.00977483	0.0594135	-0.0229901	0.0373848	-0.139019	0.0746989	-0.112819	0.057141	0.0719356	0.0972587	-0.100413	0.096309	-0.0254737	0.0150742
rs10189700	0.296556	0.0752985	0.0856595	0.0264434	0.108829	0.0542273	0.0126103	0.0387542	-0.0277378	0.065877	0.213093	0.0683455	NA	NA
rs2953737	-0.0155364	0.0589231	NA	NA	NA	NA	-0.176274	0.0537976	-0.0564493	0.0939181	-0.100303	0.0934366	-0.023967	0.0150232
rs2438254	-0.00657138	0.0588312	-0.0948401	0.0359678	-0.209696	0.0718968	-0.176274	0.0537976	-0.0564493	0.0939181	-0.100303	0.0934366	-0.023967	0.0150232
rs2438253	0.118586	0.0554611	NA	NA	NA	NA	-0.0599609	0.0376288	-0.0446749	0.0652054	0.134068	0.0669079	NA	NA
rs2438252	0.118586	0.0554611	NA	NA	NA	NA	-0.0599609	0.0376288	-0.0446749	0.0652054	0.134068	0.0669079	-0.0383228	0.0137733
rs59790481	-0.406918	0.223776	NA	NA	NA	NA	NA	NA	NA	NA	NA	NA	NA	NA
rs59001726	-0.406918	0.223776	NA	NA	NA	NA	NA	NA	NA	NA	NA	NA	NA	NA
rs4012110	0.282674	0.314784	NA	NA	NA	NA	NA	NA	NA	NA	NA	NA	0.138251	0.0660854
rs7565947	0.296556	0.0752985	0.0856595	0.0264434	0.108829	0.0542273	0.0126103	0.0387542	-0.0277378	0.065877	0.213093	0.0683455	NA	NA
rs11123698	0.296556	0.0752985	0.0856595	0.0264434	0.108829	0.0542273	0.0126103	0.0387542	-0.0277378	0.065877	0.213093	0.0683455	NA	NA
rs75910980	0.284916	0.0703299	NA	NA	NA	NA	0.00816467	0.0386138	-0.0343091	0.0659623	0.208198	0.0680211	NA	NA
rs13408176	0.286188	0.0702889	NA	NA	NA	NA	0.00816467	0.0386138	-0.0343091	0.0659623	0.208198	0.0680211	NA	NA
rs115054893	0.185389	0.116554	0.00532568	0.0711011	0.197584	0.133598	0.0826486	0.100209	0.072509	0.177256	-0.0949486	0.177985	-0.0221098	0.0288881
rs3098319	0.0754304	0.0594831	NA	NA	NA	NA	-0.0638562	0.0375352	-0.0514526	0.0654705	0.132521	0.067156	NA	NA
rs62148107	0.284368	0.0701986	NA	NA	NA	NA	0.00816467	0.0386138	-0.0343091	0.0659623	0.208198	0.0680211	NA	NA
rs2917976	0.284368	0.0701986	NA	NA	NA	NA	0.00816467	0.0386138	-0.0343091	0.0659623	0.208198	0.0680211	NA	NA
rs11123699	0.287507	0.0781066	NA	NA	NA	NA	-0.00134294	0.0394478	-0.0580763	0.0660174	0.197243	0.0692696	NA	NA
rs11123700	0.284386	0.0702045	0.084402	0.026449	0.100072	0.0545361	0.00816467	0.0386138	-0.0343091	0.0659623	0.208198	0.0680211	NA	NA
rs116082728	0.471748	0.22707	NA	NA	NA	NA	NA	NA	NA	NA	NA	NA	NA	NA
rs11123701	0.284368	0.0701987	0.084402	0.026449	0.100072	0.0545361	0.00816467	0.0386138	-0.0343091	0.0659623	0.208198	0.0680211	NA	NA
rs12473879	0.296556	0.0752985	NA	NA	NA	NA	0.0126103	0.0387542	-0.0277378	0.065877	0.213093	0.0683455	-0.0445455	0.0167062
rs67425866	0.284363	0.0702001	NA	NA	NA	NA	0.00816242	0.0386144	-0.0343085	0.0659637	0.208175	0.0680232	NA	NA
rs9973734	0.284368	0.0701986	0.0844043	0.0264558	0.100061	0.0545526	0.00820951	0.0386237	-0.0342798	0.0659772	0.208216	0.0680371	NA	NA
rs2577596	-0.0159393	0.0592203	NA	NA	NA	NA	-0.112563	0.0571472	0.0715783	0.097289	-0.100302	0.09635	NA	NA
rs62148108	-0.180211	0.0770728	NA	NA	NA	NA	0.0993728	0.0626995	-0.0116859	0.0893488	0.0125442	0.0933839	-0.0029652	0.0178853
rs62148109	-0.0998348	0.0709232	NA	NA	NA	NA	0.0994172	0.0627521	-0.0117074	0.0893738	0.0127832	0.0934293	NA	NA
rs73954369	0.0991659	0.0828576	NA	NA	NA	NA	0.154665	0.116703	0.364341	0.230743	0.240497	0.224742	NA	NA
rs13386343	0.272069	0.079648	NA	NA	NA	NA	0.0130893	0.0388946	-0.0290099	0.066108	0.215575	0.0685221	NA	NA
rs55720651	-0.0240403	0.0978467	NA	NA	NA	NA	NA	NA	NA	NA	NA	NA	0.0158918	0.0235776
rs2378152	0.223071	0.0984501	NA	NA	NA	NA	NA	NA	NA	NA	NA	NA	NA	NA
rs1138412	0.320697	0.109202	NA	NA	NA	NA	NA	NA	NA	NA	NA	NA	NA	NA
rs2378154	0.499143	0.17822	NA	NA	NA	NA	NA	NA	NA	NA	NA	NA	NA	NA
rs35621172	0.08902	0.0626655	NA	NA	NA	NA	NA	NA	NA	NA	NA	NA	NA	NA
rs2918774	0.164212	0.113679	NA	NA	NA	NA	-0.0870388	0.0861475	-0.0385134	0.155728	-0.0255181	0.158461	NA	NA
rs12779	-0.0158863	0.0592687	-0.0232977	0.0374418	-0.139791	0.074816	-0.112852	0.0572363	0.0719165	0.0973437	-0.100318	0.0963704	-0.0250636	0.015152
rs28564223	-0.0212842	0.112326	NA	NA	NA	NA	NA	NA	NA	NA	NA	NA	NA	NA
rs61514892	-0.46348	0.25109	NA	NA	NA	NA	NA	NA	NA	NA	NA	NA	NA	NA
rs10195411	-0.151577	0.190604	NA	NA	NA	NA	NA	NA	NA	NA	NA	NA	NA	NA
rs115011524	-0.406918	0.223776	NA	NA	NA	NA	NA	NA	NA	NA	NA	NA	NA	NA
rs2718763	-0.0159566	0.0592191	-0.0229661	0.0373897	-0.138982	0.0747131	-0.112822	0.0571438	0.0719299	0.0972623	-0.100379	0.0963147	-0.0254737	0.0150742
rs2077471	0.284367	0.0699425	NA	NA	NA	NA	0.0045826	0.0397291	-0.00201585	0.0668244	0.244182	0.06819	NA	NA
rs2077472	0.296556	0.0752985	0.0856538	0.026444	0.108832	0.0542278	0.012611	0.0387552	-0.0277378	0.065877	0.213093	0.0683455	NA	NA
rs11689670	-0.047319	0.109166	0.0612065	0.0444245	-0.0309972	0.0939293	0.0937256	0.064542	-0.0156307	0.0922134	0.00864239	0.0969957	0.0177236	0.0256193
rs28599798	-0.151577	0.190604	NA	NA	NA	NA	NA	NA	NA	NA	NA	NA	NA	NA
rs28718300	-0.151312	0.19057	NA	NA	NA	NA	NA	NA	NA	NA	NA	NA	NA	NA
rs57152392	0.296532	0.0753088	0.0856538	0.026444	0.108832	0.0542278	0.012611	0.0387552	-0.0277378	0.065877	0.213093	0.0683455	NA	NA
rs4012101	0.28436	0.0702089	NA	NA	NA	NA	0.00818024	0.0386226	-0.0342759	0.0659755	0.208213	0.0680345	-0.0539656	0.0163406
rs116259148	-0.0102363	0.14718	0.0049462	0.0710893	0.197298	0.133585	0.0823026	0.100191	0.0718643	0.17722	-0.0965145	0.177905	0.136922	0.0417076
rs4012078	0.331468	0.161039	NA	NA	NA	NA	NA	NA	NA	NA	NA	NA	NA	NA
rs62148112	0.140093	0.0670859	NA	NA	NA	NA	NA	NA	NA	NA	NA	NA	NA	NA
rs62148145	0.0918866	0.0614093	NA	NA	NA	NA	-0.0612929	0.0379635	-0.0730663	0.0663511	0.128848	0.068303	NA	NA
rs73954372	0.195666	0.068197	NA	NA	NA	NA	-0.0631731	0.0376632	-0.0503883	0.0659486	0.128965	0.0675891	NA	NA
rs73954373	0.161945	0.0702108	NA	NA	NA	NA	-0.0658248	0.0379094	-0.0619377	0.0657985	0.121388	0.0673766	NA	NA
rs111963733	0.159973	0.0700729	NA	NA	NA	NA	NA	NA	NA	NA	NA	NA	NA	NA
rs112503499	0.16044	0.0699611	NA	NA	NA	NA	-0.0637367	0.0376291	-0.0652109	0.0657835	0.127098	0.0676312	NA	NA
rs3098320	-0.0451319	0.0956928	NA	NA	NA	NA	NA	NA	NA	NA	NA	NA	NA	NA
rs72627470	0.304136	0.0764959	0.0847769	0.0270179	0.0979779	0.0556939	0.0107769	0.0397264	-0.0276403	0.0672058	0.214553	0.0692347	NA	NA
rs3098321	-0.0104644	0.0699829	NA	NA	NA	NA	NA	NA	NA	NA	NA	NA	NA	NA
rs113117686	0.0930126	0.0698091	NA	NA	NA	NA	NA	NA	NA	NA	NA	NA	NA	NA
rs10779897	0.285116	0.0807989	0.0766693	0.0273974	0.0862349	0.0555545	-0.00566089	0.040271	-0.0432967	0.068567	0.210151	0.0718007	NA	NA
rs112770488	0.113878	0.0658703	NA	NA	NA	NA	0.230162	0.121156	NA	NA	NA	NA	NA	NA
rs2718764	0.176142	0.0738861	NA	NA	NA	NA	-0.0533943	0.0416897	-0.0634237	0.0697735	0.117498	0.0725072	NA	NA
rs77911123	-0.0588599	0.0597968	NA	NA	NA	NA	-0.166524	0.059861	-0.181873	0.0923629	0.129549	0.0967497	0.0380725	0.0146402
rs10779898	0.294755	0.0792203	NA	NA	NA	NA	-0.0046267	0.040411	-0.0363686	0.0663989	0.186778	0.0699869	NA	NA
rs79847915	-0.481507	0.165316	NA	NA	NA	NA	NA	NA	NA	NA	NA	NA	NA	NA
rs78436815	-0.482632	0.165273	NA	NA	NA	NA	NA	NA	NA	NA	NA	NA	NA	NA
rs80040893	-0.482632	0.165273	NA	NA	NA	NA	NA	NA	NA	NA	NA	NA	NA	NA
rs79518866	-0.363568	0.160963	NA	NA	NA	NA	NA	NA	NA	NA	NA	NA	NA	NA
rs67602237	0.296819	0.0729996	NA	NA	NA	NA	NA	NA	NA	NA	NA	NA	NA	NA
rs115870759	0.0705881	0.155405	0.00545015	0.0707904	0.196185	0.133058	0.0827296	0.0997319	0.0773667	0.176292	-0.0943051	0.176985	0.15225	0.0433674
rs2718765	0.0494453	0.0596101	0.0311	0.0265213	0.0119422	0.0549978	-0.057355	0.0374296	-0.0490828	0.0670176	0.129112	0.0687989	NA	NA
rs114490454	0.18758	0.154872	NA	NA	NA	NA	NA	NA	NA	NA	NA	NA	-0.148145	0.0563775
rs60656864	-0.440908	0.243772	NA	NA	NA	NA	NA	NA	NA	NA	NA	NA	0.0805479	0.0647406
rs10865020	0.295188	0.0753613	0.0873537	0.0263242	0.104664	0.0544476	0.0103892	0.0385924	-0.0267597	0.0667637	0.204301	0.0696255	NA	NA
rs10865021	0.292757	0.0754151	NA	NA	NA	NA	0.0109714	0.0386123	-0.0239075	0.0664834	0.206665	0.0691658	NA	NA
rs115976387	-0.438969	0.17177	NA	NA	NA	NA	NA	NA	NA	NA	NA	NA	NA	NA
rs12470566	0.0746724	0.0592231	NA	NA	NA	NA	-0.0649217	0.0373951	-0.0474835	0.0670328	0.129767	0.0688595	NA	NA
rs12470572	0.187991	0.0740177	NA	NA	NA	NA	-0.00365918	0.0396008	-0.0508649	0.0673836	0.198467	0.070814	NA	NA
rs12478501	0.171329	0.061885	NA	NA	NA	NA	0.0564843	0.0400907	-0.0656253	0.0689263	0.174496	0.071786	NA	NA
rs58035895	0.122396	0.0585597	NA	NA	NA	NA	-0.0883774	0.0463406	-0.203729	0.0810148	0.112627	0.084296	NA	NA
rs13418335	-0.308858	0.079316	NA	NA	NA	NA	0.00270939	0.043584	0.0849016	0.0703344	-0.209426	0.0736577	0.0726804	0.0173777
rs56830756	-0.177105	0.069344	NA	NA	NA	NA	-0.00266715	0.0436979	0.101682	0.0707668	-0.203358	0.0741097	0.0595179	0.0162599
rs11903627	0.187658	0.154882	NA	NA	NA	NA	NA	NA	NA	NA	NA	NA	-0.148145	0.0563775
rs6730676	0.0369849	0.0871433	NA	NA	NA	NA	NA	NA	NA	NA	NA	NA	0.0672645	0.021001
rs2577595	0.0720355	0.0600148	NA	NA	NA	NA	-0.064204	0.0372676	-0.0486931	0.0668275	0.127803	0.0686299	-0.0358371	0.0139646
rs6749501	0.297804	0.0705973	0.0867589	0.0263346	0.0965224	0.0547231	0.00672264	0.0384666	-0.0300424	0.0665957	0.201458	0.0688474	NA	NA
rs6737416	0.297804	0.0705973	NA	NA	NA	NA	0.00672264	0.0384666	-0.0300424	0.0665957	0.201458	0.0688474	NA	NA
rs2953739	0.110332	0.0586297	NA	NA	NA	NA	-0.0684236	0.0389411	-0.0543195	0.0680714	0.10718	0.070497	NA	NA
rs2917971	0.110332	0.0586297	NA	NA	NA	NA	-0.0683736	0.0389231	-0.0542793	0.0680616	0.107285	0.0704897	NA	NA
rs73954374	-0.0680661	0.0596776	NA	NA	NA	NA	-0.174279	0.0542718	-0.0665879	0.0948702	-0.104836	0.0945437	NA	NA
rs58467037	0.298511	0.075772	0.0875739	0.026354	0.104904	0.0545892	0.0168108	0.0386141	-0.0244399	0.0666946	0.208756	0.0694372	NA	NA
rs61526105	0.298511	0.075772	NA	NA	NA	NA	0.0109015	0.0386319	-0.0240318	0.066551	0.207545	0.0692595	NA	NA
rs6757070	0.0360517	0.087289	NA	NA	NA	NA	NA	NA	NA	NA	NA	NA	0.0663944	0.0208806
rs60285775	0.300822	0.0709179	NA	NA	NA	NA	0.00428898	0.0386337	-0.0296886	0.0666597	0.202329	0.0689394	NA	NA
rs13389995	0.297975	0.0706171	NA	NA	NA	NA	0.00677993	0.0385231	-0.0299719	0.0666689	0.202079	0.0689258	NA	NA
rs28611354	-0.0746278	0.215166	NA	NA	NA	NA	NA	NA	NA	NA	NA	NA	NA	NA
rs116078036	0.18758	0.154872	NA	NA	NA	NA	NA	NA	NA	NA	NA	NA	NA	NA
rs72123368	0.297868	0.070603	NA	NA	NA	NA	0.00680945	0.0384988	-0.0298181	0.0666852	0.202698	0.0689659	-0.0532948	0.0163412
rs72627471	0.294919	0.0753547	0.0877845	0.0263196	0.104584	0.0544036	0.0110625	0.0385973	-0.0241333	0.0664759	0.206535	0.0691593	NA	NA
rs2465951	0.0602378	0.057292	0.0345713	0.0264894	-0.0232325	0.054806	-0.0742594	0.0367924	-0.0546334	0.0638266	0.129177	0.06536	NA	NA
rs28484877	0.178278	0.162856	NA	NA	NA	NA	-0.868028	0.157862	-0.954833	0.210857	-0.177082	0.223847	NA	NA
rs28629809	0.18758	0.154872	NA	NA	NA	NA	NA	NA	NA	NA	NA	NA	-0.148145	0.0563775
rs2718690	0.0745707	0.0592169	NA	NA	NA	NA	-0.0642401	0.0372758	-0.0487774	0.0668384	0.127753	0.0686435	NA	NA
rs112148516	0.113027	0.140534	NA	NA	NA	NA	NA	NA	NA	NA	NA	NA	-0.00993302	0.0358971
rs113494356	0.269578	0.0743444	NA	NA	NA	NA	0.0167349	0.0386104	-0.0227371	0.0666473	0.20743	0.0693345	NA	NA
rs114509756	0.18758	0.154872	NA	NA	NA	NA	NA	NA	NA	NA	NA	NA	-0.148145	0.0563775
rs12466778	0.298071	0.0706062	0.0867477	0.0263326	0.0965182	0.05472	0.00672544	0.0384628	-0.0300424	0.0665957	0.201458	0.0688474	-0.0544492	0.0163374
rs12476887	0.297877	0.0706046	0.0867543	0.026335	0.0965203	0.0547249	0.00672979	0.0384653	-0.0299908	0.0666042	0.201472	0.0688552	NA	NA
rs2718691	-0.0651266	0.0596568	-0.0241396	0.0373839	-0.141352	0.0746261	-0.113753	0.0572851	0.069695	0.0971203	-0.0994164	0.0962211	-0.0131388	0.0147812
rs2718692	-0.0385939	0.0594379	-0.0241423	0.0373868	-0.141364	0.0746305	-0.11379	0.0572918	0.069695	0.0971203	-0.0994164	0.0962211	-0.0254737	0.0150742
rs2718693	-0.0660776	0.0595589	-0.0957225	0.0359462	-0.211212	0.0717696	-0.177053	0.0538689	-0.0581842	0.093818	-0.0994747	0.0934034	NA	NA
rs2718694	0.0901071	0.0564032	0.0361327	0.0264185	0.0184697	0.0545345	-0.0600675	0.0373176	-0.0425089	0.0665964	0.12995	0.0684467	NA	NA
rs12616909	0.297618	0.0787845	0.0803137	0.0266002	0.0749963	0.0543273	-0.00183587	0.0391446	-0.0555198	0.0666836	0.197983	0.0699542	NA	NA
rs12616898	0.29867	0.0705638	0.0868774	0.02634	0.0964327	0.0547145	0.00757515	0.0384689	-0.0295302	0.0666224	0.202043	0.0688542	NA	NA
rs2438238	0.124219	0.0592091	0.0350868	0.0264225	0.00966899	0.0546722	-0.0638767	0.0372154	-0.0486931	0.0668275	0.127676	0.0686231	NA	NA
rs12621167	0.292629	0.0787383	NA	NA	NA	NA	-0.00240993	0.0390909	-0.0560663	0.0666494	0.19727	0.0699335	NA	NA
rs2718695	-0.060575	0.0595129	NA	NA	NA	NA	NA	NA	NA	NA	NA	NA	NA	NA
rs114196134	0.485764	0.181647	NA	NA	NA	NA	NA	NA	NA	NA	NA	NA	NA	NA
rs114828190	-0.0657709	0.0596043	NA	NA	NA	NA	NA	NA	NA	NA	NA	NA	NA	NA
rs11123703	0.303001	0.0702086	0.0898322	0.0261357	0.0872015	0.0538785	-0.0139026	0.0374786	0.0317611	0.0669843	0.178892	0.0691115	NA	NA
rs10209909	0.292635	0.0787385	0.0800397	0.0265745	0.0750048	0.0543103	-0.00240993	0.0390909	-0.0560663	0.0666494	0.19727	0.0699335	NA	NA
rs13431334	0.294462	0.070511	0.0865945	0.0263162	0.0964581	0.0547053	0.0069779	0.0384208	-0.0300424	0.0665957	0.201291	0.0688377	NA	NA
rs13416134	-0.0806641	0.214395	NA	NA	NA	NA	NA	NA	NA	NA	NA	NA	NA	NA
rs10183602	0.292635	0.0787385	0.0800397	0.0265745	0.0750048	0.0543103	-0.00240993	0.0390909	-0.0560663	0.0666494	0.19727	0.0699335	NA	NA
rs57754438	0.289278	0.0755656	0.0876281	0.0263036	0.104524	0.0543892	0.011315	0.0385556	-0.0241333	0.0664759	0.206364	0.0691494	-0.0424894	0.0167821
rs13405866	0.18758	0.154872	NA	NA	NA	NA	NA	NA	NA	NA	NA	NA	-0.148145	0.0563775
rs13406013	0.18758	0.154872	NA	NA	NA	NA	NA	NA	NA	NA	NA	NA	-0.148145	0.0563775
rs2118446	0.0619763	0.0577742	NA	NA	NA	NA	-0.0656557	0.0374612	-0.0565755	0.067073	0.130056	0.0687735	NA	NA
rs2718742	-0.0628593	0.0594705	-0.0241738	0.037366	-0.141241	0.0745985	-0.113771	0.0572384	0.0697065	0.0971195	-0.0994311	0.0962191	NA	NA
rs2718744	-0.0628593	0.0594705	-0.0241738	0.037366	-0.141241	0.0745985	-0.113771	0.0572384	0.0697065	0.0971195	-0.0994311	0.0962191	-0.0170604	0.0146195
rs116662329	0.017998	0.152032	0.00532183	0.0707877	0.195725	0.133053	0.0827786	0.0997266	0.0775088	0.176284	-0.0945636	0.176974	0.136712	0.0433531
rs2718745	-0.0660776	0.0595589	-0.0956893	0.0359362	-0.211163	0.0717466	-0.177015	0.0538535	-0.0581813	0.0937923	-0.0994249	0.0933763	-0.0157087	0.0145763
rs116433706	0.017998	0.152032	0.00532183	0.0707877	0.195725	0.133053	0.0827786	0.0997266	0.0775088	0.176284	-0.0945636	0.176974	0.112018	0.041097
rs62148154	-0.0391166	0.108256	0.0623858	0.0453608	-0.0320285	0.0963277	0.0992521	0.0659078	-0.0175036	0.0940512	0.00745063	0.0983356	NA	NA
rs2577629	-0.0299883	0.0634942	-0.0239539	0.037782	-0.141099	0.0755289	-0.112737	0.0579155	0.0727536	0.0981437	-0.0997652	0.0973607	-0.0460846	0.0169099
rs2718746	-0.0657709	0.0596043	-0.0241738	0.037366	-0.141241	0.0745985	-0.113771	0.0572384	0.0697065	0.0971195	-0.0994311	0.0962191	NA	NA
rs6751039	0.569063	0.262904	NA	NA	NA	NA	NA	NA	NA	NA	NA	NA	-0.163235	0.0540851
rs59094922	-0.227608	0.110566	NA	NA	NA	NA	NA	NA	NA	NA	NA	NA	0.008934	0.0243597
rs2118448	0.0774299	0.0573589	0.0350868	0.0264225	0.00966899	0.0546722	-0.0638767	0.0372154	-0.0486931	0.0668275	0.127676	0.0686231	NA	NA
rs2118449	0.262985	0.0761851	0.0789178	0.026575	0.0666669	0.0545673	-0.00675718	0.0389227	-0.0621254	0.0667504	0.191798	0.0695386	NA	NA
rs115005449	0.017962	0.152056	0.00595621	0.0707967	0.196073	0.133057	0.0823149	0.0997443	0.0780289	0.176313	-0.120178	0.174715	NA	NA
rs2118450	0.151156	0.0712457	0.0350838	0.0264241	0.00966899	0.0546722	-0.0639105	0.0372183	-0.0628247	0.0670449	0.121659	0.0689891	-0.0144182	0.0157011
rs2718753	-0.0660778	0.0595589	-0.0956966	0.0359356	-0.21119	0.0717454	-0.177052	0.0538522	-0.0581654	0.09379	-0.0994465	0.0933736	NA	NA
rs13413892	0.261999	0.0835985	0.0800397	0.0265745	0.0750048	0.0543103	-0.00240993	0.0390909	-0.0560663	0.0666494	0.19727	0.0699335	-0.0595033	0.0179853
rs111376428	0.168615	0.269521	NA	NA	NA	NA	NA	NA	NA	NA	NA	NA	-0.000850258	0.0692623
rs2718756	0.0513349	0.165541	0.0673412	0.0286667	-0.000679534	0.0589949	-0.0340181	0.0408114	-0.080718	0.0721358	0.147707	0.0744898	NA	NA
rs72833153	-0.229698	0.105841	-0.0505042	0.0521561	-0.164326	0.100372	0.00470569	0.0775075	-0.188312	0.145448	-0.0422321	0.136821	-0.00323179	0.0315659
rs11123704	0.261999	0.0835985	0.0800075	0.0265733	0.0749802	0.0543069	-0.00242911	0.0390883	-0.0560663	0.0666494	0.19727	0.0699335	NA	NA
rs72833155	-0.039084	0.108236	0.0629552	0.0454375	-0.0312974	0.0965647	0.0990409	0.0659555	-0.0174382	0.0942607	0.00697178	0.0985241	NA	NA
rs5017297	0.215448	0.0701365	NA	NA	NA	NA	0.00124648	0.0391644	-0.0156444	0.0664798	0.189365	0.0680845	-0.0658996	0.0165873
rs56066976	0.415697	0.221332	NA	NA	NA	NA	NA	NA	NA	NA	NA	NA	0.0359427	0.0443381
rs4407215	0.261022	0.079196	0.0875944	0.0263013	0.104483	0.0543824	0.0112916	0.0385504	-0.0241333	0.0664759	0.206364	0.0691494	NA	NA
rs2718731	-0.0694964	0.0592683	-0.102709	0.0379265	-0.189313	0.07467	-0.1748	0.0555845	-0.0787999	0.0991196	-0.0697006	0.0979379	NA	NA
rs12620163	0.261853	0.0792492	0.0875944	0.0263013	0.104483	0.0543824	0.0112916	0.0385504	-0.0241333	0.0664759	0.206364	0.0691494	-0.0380568	0.0172449
rs114549308	-0.0794132	0.214508	NA	NA	NA	NA	NA	NA	NA	NA	NA	NA	NA	NA
rs112874806	-0.471961	0.174789	NA	NA	NA	NA	NA	NA	NA	NA	NA	NA	0.00890481	0.0355124
rs2577627	0.148523	0.0724849	0.0350054	0.0264302	0.00977277	0.0546882	-0.0639409	0.0372241	-0.0628864	0.0670631	0.121572	0.0690056	NA	NA
rs80010482	-0.406918	0.223776	NA	NA	NA	NA	NA	NA	NA	NA	NA	NA	NA	NA
rs78130879	-0.0806641	0.214395	NA	NA	NA	NA	NA	NA	NA	NA	NA	NA	NA	NA
rs66716604	-0.0396224	0.062514	NA	NA	NA	NA	NA	NA	NA	NA	NA	NA	NA	NA
rs11123706	0.54521	0.187265	0.0557946	0.0313323	0.0321059	0.0611543	0.0279564	0.0457064	-0.0473333	0.0711849	0.135354	0.0744931	NA	NA
rs6709591	0.504696	0.229579	NA	NA	NA	NA	NA	NA	NA	NA	NA	NA	NA	NA
rs6723177	0.190466	0.145392	-0.0366342	0.0935991	-0.256203	0.16355	-0.215847	0.175091	0.00483346	0.237227	-0.275755	0.241527	-0.205054	0.0355647
rs56360832	-0.0696059	0.0592606	-0.102911	0.0379298	-0.189238	0.0746981	-0.174905	0.0555881	-0.0788654	0.0991243	-0.0699737	0.0979443	0.00891405	0.0149264
rs6752157	0.429898	0.199835	NA	NA	NA	NA	-0.215847	0.175091	0.00483346	0.237227	-0.275755	0.241527	-0.20161	0.040262
rs10084199	0.0239895	0.057274	NA	NA	NA	NA	-0.0741327	0.0367875	-0.0546418	0.0639239	0.12921	0.0654446	NA	NA
rs12104672	0.255208	0.0717453	0.0854637	0.0264554	0.0757634	0.0545072	0.000899464	0.038889	-0.0230555	0.0655716	0.172213	0.0673614	NA	NA
rs115636883	0.0181295	0.152044	0.00617719	0.0713529	0.197955	0.133885	0.083984	0.100446	0.068765	0.180678	-0.0892133	0.181677	NA	NA
rs75460890	0.0179105	0.151788	0.00617719	0.0713529	0.197955	0.133885	0.083984	0.100446	0.068765	0.180678	-0.0892133	0.181677	0.136712	0.0433531
rs13402500	0.262254	0.0836121	0.0799943	0.0265718	0.0749632	0.0543026	-0.00243326	0.0390845	-0.0560663	0.0666494	0.19727	0.0699335	NA	NA
rs74984160	-0.47202	0.174791	NA	NA	NA	NA	NA	NA	NA	NA	NA	NA	0.00890481	0.0355124
rs13405983	0.190842	0.145368	-0.0369274	0.0934141	-0.25548	0.163125	-0.215847	0.175091	0.00662256	0.236357	-0.273764	0.240611	NA	NA
rs13394465	0.261864	0.0835138	0.0799805	0.0265533	0.0749446	0.0542468	-0.00243326	0.0390845	-0.0510568	0.0662731	0.197109	0.0695143	NA	NA
rs13394466	-0.0787264	0.214024	NA	NA	NA	NA	NA	NA	NA	NA	NA	NA	NA	NA
rs114816137	-0.406918	0.223776	NA	NA	NA	NA	NA	NA	NA	NA	NA	NA	-0.0377918	0.0638102
rs2577626	0.0668271	0.0725838	0.0181452	0.0592906	-0.0067192	0.115106	-0.228551	0.0927971	0.324241	0.145986	-0.0987421	0.154358	NA	NA
rs1347707	0.209001	0.0700907	0.045676	0.026699	0.0324222	0.0547887	-0.0357247	0.0386624	-0.0773195	0.0647996	0.168485	0.0668454	NA	NA
rs55728321	0.199555	0.0770703	0.0875618	0.02628	0.104456	0.0543226	0.011336	0.0385437	-0.0195107	0.0661451	0.206346	0.0687733	NA	NA
rs13419773	0.209027	0.0700912	0.045676	0.026699	0.0324222	0.0547887	-0.0357247	0.0386624	-0.0773195	0.0647996	0.168485	0.0668454	NA	NA
rs10202312	-0.0760339	0.213535	NA	NA	NA	NA	NA	NA	NA	NA	NA	NA	NA	NA
rs11900810	-0.471962	0.174791	NA	NA	NA	NA	NA	NA	NA	NA	NA	NA	NA	NA
rs12476488	0.199265	0.0770295	0.0875618	0.02628	0.104456	0.0543226	0.011336	0.0385437	-0.0195107	0.0661451	0.206346	0.0687733	-0.041369	0.0169849
rs6754683	0.199234	0.0767343	0.085631	0.0258026	0.101975	0.0533911	0.0106747	0.0377821	-0.0201759	0.0646625	0.20039	0.0672697	NA	NA
rs2010551	0.0529501	0.16549	0.0674358	0.0287379	-0.00100646	0.0591727	-0.0334536	0.0409314	-0.0754594	0.0724494	0.149222	0.0747814	NA	NA
rs56387115	0.199411	0.0770287	0.0875618	0.02628	0.104456	0.0543226	0.011336	0.0385437	-0.0195107	0.0661451	0.206346	0.0687733	NA	NA
rs10209374	-0.0750563	0.213219	NA	NA	NA	NA	NA	NA	NA	NA	NA	NA	NA	NA
rs10188399	0.192208	0.14522	-0.0369274	0.0934141	-0.25548	0.163125	-0.215847	0.175091	0.00693619	0.236265	-0.273592	0.240518	-0.205054	0.0355647
rs2718740	0.0298588	0.0580865	0.0347944	0.0259715	0.00927183	0.0537306	-0.0631405	0.0365738	-0.0430219	0.0654617	0.12628	0.0671829	NA	NA
rs114168790	0.192208	0.14522	-0.0369274	0.0934141	-0.25548	0.163125	-0.215847	0.175091	0.00693619	0.236265	-0.273592	0.240518	-0.205054	0.0355647
rs1978839	0.0294519	0.0582144	0.0351129	0.0264032	0.00956734	0.0546066	-0.0639216	0.03721	-0.0443263	0.066747	0.129082	0.0684847	NA	NA
rs73952503	-0.45902	0.243096	NA	NA	NA	NA	NA	NA	NA	NA	NA	NA	0.124888	0.0489918
rs10192524	0.199477	0.0770394	0.0875971	0.0262816	0.104435	0.0543248	0.0112811	0.0385473	-0.0196262	0.0661567	0.20646	0.0687867	NA	NA
rs10171507	0.261833	0.0834162	0.0800166	0.0265552	0.074923	0.0542496	-0.0024924	0.0390886	-0.051185	0.0662851	0.197221	0.0695281	-0.0616751	0.0180127
rs12613554	0.264798	0.0958475	0.0801205	0.0266291	0.0752968	0.0543343	-0.00299508	0.0392195	-0.0566138	0.0662646	0.193362	0.0695775	-0.018199	0.0206551
rs115795152	0.0337567	0.0869056	NA	NA	NA	NA	NA	NA	NA	NA	NA	NA	0.0672645	0.021001
rs2718737	-0.0695782	0.0592561	-0.0223294	0.0396688	-0.113479	0.0778956	-0.105561	0.0593298	0.0649676	0.103656	-0.067923	0.101872	0.00824377	0.0149506
rs10175540	0.261367	0.0791363	0.0876058	0.0262849	0.104384	0.0543289	0.0112367	0.0385541	-0.0196262	0.0661567	0.20646	0.0687867	NA	NA
rs58846550	0.0337529	0.0869055	NA	NA	NA	NA	NA	NA	NA	NA	NA	NA	0.0672645	0.021001
rs2718736	-0.0697071	0.0592515	-0.0229749	0.0396718	-0.113562	0.0779304	-0.107288	0.0593262	0.0633107	0.103598	-0.0689489	0.101764	0.00824377	0.0149506
rs10460484	0.199066	0.0769625	0.0875971	0.0262816	0.104435	0.0543248	0.0112811	0.0385473	-0.0196262	0.0661567	0.20646	0.0687867	NA	NA
rs114793028	0.0334303	0.0868376	NA	NA	NA	NA	NA	NA	NA	NA	NA	NA	0.0672645	0.021001
rs67983224	0.198245	0.0771495	NA	NA	NA	NA	-0.000767213	0.0398329	-0.0523374	0.0677661	0.190308	0.071054	NA	NA
rs67983225	0.290824	0.0997496	NA	NA	NA	NA	NA	NA	0.38587	0.27013	0.123324	0.258032	NA	NA
rs2577593	-0.0423635	0.0589865	-0.0229637	0.0396754	-0.113591	0.0779376	-0.107298	0.0593345	0.0633107	0.103598	-0.0689489	0.101764	-0.00344724	0.0152462
rs77605714	0.0977576	0.083243	NA	NA	NA	NA	NA	NA	NA	NA	NA	NA	0.0525475	0.020182
rs115767134	-0.401444	0.211541	NA	NA	NA	NA	NA	NA	NA	NA	NA	NA	0.0285116	0.0313942
rs10194708	0.125178	0.0670919	0.0457082	0.0267015	0.0323964	0.0547937	-0.0357884	0.0386655	-0.0774245	0.0648095	0.168566	0.0668565	NA	NA
rs114672355	-0.406918	0.223776	NA	NA	NA	NA	NA	NA	NA	NA	NA	NA	NA	NA
rs13410479	0.192301	0.145264	-0.0258789	0.0930305	-0.280138	0.162792	-0.185291	0.174005	0.00269814	0.235858	-0.281113	0.240017	-0.205054	0.0355647
rs17036471	-0.165319	0.143285	NA	NA	NA	NA	NA	NA	NA	NA	NA	NA	NA	NA
rs2577592	-0.0572576	0.0593578	-0.0229749	0.0396718	-0.113562	0.0779304	-0.107288	0.0593262	0.0633107	0.103598	-0.0689489	0.101764	0.00824377	0.0149506
rs55782836	-0.233227	0.105957	-0.0529473	0.053549	-0.187611	0.104143	-0.0149628	0.080632	-0.18948	0.145567	-0.0425164	0.136919	NA	NA
rs17036477	-0.438911	0.171755	NA	NA	NA	NA	NA	NA	NA	NA	NA	NA	0.00641863	0.0357211
rs115614330	-0.242513	0.188885	NA	NA	NA	NA	NA	NA	NA	NA	NA	NA	-0.0810193	0.0453122
rs114025798	-0.242155	0.189042	NA	NA	NA	NA	NA	NA	NA	NA	NA	NA	-0.0810193	0.0453122
rs12473539	0.26129	0.0829923	0.0800166	0.0265552	0.074923	0.0542496	-0.0024924	0.0390886	-0.051185	0.0662851	0.197221	0.0695281	-0.0616751	0.0180127
rs2718735	-0.0699706	0.0592427	NA	NA	NA	NA	-0.104085	0.0594722	0.0638138	0.103703	-0.0688047	0.102244	NA	NA
rs12465708	0.199085	0.0769613	0.0897815	0.0262836	0.103889	0.054384	0.0110944	0.0385376	-0.0195911	0.0662046	0.206422	0.0688642	NA	NA
rs2577591	-0.0699706	0.0592427	-0.0229749	0.0396718	-0.113562	0.0779304	-0.107288	0.0593262	0.0633107	0.103598	-0.0689489	0.101764	0.00816415	0.0149222
rs17036485	-0.438911	0.171755	NA	NA	NA	NA	NA	NA	NA	NA	NA	NA	0.00641863	0.0357211
rs114522187	-0.0525493	0.16851	NA	NA	NA	NA	NA	NA	NA	NA	NA	NA	-0.0317753	0.0394575
rs13393106	0.192234	0.145249	-0.0369274	0.0934141	-0.25548	0.163125	-0.215847	0.175091	0.00693619	0.236265	-0.273592	0.240518	-0.202579	0.0360273
rs116397884	0.0115925	0.0718915	0.056097	0.0456521	-0.0517412	0.0969104	0.0997065	0.0664027	-0.0177823	0.093886	-0.0107991	0.0980067	0.0515112	0.0171359
rs10084394	0.0879155	0.0565742	0.0658025	0.0265209	-0.0101756	0.0542579	-0.0523521	0.03756	-0.0249531	0.0650797	0.127267	0.0666417	NA	NA
rs10084253	-0.0750563	0.213219	NA	NA	NA	NA	NA	NA	NA	NA	NA	NA	NA	NA
rs10084257	0.192234	0.145249	NA	NA	NA	NA	-0.215048	0.173462	0.00953861	0.235088	-0.270432	0.239262	-0.205054	0.0355647
rs57973912	0.260683	0.0790298	NA	NA	NA	NA	0.0112413	0.0386239	-0.0196368	0.0663356	0.207255	0.0689724	NA	NA
rs4012158	0.265024	0.0957701	NA	NA	NA	NA	-0.002911	0.0393015	-0.0566079	0.066484	0.195314	0.0698414	NA	NA
rs2378136	0.199085	0.0769613	0.0875789	0.0263425	0.104624	0.0544734	0.0113541	0.0386261	-0.0195657	0.0663603	0.208187	0.0690225	-0.041369	0.0169849
rs2378137	0.0293178	0.0582279	0.0347832	0.0264331	0.00877742	0.0546653	-0.0642809	0.0372512	-0.0441017	0.0668825	0.129227	0.0686172	NA	NA
rs116589805	0.192234	0.145249	-0.0386545	0.0928179	-0.254503	0.162093	-0.215048	0.173462	0.00953861	0.235088	-0.270432	0.239262	-0.205054	0.0355647
rs12468000	0.0942528	0.0614726	0.0347832	0.0264331	0.00877742	0.0546653	-0.0642809	0.0372512	-0.0579225	0.0671038	0.123366	0.0689797	NA	NA
rs112237271	-0.438911	0.171755	NA	NA	NA	NA	NA	NA	NA	NA	NA	NA	NA	NA
rs13400055	0.0516504	0.0603794	NA	NA	NA	NA	-0.0603441	0.0374336	-0.0614271	0.0676113	0.124786	0.0703905	NA	NA
rs7601412	0.0427442	0.0591251	0.0228981	0.0398992	0.113966	0.0782892	0.108197	0.0597363	-0.0607939	0.104292	0.0702411	0.102265	NA	NA
rs56206339	0.197865	0.0767301	NA	NA	NA	NA	0.0112969	0.0386289	-0.0195156	0.0663581	0.207429	0.0689948	NA	NA
rs60822966	0.0971938	0.0831894	NA	NA	NA	NA	NA	NA	NA	NA	NA	NA	NA	NA
rs115051669	0.389748	0.201659	NA	NA	NA	NA	NA	NA	NA	NA	NA	NA	0.0595842	0.0547757
rs6747243	0.125574	0.0668245	0.0449422	0.0262187	0.0316958	0.0538427	-0.0349188	0.0379189	-0.075389	0.0634251	0.164263	0.0654592	NA	NA
rs6747255	0.197865	0.0767301	0.0876505	0.0263347	0.104428	0.0544605	0.0112869	0.0386176	-0.0195874	0.0663318	0.207282	0.0689673	NA	NA
rs1469966	0.0250498	0.0564938	0.0341368	0.0264792	-0.0240935	0.0547848	-0.0743569	0.0367857	-0.0506648	0.0638564	0.13041	0.0653274	-0.0486169	0.0138035
rs1469965	0.266796	0.08328	0.0800642	0.0266122	0.0748276	0.054389	-0.00253002	0.0391682	-0.0513038	0.0664647	0.198073	0.0697174	-0.0554571	0.0178456
rs1469964	0.208287	0.0695994	0.0832527	0.0259468	0.0735107	0.053469	0.000457597	0.0381128	-0.0187786	0.0638547	0.1682	0.0656247	-0.0811631	0.0160476
rs920264	0.143023	0.0707949	0.0347805	0.0264341	0.00883645	0.0546673	-0.064276	0.0372533	-0.0571919	0.0670993	0.123732	0.0689681	-0.0134639	0.0157863
rs76895591	0.0597003	0.117851	NA	NA	NA	NA	NA	NA	NA	NA	NA	NA	-0.048049	0.0580841
rs76678532	0.287221	0.168105	NA	NA	NA	NA	NA	NA	NA	NA	NA	NA	-0.150423	0.0355279
rs114519114	-0.0750563	0.213219	NA	NA	NA	NA	NA	NA	NA	NA	NA	NA	NA	NA
rs2718747	-0.0701354	0.0592232	-0.0229116	0.0396826	-0.113613	0.077936	-0.107406	0.0593429	0.0629541	0.103563	-0.0691183	0.101714	0.00816415	0.0149222
rs9631040	0.197704	0.07669	0.0876626	0.0263358	0.1045	0.0544645	0.0112956	0.0386205	-0.0196163	0.0663323	0.207291	0.0689677	NA	NA
rs6737333	0.125202	0.0670493	0.0453909	0.0267476	0.0317976	0.054898	-0.0360883	0.0387308	-0.0774765	0.0649661	0.169115	0.0670109	NA	NA
rs7604136	-0.0698908	0.110086	-0.0386545	0.0928179	-0.254503	0.162093	-0.215048	0.173462	0.00969492	0.235041	-0.270412	0.23921	-0.100159	0.0254823
rs10194481	-0.0750563	0.213219	NA	NA	NA	NA	NA	NA	NA	NA	NA	NA	NA	NA
rs77577034	0.265591	0.138197	NA	NA	NA	NA	NA	NA	NA	NA	NA	NA	NA	NA
rs893405	0.262173	0.0834618	0.0800769	0.0266209	0.0748426	0.0544042	-0.00258483	0.0391818	-0.0513546	0.0664926	0.198101	0.0697467	NA	NA
rs9308807	0.123876	0.0654816	0.0444277	0.0262408	0.0634083	0.0541568	-0.0235134	0.0387064	-0.0688279	0.0660838	0.158323	0.0677817	NA	NA
rs2577588	0.0290294	0.0582346	0.0347805	0.0264341	0.00883645	0.0546673	-0.064276	0.0372533	-0.044055	0.0668765	0.129246	0.0686108	-0.0362558	0.0139871
rs114810982	-0.406918	0.223776	NA	NA	NA	NA	NA	NA	NA	NA	NA	NA	NA	NA
rs10432615	0.262173	0.0834618	0.0800642	0.0266122	0.0748276	0.054389	-0.00253002	0.0391682	-0.0513038	0.0664647	0.198073	0.0697174	NA	NA
rs7577857	0.147707	0.142594	-0.0107549	0.0560832	0.0143978	0.102272	0.00920874	0.0875195	0.0574489	0.144704	-0.166264	0.146468	-0.186917	0.0339568
rs7591764	0.15597	0.0713583	0.0347805	0.0264341	0.00883645	0.0546673	-0.064276	0.0372533	-0.0581226	0.0670969	0.123256	0.0689746	NA	NA
rs6542772	0.123365	0.065696	0.0444266	0.0262405	0.0634139	0.0541563	-0.0235019	0.0387058	-0.0688279	0.0660838	0.158323	0.0677817	NA	NA
rs3927014	0.192362	0.0728945	0.087263	0.0263515	0.105915	0.0544862	0.0110629	0.0386654	-0.0197028	0.0663534	0.207641	0.0689891	NA	NA
rs1530027	0.19234	0.0728929	0.0876542	0.0263359	0.104485	0.0544652	0.0112933	0.0386204	-0.0196244	0.0663332	0.207294	0.0689687	NA	NA
rs7581929	0.200329	0.0676534	0.0823269	0.025915	0.104726	0.0534568	0.0131824	0.0387474	-0.00757536	0.0663856	0.161499	0.0677726	NA	NA
rs77422500	-0.406918	0.223776	NA	NA	NA	NA	NA	NA	NA	NA	NA	NA	NA	NA
rs2718743	-0.0702065	0.059229	NA	NA	NA	NA	NA	NA	NA	NA	NA	NA	NA	NA
rs72948754	-0.242155	0.189042	NA	NA	NA	NA	NA	NA	NA	NA	NA	NA	NA	NA
rs10209071	0.200557	0.0679115	0.0823692	0.0258926	0.105148	0.0534242	0.0132657	0.0387046	-0.00766649	0.0663909	0.161284	0.0677871	NA	NA
rs10196891	-0.147044	0.204172	0.00540943	0.0707669	0.196084	0.133028	0.0827353	0.0996845	0.0796779	0.175995	-0.0941152	0.176693	-0.125256	0.0642348
rs116673186	0.082771	0.155228	0.114777	0.0960452	0.391095	0.200614	0.130023	0.118853	0.421608	0.241755	0.144728	0.235828	0.17433	0.0427277
rs74624435	-0.406918	0.223776	NA	NA	NA	NA	NA	NA	NA	NA	NA	NA	NA	NA
rs12476551	0.193694	0.0729192	0.0888661	0.0263993	0.104615	0.054519	0.01429	0.038729	-0.0207793	0.0664317	0.208541	0.0690799	NA	NA
rs2718734	-0.0693257	0.0592774	-0.0230191	0.0396968	-0.113517	0.0779696	-0.107483	0.0593578	0.062798	0.10359	-0.0694534	0.101739	NA	NA
rs2718733	0.0300935	0.0582697	0.0348779	0.0264207	0.00950048	0.0546632	-0.0640935	0.0372304	-0.0442401	0.0669039	0.128949	0.0686485	NA	NA
rs115380405	-0.406918	0.223776	NA	NA	NA	NA	NA	NA	NA	NA	NA	NA	-0.0377918	0.0638102
rs56054625	0.192579	0.0729028	0.0876984	0.0263114	0.104936	0.0544295	0.0113782	0.0385742	-0.0198001	0.0663373	0.207113	0.0689904	-0.0195365	0.0166828
rs114750321	0.504696	0.229579	NA	NA	NA	NA	NA	NA	NA	NA	NA	NA	NA	NA
rs10169086	0.146986	0.142506	-0.0107982	0.0560738	0.0143464	0.102261	0.00921028	0.0875031	0.0577915	0.144664	-0.166126	0.146427	NA	NA
rs74805551	0.0685991	0.0777591	0.0208769	0.0610758	-0.0054356	0.119356	-0.237181	0.0957156	0.332698	0.14846	-0.101605	0.157	-0.0228236	0.0285351
rs7568838	0.146445	0.142437	-0.0108518	0.055754	0.0133037	0.101611	0.00908215	0.0871124	0.0584488	0.143883	-0.163902	0.145597	-0.186917	0.0339568
rs11123707	0.262486	0.0834915	0.0800993	0.0265828	0.075291	0.0543487	-0.00239468	0.0391102	-0.0514956	0.0664672	0.197799	0.0697378	-0.0616751	0.0180127
rs10199007	0.146986	0.142506	-0.0107982	0.0560738	0.0143464	0.102261	0.00921028	0.0875031	0.0577915	0.144664	-0.166126	0.146427	-0.186917	0.0339568
rs113892529	-0.0743684	0.220946	NA	NA	NA	NA	NA	NA	NA	NA	NA	NA	-0.0223158	0.0447854
rs72833159	-0.133873	0.320436	-0.0548671	0.0545141	-0.188067	0.106277	-0.00613112	0.0823419	-0.197484	0.149074	-0.0262667	0.140901	-0.0195974	0.0586176
rs10179040	0.262486	0.0834915	0.0800993	0.0265828	0.075291	0.0543487	-0.00239468	0.0391102	-0.0514956	0.0664672	0.197799	0.0697378	NA	NA
rs13023059	-0.0298659	0.0582885	-0.0349942	0.0264252	-0.00932676	0.0546529	0.0638903	0.0372272	0.0453728	0.0667933	-0.128774	0.068558	NA	NA
rs114325131	-0.0450515	0.0982934	NA	NA	NA	NA	NA	NA	NA	NA	NA	NA	NA	NA
rs17036517	-0.438911	0.171755	NA	NA	NA	NA	NA	NA	NA	NA	NA	NA	0.00641863	0.0357211
rs10188434	0.202984	0.067944	0.0823692	0.0258926	0.105148	0.0534242	0.0132657	0.0387046	-0.00766649	0.0663909	0.161284	0.0677871	NA	NA
rs116663570	0.119057	0.133107	0.114867	0.0960432	0.391181	0.200598	0.130196	0.118849	0.421717	0.241779	0.145393	0.235849	0.15183	0.034233
rs114625306	0.159234	0.150148	0.114867	0.0960432	0.391181	0.200598	0.130196	0.118849	0.421717	0.241779	0.145393	0.235849	NA	NA
rs112876355	-0.438911	0.171755	NA	NA	NA	NA	NA	NA	NA	NA	NA	NA	0.00890481	0.0355124
rs78038125	0.290311	0.169226	NA	NA	NA	NA	NA	NA	NA	NA	NA	NA	-0.150423	0.0355279
rs78115908	0.146986	0.142506	-0.0107982	0.0560738	0.0143464	0.102261	0.00921028	0.0875031	0.0577915	0.144664	-0.166126	0.146427	-0.186917	0.0339568
rs10181348	0.244803	0.073631	0.0736795	0.0260334	0.074554	0.0529565	-0.000858525	0.0389945	-0.0381687	0.0662354	0.148466	0.0679546	-0.0984351	0.0168746
rs17036529	-0.438911	0.171755	NA	NA	NA	NA	NA	NA	NA	NA	NA	NA	0.00890481	0.0355124
rs2718725	0.150132	0.0710984	0.0343464	0.02643	0.0110627	0.0546674	-0.0641058	0.037237	-0.058319	0.0671424	0.122717	0.0690324	NA	NA
rs78155621	-0.0847555	0.227835	NA	NA	NA	NA	NA	NA	NA	NA	NA	NA	NA	NA
rs78406374	0.290395	0.169283	NA	NA	NA	NA	NA	NA	NA	NA	NA	NA	NA	NA
rs115635365	0.263612	0.138631	NA	NA	NA	NA	NA	NA	NA	NA	NA	NA	NA	NA
rs2718724	0.147125	0.0723344	0.0349288	0.0264096	0.00930913	0.0546425	-0.0640361	0.0372133	-0.0586712	0.0670784	0.123106	0.0689732	NA	NA
rs114755253	0.505068	0.229603	NA	NA	NA	NA	NA	NA	NA	NA	NA	NA	NA	NA
rs13397635	-0.147044	0.204172	0.00531163	0.0707639	0.195776	0.133026	0.082748	0.0996783	0.080109	0.175985	-0.0940011	0.176681	-0.125256	0.0642348
rs10193908	0.132977	0.0620539	0.0445531	0.026207	0.0636843	0.0541087	-0.0233177	0.0386451	-0.0825401	0.0660853	0.151333	0.0678112	NA	NA
rs73952504	-0.0318437	0.097962	NA	NA	NA	NA	NA	NA	NA	NA	NA	NA	0.0169901	0.0233678
rs76460335	-0.406761	0.223652	NA	NA	NA	NA	NA	NA	NA	NA	NA	NA	NA	NA
rs10205370	0.244494	0.0740192	0.0738069	0.0259456	0.0747434	0.0527871	-0.000452981	0.0388314	-0.038955	0.0660175	0.148569	0.0677436	NA	NA
rs7559347	0.245662	0.0739753	0.0738011	0.0259407	0.0747485	0.0527767	-0.000467367	0.0388225	-0.0390333	0.066002	0.148589	0.0677269	NA	NA
rs7573693	-0.147044	0.204172	0.00531163	0.0707639	0.195776	0.133026	0.082748	0.0996783	0.080109	0.175985	-0.0940011	0.176681	-0.125256	0.0642348
rs77734305	-0.438911	0.171755	NA	NA	NA	NA	NA	NA	NA	NA	NA	NA	0.00641863	0.0357211
rs76408813	-0.438911	0.171755	NA	NA	NA	NA	NA	NA	NA	NA	NA	NA	0.00890481	0.0355124
rs12469666	0.200654	0.0679468	0.0823462	0.0258802	0.104881	0.0534051	0.0132393	0.0386823	-0.00808311	0.0663412	0.161329	0.0677402	NA	NA
rs12469775	0.245649	0.073981	0.073805	0.0259432	0.0747459	0.0527819	-0.000458839	0.0388269	-0.0390186	0.0660094	0.148613	0.0677329	NA	NA
rs11123708	0.262472	0.0834987	0.0800434	0.0265641	0.0750684	0.0543238	-0.00231396	0.0390787	-0.0517145	0.0663927	0.197701	0.0696495	-0.0616751	0.0180127
rs61461228	0.0312267	0.0862696	NA	NA	NA	NA	NA	NA	NA	NA	NA	NA	0.0672645	0.021001
rs116570637	0.504696	0.229579	NA	NA	NA	NA	NA	NA	NA	NA	NA	NA	NA	NA
rs116080467	-0.0193448	0.117437	0.114974	0.0960507	0.390855	0.200479	0.129874	0.118864	0.423799	0.242739	0.146421	0.236893	0.113186	0.0307912
rs74467069	-0.406761	0.223652	NA	NA	NA	NA	NA	NA	NA	NA	NA	NA	NA	NA
rs10187016	0.267544	0.0837311	0.0863206	0.0266412	0.0784048	0.0545027	-0.00510289	0.0390874	-0.0486613	0.0667963	0.180102	0.0704423	NA	NA
rs2718722	0.0424959	0.0592701	0.0349216	0.0264087	0.00929575	0.0546421	-0.0640391	0.0372116	-0.0446076	0.0668595	0.1291	0.0686104	NA	NA
rs74392800	0.429898	0.199835	-0.0387204	0.0928114	-0.254478	0.162081	-0.214925	0.173438	0.00954125	0.235183	-0.271939	0.239359	NA	NA
rs1866187	0.245655	0.0739815	0.0738011	0.0259407	0.0747485	0.0527767	-0.000467367	0.0388225	-0.0390333	0.066002	0.148589	0.0677269	-0.0991762	0.016658
rs114079933	0.504696	0.229579	NA	NA	NA	NA	NA	NA	NA	NA	NA	NA	NA	NA
rs10177848	0.262472	0.0834987	0.0800434	0.0265641	0.0750684	0.0543238	-0.00231396	0.0390787	-0.0517145	0.0663927	0.197701	0.0696495	NA	NA
rs2718721	0.150108	0.0711009	0.0347944	0.0259715	0.00927183	0.0537306	-0.0631405	0.0365738	-0.056636	0.0656759	0.120481	0.0675361	NA	NA
rs6736225	0.123555	0.0657268	0.0445531	0.026207	0.0636843	0.0541087	-0.0233177	0.0386451	-0.0692614	0.0660346	0.158155	0.0677479	-0.0506956	0.0150701
rs2718720	0.0585883	0.165764	0.068248	0.0291116	-0.0020009	0.0599883	-0.0344583	0.0414556	-0.0763355	0.0737943	0.150937	0.0761497	NA	NA
rs13413437	0.261291	0.0829924	0.0782344	0.0260547	0.073288	0.053297	-0.00263972	0.0382796	-0.0503227	0.0647265	0.191266	0.0679145	-0.0616751	0.0180127
rs10204739	0.146986	0.142506	-0.0107943	0.0560759	0.0143918	0.102266	0.00921028	0.0875031	0.0577663	0.144704	-0.166673	0.146466	-0.186917	0.0339568
rs11901690	-0.438875	0.171742	NA	NA	NA	NA	NA	NA	NA	NA	NA	NA	0.00890481	0.0355124
rs72167701	-0.0222814	0.0701089	NA	NA	NA	NA	NA	NA	NA	NA	NA	NA	NA	NA
rs57336888	0.198802	0.0679606	0.0823536	0.0258823	0.104882	0.0534097	0.0132445	0.0386861	-0.00807616	0.0663512	0.161363	0.0677504	NA	NA
rs2718719	0.14734	0.0723661	0.0349366	0.0264108	0.0093296	0.0546468	-0.0640384	0.037217	-0.0587572	0.0670892	0.123044	0.0689858	-0.0132431	0.0157894
rs2577624	0.147268	0.0723641	0.0349366	0.0264108	0.0093296	0.0546468	-0.0640384	0.037217	-0.0587572	0.0670892	0.123044	0.0689858	NA	NA
rs9631041	0.146986	0.142506	-0.0107943	0.0560759	0.0143918	0.102266	0.00921028	0.0875031	0.0577663	0.144704	-0.166673	0.146466	NA	NA
rs77761165	-0.441017	0.209727	NA	NA	NA	NA	NA	NA	NA	NA	NA	NA	-0.0222851	0.0483579
rs2577625	0.0436607	0.0585424	0.034935	0.0264079	0.00931433	0.054643	-0.0640265	0.0372122	-0.0446317	0.0668646	0.129072	0.0686172	NA	NA
rs72833160	-0.0556435	0.0592118	-0.0229697	0.0397051	-0.113521	0.0779693	-0.1076	0.0593909	0.0629173	0.103592	-0.0695041	0.101744	NA	NA
rs17020505	0.119116	0.133192	0.115477	0.0963287	0.391709	0.200923	0.130174	0.11923	0.423799	0.242739	0.146421	0.236893	0.15183	0.034233
rs56711588	0.207956	0.0588418	0.0738011	0.0259407	0.0747485	0.0527767	-0.000467367	0.0388225	-0.039349	0.0660116	0.148474	0.0677389	-0.0425589	0.0141321
rs10191039	0.262507	0.0835032	0.0800434	0.0265641	0.0750684	0.0543238	-0.00231396	0.0390787	-0.0517286	0.0663963	0.197724	0.0696546	NA	NA
rs11895586	-0.0192253	0.11744	0.114974	0.0960507	0.390855	0.200479	0.129874	0.118864	0.423799	0.242739	0.146421	0.236893	NA	NA
rs2718718	-0.0282385	0.0589866	-0.0228648	0.0397139	-0.113584	0.0779879	-0.107579	0.0594041	0.0629436	0.103589	-0.0695344	0.101741	NA	NA
rs115616196	0.504696	0.229579	NA	NA	NA	NA	NA	NA	NA	NA	NA	NA	NA	NA
rs75893304	1.63297	0.453923	NA	NA	NA	NA	NA	NA	NA	NA	NA	NA	-0.0566474	0.059479
rs113923830	0.0776428	0.119928	NA	NA	NA	NA	NA	NA	NA	NA	NA	NA	-0.048049	0.0580841
rs78315245	-0.386626	0.181383	NA	NA	NA	NA	NA	NA	NA	NA	NA	NA	NA	NA
rs116600770	-0.019177	0.11746	0.114974	0.0960507	0.390855	0.200479	0.129874	0.118864	0.423799	0.242739	0.146421	0.236893	0.113186	0.0307912
rs77658718	0.429898	0.199835	-0.0387204	0.0928114	-0.254478	0.162081	-0.214925	0.173438	0.00954125	0.235183	-0.271939	0.239359	-0.208501	0.0399611
rs3806528	-0.203557	0.108342	-0.0532703	0.0538873	-0.188055	0.104744	-0.0157546	0.081282	-0.189123	0.146106	-0.041069	0.137445	-0.00174005	0.0306938
rs3806527	0.245714	0.0739891	0.0738011	0.0259407	0.0747485	0.0527767	-0.000467367	0.0388225	-0.0390456	0.0660052	0.148599	0.0677309	NA	NA
rs74733590	0.226368	0.0985875	NA	NA	NA	NA	NA	NA	NA	NA	NA	NA	NA	NA
rs116424980	-0.406085	0.223815	NA	NA	NA	NA	NA	NA	NA	NA	NA	NA	-0.0377918	0.0638102
rs12469750	0.245534	0.0739865	0.0738011	0.0259407	0.0747485	0.0527767	-0.000467367	0.0388225	-0.0390456	0.0660052	0.148599	0.0677309	NA	NA
rs11350089	0.0187223	0.151306	NA	NA	NA	NA	NA	NA	NA	NA	NA	NA	NA	NA
rs17036552	-0.033656	0.105932	0.0610825	0.0458023	-0.0333393	0.0979197	0.102178	0.0662591	-0.0162528	0.0959243	0.000570797	0.100159	0.0177236	0.0256193
rs6760160	0.200643	0.0679427	0.0823462	0.0258802	0.104881	0.0534051	0.0132393	0.0386823	-0.00809232	0.0663442	0.16134	0.067744	NA	NA
rs111994825	0.0763871	0.120238	NA	NA	NA	NA	NA	NA	NA	NA	NA	NA	-0.0112147	0.0530722
rs115345365	0.0826347	0.155235	0.115507	0.0963348	0.39173	0.200945	0.13015	0.119239	0.423894	0.242793	0.146393	0.236943	0.17433	0.0427277
rs114820169	0.082735	0.155233	0.115507	0.0963348	0.39173	0.200945	0.13015	0.119239	0.423894	0.242793	0.146393	0.236943	0.17433	0.0427277
rs76907035	-0.459285	0.243363	NA	NA	NA	NA	NA	NA	NA	NA	NA	NA	0.124888	0.0489918
rs72833162	-0.156149	0.318394	-0.0546761	0.0547149	-0.188635	0.106526	-0.00627441	0.0827547	-0.196923	0.149097	-0.0265729	0.140922	-0.0195974	0.0586176
rs2718717	-0.0503365	0.0595613	-0.0229697	0.0397051	-0.113521	0.0779693	-0.1076	0.0593909	0.0629173	0.103592	-0.0695041	0.101744	NA	NA
rs13422997	0.261296	0.0829934	0.0800434	0.0265641	0.0750684	0.0543238	-0.00231396	0.0390787	-0.0517286	0.0663963	0.197724	0.0696546	NA	NA
rs115956986	-0.29566	0.285309	NA	NA	NA	NA	NA	NA	NA	NA	NA	NA	NA	NA
rs12622759	0.245667	0.0740093	0.0738071	0.0259451	0.0747523	0.0527835	-0.000460297	0.0388308	-0.0390406	0.066012	0.14863	0.0677366	NA	NA
rs2718716	0.047514	0.0609103	0.0223716	0.0400186	0.114932	0.0783893	0.109545	0.0600019	-0.051588	0.104389	0.0676605	0.102694	NA	NA
rs2378138	0.123516	0.065733	0.0445531	0.026207	0.0636843	0.0541087	-0.0233177	0.0386451	-0.0692759	0.0660375	0.158165	0.0677515	NA	NA
rs56867834	-0.406504	0.223873	NA	NA	NA	NA	NA	NA	NA	NA	NA	NA	-0.0377918	0.0638102
rs56286981	0.262646	0.0835423	0.0800539	0.0265669	0.0750615	0.0543294	-0.00231437	0.0390834	-0.0517112	0.0664053	0.197774	0.0696626	-0.0616751	0.0180127
rs2465952	0.149946	0.0713049	0.034935	0.0264079	0.00931433	0.054643	-0.0640265	0.0372122	-0.0586977	0.0670835	0.123077	0.06898	NA	NA
rs2438280	-0.00865684	0.068928	-0.0222491	0.0404456	-0.113704	0.079454	-0.106705	0.0606166	0.0558344	0.105617	-0.0665813	0.103855	-0.0133138	0.0176187
rs2164829	0.0510551	0.0565072	0.035423	0.0265278	0.00810332	0.0548753	-0.06294	0.0373414	-0.0615729	0.0669683	0.134372	0.0687872	-0.0354099	0.0139581
rs2718715	-0.0475152	0.0607488	-0.0225946	0.0398922	-0.114127	0.0782385	-0.108025	0.0597713	0.0537527	0.104211	-0.0672806	0.102314	NA	NA
rs116205337	0.0832654	0.155387	0.114009	0.0976851	0.393178	0.203615	0.131847	0.121043	0.460708	0.248378	0.152532	0.242483	NA	NA
rs1821867	0.155205	0.0720051	0.0769042	0.0262776	0.0802619	0.0532122	-0.00121191	0.0393348	-0.0341534	0.066682	0.149874	0.068643	-0.0810671	0.0165734
rs1370592	0.0305391	0.0583138	0.0348415	0.026466	0.00844694	0.0547591	-0.0645657	0.0372944	-0.0444243	0.067121	0.129811	0.0688897	NA	NA
rs116407812	0.0831967	0.155376	0.117371	0.0976322	0.397243	0.203585	0.131675	0.120951	0.440201	0.249079	0.156647	0.243244	NA	NA
rs115384818	0.504696	0.229579	NA	NA	NA	NA	NA	NA	NA	NA	NA	NA	NA	NA
rs17036565	-0.438911	0.171755	NA	NA	NA	NA	NA	NA	NA	NA	NA	NA	0.00890481	0.0355124
rs34102334	-0.438911	0.171755	NA	NA	NA	NA	NA	NA	NA	NA	NA	NA	-0.00403044	0.0375755
rs116287805	-0.438911	0.171755	NA	NA	NA	NA	NA	NA	NA	NA	NA	NA	0.00641863	0.0357211
rs12463986	0.267542	0.0839923	0.0803613	0.0266594	0.0749114	0.054512	-0.00240111	0.039231	-0.0515467	0.0666378	0.198796	0.0699102	NA	NA
rs2577598	0.0307069	0.0582887	NA	NA	NA	NA	-0.0645657	0.0372944	-0.0444243	0.067121	0.129811	0.0688897	NA	NA
rs10199284	0.249521	0.0743212	NA	NA	NA	NA	-0.000554782	0.0389314	-0.0387741	0.0661937	0.149074	0.0679211	-0.0991762	0.016658
rs2718729	0.0307069	0.0582887	NA	NA	NA	NA	-0.0645657	0.0372944	-0.0444243	0.067121	0.129811	0.0688897	NA	NA
rs12464522	0.249808	0.074333	0.0739511	0.0260039	0.0745469	0.0528999	-0.000542979	0.0389277	-0.0387728	0.0661852	0.149049	0.0679137	NA	NA
rs12476399	0.125563	0.0658923	0.0445564	0.0262816	0.0630848	0.0542456	-0.0237268	0.0387736	-0.0691559	0.0662505	0.159079	0.067979	NA	NA
rs11885068	-0.439271	0.171989	NA	NA	NA	NA	NA	NA	NA	NA	NA	NA	0.00890481	0.0355124
rs11886192	-0.438911	0.171755	NA	NA	NA	NA	NA	NA	NA	NA	NA	NA	0.00890481	0.0355124
rs11891285	-0.0193563	0.118361	0.116803	0.0972859	0.39601	0.202975	0.131213	0.120493	0.440279	0.24905	0.156575	0.24322	0.10182	0.0300328
rs2438272	0.249409	0.0746648	NA	NA	NA	NA	-0.000826164	0.0394139	-0.0374329	0.0669064	0.151515	0.0686235	NA	NA
rs11123709	0.0323567	0.0584196	NA	NA	NA	NA	-0.0483097	0.0577562	0.139541	0.101911	-0.00924087	0.101244	NA	NA
rs59407435	1.5442	0.434649	NA	NA	NA	NA	NA	NA	NA	NA	NA	NA	-0.0566474	0.059479
rs1898556	0.0681896	0.165195	0.0686054	0.029381	-0.00276735	0.0605746	-0.0357021	0.0418078	-0.0778901	0.0746719	0.152726	0.0770839	-0.0282676	0.027335
rs13396405	0.249706	0.0743132	0.0739511	0.0260039	0.0745469	0.0528999	-0.000542979	0.0389277	-0.0387728	0.0661852	0.149049	0.0679137	-0.0991762	0.016658
rs75547827	-0.0191992	0.119063	0.116877	0.0972851	0.396182	0.202973	0.131285	0.120493	0.440359	0.249048	0.156563	0.243217	0.113186	0.0307912
rs2718697	-0.0698503	0.0592458	-0.0230011	0.0397213	-0.113609	0.0780023	-0.107746	0.0594212	0.0628997	0.103646	-0.0697902	0.101768	0.00816415	0.0149222
rs13411824	0.125721	0.0659177	0.0445597	0.0262815	0.0630981	0.0542452	-0.0237195	0.0387736	-0.0691488	0.06625	0.159076	0.0679784	NA	NA
rs11896229	-0.439962	0.171899	NA	NA	NA	NA	NA	NA	NA	NA	NA	NA	NA	NA
rs11886685	-0.0191992	0.119063	0.116877	0.0972851	0.396182	0.202973	0.131285	0.120493	0.440359	0.249048	0.156563	0.243217	0.113186	0.0307912
rs12473859	0.267551	0.0839327	0.0802353	0.0266399	0.0749703	0.0544704	-0.00240615	0.0391995	-0.051554	0.0666036	0.19861	0.0698758	-0.0625265	0.0180539
rs115017414	-0.0191992	0.119063	0.116877	0.0972851	0.396182	0.202973	0.131285	0.120493	0.440359	0.249048	0.156563	0.243217	0.113186	0.0307912
rs7565372	0.267551	0.0839327	0.0802353	0.0266399	0.0749703	0.0544704	-0.00240615	0.0391995	-0.051554	0.0666036	0.19861	0.0698758	NA	NA
rs13418771	-0.147044	0.204172	0.00529155	0.070762	0.195762	0.13302	0.0827189	0.0996747	0.0800315	0.175979	-0.0940106	0.176673	NA	NA
rs893404	0.429898	0.199835	-0.038899	0.0917932	-0.25238	0.160329	-0.212857	0.171906	0.011726	0.232761	-0.266337	0.23667	-0.208501	0.0399611
rs112783530	-0.439468	0.171769	NA	NA	NA	NA	NA	NA	NA	NA	NA	NA	0.0101208	0.0356021
rs74507321	-0.0191992	0.119063	0.116877	0.0972851	0.396182	0.202973	0.131285	0.120493	0.440359	0.249048	0.156563	0.243217	0.113186	0.0307912
rs116269106	-0.407248	0.223654	NA	NA	NA	NA	NA	NA	NA	NA	NA	NA	-0.0377918	0.0638102
rs79242127	-0.439468	0.171769	NA	NA	NA	NA	NA	NA	NA	NA	NA	NA	0.00641863	0.0357211
rs893403	0.0313055	0.058301	0.0348415	0.026466	0.00844694	0.0547591	-0.0645657	0.0372944	-0.0444243	0.067121	0.129811	0.0688897	NA	NA
rs114527921	0.083734	0.155452	0.117446	0.0976314	0.397416	0.203582	0.131747	0.12095	0.440281	0.249078	0.156635	0.243242	0.17433	0.0427277
rs115567033	0.0339973	0.0865547	NA	NA	NA	NA	NA	NA	NA	NA	NA	NA	0.0655054	0.0210333
rs116807888	-0.0191992	0.119063	0.116877	0.0972851	0.396182	0.202973	0.131285	0.120493	0.440359	0.249048	0.156563	0.243217	0.113186	0.0307912
rs41348450	0.0340631	0.0865588	NA	NA	NA	NA	NA	NA	NA	NA	NA	NA	NA	NA
rs2577603	-0.0357122	0.0633875	-0.0223822	0.0403297	-0.113633	0.0793547	-0.106709	0.0603517	0.065146	0.105203	-0.0697575	0.103455	-0.0143157	0.0176078
rs11895484	-0.387168	0.181395	NA	NA	NA	NA	NA	NA	NA	NA	NA	NA	0.0272259	0.0393493
rs114439811	0.105503	0.152119	0.11744	0.0976252	0.397361	0.203559	0.131702	0.120943	0.440359	0.249048	0.156563	0.243217	NA	NA
rs4676202	0.0305148	0.0582795	0.0348415	0.026466	0.00844694	0.0547591	-0.0645657	0.0372944	-0.0444243	0.067121	0.129811	0.0688897	NA	NA
rs79536764	-0.0191327	0.119076	0.117697	0.0975223	0.39777	0.203576	0.131442	0.12081	0.443852	0.250516	0.158677	0.244669	0.113186	0.0307912
rs2718738	0.0310574	0.0581289	0.0348619	0.0264817	0.00865758	0.0548013	-0.0646393	0.0373129	-0.0445322	0.06719	0.130267	0.0689627	-0.0366863	0.0140137
rs78670944	-0.387239	0.181399	NA	NA	NA	NA	NA	NA	NA	NA	NA	NA	0.0272259	0.0393493
rs13396667	-0.147552	0.203947	0.00559788	0.0705757	0.195143	0.132558	0.0827679	0.0993814	0.0802388	0.175432	-0.0919934	0.176128	NA	NA
rs115930037	0.0837831	0.155502	0.118364	0.0978947	0.399134	0.204281	0.131886	0.121304	0.443872	0.250545	0.158627	0.244697	NA	NA
rs78602752	0.564263	0.212105	NA	NA	NA	NA	NA	NA	NA	NA	NA	NA	NA	NA
rs2577601	0.0301051	0.0582583	0.0348927	0.0265083	0.00825625	0.0548602	-0.0648306	0.0373431	-0.0448644	0.0672254	0.130224	0.068996	NA	NA
rs2718739	0.052766	0.168825	NA	NA	NA	NA	NA	NA	NA	NA	NA	NA	-0.00364038	0.0379844
rs112433803	0.132185	0.257868	NA	NA	NA	NA	NA	NA	NA	NA	NA	NA	NA	NA
rs73952506	-0.460789	0.243373	NA	NA	NA	NA	NA	NA	NA	NA	NA	NA	NA	NA
rs57748674	-0.01993	0.118669	0.117569	0.097622	0.39777	0.203576	0.131573	0.120942	0.447573	0.251856	0.161429	0.246037	0.113186	0.0307912
rs2577600	0.0300157	0.0582654	0.0349218	0.0265117	0.00833286	0.054872	-0.0648138	0.0373488	-0.0447061	0.0672405	0.130457	0.0690073	NA	NA
rs6760957	0.247196	0.0740424	0.0742389	0.0260608	0.074804	0.0530386	-0.000569827	0.0390046	-0.0391533	0.0663007	0.149485	0.0680307	NA	NA
rs56404313	0.252558	0.083576	0.0802476	0.0267199	0.0742128	0.0546571	-0.00258382	0.039298	-0.0517193	0.0667911	0.19964	0.0700479	-0.0616751	0.0180127
rs10496423	-0.055676	0.0592092	-0.0230212	0.039718	-0.113576	0.0779948	-0.10777	0.0594134	0.0628997	0.103646	-0.0697902	0.101768	NA	NA
rs72948775	-0.0264144	0.243284	NA	NA	NA	NA	NA	NA	NA	NA	NA	NA	NA	NA
rs67034956	0.273488	0.0742545	NA	NA	NA	NA	-0.000569827	0.0390046	-0.0401546	0.0663209	0.149067	0.0680562	NA	NA
rs11884746	-0.439646	0.171769	NA	NA	NA	NA	NA	NA	NA	NA	NA	NA	0.00890481	0.0355124
rs11692241	-0.0410459	0.10694	0.0612143	0.0460444	-0.0341042	0.0985956	0.102322	0.0665315	-0.0143253	0.0972813	-0.00297193	0.101528	0.0128355	0.0258615
rs826681	-0.0406557	0.0604219	-0.0228816	0.0398227	-0.113713	0.078222	-0.107587	0.0595853	0.0632571	0.1039	-0.0696647	0.102032	0.00728899	0.0151479
rs826682	-0.0554806	0.059084	-0.0225468	0.0391576	-0.111376	0.0768194	-0.106861	0.0584917	0.0626769	0.102001	-0.0690192	0.100126	NA	NA
rs6744135	0.245731	0.07367	0.0723856	0.025491	0.0729158	0.0518856	-0.000877422	0.038095	-0.0381406	0.064502	0.145369	0.066237	NA	NA
rs17269446	0.147955	0.138453	-0.00889197	0.0571341	0.0187043	0.104473	0.0107387	0.0886269	0.0677775	0.145982	-0.164646	0.148049	NA	NA
rs13384510	0.263817	0.0840147	0.0802685	0.0267307	0.0742176	0.0546735	-0.00263237	0.0393166	-0.053988	0.0667897	0.198328	0.0700788	-0.053401	0.018314
rs79570546	0.126931	0.136448	0.118336	0.0980137	0.399206	0.204326	0.131922	0.121462	0.447573	0.251856	0.161429	0.246037	0.15183	0.034233
rs6707379	0.263813	0.0840153	0.0802685	0.0267307	0.0742176	0.0546735	-0.00263237	0.0393166	-0.053988	0.0667897	0.198328	0.0700788	NA	NA
rs59865325	-0.386984	0.215865	NA	NA	NA	NA	NA	NA	NA	NA	NA	NA	-0.0377918	0.0638102
rs60463332	-0.58874	0.316002	NA	NA	NA	NA	NA	NA	NA	NA	NA	NA	NA	NA
rs13387990	-0.146462	0.204042	0.00810086	0.0727811	0.195345	0.137771	0.0786581	0.101585	0.0767522	0.178541	-0.1011	0.179224	NA	NA
rs115902388	0.10845	0.15309	0.118336	0.0980137	0.399206	0.204326	0.131922	0.121462	0.447537	0.251858	0.161408	0.246014	0.149715	0.0392994
rs76583161	-0.446396	0.175487	NA	NA	NA	NA	NA	NA	NA	NA	NA	NA	0.00641863	0.0357211
rs114029341	-0.16214	0.109354	NA	NA	NA	NA	NA	NA	NA	NA	NA	NA	0.00749116	0.0269636
rs826683	-0.029323	0.0582861	-0.0352801	0.0264205	-0.0092548	0.0546695	0.0641971	0.0372344	0.0456232	0.0673931	-0.128378	0.0691768	NA	NA
rs114753473	0.129261	0.137176	0.118336	0.0980137	0.399206	0.204326	0.131922	0.121462	0.447573	0.251856	0.161429	0.246037	0.15183	0.034233
rs62149920	0.263893	0.0835589	0.0803327	0.0267277	0.0742844	0.0546775	-0.00255968	0.0393109	-0.0516276	0.0668171	0.199818	0.0700691	NA	NA
rs11897612	0.201423	0.0679619	0.0828627	0.0260133	0.104897	0.0536897	0.0129731	0.0388957	-0.00851844	0.0666663	0.162825	0.0680842	NA	NA
rs74812467	0.100048	0.0830908	NA	NA	NA	NA	NA	NA	NA	NA	NA	NA	NA	NA
rs114204644	0.0215926	0.115915	0.117695	0.0976468	0.397857	0.203668	0.131473	0.120976	0.447573	0.251856	0.161429	0.246037	NA	NA
rs826686	0.0565383	0.0592802	0.0219167	0.0399742	0.112538	0.078385	0.108944	0.0599016	-0.0626263	0.104585	0.0763315	0.102572	NA	NA
rs68115708	0.0553823	0.0592945	NA	NA	NA	NA	0.0524521	0.0481125	0.0187568	0.0777763	0.0708701	0.0806266	NA	NA
rs57441783	-0.459153	0.243229	NA	NA	NA	NA	NA	NA	NA	NA	NA	NA	0.124888	0.0489918
rs67168255	-0.0289232	0.0582857	NA	NA	NA	NA	0.0642057	0.0372342	0.0456234	0.0673921	-0.128373	0.0691753	NA	NA
rs826687	-0.0315724	0.0581507	NA	NA	NA	NA	NA	NA	NA	NA	NA	NA	NA	NA
rs114636875	-0.0289232	0.0582857	NA	NA	NA	NA	0.0642057	0.0372342	0.0456234	0.0673921	-0.128373	0.0691753	NA	NA
rs826688	-0.0429318	0.0586229	NA	NA	NA	NA	0.0592402	0.0369476	0.0450274	0.0678219	-0.120085	0.0701767	0.0362695	0.0140433
rs114303671	-0.0196148	0.118711	0.117695	0.0976468	0.397857	0.203668	0.131473	0.120976	0.447573	0.251856	0.161429	0.246037	0.113186	0.0307912
rs8179686	0.201464	0.0679829	0.0447075	0.0263403	0.0632085	0.0543889	-0.0239308	0.0388523	-0.0696869	0.0663676	0.159647	0.0680992	NA	NA
rs8179687	0.247298	0.0741027	0.0742383	0.0260608	0.0748049	0.0530386	-0.000568417	0.0390046	-0.0391463	0.0663	0.14946	0.0680303	-0.0991762	0.016658
rs79165193	-0.439995	0.1718	NA	NA	NA	NA	NA	NA	NA	NA	NA	NA	NA	NA
rs826689	0.0195254	0.0634472	0.0214049	0.0405925	0.112377	0.0797504	0.107971	0.0608489	-0.064916	0.106183	0.07629	0.104329	NA	NA
rs116080108	-0.382394	0.214356	NA	NA	NA	NA	NA	NA	NA	NA	NA	NA	NA	NA
rs13422766	-0.146227	0.203988	0.00810086	0.0727811	0.195345	0.137771	0.0786581	0.101585	0.0767522	0.178541	-0.1011	0.179224	-0.125256	0.0642348
rs62149921	-0.0425819	0.107045	0.0610197	0.0459673	-0.0342122	0.0984368	0.102221	0.0664462	-0.0155108	0.0971335	-0.00189707	0.101353	0.0173447	0.0258097
rs11884470	-0.0196148	0.118711	0.117695	0.0976468	0.397857	0.203668	0.131473	0.120976	0.447573	0.251856	0.161429	0.246037	0.113186	0.0307912
rs116104684	0.495531	0.22786	NA	NA	NA	NA	NA	NA	NA	NA	NA	NA	NA	NA
rs79785802	-0.439853	0.171834	NA	NA	NA	NA	NA	NA	NA	NA	NA	NA	NA	NA
rs75920921	-0.439966	0.171798	NA	NA	NA	NA	NA	NA	NA	NA	NA	NA	0.00890481	0.0355124
rs113957583	0.130166	0.248643	NA	NA	NA	NA	NA	NA	NA	NA	NA	NA	NA	NA
rs6711276	0.256528	0.0875816	0.0802809	0.0267447	0.0741254	0.0546984	-0.00264772	0.03934	-0.0553369	0.0668322	0.196328	0.0701342	NA	NA
rs7565691	-0.272737	0.145398	NA	NA	NA	NA	NA	NA	NA	NA	NA	NA	NA	NA
rs116425223	-0.385205	0.210509	NA	NA	NA	NA	NA	NA	NA	NA	NA	NA	-0.0377918	0.0638102
rs115020576	0.113838	0.154698	0.118336	0.0980137	0.399206	0.204326	0.131922	0.121462	0.447573	0.251856	0.161429	0.246037	0.149715	0.0392994
rs10209570	0.204257	0.0681606	0.0830519	0.0260214	0.105319	0.0538412	0.0117716	0.038943	-0.00823495	0.0668008	0.162496	0.0682315	NA	NA
rs60889586	0.102092	0.0832472	NA	NA	NA	NA	NA	NA	NA	NA	NA	NA	0.0525475	0.020182
rs115342792	-0.567432	0.309538	NA	NA	NA	NA	NA	NA	NA	NA	NA	NA	NA	NA
rs7591037	0.102092	0.0832472	NA	NA	NA	NA	NA	NA	NA	NA	NA	NA	0.0525475	0.020182
rs111763726	-0.439966	0.171798	NA	NA	NA	NA	NA	NA	NA	NA	NA	NA	0.00890481	0.0355124
rs77730242	-0.377791	0.212831	NA	NA	NA	NA	NA	NA	NA	NA	NA	NA	NA	NA
rs116735302	0.0802165	0.160412	NA	NA	NA	NA	NA	NA	NA	NA	NA	NA	0.162315	0.0470526
rs72185525	0.494217	0.168574	NA	NA	NA	NA	NA	NA	NA	NA	NA	NA	NA	NA
rs10186344	-0.145045	0.204143	0.00810086	0.0727811	0.195345	0.137771	0.0786581	0.101585	0.0767522	0.178541	-0.1011	0.179224	-0.125256	0.0642348
rs75615246	-0.145045	0.204143	0.00810086	0.0727811	0.195345	0.137771	0.0786581	0.101585	0.0767522	0.178541	-0.1011	0.179224	-0.125256	0.0642348
rs4676203	0.251657	0.0744706	0.0742012	0.0260613	0.0746372	0.0530405	-0.00056823	0.0390038	-0.0389993	0.0664238	0.149049	0.0681656	NA	NA
rs826690	-0.11545	0.0652633	-0.0352184	0.0264183	-0.0090571	0.0546588	0.0641479	0.0372279	0.0459008	0.0675768	-0.127961	0.0693911	NA	NA
rs11885278	-0.377791	0.212831	NA	NA	NA	NA	NA	NA	NA	NA	NA	NA	NA	NA
rs77270311	-0.160181	0.139545	NA	NA	NA	NA	NA	NA	NA	NA	NA	NA	0.0704061	0.052295
rs6738629	0.133089	0.0667718	0.0421925	0.0264806	0.0510911	0.0546293	-0.024271	0.0389571	-0.0696811	0.0665004	0.159343	0.0682509	NA	NA
rs67517304	0.262866	0.0716353	NA	NA	NA	NA	-0.000651507	0.0391169	-0.0391374	0.0664686	0.149049	0.0682093	NA	NA
rs114846910	0.267813	0.138642	NA	NA	NA	NA	NA	NA	NA	NA	NA	NA	0.0289651	0.0603807
rs73952507	-0.465019	0.25154	NA	NA	NA	NA	NA	NA	NA	NA	NA	NA	0.124888	0.0489918
rs114082971	-0.0817213	0.234753	NA	NA	NA	NA	NA	NA	NA	NA	NA	NA	NA	NA
rs826691	-0.0414457	0.0587636	-0.0328758	0.0263985	0.0013966	0.0545039	0.0637521	0.0371056	0.0460106	0.0676295	-0.127459	0.0694328	0.0366863	0.0140137
rs57693517	-0.00679548	0.259607	NA	NA	NA	NA	NA	NA	NA	NA	NA	NA	-0.0195367	0.0546085
rs10164699	0.204991	0.067983	0.0806514	0.0261651	0.0932812	0.0539801	0.0126742	0.0390126	-0.00825652	0.0667987	0.162506	0.068229	NA	NA
rs12468001	0.269998	0.0846587	0.07842	0.0269698	0.06304	0.0551829	-0.00246914	0.0395632	-0.0535838	0.0669165	0.197919	0.070203	NA	NA
rs116197920	0.146891	0.141972	0.121636	0.100104	0.406668	0.208022	0.134553	0.124236	0.447573	0.251856	0.161429	0.246037	NA	NA
rs78817226	0.105294	0.0835442	NA	NA	NA	NA	NA	NA	NA	NA	NA	NA	NA	NA
rs826692	0.0602497	0.0592584	0.0206386	0.0401465	0.109412	0.0787975	0.109145	0.0601413	-0.0626683	0.1046	0.0763429	0.102585	NA	NA
rs10496424	0.117224	0.156253	0.121636	0.100104	0.406668	0.208022	0.134553	0.124236	0.447573	0.251856	0.161429	0.246037	0.149715	0.0392994
rs113717061	0.0750801	0.116865	NA	NA	NA	NA	NA	NA	NA	NA	NA	NA	-0.0149582	0.0538255
rs2053261	0.205253	0.0682197	0.0806514	0.0261651	0.0932812	0.0539801	0.0126742	0.0390126	-0.00825652	0.0667987	0.162506	0.068229	NA	NA
rs56216507	0.269468	0.0846258	0.07842	0.0269698	0.06304	0.0551829	-0.00246914	0.0395632	-0.0535838	0.0669165	0.197919	0.070203	-0.0542666	0.0183627
rs6754269	-0.173469	0.100248	-0.0608719	0.0546019	-0.202708	0.107719	-0.0178673	0.0835585	-0.183877	0.146075	-0.0425442	0.137465	-0.00573469	0.0263177
rs116508351	-0.44011	0.171796	NA	NA	NA	NA	NA	NA	NA	NA	NA	NA	0.00641863	0.0357211
rs112266033	0.0750801	0.116865	NA	NA	NA	NA	NA	NA	NA	NA	NA	NA	-0.0149582	0.0538255
rs115955284	-0.0192291	0.119706	0.120917	0.0996852	0.405219	0.207274	0.134114	0.123679	0.447573	0.251856	0.161429	0.246037	0.113186	0.0307912
rs826693	-0.115454	0.0653433	-0.0328503	0.0263822	0.00129055	0.0544761	0.0636048	0.0370815	0.0459008	0.0675768	-0.127961	0.0693911	NA	NA
rs4676204	0.205176	0.0682177	0.0806514	0.0261651	0.0932812	0.0539801	0.0126742	0.0390126	-0.00825652	0.0667987	0.162506	0.068229	NA	NA
rs115534075	-0.0684868	0.250857	0.00600091	0.0758565	0.202732	0.144047	0.079757	0.106169	0.0919483	0.177391	-0.0918941	0.178622	-0.124901	0.0599173
rs5833297	0.20518	0.0682331	NA	NA	NA	NA	0.0126777	0.0390132	-0.00825543	0.0667993	0.162509	0.068229	NA	NA
rs114528879	-0.141565	0.199985	NA	NA	NA	NA	NA	NA	NA	NA	NA	NA	NA	NA
rs115017672	-0.38917	0.181735	NA	NA	NA	NA	NA	NA	NA	NA	NA	NA	NA	NA
rs113508376	-0.450014	0.173589	NA	NA	NA	NA	NA	NA	NA	NA	NA	NA	0.00890481	0.0355124
rs114851473	-0.020744	0.120415	0.120689	0.0996864	0.404949	0.207276	0.134088	0.123681	0.447965	0.25186	0.161188	0.246048	0.113186	0.0307912
rs116634988	0.116302	0.157728	0.121636	0.100104	0.406668	0.208022	0.134553	0.124236	0.447573	0.251856	0.161429	0.246037	NA	NA
rs114190455	-0.37267	0.211335	NA	NA	NA	NA	NA	NA	NA	NA	NA	NA	NA	NA
rs78158161	0.0587966	0.0651157	NA	NA	NA	NA	NA	NA	NA	NA	NA	NA	NA	NA
rs114945958	-0.544105	0.302648	NA	NA	NA	NA	NA	NA	NA	NA	NA	NA	NA	NA
rs55861910	0.257267	0.100085	0.0785566	0.0270154	0.0635157	0.05523	-0.00272075	0.0396502	-0.0558876	0.0669182	0.195686	0.0702395	NA	NA
rs115756043	-0.147091	0.20706	0.00579995	0.0758577	0.202743	0.144045	0.0795045	0.106178	0.0767522	0.178541	-0.1011	0.179224	-0.125256	0.0642348
rs826694	-0.0283807	0.0586026	-0.0328377	0.0263879	0.00130168	0.0544937	0.0636546	0.0370918	0.0457	0.0675751	-0.128472	0.0693818	NA	NA
rs7597937	0.0985716	0.0828869	NA	NA	NA	NA	NA	NA	NA	NA	NA	NA	0.0584092	0.0196084
rs826695	0.0609905	0.0592884	0.0206386	0.0401465	0.109412	0.0787975	0.109145	0.0601413	-0.0626683	0.1046	0.0763429	0.102585	NA	NA
rs112536141	-0.495631	0.183	NA	NA	NA	NA	NA	NA	NA	NA	NA	NA	NA	NA
rs12469016	0.26754	0.0848367	0.07842	0.0269698	0.06304	0.0551829	-0.00246914	0.0395632	-0.0536021	0.0669217	0.197902	0.0702086	-0.0542666	0.0183627
rs1866188	1.53255	0.446938	NA	NA	NA	NA	NA	NA	NA	NA	NA	NA	-0.0566474	0.059479
rs10207904	-0.104335	0.214931	0.00579995	0.0758577	0.202743	0.144045	0.0795045	0.106178	0.0767522	0.178541	-0.1011	0.179224	-0.125256	0.0642348
rs10173366	-0.104335	0.214931	0.00579995	0.0758577	0.202743	0.144045	0.0795045	0.106178	0.0767522	0.178541	-0.1011	0.179224	-0.125256	0.0642348
rs60175711	-0.0313642	0.0979974	NA	NA	NA	NA	NA	NA	NA	NA	NA	NA	0.0172307	0.023451
rs76292925	-0.0204874	0.120123	0.120917	0.0996852	0.405219	0.207274	0.134114	0.123679	0.447537	0.251858	0.161408	0.246014	NA	NA
rs12712022	0.0763834	0.0637626	NA	NA	NA	NA	NA	NA	NA	NA	NA	NA	NA	NA
rs826698	-0.0996888	0.064751	NA	NA	NA	NA	0.0636048	0.0370815	0.0459008	0.0675768	-0.127961	0.0693911	NA	NA
rs13385259	0.185967	0.145698	-0.00963482	0.0596872	0.021045	0.109378	0.010055	0.0924594	0.0558022	0.146669	-0.171833	0.148626	NA	NA
rs115571944	0.0804854	0.118295	NA	NA	NA	NA	NA	NA	NA	NA	NA	NA	-0.048049	0.0580841
rs12464601	0.248882	0.0742361	0.072008	0.0262007	0.063846	0.0533097	-0.000625752	0.0390944	-0.0390163	0.0664282	0.14902	0.0681706	NA	NA
rs57933919	0.208439	0.0685687	NA	NA	NA	NA	0.0126742	0.0390126	-0.00826953	0.0668029	0.162476	0.0682336	-0.060795	0.0159581
rs59946778	0.254739	0.074619	0.0720081	0.0262003	0.0638438	0.0533096	-0.000618975	0.0390933	-0.0390163	0.0664282	0.14902	0.0681706	-0.0998482	0.0166705
rs10170690	0.253033	0.0742385	0.06975	0.0254641	0.0619053	0.0518224	-0.000857576	0.0379206	-0.0390163	0.0664282	0.14902	0.0681706	NA	NA
rs116327378	0.0417321	0.0873151	NA	NA	NA	NA	NA	NA	NA	NA	NA	NA	0.0655054	0.0210333
rs113959926	-0.487289	0.181657	NA	NA	NA	NA	NA	NA	NA	NA	NA	NA	0.00890481	0.0355124
rs116072767	0.134293	0.141635	0.121961	0.10012	0.407635	0.208033	0.134342	0.124254	0.444608	0.251945	0.161758	0.246062	NA	NA
rs114701071	-0.182023	0.145553	NA	NA	NA	NA	NA	NA	NA	NA	NA	NA	0.0813084	0.0530032
rs1095556	-0.0420513	0.058589	-0.0328647	0.0263849	0.00128001	0.0544887	0.0636759	0.0370887	0.0455903	0.0675668	-0.128066	0.0693777	0.0367859	0.0140243
rs62149924	0.254501	0.0745978	0.0720081	0.0262003	0.0638438	0.0533096	-0.000618975	0.0390933	-0.0390163	0.0664282	0.14902	0.0681706	NA	NA
rs12467880	0.211452	0.0692011	0.0806514	0.0261651	0.0932812	0.0539801	0.0126742	0.0390126	-0.00826953	0.0668029	0.162476	0.0682336	NA	NA
rs7574800	0.254352	0.0746045	0.0720073	0.0262002	0.0638439	0.0533095	-0.000604219	0.0390927	-0.0389861	0.0664285	0.149058	0.0681705	NA	NA
rs1095557	0.0367329	0.0594709	0.0205337	0.0401587	0.109534	0.0788228	0.10907	0.0601602	-0.0626683	0.1046	0.0763429	0.102585	NA	NA
rs1095558	-0.0549108	0.167301	-0.0671807	0.0295174	0.0127004	0.0607096	0.0358784	0.0419335	0.0803012	0.0756051	-0.151232	0.0781058	0.0282676	0.027335
rs115089805	0.0760962	0.162866	NA	NA	NA	NA	NA	NA	NA	NA	NA	NA	0.162315	0.0470526
rs6736248	0.265213	0.0851333	0.07842	0.0269698	0.06304	0.0551829	-0.00246914	0.0395632	-0.0536021	0.0669217	0.197902	0.0702086	NA	NA
rs7562093	0.438718	0.19934	-0.0383685	0.101648	-0.254707	0.178442	-0.202806	0.185735	0.0111338	0.241085	-0.280628	0.246551	NA	NA
rs112530493	-0.487289	0.181657	NA	NA	NA	NA	NA	NA	NA	NA	NA	NA	0.00890481	0.0355124
rs61547788	0.254501	0.0745978	0.072121	0.0262064	0.064199	0.0533286	-0.00059648	0.0390949	-0.0387292	0.0664318	0.149111	0.0681917	NA	NA
rs114194384	0.438712	0.199336	-0.0375219	0.101977	-0.253303	0.179148	-0.202652	0.185853	0.0150769	0.242043	-0.284318	0.248174	-0.208501	0.0399611
rs62149926	-0.0499651	0.113452	0.0618545	0.0460216	-0.0307468	0.098699	0.102613	0.0665055	-0.0157463	0.0971123	-0.00180945	0.10133	0.0170321	0.0256833
rs116409418	0.29698	0.172258	NA	NA	NA	NA	NA	NA	NA	NA	NA	NA	-0.140579	0.0361973
rs826699	-0.119923	0.0692864	-0.0329169	0.0264059	0.00129866	0.0545265	0.0635772	0.0371168	0.0467709	0.0676585	-0.127942	0.0694782	NA	NA
rs56826635	-0.00924399	0.249202	NA	NA	NA	NA	NA	NA	NA	NA	NA	NA	-0.00487983	0.0517642
rs2438267	0.284473	0.0734371	NA	NA	NA	NA	-0.00277679	0.0390936	-0.0411233	0.066519	0.147488	0.0683186	NA	NA
rs111580721	-0.487289	0.181657	NA	NA	NA	NA	NA	NA	NA	NA	NA	NA	0.00890481	0.0355124
rs115590602	0.113601	0.157659	0.121636	0.100104	0.406668	0.208022	0.134553	0.124236	0.447573	0.251856	0.161429	0.246037	0.149715	0.0392994
rs4012003	0.254798	0.0746384	0.0723736	0.0262881	0.0650382	0.0531683	-0.000231755	0.0391852	-0.0390123	0.0664507	0.148986	0.0681954	-0.0998482	0.0166705
rs74449419	0.26288	0.0758404	NA	NA	NA	NA	NA	NA	NA	NA	NA	NA	NA	NA
rs62149957	0.276459	0.089133	0.078435	0.0269722	0.0630441	0.0551877	-0.00246041	0.0395681	-0.0535263	0.0669284	0.197949	0.0702134	-0.0542666	0.0183627
rs115754728	0.142895	0.143385	NA	NA	NA	NA	0.134556	0.124227	0.447537	0.251858	0.161408	0.246014	0.15183	0.034233
rs2244097	0.0948253	0.0630335	NA	NA	NA	NA	0.0118239	0.0601168	0.00648433	0.102657	0.160311	0.104249	NA	NA
rs58564286	0.197689	0.0726595	0.0717709	0.0262416	0.0635843	0.0533581	-0.00105813	0.0391556	-0.0397464	0.0666439	0.150556	0.0683952	NA	NA
rs12472770	0.264717	0.0846066	0.0781402	0.0270034	0.0625877	0.0552274	-0.00297072	0.039609	-0.0520434	0.0671244	0.201169	0.0704338	NA	NA
rs826676	-0.00250749	0.167368	NA	NA	NA	NA	NA	NA	NA	NA	NA	NA	NA	NA
rs113511868	0.0752371	0.155628	NA	NA	NA	NA	0.119757	0.122186	0.458424	0.258714	0.149931	0.255916	0.156753	0.038417
rs826677	-0.0442844	0.0587	-0.0311253	0.0266286	-0.00138894	0.0549038	0.0626289	0.0374195	0.0470037	0.0676786	-0.129897	0.06944	NA	NA
rs12619855	0.264717	0.0846066	0.0784643	0.0269711	0.0629463	0.0551934	-0.00243784	0.0395635	-0.051964	0.0671249	0.200386	0.0704109	NA	NA
rs3178265	0.107374	0.1282	-0.00947007	0.0597499	0.0213679	0.10953	0.00978838	0.0924994	0.0551967	0.14679	-0.171733	0.148742	-0.186917	0.0339568
rs41280576	0.100105	0.160609	0.110875	0.0989415	0.41012	0.204147	0.135524	0.122485	0.466913	0.258192	0.165154	0.255255	0.17433	0.0427277
rs4234104	0.264779	0.0846251	NA	NA	NA	NA	NA	NA	NA	NA	NA	NA	NA	NA
rs57893352	-0.360652	0.208697	NA	NA	NA	NA	NA	NA	NA	NA	NA	NA	-0.0533599	0.0587092
rs826678	-0.0420513	0.058589	-0.0331872	0.0264153	0.00135745	0.0545652	0.0633262	0.0371248	0.0458111	0.0678443	-0.129472	0.0696367	0.0366863	0.0140137
rs114773792	0.0414829	0.0872305	NA	NA	NA	NA	NA	NA	NA	NA	NA	NA	NA	NA
rs6721527	0.278515	0.0967674	NA	NA	NA	NA	-0.00623679	0.0417305	-0.056297	0.0671531	0.197026	0.0705097	NA	NA
rs58307938	-0.360652	0.208697	NA	NA	NA	NA	NA	NA	NA	NA	NA	NA	NA	NA
rs6750452	0.211452	0.0692011	0.0845541	0.0273593	0.0969009	0.0561863	0.00906866	0.0408353	-0.00904637	0.0670891	0.163482	0.0685996	NA	NA
rs62151368	-0.0546133	0.108906	0.0616638	0.0460026	-0.0343835	0.098708	0.0999555	0.0664954	-0.0121806	0.09748	-0.00731383	0.10164	0.0170321	0.0256833
rs62151369	0.177154	0.0723592	0.0830447	0.028308	0.0655594	0.0578468	-0.0062614	0.0416301	-0.0477533	0.0670654	0.198591	0.0704	NA	NA
rs826679	-0.04462	0.0592621	-0.033194	0.0264002	0.00219333	0.0545262	0.0636606	0.0370808	0.04464	0.0679875	-0.133357	0.0696842	0.0367859	0.0140243
rs12053417	0.246398	0.086582	NA	NA	NA	NA	-0.00577852	0.0419242	-0.0503028	0.0682414	0.203029	0.0712479	NA	NA
rs114067412	-0.146728	0.0744086	NA	NA	NA	NA	NA	NA	NA	NA	NA	NA	NA	NA
rs826680	-0.154143	0.0726728	-0.0330277	0.026394	0.00261816	0.0544974	0.0638959	0.0370623	0.0600462	0.0681398	-0.123384	0.0700888	NA	NA
rs74347336	0.385851	0.199683	NA	NA	NA	NA	NA	NA	NA	NA	NA	NA	NA	NA
rs13418636	-0.0322893	0.21008	0.000855167	0.0822419	0.215571	0.157357	0.0805212	0.115925	0.0767522	0.178541	-0.1011	0.179224	-0.125256	0.0642348
rs7597586	0.123043	0.0667518	0.0429897	0.0276726	0.0517071	0.0567723	-0.0306635	0.0406868	-0.0709769	0.0667742	0.160243	0.0686048	-0.051618	0.0151471
rs77041714	0.246346	0.0865194	0.0830738	0.0282852	0.0654871	0.0578363	-0.00585021	0.0415958	-0.0519715	0.0671354	0.200391	0.0704222	NA	NA
rs13396692	-0.172778	0.119989	-0.00233453	0.082629	0.21943	0.157734	0.0911478	0.116396	0.0940957	0.178872	-0.120088	0.179976	0.0170066	0.0261845
rs826684	0.0541304	0.0603445	0.0162663	0.0434824	0.121899	0.0849412	0.121058	0.0661612	-0.0658954	0.105468	0.0748724	0.103465	NA	NA
rs2912862	-0.235416	0.192649	NA	NA	NA	NA	NA	NA	NA	NA	NA	NA	NA	NA
rs67355424	-0.0915031	0.0655435	NA	NA	NA	NA	NA	NA	NA	NA	NA	NA	NA	NA
rs2433829	0.090092	0.155765	NA	NA	NA	NA	0.147329	0.135769	0.467989	0.258167	0.168556	0.25523	0.149715	0.0392994
rs1365921	0.298194	0.147061	NA	NA	NA	NA	NA	NA	NA	NA	NA	NA	NA	NA
rs62151377	-0.039636	0.0815435	NA	NA	NA	NA	0.113712	0.0607686	0.0513909	0.092928	0.0147393	0.0956731	0.060133	0.0201907
rs116271373	-0.451065	0.176132	NA	NA	NA	NA	NA	NA	NA	NA	NA	NA	0.00641863	0.0357211
rs1986302	-0.0458372	0.168348	-0.0680302	0.0296946	0.015703	0.0610579	0.0378436	0.0422086	0.0765182	0.0760367	-0.150572	0.0785705	0.0282676	0.027335
rs1986301	-0.451065	0.176132	NA	NA	NA	NA	NA	NA	NA	NA	NA	NA	0.00641863	0.0357211
rs115087391	-0.0301269	0.211937	0.000855167	0.0822419	0.215571	0.157357	0.0805212	0.115925	0.0767522	0.178541	-0.1011	0.179224	NA	NA
rs11687820	-0.102098	0.0655453	-0.0327043	0.0263365	0.00181686	0.0543741	0.0636266	0.0369985	0.0471662	0.067946	-0.128049	0.0697743	NA	NA
rs4676205	0.0612519	0.0605211	NA	NA	NA	NA	0.112177	0.065229	-0.0792157	0.105069	0.0615877	0.10308	NA	NA
rs57034659	0.24632	0.086529	NA	NA	NA	NA	NA	NA	NA	NA	NA	NA	NA	NA
rs12617542	0.232792	0.0863524	NA	NA	NA	NA	-0.00585159	0.0416132	-0.0519751	0.0671617	0.200291	0.0704525	NA	NA
rs59234056	-0.337742	0.204488	NA	NA	NA	NA	NA	NA	NA	NA	NA	NA	NA	NA
rs74829090	0.246538	0.0866451	NA	NA	NA	NA	NA	NA	NA	NA	NA	NA	NA	NA
rs7584953	0.0543693	0.0603525	0.0167346	0.0433815	0.120306	0.0848053	0.121189	0.0659623	-0.0628275	0.104908	0.0773436	0.102949	NA	NA
rs7584964	0.0910527	0.084113	NA	NA	NA	NA	NA	NA	NA	NA	NA	NA	0.0525475	0.020182
rs113162483	0.0826173	0.158272	0.126093	0.108852	0.439591	0.221091	0.147433	0.135768	0.455871	0.258273	0.160645	0.255208	0.16698	0.0420186
rs11691112	-0.0447714	0.0592688	-0.0326891	0.0263428	0.00168076	0.0543975	0.0637352	0.0370126	0.0477757	0.0679659	-0.127853	0.0698009	NA	NA
rs62151380	0.246346	0.0865194	0.0830958	0.0282877	0.0656354	0.0578424	-0.00585772	0.041601	-0.0520251	0.0671441	0.200269	0.0704333	NA	NA
rs62151382	0.262049	0.0873102	0.0831245	0.028297	0.0656841	0.0578505	-0.00590487	0.0416197	-0.0560933	0.0670442	0.197334	0.0703829	NA	NA
rs2378208	-0.451065	0.176132	NA	NA	NA	NA	NA	NA	NA	NA	NA	NA	0.00641863	0.0357211
rs3863928	0.262068	0.0873102	NA	NA	NA	NA	-0.00553028	0.0416754	-0.0563237	0.0671276	0.197138	0.0704659	NA	NA
rs13387901	-0.0322893	0.21008	0.000855167	0.0822419	0.215571	0.157357	0.0805212	0.115925	0.0767522	0.178541	-0.1011	0.179224	-0.125256	0.0642348
rs116492055	0.0817913	0.158386	0.125949	0.108835	0.441589	0.221048	0.147096	0.135751	0.455574	0.25822	0.158208	0.255161	0.164116	0.0416604
rs12998958	-0.111277	0.0658578	-0.0327215	0.0263358	0.00193505	0.0543756	0.063584	0.0369961	0.0480305	0.0679666	-0.127884	0.0698004	0.0135331	0.0153198
rs11892981	-0.336907	0.204339	NA	NA	NA	NA	NA	NA	NA	NA	NA	NA	-0.0448059	0.0577257
rs116354553	-0.451065	0.176132	NA	NA	NA	NA	NA	NA	NA	NA	NA	NA	NA	NA
rs11123711	0.248353	0.075176	0.0760374	0.0273622	0.0676397	0.0558144	-0.00435491	0.04092	-0.0396887	0.0666499	0.149731	0.0683942	-0.0998482	0.0166705
rs2378210	-0.451065	0.176132	NA	NA	NA	NA	NA	NA	NA	NA	NA	NA	NA	NA
rs70956269	-0.158431	0.0733006	NA	NA	NA	NA	NA	NA	NA	NA	NA	NA	NA	NA
rs58889267	0.123456	0.0667561	NA	NA	NA	NA	-0.0307355	0.0406936	-0.0717153	0.0668216	0.159685	0.0686495	NA	NA
rs61151045	0.256516	0.0748641	NA	NA	NA	NA	-0.00972024	0.0413275	-0.0395369	0.0666945	0.150022	0.068463	NA	NA
rs59337195	0.237621	0.0728245	NA	NA	NA	NA	-0.0131671	0.0423586	-0.0427914	0.0676042	0.151888	0.0690718	NA	NA
rs6734945	0.0543281	0.0603549	0.0148906	0.0427529	0.123565	0.0833461	0.116735	0.064436	-0.017157	0.103475	0.0652335	0.101968	NA	NA
rs1365922	0.0537751	0.0604275	0.0167267	0.0433834	0.120325	0.0848109	0.121201	0.0659641	-0.0628621	0.104907	0.0773255	0.102949	NA	NA
rs115184006	-0.15968	0.149272	NA	NA	NA	NA	NA	NA	NA	NA	NA	NA	0.0717018	0.0515984
rs826588	-0.102497	0.0655607	-0.0327106	0.0263358	0.00192973	0.054375	0.0636008	0.0369959	0.0480312	0.0679641	-0.127876	0.0697978	0.0135331	0.0153198
rs11903858	-0.29547	0.203077	NA	NA	NA	NA	NA	NA	NA	NA	NA	NA	-0.0377918	0.0638102
rs78160406	0.0826173	0.158272	0.126108	0.10886	0.44005	0.221105	0.147242	0.135778	0.455636	0.258284	0.160756	0.255218	0.16698	0.0420186
rs826590	-0.102354	0.0652144	-0.0320915	0.0258972	0.00221528	0.0534251	0.0623683	0.0363714	0.0480461	0.0679646	-0.12787	0.0697984	0.0135331	0.0153198
rs113933190	-0.336756	0.204312	NA	NA	NA	NA	NA	NA	NA	NA	NA	NA	-0.0448059	0.0577257
rs826591	0.125254	0.283554	NA	NA	NA	NA	NA	NA	NA	NA	NA	NA	NA	NA
rs115925898	0.28958	0.144433	NA	NA	NA	NA	NA	NA	NA	NA	NA	NA	NA	NA
rs17036617	0.417103	0.18892	-0.026615	0.111591	-0.258544	0.197466	-0.202139	0.197498	0.0100071	0.241531	-0.281432	0.247014	-0.208501	0.0399611
rs700879	-0.155355	0.0731984	-0.032726	0.0263415	0.00192776	0.0543811	0.0635975	0.0370079	0.0609422	0.0681596	-0.122302	0.0701271	0.0138125	0.0157383
rs930038	0.122834	0.0667776	0.0429961	0.0276706	0.0517173	0.0567683	-0.0306911	0.040684	-0.0717724	0.0668021	0.159813	0.0686325	-0.051619	0.015119
rs115040693	0.128759	0.14103	0.126071	0.108853	0.440031	0.22108	0.147275	0.135768	0.455397	0.258223	0.160632	0.255162	NA	NA
rs114755523	-0.0311986	0.209792	NA	NA	NA	NA	NA	NA	NA	NA	NA	NA	NA	NA
rs700878	-0.102523	0.0656188	-0.0327106	0.0263358	0.00192973	0.054375	0.0636008	0.0369959	0.0480461	0.0679646	-0.12787	0.0697984	0.0135331	0.0153198
rs11902040	-0.336363	0.204089	NA	NA	NA	NA	NA	NA	NA	NA	NA	NA	-0.0448059	0.0577257
rs11896716	-0.33759	0.204461	NA	NA	NA	NA	NA	NA	NA	NA	NA	NA	NA	NA
rs111757006	-0.336756	0.204312	NA	NA	NA	NA	NA	NA	NA	NA	NA	NA	NA	NA
rs826592	-0.110732	0.0659147	-0.0327215	0.0263358	0.00193505	0.0543756	0.063584	0.0369961	0.0480454	0.0679671	-0.127879	0.069801	NA	NA
rs13430445	-0.0311986	0.209792	0.000855167	0.0822419	0.215571	0.157357	0.0805212	0.115925	0.0767522	0.178541	-0.1011	0.179224	-0.125256	0.0642348
rs114603388	-0.0690952	0.065081	NA	NA	NA	NA	NA	NA	NA	NA	NA	NA	NA	NA
rs11123712	0.0525747	0.0606352	NA	NA	NA	NA	NA	NA	NA	NA	NA	NA	NA	NA
rs865444	-0.0984096	0.0668176	NA	NA	NA	NA	0.0639182	0.0370951	0.0477867	0.0680751	-0.128332	0.0699071	0.013977	0.0153134
rs57393651	-0.0159488	0.0693108	NA	NA	NA	NA	-0.219406	0.116773	-0.30163	0.204652	0.0834191	0.216248	0.065566	0.0161016
rs58275265	-0.477431	0.287539	NA	NA	NA	NA	NA	NA	NA	NA	NA	NA	NA	NA
rs826584	0.0546829	0.0603352	NA	NA	NA	NA	0.112014	0.0660419	-0.0660365	0.104555	0.0766462	0.102665	NA	NA
rs60798210	-0.336198	0.20578	NA	NA	NA	NA	NA	NA	NA	NA	NA	NA	NA	NA
rs826586	0.054689	0.0603356	0.0167422	0.0433863	0.120357	0.0848124	0.121152	0.0659757	-0.0628275	0.104908	0.0773436	0.102949	NA	NA
rs113720727	-0.33579	0.205706	NA	NA	NA	NA	NA	NA	NA	NA	NA	NA	NA	NA
rs826587	-0.110937	0.0659295	-0.0320295	0.0264289	0.00526759	0.054665	0.0645336	0.0370745	0.0443176	0.0678625	-0.134396	0.069801	NA	NA
rs114947918	-0.335999	0.20567	NA	NA	NA	NA	NA	NA	NA	NA	NA	NA	NA	NA
rs11897581	-0.33579	0.205706	NA	NA	NA	NA	NA	NA	NA	NA	NA	NA	NA	NA
rs13415333	-0.22775	0.110124	NA	NA	NA	NA	NA	NA	NA	NA	NA	NA	NA	NA
rs10195379	0.219529	0.0794409	0.0766191	0.0273921	0.0692791	0.0559008	-0.0042317	0.0409285	-0.0370542	0.0666478	0.150294	0.0685037	NA	NA
rs12613513	0.0524412	0.0606116	0.0172019	0.043413	0.122334	0.0848659	0.121333	0.066	-0.0596469	0.105018	0.0772797	0.103098	NA	NA
rs60808895	0.38062	0.200333	NA	NA	NA	NA	NA	NA	NA	NA	NA	NA	0.0342647	0.0411375
rs10198849	0.20644	0.076427	0.078817	0.0275328	0.0687058	0.0563703	0.00851815	0.0410206	-0.0356012	0.0667553	0.152408	0.0686446	-0.0903096	0.0161712
rs11689934	0.445161	0.285135	0.0555627	0.0494025	-0.0618561	0.104203	0.0908558	0.071493	-0.00823255	0.100955	-0.0161111	0.105574	-0.00542606	0.0575599
rs10211361	0.196741	0.0764493	0.0769921	0.0274527	0.0693405	0.056021	-0.0040366	0.0410177	-0.0387371	0.0667147	0.152347	0.0685623	NA	NA
rs115024778	0.087584	0.156245	0.125912	0.108828	0.44157	0.221023	0.147129	0.135741	0.455379	0.25819	0.158106	0.255133	NA	NA
rs10202224	-0.162485	0.0752398	NA	NA	NA	NA	NA	NA	NA	NA	NA	NA	NA	NA
rs59038554	0.193347	0.0724539	NA	NA	NA	NA	NA	NA	NA	NA	NA	NA	NA	NA
rs116665055	0.124283	0.142162	NA	NA	NA	NA	NA	NA	NA	NA	NA	NA	NA	NA
rs112647042	0.0237792	0.0720651	NA	NA	NA	NA	NA	NA	NA	NA	NA	NA	NA	NA
rs6712637	0.112758	0.0598569	NA	NA	NA	NA	NA	NA	NA	NA	NA	NA	NA	NA
rs11340473	0.147126	0.0640758	NA	NA	NA	NA	-0.00448416	0.0431817	0.00984253	0.0740708	0.156759	0.0771014	NA	NA
rs116481684	-0.0228163	0.205719	0.000652442	0.0822469	0.215571	0.157364	0.0803286	0.115938	0.0793331	0.178568	-0.10195	0.179238	-0.125256	0.0642348
rs7606621	-0.0963421	0.0593126	-0.0709734	0.0262058	-0.0399473	0.0541362	0.0310814	0.0376344	-0.0152004	0.0683503	-0.135589	0.070162	NA	NA
rs7606722	0.0344495	0.0583708	0.0167053	0.0433911	0.122244	0.0848156	0.120747	0.0659917	-0.0607372	0.104987	0.0775547	0.103041	NA	NA
rs116254152	-0.315317	0.208468	NA	NA	NA	NA	NA	NA	NA	NA	NA	NA	-0.0173896	0.0625471
rs6542775	0.197099	0.137455	-0.00832069	0.0653076	0.0309852	0.120616	0.00821708	0.100513	0.0584097	0.146946	-0.173114	0.148966	NA	NA
rs112589352	-0.00775544	0.0594204	-0.0214385	0.0437366	-0.124987	0.0854566	-0.116642	0.0668355	0.0610638	0.104042	-0.0709133	0.102247	NA	NA
rs6705022	0.455934	0.204361	NA	NA	NA	NA	NA	NA	NA	NA	NA	NA	NA	NA
rs10165362	-0.023097	0.205683	-0.0164999	0.0818739	0.214408	0.157407	0.0966986	0.115058	0.0711665	0.178532	-0.106042	0.179367	NA	NA
rs114290120	0.455934	0.204361	NA	NA	NA	NA	NA	NA	NA	NA	NA	NA	NA	NA
rs114845388	-0.315317	0.208468	NA	NA	NA	NA	NA	NA	NA	NA	NA	NA	-0.0173896	0.0625471
rs11887708	0.176676	0.0663754	0.0331075	0.0271433	-0.00312034	0.0560935	-0.0649858	0.0381405	-0.0490624	0.0681273	0.132797	0.0699096	NA	NA
rs115928907	0.124283	0.142162	0.1262	0.108825	0.441616	0.221005	0.147185	0.135737	0.454906	0.258219	0.158173	0.255156	0.147799	0.0338959
rs6716426	0.239576	0.0908205	0.0834351	0.0283297	0.0654203	0.0579267	-0.00593212	0.0416679	-0.0572519	0.0670002	0.199714	0.0703413	NA	NA
rs11904161	-0.0320208	0.0582301	-0.0166168	0.0440478	-0.126466	0.0857309	-0.124669	0.0673873	0.0643332	0.104423	-0.0701413	0.102591	0.0278255	0.0137902
rs77471983	-0.217917	0.13244	NA	NA	NA	NA	NA	NA	NA	NA	NA	NA	0.0397132	0.0277687
rs79061302	-0.315317	0.208468	NA	NA	NA	NA	NA	NA	NA	NA	NA	NA	-0.0173896	0.0625471
rs6745534	0.119989	0.0694707	0.0331024	0.0271428	-0.00309067	0.0560909	-0.0649777	0.0381398	-0.049043	0.0681219	0.132838	0.069904	NA	NA
rs116653504	0.0674316	0.0800713	0.0388184	0.0697601	-0.00535093	0.134213	-0.300064	0.113165	0.331159	0.150993	-0.105707	0.160011	-0.0224497	0.0287248
rs113784609	0.0525402	0.131915	NA	NA	NA	NA	NA	NA	NA	NA	NA	NA	-0.0538629	0.0590902
rs28815552	0.04584	0.0604883	0.0330862	0.0271518	-0.0028896	0.0561219	-0.0650707	0.0381576	-0.0493308	0.0681572	0.133542	0.0699256	NA	NA
rs114704824	0.0782408	0.15874	0.125949	0.108835	0.441589	0.221048	0.147096	0.135751	0.455574	0.25822	0.158208	0.255161	NA	NA
rs4676040	0.221704	0.07286	0.074722	0.0274758	0.0676795	0.055965	-0.00188177	0.0410497	-0.0416278	0.0667325	0.151439	0.0684841	NA	NA
rs6724559	0.0742948	0.0840551	NA	NA	NA	NA	NA	NA	NA	NA	NA	NA	0.0514839	0.0202858
rs6753425	0.0743758	0.0840501	NA	NA	NA	NA	NA	NA	NA	NA	NA	NA	0.0514839	0.0202858
rs7575335	0.112965	0.0687581	0.0330268	0.0271803	-0.00432623	0.0561743	-0.0651811	0.0381719	-0.0492585	0.068184	0.13111	0.0699743	NA	NA
rs78048189	-0.0201842	0.204016	-0.0164999	0.0818739	0.214408	0.157407	0.0966986	0.115058	0.0711665	0.178532	-0.106042	0.179367	-0.112152	0.0629507
rs114390572	0.3575	0.182336	NA	NA	NA	NA	NA	NA	NA	NA	NA	NA	NA	NA
rs7569634	-0.0497483	0.0604661	-0.0167737	0.044059	-0.125102	0.0857506	-0.125128	0.0673992	0.0649469	0.10441	-0.0697581	0.102571	0.00540846	0.0149849
rs6732428	0.196217	0.0608781	0.0809322	0.0282077	0.0425281	0.0574961	-0.014505	0.0416027	-0.0510089	0.0661635	0.167014	0.0683508	NA	NA
rs72833182	-0.199994	0.106501	-0.0534792	0.058716	-0.209667	0.114846	-0.0193401	0.0918871	-0.182763	0.148134	-0.0406176	0.139217	-0.00911658	0.0304658
rs11675104	-0.158482	0.0740704	-0.0437069	0.0464606	-0.170951	0.0964299	-0.00342887	0.0676595	-0.158298	0.0943858	-0.0314604	0.0980938	-0.000245892	0.0179933
rs4442955	-0.0428245	0.0642346	NA	NA	NA	NA	-0.0480632	0.0448697	0.0739867	0.0751363	0.110163	0.0785159	NA	NA
rs4584989	0.0199394	0.108329	0.0132877	0.038831	-0.149486	0.074163	-0.0796941	0.0551115	-0.00233558	0.0933504	0.128781	0.0968026	NA	NA
rs112989467	-0.0581102	0.129426	NA	NA	NA	NA	NA	NA	NA	NA	NA	NA	NA	NA
rs111797103	0.143369	0.150502	NA	NA	NA	NA	NA	NA	NA	NA	NA	NA	-0.0258373	0.045077
rs114995888	0.0353288	0.10661	NA	NA	NA	NA	NA	NA	NA	NA	NA	NA	0.0657222	0.0262126
rs10183403	0.0460035	0.0569592	0.0588315	0.0319027	0.032961	0.0633921	-0.0476705	0.0461738	0.117717	0.0749645	0.0951191	0.0782906	NA	NA
rs10197130	0.0178759	0.0901551	0.0278178	0.0386576	-0.0967394	0.0724841	-0.0699238	0.0553146	0.0226663	0.0921153	0.134889	0.0981077	NA	NA
rs116255616	0.443607	0.199915	NA	NA	NA	NA	NA	NA	NA	NA	NA	NA	NA	NA
rs112106083	0.143347	0.150521	NA	NA	NA	NA	NA	NA	NA	NA	NA	NA	-0.00499076	0.0446799
rs79572196	0.310993	0.162159	NA	NA	NA	NA	NA	NA	NA	NA	NA	NA	-0.146704	0.0351867
rs80316295	-0.418736	0.169401	NA	NA	NA	NA	NA	NA	NA	NA	NA	NA	0.0185702	0.0353044
rs72833183	0.0931215	0.0758288	0.0398216	0.0482658	-0.129837	0.106068	0.107366	0.0685643	-0.0243703	0.106317	0.00557501	0.110131	0.0375852	0.0196003
rs28550469	-0.302115	0.287348	NA	NA	NA	NA	NA	NA	NA	NA	NA	NA	NA	NA
rs111493490	-0.418736	0.169401	NA	NA	NA	NA	NA	NA	NA	NA	NA	NA	0.0185702	0.0353044
rs72833184	0.0835258	0.0742923	0.0280918	0.0487569	-0.159454	0.107734	0.102809	0.0695463	-0.059194	0.106637	0.0233061	0.109491	NA	NA
rs10177652	0.0181707	0.0905181	0.0972726	0.0373401	-0.0317797	0.0705767	0.0100191	0.0549596	0.13723	0.0790462	0.0820402	0.0849332	NA	NA
rs13399372	-0.0886366	0.0781761	NA	NA	NA	NA	NA	NA	NA	NA	NA	NA	-0.00832066	0.0181615
rs1589912	0.0255117	0.0562675	0.0588258	0.032166	0.0238498	0.0636557	-0.0411207	0.0466406	0.143981	0.0703205	0.0550195	0.0736146	NA	NA
rs61062426	0.072465	0.186753	0.0351757	0.0411367	-0.113218	0.0793508	-0.0531479	0.0595982	0.0610407	0.0866085	0.0837053	0.0913088	NA	NA
rs59268433	-0.189309	0.244791	NA	NA	NA	NA	NA	NA	NA	NA	NA	NA	NA	NA
rs113385224	0.0412159	0.0860136	NA	NA	NA	NA	NA	NA	NA	NA	NA	NA	NA	NA
rs72950728	-0.125189	0.0753428	NA	NA	NA	NA	NA	NA	NA	NA	NA	NA	-0.0114127	0.0179461
rs116736460	-0.0290895	0.189227	NA	NA	NA	NA	NA	NA	NA	NA	NA	NA	0.204768	0.0522541
rs79779175	-0.21197	0.237634	NA	NA	NA	NA	NA	NA	NA	NA	NA	NA	0.0888722	0.0502368
rs13004048	-0.396091	0.335187	-0.010013	0.0376284	0.00747535	0.0781871	0.00532362	0.0537679	0.0514294	0.0924907	0.0133147	0.0978142	0.0284636	0.0312028
rs3108314	-0.0145509	0.0912623	-0.0320859	0.0381384	0.0946755	0.0712995	0.0627235	0.0546167	-0.0504111	0.082903	-0.0739556	0.0879515	NA	NA
rs13405146	-0.124664	0.0753781	NA	NA	NA	NA	NA	NA	NA	NA	NA	NA	-0.0124677	0.0178644
rs113336263	-0.419077	0.169177	NA	NA	NA	NA	NA	NA	NA	NA	NA	NA	0.0208624	0.0351025
rs114345095	0.0916761	0.309151	NA	NA	NA	NA	NA	NA	NA	NA	NA	NA	NA	NA
rs11894537	-0.337161	0.219437	NA	NA	NA	NA	NA	NA	NA	NA	NA	NA	NA	NA
rs115530215	0.244585	0.118221	NA	NA	NA	NA	NA	NA	NA	NA	NA	NA	NA	NA
rs75000146	0.0276864	0.0875655	NA	NA	NA	NA	NA	NA	NA	NA	NA	NA	NA	NA
rs57586154	0.0771785	0.0782977	NA	NA	NA	NA	NA	NA	NA	NA	NA	NA	-0.0398943	0.0183977
rs114328162	-0.0300452	0.0995582	NA	NA	NA	NA	NA	NA	NA	NA	NA	NA	NA	NA
rs12622025	0.0985943	0.142168	NA	NA	NA	NA	NA	NA	NA	NA	NA	NA	NA	NA
rs13025158	0.120934	0.0588699	-0.000572409	0.0332827	0.0315615	0.065164	0.0732136	0.0470168	-0.0480028	0.0714561	-0.0265112	0.0742654	0.0179376	0.0144319
rs1724189	0.0957521	0.0616049	-0.00044917	0.0332586	0.0316433	0.0651409	0.07253	0.0469745	-0.0481544	0.0715141	-0.0268975	0.0743323	NA	NA
rs55854951	-0.0208282	0.197561	NA	NA	NA	NA	0.0583623	0.0583195	-0.0641774	0.0871298	-0.0728478	0.0919908	-0.00884236	0.0338568
rs112207613	-0.0960552	0.0761703	NA	NA	NA	NA	NA	NA	NA	NA	NA	NA	-0.0159869	0.0185811
rs55890101	0.120934	0.0588699	NA	NA	NA	NA	0.0732136	0.0470168	-0.0480028	0.0714561	-0.0265112	0.0742654	0.0175032	0.0144546
rs13430649	-0.135873	0.0833825	NA	NA	NA	NA	NA	NA	NA	NA	NA	NA	NA	NA
rs9798210	0.171995	0.0628494	NA	NA	NA	NA	0.0606777	0.0551807	-0.059912	0.0788544	-0.0828216	0.0818423	NA	NA
rs13405612	-0.161817	0.102344	NA	NA	NA	NA	NA	NA	NA	NA	NA	NA	-0.0194674	0.0255002
rs113083072	0.155926	0.149271	NA	NA	NA	NA	NA	NA	NA	NA	NA	NA	-0.0128915	0.0421569
rs78316208	-0.12767	0.106931	NA	NA	NA	NA	NA	NA	NA	NA	NA	NA	NA	NA
rs111893794	0.105778	0.096229	NA	NA	NA	NA	NA	NA	NA	NA	NA	NA	0.0551272	0.0247241
rs1095551	0.120934	0.0588699	-0.000376497	0.0332829	0.0318188	0.0651709	0.0738997	0.0469993	-0.0483262	0.0714136	-0.026449	0.0742289	0.0179376	0.0144319
rs826544	0.132515	0.305356	NA	NA	NA	NA	NA	NA	NA	NA	NA	NA	NA	NA
rs7598594	0.41672	0.198082	NA	NA	NA	NA	NA	NA	NA	NA	NA	NA	NA	NA
rs114088015	0.255317	0.163234	NA	NA	NA	NA	NA	NA	NA	NA	NA	NA	-0.0522162	0.0294505
rs13409672	-0.0782454	0.0746451	NA	NA	NA	NA	NA	NA	NA	NA	NA	NA	-0.0134041	0.018007
rs844113	-0.0967095	0.0619008	-0.00249177	0.0339647	-0.0347071	0.066645	-0.0726757	0.0480311	0.0526911	0.0708267	0.0320583	0.0736318	NA	NA
rs9917286	-0.0782454	0.0746451	NA	NA	NA	NA	NA	NA	NA	NA	NA	NA	-0.0134041	0.018007
rs826543	0.120929	0.0588658	-0.000320711	0.0332819	0.0320385	0.0651751	0.0738024	0.0469953	-0.048368	0.0713958	-0.0264391	0.0742096	0.0179376	0.0144319
rs13413313	-0.161817	0.102344	NA	NA	NA	NA	NA	NA	NA	NA	NA	NA	-0.0194674	0.0255002
rs71381978	0.190655	0.061057	NA	NA	NA	NA	NA	NA	NA	NA	NA	NA	NA	NA
rs10195993	-0.0782454	0.0746451	NA	NA	NA	NA	NA	NA	NA	NA	NA	NA	-0.0134041	0.018007
rs10196362	-0.302394	0.140751	NA	NA	NA	NA	NA	NA	NA	NA	NA	NA	0.0428553	0.0313999
rs116428381	0.0528407	0.105273	0.0546294	0.0536194	-0.147752	0.118769	0.0653372	0.0762785	-0.00856042	0.106848	0.0542334	0.110244	0.029961	0.0325867
rs13390983	-0.0807115	0.0746992	NA	NA	NA	NA	NA	NA	NA	NA	NA	NA	-0.014103	0.0181174
rs826542	0.00391542	0.0618525	-0.0595582	0.0325699	-0.0320188	0.0638193	0.0205662	0.0472669	-0.121812	0.0705107	-0.0356331	0.0733902	0.00133459	0.0145983
rs826541	0.00367711	0.0618671	NA	NA	NA	NA	0.0205662	0.0472669	-0.121812	0.0705107	-0.0356331	0.0733902	0.00133459	0.0145983
rs7571784	-0.0679552	0.128846	NA	NA	NA	NA	NA	NA	NA	NA	NA	NA	-0.00700045	0.0313808
rs78952117	0.25736	0.163607	NA	NA	NA	NA	NA	NA	NA	NA	NA	NA	NA	NA
rs2462788	0.0628957	0.0549242	0.00440667	0.0335359	0.0294308	0.066136	0.0775214	0.0470241	-0.055018	0.0725347	-0.0323553	0.075333	0.00815511	0.0135083
rs113447280	-0.0600664	0.0785653	NA	NA	NA	NA	NA	NA	NA	NA	NA	NA	NA	NA
rs115128188	0.0628817	0.0667447	NA	NA	NA	NA	NA	NA	NA	NA	NA	NA	NA	NA
rs2912856	0.184068	0.0592387	NA	NA	NA	NA	0.0731195	0.0473003	-0.0461954	0.0711995	-0.0302512	0.074392	NA	NA
rs826540	0.183817	0.0592485	0.00188631	0.0328149	0.045646	0.0641285	0.0845561	0.0461082	-0.0410101	0.0716899	-0.0271821	0.0744203	0.0196372	0.0145046
rs826539	0.0691593	0.0850897	-0.0260379	0.0381964	0.0927157	0.0716125	0.0649023	0.0545833	-0.0584956	0.0816777	-0.0699805	0.0867013	0.00872102	0.018949
rs826538	0.183685	0.0592445	0.00102064	0.0333333	0.0317977	0.0652565	0.0737892	0.0471082	-0.0484965	0.0713012	-0.0260319	0.0741011	NA	NA
rs826537	0.184198	0.0590986	NA	NA	NA	NA	0.073801	0.0471075	-0.0485021	0.0713007	-0.026035	0.0741006	0.0197377	0.0144162
rs10202304	-0.134612	0.10195	NA	NA	NA	NA	NA	NA	NA	NA	NA	NA	-0.0172986	0.0255027
rs59221702	-0.237351	0.189554	NA	NA	NA	NA	NA	NA	NA	NA	NA	NA	-0.0651164	0.0458477
rs72417741	0.0727968	0.0655209	NA	NA	NA	NA	NA	NA	NA	NA	NA	NA	NA	NA
rs826536	0.0665489	0.0663395	NA	NA	NA	NA	0.0211293	0.0473541	-0.121618	0.0704344	-0.0348658	0.0732719	NA	NA
rs71381981	0.0663839	0.0663214	NA	NA	NA	NA	0.068734	0.0471854	-0.0570308	0.0717919	-0.0391988	0.0743076	NA	NA
rs1816214	-0.0996678	0.0607212	NA	NA	NA	NA	NA	NA	NA	NA	NA	NA	-0.0148394	0.014714
rs826535	0.0538708	0.0658541	NA	NA	NA	NA	0.0211719	0.0473479	-0.121612	0.0704298	-0.0348763	0.0732673	NA	NA
rs2378186	-0.217469	0.128386	NA	NA	NA	NA	NA	NA	NA	NA	NA	NA	0.0106006	0.0430743
rs2378187	-0.217469	0.128386	NA	NA	NA	NA	NA	NA	NA	NA	NA	NA	0.0106006	0.0430743
rs826534	0.0666643	0.0662956	NA	NA	NA	NA	0.0211639	0.0473536	-0.121621	0.0704338	-0.0348523	0.0732714	-0.000546009	0.0147265
rs1649341	0.0665488	0.066305	NA	NA	NA	NA	0.02122	0.0473607	-0.121559	0.0704462	-0.0349261	0.0732872	NA	NA
rs72833188	-0.298598	0.110151	-0.0587186	0.0598013	-0.195348	0.119441	-0.0516463	0.0940273	-0.143435	0.157342	-0.136022	0.15187	0.003724	0.025259
rs1618433	0.183685	0.0592445	0.00102064	0.0333333	0.0317977	0.0652565	0.0737892	0.0471082	-0.0484965	0.0713012	-0.0260319	0.0741011	0.0196372	0.0145046
rs1724188	0.183494	0.0596918	0.00103878	0.0333634	0.0317254	0.065295	0.073644	0.0471567	-0.0485247	0.0713155	-0.0261096	0.0741176	NA	NA
rs36012117	-0.376178	0.216007	NA	NA	NA	NA	NA	NA	NA	NA	NA	NA	-0.0686572	0.058469
rs13416247	-0.0823739	0.0783541	NA	NA	NA	NA	NA	NA	NA	NA	NA	NA	NA	NA
rs67520750	0.00287012	0.0609272	NA	NA	NA	NA	NA	NA	NA	NA	NA	NA	NA	NA
rs9917289	0.0680517	0.0660279	-0.0602874	0.0327093	-0.0326602	0.0640481	0.0231517	0.0475991	-0.118537	0.0705388	-0.0356757	0.0733702	-0.000188215	0.0146972
rs9917290	0.41672	0.198082	NA	NA	NA	NA	NA	NA	NA	NA	NA	NA	NA	NA
rs58060077	0.25736	0.163607	NA	NA	NA	NA	NA	NA	NA	NA	NA	NA	-0.059457	0.0301683
rs116265631	-0.134612	0.10195	NA	NA	NA	NA	NA	NA	NA	NA	NA	NA	-0.0199748	0.0253802
rs826533	0.162665	0.0617109	-0.00172539	0.0333656	0.0377469	0.0653012	0.0734015	0.0471287	-0.0563131	0.0710445	-0.0288243	0.0740808	NA	NA
rs115982724	-0.13567	0.102111	NA	NA	NA	NA	NA	NA	NA	NA	NA	NA	-0.0196801	0.0258428
rs826532	0.165486	0.0596263	-0.00185359	0.0333788	0.0376417	0.065307	0.0741689	0.0471571	-0.0561554	0.0709825	-0.0283698	0.0740073	NA	NA
rs826531	0.183685	0.0592445	-0.00186529	0.0333808	0.0376592	0.0653081	0.0741408	0.0471611	-0.0561554	0.0709825	-0.0283698	0.0740073	NA	NA
rs60702530	-0.0891935	0.0617216	NA	NA	NA	NA	NA	NA	NA	NA	NA	NA	NA	NA
rs826527	0.104142	0.0642593	NA	NA	NA	NA	0.0740644	0.0470657	-0.0636899	0.0712572	-0.0345447	0.0739564	NA	NA
rs2693132	0.257896	0.163603	NA	NA	NA	NA	NA	NA	NA	NA	NA	NA	NA	NA
rs10203569	-0.134612	0.10195	NA	NA	NA	NA	NA	NA	NA	NA	NA	NA	-0.0199748	0.0253802
rs826526	0.0666643	0.0662956	-0.0608123	0.0326449	-0.0267581	0.063911	0.0213365	0.0474044	-0.129016	0.0701861	-0.0371586	0.073199	-0.000546009	0.0147265
rs56408851	0.25736	0.163607	NA	NA	NA	NA	NA	NA	NA	NA	NA	NA	-0.059457	0.0301683
rs826525	0.0970315	0.0646826	-0.00397078	0.0332947	0.0338569	0.0653068	0.0740582	0.0470662	-0.0636899	0.0712572	-0.0345447	0.0739564	0.00291359	0.0145382
rs826524	0.162658	0.0617105	-0.00172539	0.0333656	0.0377469	0.0653012	0.0734015	0.0471287	-0.0563131	0.0710445	-0.0288243	0.0740808	0.0351196	0.0150846
rs75353515	0.291389	0.159751	NA	NA	NA	NA	NA	NA	NA	NA	NA	NA	NA	NA
rs10198015	-0.0481433	0.0957871	NA	NA	NA	NA	NA	NA	NA	NA	NA	NA	0.015767	0.023394
rs112927765	-0.103647	0.115879	NA	NA	NA	NA	NA	NA	NA	NA	NA	NA	0.0090802	0.0270899
rs7574679	0.184178	0.0594878	0.00197364	0.030693	0.0173901	0.0606765	0.0526612	0.0435618	-0.0561554	0.0709825	-0.0283698	0.0740073	0.0186209	0.0144986
rs7601270	0.184143	0.0594869	NA	NA	NA	NA	0.0526612	0.0435618	-0.0561554	0.0709825	-0.0283698	0.0740073	0.0186209	0.0144986
rs71381984	-0.0854442	0.212436	NA	NA	NA	NA	NA	NA	NA	NA	NA	NA	NA	NA
rs826579	0.184278	0.0591023	0.00197608	0.0306931	0.0173873	0.0606762	0.0526604	0.0435618	-0.0561554	0.0709825	-0.0283698	0.0740073	0.018733	0.0144101
rs73952512	0.25736	0.163607	NA	NA	NA	NA	NA	NA	NA	NA	NA	NA	-0.059457	0.0301683
rs116063862	-0.168093	0.108935	NA	NA	NA	NA	NA	NA	NA	NA	NA	NA	-0.00103619	0.0267466
rs826578	0.0666643	0.0662956	-0.0478999	0.0302516	-0.0370862	0.0595586	0.00775785	0.043926	-0.129016	0.0701861	-0.0371586	0.073199	NA	NA
rs826577	0.0666643	0.0662956	NA	NA	NA	NA	0.00775785	0.043926	-0.129016	0.0701861	-0.0371586	0.073199	-0.000546009	0.0147265
rs826576	0.068771	0.0852776	-0.0229647	0.0352725	0.059929	0.0671504	0.0360541	0.0509037	-0.0766062	0.0820308	-0.079699	0.0871729	0.00673523	0.0189643
rs6729215	0.421893	0.198213	NA	NA	NA	NA	NA	NA	NA	NA	NA	NA	NA	NA
rs826575	0.0694929	0.0856999	NA	NA	NA	NA	0.0394242	0.0499308	-0.0913576	0.0831881	-0.0629439	0.0885181	NA	NA
rs13382218	-0.0584705	0.0644376	NA	NA	NA	NA	NA	NA	NA	NA	NA	NA	-0.0114841	0.0157316
rs2949973	0.226889	0.0791134	NA	NA	NA	NA	NA	NA	NA	NA	NA	NA	0.0360197	0.0234651
rs826572	0.192658	0.0594387	NA	NA	NA	NA	0.0526604	0.0435618	-0.0561554	0.0709825	-0.0283698	0.0740073	NA	NA
rs826571	0.0623669	0.0660228	NA	NA	NA	NA	0.00775785	0.043926	-0.129016	0.0701861	-0.0371586	0.073199	-0.000546009	0.0147265
rs826570	0.192658	0.0594387	0.00197767	0.0306941	0.0173905	0.0606776	0.0526485	0.0435628	-0.05615	0.0709845	-0.0283767	0.0740095	0.0184739	0.0143048
rs116637277	0.0520769	0.125556	0.0440478	0.0515999	-0.154289	0.115441	0.057304	0.0724925	-0.0275277	0.107321	0.0494722	0.110861	0.0695999	0.0407591
rs114144396	-0.398062	0.189202	NA	NA	NA	NA	NA	NA	NA	NA	NA	NA	NA	NA
rs826569	0.193748	0.0591819	0.00197608	0.0306931	0.0173873	0.0606762	0.0526604	0.0435618	-0.0561554	0.0709825	-0.0283698	0.0740073	NA	NA
rs826568	0.192658	0.0594387	0.00197608	0.0306931	0.0173873	0.0606762	0.0526604	0.0435618	-0.0561554	0.0709825	-0.0283698	0.0740073	NA	NA
rs74661300	0.367762	0.190485	NA	NA	NA	NA	NA	NA	NA	NA	NA	NA	-0.0883035	0.0319886
rs9973850	-0.0825859	0.0749109	NA	NA	NA	NA	NA	NA	NA	NA	NA	NA	-0.0136463	0.0179628
rs826567	0.192658	0.0594387	0.00197608	0.0306931	0.0173873	0.0606762	0.0526604	0.0435618	-0.0561554	0.0709825	-0.0283698	0.0740073	0.0184739	0.0143048
rs13428171	-0.0858141	0.0770384	NA	NA	NA	NA	NA	NA	NA	NA	NA	NA	NA	NA
rs4012071	0.192658	0.0594387	NA	NA	NA	NA	0.0526604	0.0435618	-0.0561554	0.0709825	-0.0283698	0.0740073	0.0184739	0.0143048
rs826565	0.108901	0.0649125	NA	NA	NA	NA	0.0526298	0.0436011	-0.0636662	0.0712939	-0.0345942	0.0739923	0.00251512	0.0145633
rs112026683	0.153112	0.143569	NA	NA	NA	NA	NA	NA	NA	NA	NA	NA	-0.00586876	0.0428803
rs826564	0.194106	0.0593116	0.00202181	0.0306577	0.0171373	0.0606472	0.0523516	0.0435095	-0.0564066	0.0709552	-0.0282748	0.0739737	NA	NA
rs2059725	0.14143	0.101929	0.0533132	0.0290671	0.0689446	0.0573262	-0.00213208	0.0433527	0.174742	0.0698872	0.062226	0.0730969	NA	NA
rs13384443	-0.0945768	0.0595156	NA	NA	NA	NA	NA	NA	NA	NA	NA	NA	-0.0143541	0.0146829
rs826563	0.129138	0.0596076	0.00210428	0.0306498	0.0174477	0.0606309	0.0522799	0.0434943	-0.0564404	0.0709369	-0.0283999	0.0739578	NA	NA
rs28449246	0.407154	0.19826	NA	NA	NA	NA	NA	NA	NA	NA	NA	NA	NA	NA
rs28689561	0.407154	0.19826	NA	NA	NA	NA	NA	NA	NA	NA	NA	NA	NA	NA
rs114988570	-0.392239	0.154235	NA	NA	NA	NA	NA	NA	NA	NA	NA	NA	NA	NA
rs28544899	-0.134389	0.100602	NA	NA	NA	NA	NA	NA	NA	NA	NA	NA	-0.0172986	0.0255027
rs826561	0.194235	0.0593569	NA	NA	NA	NA	0.0522654	0.0434974	-0.0564174	0.0709402	-0.0284241	0.073961	0.0193903	0.0145218
rs826559	0.109635	0.0647566	NA	NA	NA	NA	0.052304	0.0435244	-0.0640926	0.0712505	-0.0342558	0.0739534	0.00291359	0.0145382
rs826558	0.220963	0.0636734	NA	NA	NA	NA	0.038999	0.0497325	-0.0599176	0.0816574	-0.069573	0.0866937	0.0116253	0.0148817
rs826557	0.221667	0.0634615	NA	NA	NA	NA	0.0388229	0.0497353	-0.0586607	0.0816153	-0.0697502	0.0866271	0.00932741	0.0150889
rs73952513	0.273998	0.163406	NA	NA	NA	NA	NA	NA	NA	NA	NA	NA	-0.059457	0.0301683
rs11885340	-0.392239	0.154235	NA	NA	NA	NA	NA	NA	NA	NA	NA	NA	0.0170685	0.0355098
rs866115	0.192658	0.0594387	NA	NA	NA	NA	0.0522799	0.0434943	-0.0564411	0.0709362	-0.0283904	0.0739569	NA	NA
rs4012061	0.0548933	0.123602	NA	NA	NA	NA	NA	NA	NA	NA	NA	NA	NA	NA
rs1724197	0.110088	0.0872975	-0.0175349	0.0345807	0.0706091	0.065708	0.0384398	0.0497046	-0.058771	0.0816102	-0.0702469	0.0866251	NA	NA
rs1724198	0.194314	0.0593711	NA	NA	NA	NA	0.0522799	0.0434943	-0.0564404	0.0709369	-0.0283999	0.0739578	NA	NA
rs2433792	0.0733154	0.068159	NA	NA	NA	NA	0.00777943	0.0439522	-0.130485	0.0701823	-0.0382493	0.0731864	NA	NA
rs2433791	-0.417409	0.215417	NA	NA	NA	NA	NA	NA	NA	NA	NA	NA	NA	NA
rs866114	0.192658	0.0594387	0.00210536	0.0306492	0.0174534	0.0606297	0.0522678	0.0434931	-0.0564842	0.0709261	-0.0283423	0.0739495	NA	NA
rs13411630	-0.117516	0.0758175	NA	NA	NA	NA	NA	NA	NA	NA	NA	NA	-0.0170357	0.0182745
rs826522	0.194235	0.0593569	NA	NA	NA	NA	0.0522435	0.0434919	-0.0564972	0.0709258	-0.0283603	0.0739498	0.0186209	0.0144986
rs826521	0.194235	0.0593569	0.00210818	0.0306486	0.0174591	0.0606286	0.0522435	0.0434919	-0.0564972	0.0709258	-0.0283603	0.0739498	0.0179148	0.0145004
rs10208578	-0.126912	0.0745208	NA	NA	NA	NA	NA	NA	NA	NA	NA	NA	-0.0097602	0.018165
rs13429944	-0.134528	0.100616	NA	NA	NA	NA	NA	NA	NA	NA	NA	NA	-0.0172986	0.0255027
rs17414315	0.153112	0.143569	NA	NA	NA	NA	NA	NA	NA	NA	NA	NA	-0.00586876	0.0428803
rs17021308	-0.278437	0.140046	NA	NA	NA	NA	NA	NA	NA	NA	NA	NA	NA	NA
rs74714907	0.0452171	0.106188	NA	NA	NA	NA	NA	NA	NA	NA	NA	NA	NA	NA
rs3108313	0.109203	0.0647515	0.00217892	0.0306465	0.0174915	0.0606281	0.0522509	0.0434891	-0.064066	0.071201	-0.0345632	0.0738976	0.00291359	0.0145382
rs10432620	0.206602	0.128399	NA	NA	NA	NA	0.0301148	0.0432982	0.138388	0.0690594	0.0944313	0.0719316	NA	NA
rs58459820	-0.0825851	0.0749124	NA	NA	NA	NA	NA	NA	NA	NA	NA	NA	NA	NA
rs114849189	-0.14764	0.165862	NA	NA	NA	NA	NA	NA	NA	NA	NA	NA	NA	NA
rs1649334	0.0839076	0.176002	NA	NA	NA	NA	NA	NA	NA	NA	NA	NA	NA	NA
rs116030862	-0.417779	0.215425	NA	NA	NA	NA	NA	NA	NA	NA	NA	NA	-0.0686572	0.058469
rs2693106	-0.319127	0.396524	NA	NA	NA	NA	NA	NA	NA	NA	NA	NA	NA	NA
rs10204663	-0.0858141	0.0770384	NA	NA	NA	NA	NA	NA	NA	NA	NA	NA	-0.0157294	0.0185865
rs13426055	-0.134389	0.100602	NA	NA	NA	NA	NA	NA	NA	NA	NA	NA	-0.0172986	0.0255027
rs116504408	0.0725721	0.0666286	NA	NA	NA	NA	NA	NA	NA	NA	NA	NA	NA	NA
rs115759079	-0.394054	0.157716	NA	NA	NA	NA	NA	NA	NA	NA	NA	NA	0.0185877	0.034905
rs826546	0.193748	0.0591819	0.0021103	0.0306485	0.0174591	0.0606286	0.0522509	0.0434917	-0.0564972	0.0709258	-0.0283603	0.0739498	0.0197377	0.0144162
rs13414214	-0.0858141	0.0770384	NA	NA	NA	NA	NA	NA	NA	NA	NA	NA	NA	NA
rs12473546	0.206819	0.128471	NA	NA	NA	NA	0.0311901	0.043432	0.137695	0.0692934	0.0980338	0.0721581	0.00325619	0.0201861
rs80190310	-0.134389	0.100602	NA	NA	NA	NA	NA	NA	NA	NA	NA	NA	-0.0172986	0.0255027
rs78215631	-0.417779	0.215425	NA	NA	NA	NA	NA	NA	NA	NA	NA	NA	NA	NA
rs77443930	-0.168162	0.194893	NA	NA	NA	NA	NA	NA	NA	NA	NA	NA	NA	NA
rs17036806	-0.167412	0.108317	NA	NA	NA	NA	NA	NA	NA	NA	NA	NA	-0.00103619	0.0267466
rs61748149	0.051581	0.125295	0.0440144	0.0515956	-0.154406	0.115422	0.0573169	0.07249	-0.0276178	0.107297	0.0498532	0.110835	NA	NA
rs74821091	-0.417775	0.21544	NA	NA	NA	NA	NA	NA	NA	NA	NA	NA	NA	NA
rs76221103	-0.417786	0.215292	NA	NA	NA	NA	NA	NA	NA	NA	NA	NA	-0.0686572	0.058469
rs2949960	-0.260178	0.0919186	NA	NA	NA	NA	NA	NA	NA	NA	NA	NA	0.00382679	0.0220775
rs10199844	-0.0860671	0.0770108	NA	NA	NA	NA	NA	NA	NA	NA	NA	NA	NA	NA
rs826583	0.192945	0.0594117	0.0088704	0.0304087	0.0102188	0.0599621	0.053044	0.043509	-0.0602325	0.070436	-0.0266882	0.0733761	NA	NA
rs58041580	-0.0226943	0.072264	NA	NA	NA	NA	NA	NA	NA	NA	NA	NA	-0.0194658	0.0176806
rs114231018	-0.0978081	0.105461	NA	NA	NA	NA	NA	NA	NA	NA	NA	NA	-0.00594667	0.0263548
rs826582	0.0807693	0.0666632	NA	NA	NA	NA	0.00754809	0.0438496	-0.129072	0.070115	-0.037175	0.0731247	NA	NA
rs826581	-0.0297436	0.202528	NA	NA	NA	NA	0.0365503	0.0542977	-0.0637428	0.0868534	-0.0725316	0.0916852	-0.00884236	0.0338568
rs114998393	0.205041	0.2752	NA	NA	NA	NA	NA	NA	NA	NA	NA	NA	NA	NA
rs17036864	-0.0979494	0.10562	NA	NA	NA	NA	NA	NA	NA	NA	NA	NA	-0.00168712	0.0266755
rs75566461	-0.0871355	0.239721	NA	NA	NA	NA	NA	NA	NA	NA	NA	NA	0.0650057	0.0415574
rs17036868	-0.166849	0.108157	NA	NA	NA	NA	NA	NA	NA	NA	NA	NA	0.00232733	0.0267456
rs700876	0.192489	0.059043	0.00210818	0.0306486	0.0174591	0.0606286	0.0522435	0.0434919	-0.0564972	0.0709258	-0.0283603	0.0739498	NA	NA
rs700875	0.170928	0.0617479	0.00216571	0.0306768	0.0175761	0.060673	0.0519741	0.0435173	-0.0565485	0.070998	-0.0287391	0.0740285	0.0356582	0.0150839
rs17036878	-0.02143	0.0720385	NA	NA	NA	NA	NA	NA	NA	NA	NA	NA	-0.0198909	0.0176899
rs826580	0.00111345	0.156091	NA	NA	NA	NA	NA	NA	NA	NA	NA	NA	NA	NA
rs749946	0.188034	0.0594343	NA	NA	NA	NA	0.0522095	0.043505	-0.0565131	0.0709321	-0.0283859	0.0739564	NA	NA
rs112954390	-0.117324	0.0754728	NA	NA	NA	NA	NA	NA	NA	NA	NA	NA	NA	NA
rs1724203	0.0742179	0.0629302	-0.0476513	0.0302065	-0.036968	0.0594966	0.00754374	0.043848	-0.130492	0.0699839	-0.0356092	0.0731699	-0.000401706	0.0144382
rs1896457	-0.372316	0.149755	NA	NA	NA	NA	NA	NA	NA	NA	NA	NA	0.0142767	0.0357212
rs28877361	-0.134489	0.10036	NA	NA	NA	NA	NA	NA	NA	NA	NA	NA	-0.0172986	0.0255027
rs114304281	-0.134489	0.10036	NA	NA	NA	NA	NA	NA	NA	NA	NA	NA	-0.0172986	0.0255027
rs13391536	-0.0913273	0.0590959	NA	NA	NA	NA	NA	NA	NA	NA	NA	NA	-0.0168649	0.0147234
rs114778713	0.407849	0.198311	NA	NA	NA	NA	NA	NA	NA	NA	NA	NA	NA	NA
rs72833190	-0.324917	0.110088	-0.0477132	0.0657194	-0.167718	0.127607	-0.00681933	0.107454	-0.264902	0.175988	-0.0957537	0.166901	-0.00326472	0.0256134
rs1649330	0.198104	0.0664135	-0.0175249	0.0345787	0.070617	0.0657046	0.038404	0.0497004	-0.058852	0.0815982	-0.0701892	0.086618	0.0285207	0.0160215
rs13391793	-0.135552	0.100893	NA	NA	NA	NA	NA	NA	NA	NA	NA	NA	NA	NA
rs62151256	-0.39303	0.21281	NA	NA	NA	NA	NA	NA	NA	NA	NA	NA	-0.0686572	0.058469
rs72833191	-0.288199	0.123707	-0.0468582	0.0656404	-0.168539	0.127487	-0.00660177	0.107327	-0.279876	0.1813	-0.125961	0.170417	-0.0113979	0.0305734
rs1649329	0.189466	0.0585963	0.00210818	0.0306486	0.0174591	0.0606286	0.0522435	0.0434919	-0.0564972	0.0709258	-0.0283603	0.0739498	0.0186412	0.014499
rs1649328	0.0828643	0.0663707	0.00193837	0.0306985	0.0142943	0.0607098	0.0530174	0.0435347	-0.064114	0.071251	-0.0345327	0.0739621	NA	NA
rs7584452	0.409039	0.198426	NA	NA	NA	NA	NA	NA	NA	NA	NA	NA	NA	NA
rs115533797	-0.350656	0.15917	NA	NA	NA	NA	NA	NA	NA	NA	NA	NA	NA	NA
rs66479531	0.0988184	0.175129	NA	NA	NA	NA	NA	NA	NA	NA	NA	NA	NA	NA
rs56132830	0.180504	0.058635	NA	NA	NA	NA	0.0521959	0.0434964	-0.0564951	0.0709261	-0.0283492	0.07395	NA	NA
rs114703004	0.10242	0.0886322	NA	NA	NA	NA	NA	NA	NA	NA	NA	NA	NA	NA
rs116363669	0.169527	0.0690211	NA	NA	NA	NA	NA	NA	NA	NA	NA	NA	NA	NA
rs115751541	0.169527	0.0690211	NA	NA	NA	NA	NA	NA	NA	NA	NA	NA	NA	NA
rs17020526	0.00963452	0.108228	0.0446376	0.0512884	-0.153739	0.115113	0.0613572	0.0720516	-0.0275358	0.107187	0.0500232	0.110715	0.0559667	0.0342854
rs1614285	0.182166	0.0589543	0.00211407	0.0306494	0.0174668	0.0606282	0.0522492	0.0434924	-0.0564972	0.0709258	-0.0283686	0.07395	0.0194649	0.0143113
rs1724204	0.0788614	0.0636499	-0.0476408	0.0302048	-0.0369764	0.0594958	0.00753099	0.0438446	-0.130481	0.0699838	-0.0356244	0.0731695	NA	NA
rs9784004	-0.0419609	0.0663515	NA	NA	NA	NA	NA	NA	NA	NA	NA	NA	NA	NA
rs115727479	-0.138232	0.102019	NA	NA	NA	NA	NA	NA	NA	NA	NA	NA	-0.017815	0.0254426
rs75862138	-0.138232	0.102019	NA	NA	NA	NA	NA	NA	NA	NA	NA	NA	-0.017815	0.0254426
rs1724205	0.182814	0.0586579	0.00210867	0.0306483	0.017464	0.0606277	0.0522256	0.0434913	-0.0564972	0.0709258	-0.0283603	0.0739498	NA	NA
rs13387352	-0.138232	0.102019	NA	NA	NA	NA	NA	NA	NA	NA	NA	NA	-0.017815	0.0254426
rs11886968	-0.395865	0.215814	NA	NA	NA	NA	NA	NA	NA	NA	NA	NA	-0.0686572	0.058469
rs35096475	0.180984	0.0583006	0.00210867	0.0306483	0.017464	0.0606277	0.0522256	0.0434913	-0.0564972	0.0709258	-0.0283603	0.0739498	0.0190922	0.0143891
rs34533357	0.183421	0.0588271	0.00210867	0.0306483	0.017464	0.0606277	0.0522256	0.0434913	-0.0564972	0.0709258	-0.0283603	0.0739498	NA	NA
rs116576801	-0.395865	0.215814	NA	NA	NA	NA	NA	NA	NA	NA	NA	NA	NA	NA
rs114080276	0.0744115	0.122782	NA	NA	NA	NA	NA	NA	NA	NA	NA	NA	0.0554238	0.0340779
rs57063709	0.237235	0.147328	NA	NA	NA	NA	NA	NA	NA	NA	NA	NA	-0.0573004	0.0300602
rs13410596	-0.0204301	0.0717938	NA	NA	NA	NA	NA	NA	NA	NA	NA	NA	-0.0198909	0.0176899
rs28483272	-0.0411994	0.0661468	NA	NA	NA	NA	NA	NA	NA	NA	NA	NA	-0.0130262	0.0164386
rs72833193	-0.277596	0.123266	-0.0471288	0.0657003	-0.167575	0.127593	-0.00679933	0.107416	-0.280277	0.181425	-0.125328	0.17072	-0.0113979	0.0305734
rs13401614	-0.0852337	0.061345	NA	NA	NA	NA	NA	NA	NA	NA	NA	NA	-0.0169509	0.0151864
rs10185197	-0.0773666	0.0741167	NA	NA	NA	NA	NA	NA	NA	NA	NA	NA	-0.0152943	0.0180325
rs112844698	0.109556	0.116494	NA	NA	NA	NA	NA	NA	NA	NA	NA	NA	-0.00703139	0.0373444
rs10164715	-0.0813954	0.0598297	NA	NA	NA	NA	NA	NA	NA	NA	NA	NA	-0.0170747	0.0147273
rs826556	0.113389	0.0641467	0.00190814	0.0298116	0.0165641	0.0589818	0.0485862	0.0423427	-0.0657406	0.0687065	-0.0358782	0.0713196	0.00272877	0.0145654
rs113299084	-0.245592	0.13961	NA	NA	NA	NA	NA	NA	NA	NA	NA	NA	-0.0145951	0.0512833
rs116564781	0.409663	0.197581	NA	NA	NA	NA	NA	NA	NA	NA	NA	NA	NA	NA
rs58791443	-0.188815	0.132754	NA	NA	NA	NA	NA	NA	NA	NA	NA	NA	-0.0533687	0.0300242
rs826555	0.186444	0.0588841	0.00211079	0.0306482	0.017464	0.0606277	0.0522331	0.0434911	-0.0564972	0.0709258	-0.0283603	0.0739498	0.0197377	0.0144162
rs826554	0.183412	0.058958	0.00210867	0.0306483	0.017464	0.0606277	0.0522256	0.0434913	-0.0564972	0.0709258	-0.0283603	0.0739498	NA	NA
rs75784998	-0.136657	0.101646	NA	NA	NA	NA	NA	NA	NA	NA	NA	NA	-0.016635	0.0255878
rs826553	-0.00459425	0.0793196	-0.0175225	0.0345778	0.0706209	0.0657034	0.0383892	0.0496985	-0.058852	0.0815982	-0.0701892	0.086618	0.0106622	0.0172248
rs116162699	0.240425	0.146176	NA	NA	NA	NA	NA	NA	NA	NA	NA	NA	NA	NA
rs115054457	0.214454	0.277164	NA	NA	NA	NA	NA	NA	NA	NA	NA	NA	NA	NA
rs10195166	-0.115989	0.0750357	NA	NA	NA	NA	NA	NA	NA	NA	NA	NA	NA	NA
rs13389858	-0.0569691	0.0927464	NA	NA	NA	NA	NA	NA	NA	NA	NA	NA	0.0132204	0.0234352
rs13415653	-0.0562421	0.0925293	NA	NA	NA	NA	NA	NA	NA	NA	NA	NA	0.0132204	0.0234352
rs13400722	-0.0562421	0.0925293	NA	NA	NA	NA	NA	NA	NA	NA	NA	NA	0.01085	0.0237775
rs73952515	0.24327	0.145654	NA	NA	NA	NA	NA	NA	NA	NA	NA	NA	-0.0573004	0.0300602
rs76653570	0.243398	0.145739	NA	NA	NA	NA	NA	NA	NA	NA	NA	NA	NA	NA
rs826552	0.183194	0.0589374	0.00199231	0.0305673	0.0173708	0.0604846	0.052035	0.043387	-0.0567583	0.0706311	-0.0283689	0.0736492	0.0196372	0.0145046
rs10187902	-0.0818944	0.0755763	NA	NA	NA	NA	NA	NA	NA	NA	NA	NA	-0.0157294	0.0185865
rs116483871	-0.135779	0.101365	NA	NA	NA	NA	NA	NA	NA	NA	NA	NA	NA	NA
rs826551	0.0833328	0.0660494	-0.0475164	0.0301208	-0.0368759	0.0593415	0.00759324	0.0437367	-0.129222	0.0698215	-0.0368063	0.0728236	NA	NA
rs826550	0.106403	0.174938	NA	NA	NA	NA	NA	NA	NA	NA	NA	NA	0.0127497	0.0363707
rs72016518	0.26714	0.250387	NA	NA	NA	NA	NA	NA	NA	NA	NA	NA	NA	NA
rs35794776	0.0240624	0.115852	0.0440181	0.0514869	-0.154054	0.115333	0.0583324	0.0723106	-0.0287699	0.107188	0.0495014	0.110754	0.0695164	0.0370421
rs6740879	0.181492	0.0586361	0.00191654	0.0298109	0.0165191	0.0589811	0.0485897	0.0423399	-0.0580722	0.0684314	-0.0298624	0.0713637	0.0196372	0.0145046
rs58121855	-0.386487	0.213882	NA	NA	NA	NA	NA	NA	NA	NA	NA	NA	NA	NA
rs116453363	-0.128052	0.106708	NA	NA	NA	NA	NA	NA	NA	NA	NA	NA	-0.00168712	0.0266755
rs74411023	-0.140185	0.101406	NA	NA	NA	NA	NA	NA	NA	NA	NA	NA	-0.017815	0.0254426
rs1724184	0.0830633	0.0660355	0.00187616	0.0306091	0.0142416	0.0605488	0.0528368	0.0434217	-0.0647854	0.0709626	-0.0343156	0.0736635	NA	NA
rs116655443	-0.608364	0.259456	NA	NA	NA	NA	NA	NA	NA	NA	NA	NA	0.0157502	0.0467172
rs74817784	0.181443	0.0891132	NA	NA	NA	NA	NA	NA	NA	NA	NA	NA	0.0599278	0.0256008
rs6542778	-0.0822861	0.0756463	NA	NA	NA	NA	NA	NA	NA	NA	NA	NA	-0.015277	0.018388
rs6542779	-0.0203798	0.0726311	NA	NA	NA	NA	NA	NA	NA	NA	NA	NA	NA	NA
rs111657066	-0.223782	0.179672	NA	NA	NA	NA	NA	NA	NA	NA	NA	NA	-0.0651164	0.0458477
rs1724195	0.174964	0.0584485	0.00196894	0.0305435	0.0173738	0.0604362	0.0519561	0.0433468	-0.0565844	0.0705739	-0.0285413	0.0735919	NA	NA
rs1724196	-0.0469984	0.203291	-0.0240834	0.0373715	0.087224	0.0730529	0.036158	0.0541126	-0.0632983	0.0864306	-0.0719762	0.0912709	-0.00884236	0.0338568
rs13424880	-0.0814363	0.0755929	NA	NA	NA	NA	NA	NA	-0.277222	0.241625	0.0368923	0.245237	-0.0149066	0.0183583
rs114450376	-0.135097	0.101312	NA	NA	NA	NA	NA	NA	NA	NA	NA	NA	-0.0172986	0.0255027
rs115705949	-0.386057	0.213543	NA	NA	NA	NA	NA	NA	NA	NA	NA	NA	NA	NA
rs116732017	-0.0934984	0.0694567	NA	NA	NA	NA	NA	NA	NA	NA	NA	NA	NA	NA
rs113683672	-0.142585	0.232145	NA	NA	NA	NA	NA	NA	NA	NA	NA	NA	NA	NA
rs79168135	0.111309	0.116132	NA	NA	NA	NA	NA	NA	NA	NA	NA	NA	-0.00703139	0.0373444
rs75277911	0.00618521	0.13191	NA	NA	NA	NA	NA	NA	NA	NA	NA	NA	0.0256425	0.0329113
rs13429044	-0.135126	0.101273	NA	NA	NA	NA	NA	NA	NA	NA	NA	NA	NA	NA
rs4387742	-0.181449	0.0586358	-0.00188141	0.0298113	-0.0164968	0.0589837	-0.0485897	0.0423399	0.0580646	0.0684317	0.0298568	0.0713641	NA	NA
rs73952516	0.243398	0.145739	NA	NA	NA	NA	NA	NA	NA	NA	NA	NA	NA	NA
rs10211606	-0.0824581	0.0776785	0.0446114	0.0511389	-0.153379	0.114798	0.0615718	0.0718495	-0.0275525	0.106777	0.050161	0.110265	0.00928928	0.0207815
rs75020884	-0.10099	0.106307	NA	NA	NA	NA	NA	NA	NA	NA	NA	NA	-0.00103619	0.0267466
rs12478500	-0.0690978	0.0627257	0.0469757	0.0301059	0.037504	0.0593742	-0.0046292	0.0437114	0.132932	0.069349	0.0401436	0.0724963	NA	NA
rs111706159	-0.130867	0.226549	NA	NA	NA	NA	NA	NA	NA	NA	NA	NA	-0.0359475	0.0573798
rs6743705	-0.185446	0.0612489	0.0169631	0.0343531	-0.0693196	0.0654645	-0.0340745	0.0492265	0.0624346	0.0803886	0.0754965	0.0853548	NA	NA
rs71381994	-0.160708	0.060259	NA	NA	NA	NA	NA	NA	NA	NA	NA	NA	NA	NA
rs74740277	-0.00455768	0.108047	0.0446114	0.0511389	-0.153734	0.11479	0.0617576	0.071842	-0.0275525	0.106777	0.050161	0.110265	0.0538736	0.034114
rs6759252	-0.0713415	0.0620343	NA	NA	NA	NA	NA	NA	NA	NA	NA	NA	-0.0157865	0.0155036
rs111852316	-0.132054	0.226758	NA	NA	NA	NA	NA	NA	NA	NA	NA	NA	-0.0359475	0.0573798
rs79933754	-0.439651	0.174669	NA	NA	NA	NA	NA	NA	NA	NA	NA	NA	0.0170685	0.0355098
rs12988959	-0.202973	0.0622758	0.0169631	0.0343531	-0.0693196	0.0654645	-0.0340745	0.0492265	0.0624346	0.0803886	0.0754965	0.0853548	NA	NA
rs12988975	-0.202973	0.0622758	0.0169631	0.0343531	-0.0693196	0.0654645	-0.0340745	0.0492265	0.0624346	0.0803886	0.0754965	0.0853548	NA	NA
rs2378214	-0.20181	0.0621455	0.0229003	0.0343284	-0.0660672	0.0654943	-0.0340058	0.0492701	0.0617259	0.0804367	0.0750137	0.0853968	NA	NA
rs77446137	0.112596	0.123651	NA	NA	NA	NA	NA	NA	NA	NA	NA	NA	0.0548702	0.0345944
rs114528725	-0.263531	0.139101	NA	NA	NA	NA	NA	NA	NA	NA	NA	NA	0.0337744	0.0314142
rs111943065	0.00220629	0.155699	NA	NA	NA	NA	NA	NA	NA	NA	NA	NA	-0.00622091	0.0460233
rs116144837	0.238752	0.281383	NA	NA	NA	NA	NA	NA	NA	NA	NA	NA	NA	NA
rs10190045	-0.17657	0.0657913	0.0230246	0.0334718	-0.0642226	0.0637836	-0.0332285	0.0481195	0.0600892	0.0783967	0.0709358	0.0832128	NA	NA
rs57494319	-0.392291	0.214537	NA	NA	NA	NA	NA	NA	NA	NA	NA	NA	-0.0686572	0.058469
rs66749034	-0.202665	0.0622231	NA	NA	NA	NA	NA	NA	NA	NA	NA	NA	NA	NA
rs7573053	0.408281	0.199666	NA	NA	NA	NA	NA	NA	NA	NA	NA	NA	NA	NA
rs76687858	-0.111923	0.17582	NA	NA	NA	NA	NA	NA	NA	NA	NA	NA	NA	NA
rs4536612	-0.202665	0.0622231	0.0229003	0.0343284	-0.0660672	0.0654943	-0.0340058	0.0492701	0.0617259	0.0804367	0.0750137	0.0853968	NA	NA
rs2378215	-0.132576	0.107064	NA	NA	NA	NA	NA	NA	NA	NA	NA	NA	-0.00168712	0.0266755
rs6730830	-0.0696226	0.062938	NA	NA	NA	NA	-0.0032173	0.0439205	0.131701	0.0696097	0.0402135	0.0728067	NA	NA
rs115849674	-0.439995	0.174496	NA	NA	NA	NA	NA	NA	NA	NA	NA	NA	0.0170685	0.0355098
rs73952518	0.243398	0.145739	NA	NA	NA	NA	NA	NA	NA	NA	NA	NA	-0.0573004	0.0300602
rs115566939	0.3438	0.145468	NA	NA	NA	NA	NA	NA	NA	NA	NA	NA	NA	NA
rs114684366	0.407917	0.199932	NA	NA	NA	NA	NA	NA	NA	NA	NA	NA	NA	NA
rs79909651	-0.186145	0.0612161	NA	NA	NA	NA	NA	NA	NA	NA	NA	NA	NA	NA
rs55718917	0.243409	0.145735	NA	NA	NA	NA	NA	NA	NA	NA	NA	NA	-0.0573004	0.0300602
rs11884046	-0.489595	0.233039	NA	NA	NA	NA	NA	NA	NA	NA	NA	NA	NA	NA
rs76665050	0.454918	0.226284	NA	NA	NA	NA	NA	NA	NA	NA	NA	NA	0.0247004	0.0428221
rs111451672	-0.0447994	0.24616	NA	NA	NA	NA	NA	NA	NA	NA	NA	NA	0.0610946	0.0567136
rs74631370	0.112008	0.123697	NA	NA	NA	NA	NA	NA	NA	NA	NA	NA	NA	NA
rs113435863	-0.00772579	0.157768	NA	NA	NA	NA	NA	NA	NA	NA	NA	NA	NA	NA
rs113961911	-0.00772579	0.157768	NA	NA	NA	NA	NA	NA	NA	NA	NA	NA	-0.00512202	0.045557
rs74817005	-0.438465	0.173448	NA	NA	NA	NA	NA	NA	NA	NA	NA	NA	0.0170685	0.0355098
rs114433182	-0.0907997	0.250961	NA	NA	NA	NA	NA	NA	NA	NA	NA	NA	0.254977	0.0620666
rs1589911	-0.202634	0.0622875	0.0227049	0.0344177	-0.0659673	0.0656565	-0.0348047	0.0493903	0.0612572	0.0806709	0.0756317	0.0856793	NA	NA
rs72836510	-0.110561	0.063487	NA	NA	NA	NA	NA	NA	NA	NA	NA	NA	NA	NA
rs56036058	-0.100172	0.0601382	NA	NA	NA	NA	NA	NA	NA	NA	NA	NA	NA	NA
rs10188152	-0.169123	0.0632744	0.0228798	0.0344736	-0.0658174	0.0657247	-0.0350545	0.0494648	0.0611047	0.0807757	0.0754094	0.0857586	NA	NA
rs11900619	-0.480626	0.230955	NA	NA	NA	NA	NA	NA	NA	NA	NA	NA	-0.0249686	0.0489212
rs9653455	-0.044417	0.0663535	NA	NA	NA	NA	NA	NA	NA	NA	NA	NA	-0.00906553	0.0163862
rs11890197	0.0497356	0.123406	NA	NA	NA	NA	NA	NA	NA	NA	NA	NA	-0.00309634	0.0310893
rs975597	-0.07392	0.0654879	0.0535371	0.0303072	0.0412885	0.0599345	-0.000356754	0.043958	0.127136	0.0701149	0.0407776	0.0732274	0.00118101	0.0147368
rs10205240	-0.0399828	0.0632266	NA	NA	NA	NA	NA	NA	NA	NA	NA	NA	-0.0114758	0.0158056
rs58170568	0.460221	0.225353	NA	NA	NA	NA	NA	NA	NA	NA	NA	NA	0.0247004	0.0428221
rs77502173	0.24393	0.145735	NA	NA	NA	NA	NA	NA	NA	NA	NA	NA	-0.0573004	0.0300602
rs8179656	-0.0695109	0.065967	0.0535622	0.0303122	0.0412143	0.0599438	-0.000385359	0.0439662	0.127173	0.0701236	0.0408261	0.073238	NA	NA
rs17036926	0.184299	0.0827406	NA	NA	NA	NA	NA	NA	NA	NA	NA	NA	0.0507971	0.024187
rs10185092	-0.0500955	0.0721468	NA	NA	NA	NA	NA	NA	NA	NA	NA	NA	-0.0210862	0.0178245
rs12151574	-0.202946	0.06227	0.0226731	0.0344156	-0.0659171	0.0656535	-0.0347653	0.0493875	0.0611834	0.0806671	0.0756257	0.0856747	NA	NA
rs114712508	-0.110837	0.10735	NA	NA	NA	NA	NA	NA	NA	NA	NA	NA	-0.00103619	0.0267466
rs79578774	-0.438219	0.173165	NA	NA	NA	NA	NA	NA	NA	NA	NA	NA	0.0170685	0.0355098
rs79024072	0.244099	0.145733	NA	NA	NA	NA	NA	NA	NA	NA	NA	NA	-0.0573004	0.0300602
rs6734772	-0.201789	0.0621498	0.0226719	0.0344303	-0.0659514	0.0656785	-0.0348519	0.0494074	0.0612727	0.080688	0.0758174	0.0856991	NA	NA
rs75108204	-0.0746019	0.0771033	0.0430498	0.0524308	-0.160563	0.118319	0.0506552	0.0730415	-0.023629	0.107665	0.0501407	0.111271	NA	NA
rs74482410	0.244099	0.145733	NA	NA	NA	NA	NA	NA	NA	NA	NA	NA	-0.0616267	0.0301676
rs13428562	-0.0374021	0.0633024	NA	NA	NA	NA	NA	NA	NA	NA	NA	NA	-0.0140761	0.015798
rs11886650	-0.489107	0.20888	NA	NA	NA	NA	NA	NA	NA	NA	NA	NA	-0.0686572	0.058469
rs7609019	-0.182824	0.0616474	0.0226839	0.0344141	-0.0659293	0.0656512	-0.0347628	0.0493854	0.0612407	0.0806642	0.0756138	0.0856723	-0.00468281	0.014778
rs115848683	-0.112013	0.107217	NA	NA	NA	NA	NA	NA	NA	NA	NA	NA	-0.00103619	0.0267466
rs1997120	-0.108888	0.0859662	0.0230466	0.0334704	-0.0642133	0.0637809	-0.0332041	0.0481188	0.0600864	0.0783963	0.0709468	0.0832123	-0.00550227	0.0190125
rs11890831	-0.404659	0.220364	NA	NA	NA	NA	NA	NA	NA	NA	NA	NA	-0.0686572	0.058469
rs112584331	-0.188517	0.236763	NA	NA	NA	NA	NA	NA	NA	NA	NA	NA	-0.0275547	0.0583628
rs35177625	-0.185136	0.0615296	0.0226839	0.0344141	-0.0659293	0.0656512	-0.0347628	0.0493854	0.0612407	0.0806642	0.0756138	0.0856723	NA	NA
rs71381998	-0.0629001	0.0648422	NA	NA	NA	NA	NA	NA	NA	NA	NA	NA	NA	NA
rs112368384	-0.206413	0.239338	NA	NA	NA	NA	NA	NA	NA	NA	NA	NA	-0.0359475	0.0573798
rs79999091	0.0612053	0.106192	NA	NA	NA	NA	NA	NA	NA	NA	NA	NA	NA	NA
rs79021343	0.183814	0.0832516	NA	NA	NA	NA	NA	NA	NA	NA	NA	NA	0.0507971	0.024187
rs4676208	-0.204158	0.0625869	0.0226853	0.0344138	-0.065926	0.065651	-0.0347517	0.0493849	0.0612273	0.0806648	0.0756185	0.0856729	NA	NA
rs7594575	-0.109267	0.0861056	0.0225719	0.0343984	-0.0659557	0.065621	-0.0343552	0.0493679	0.0614674	0.0806541	0.0760693	0.0856657	NA	NA
rs75595234	-0.174261	0.109517	NA	NA	NA	NA	NA	NA	NA	NA	NA	NA	0.00300326	0.0268172
rs7589166	-0.0433588	0.0634947	NA	NA	NA	NA	NA	NA	NA	NA	NA	NA	-0.0113954	0.0158121
rs112984553	-0.235318	0.242622	NA	NA	NA	NA	NA	NA	NA	NA	NA	NA	-0.0359475	0.0573798
rs115297389	-0.399312	0.225734	NA	NA	NA	NA	NA	NA	NA	NA	NA	NA	-0.0686572	0.058469
rs72934037	-0.0433588	0.0634947	NA	NA	NA	NA	NA	NA	NA	NA	NA	NA	-0.0113954	0.0158121
rs113792876	-0.235318	0.242622	NA	NA	NA	NA	NA	NA	NA	NA	NA	NA	-0.0359475	0.0573798
rs7578825	-0.0753699	0.065808	0.0550342	0.0303993	0.0423561	0.0600577	0.000893767	0.0441001	0.125638	0.0703697	0.0410344	0.0735089	NA	NA
rs12470194	-0.119492	0.0567768	0.023642	0.0344482	-0.0668732	0.0657157	-0.0349505	0.0494209	0.0640562	0.0805411	0.0788241	0.084995	NA	NA
rs116486218	-0.399312	0.225734	NA	NA	NA	NA	NA	NA	NA	NA	NA	NA	-0.0686572	0.058469
rs13407366	-0.106569	0.0777537	NA	NA	NA	NA	NA	NA	NA	NA	NA	NA	-0.0125393	0.0187228
rs113401183	-0.00772579	0.157768	NA	NA	NA	NA	NA	NA	NA	NA	NA	NA	NA	NA
rs114303512	0.142285	0.153064	NA	NA	NA	NA	NA	NA	NA	NA	NA	NA	0.0551078	0.0506444
rs10190977	-0.108891	0.0859682	0.0230496	0.0334706	-0.0642156	0.0637815	-0.0332132	0.0481195	0.0600864	0.0783963	0.0709468	0.0832123	-0.00550227	0.0190125
rs78607951	0.244129	0.145707	NA	NA	NA	NA	NA	NA	NA	NA	NA	NA	-0.0573004	0.0300602
rs60942586	-0.399312	0.225734	NA	NA	NA	NA	NA	NA	NA	NA	NA	NA	-0.0686572	0.058469
rs7559587	-0.183278	0.0619055	NA	NA	NA	NA	NA	NA	NA	NA	NA	NA	NA	NA
rs112252026	-0.235318	0.242622	NA	NA	NA	NA	NA	NA	NA	NA	NA	NA	-0.0359475	0.0573798
rs12712023	-0.203728	0.0629413	0.0236273	0.0344422	-0.0666482	0.0657001	-0.0349503	0.0494153	0.0616711	0.0807056	0.0759061	0.0857157	NA	NA
rs75568816	-0.345031	0.165206	NA	NA	NA	NA	NA	NA	NA	NA	NA	NA	0.0170685	0.0355098
rs72934042	-0.236735	0.183478	NA	NA	NA	NA	NA	NA	NA	NA	NA	NA	-0.0651164	0.0458477
rs72934043	-0.0824745	0.0761756	NA	NA	NA	NA	NA	NA	NA	NA	NA	NA	NA	NA
rs13389601	-0.02381	0.0730803	NA	NA	NA	NA	NA	NA	NA	NA	NA	NA	-0.0182504	0.0180313
rs7564164	-0.0691199	0.0627296	0.054982	0.0303355	0.0407985	0.0599811	0.000933352	0.0439835	0.127375	0.0700805	0.0390077	0.073396	NA	NA
rs10179853	-0.0680236	0.0772688	0.0422106	0.0527901	-0.161808	0.119372	0.0469524	0.0732994	-0.022135	0.107864	0.0502765	0.111498	0.0090082	0.0207585
rs66898835	-0.0246895	0.0564572	NA	NA	NA	NA	NA	NA	NA	NA	NA	NA	NA	NA
rs114885959	-0.345696	0.165264	NA	NA	NA	NA	NA	NA	NA	NA	NA	NA	0.0170685	0.0355098
rs115723873	0.111437	0.123661	NA	NA	NA	NA	NA	NA	NA	NA	NA	NA	0.0598882	0.0347675
rs116558440	-0.683778	0.215487	NA	NA	NA	NA	NA	NA	NA	NA	NA	NA	-0.033097	0.0392247
rs77416368	-0.113382	0.107733	NA	NA	NA	NA	NA	NA	NA	NA	NA	NA	NA	NA
rs11123713	-0.0762103	0.0659582	0.0549796	0.0303387	0.0407349	0.0599876	0.00096346	0.043989	0.125958	0.0702186	0.0405933	0.0733582	NA	NA
rs113568388	0.184767	0.0840475	NA	NA	NA	NA	NA	NA	NA	NA	NA	NA	0.0507971	0.024187
rs115909827	-0.113382	0.107733	NA	NA	NA	NA	NA	NA	NA	NA	NA	NA	-0.00103619	0.0267466
rs6756939	-0.0990906	0.0624422	0.00453625	0.0308983	-0.0156199	0.0613935	-0.0443064	0.0437926	0.0617788	0.0712872	0.0361231	0.0742455	NA	NA
rs13406128	-0.023093	0.0731163	NA	NA	NA	NA	NA	NA	NA	NA	NA	NA	-0.0182504	0.0180313
rs10202289	-0.198774	0.0639646	0.0236273	0.0344422	-0.0666482	0.0657001	-0.0349503	0.0494153	0.0616711	0.0807056	0.0759061	0.0857157	NA	NA
rs12472088	-0.0158935	0.0608286	0.0565151	0.0292218	0.0638399	0.0578458	-0.000448103	0.0435511	0.162691	0.0700036	0.0617223	0.0734767	NA	NA
rs115660738	-0.110597	0.107858	NA	NA	NA	NA	NA	NA	NA	NA	NA	NA	NA	NA
rs13410057	-0.0338142	0.0748972	NA	NA	NA	NA	NA	NA	NA	NA	NA	NA	-0.012426	0.0173622
rs78954063	0.245779	0.0923702	NA	NA	NA	NA	NA	NA	NA	NA	NA	NA	-0.0544224	0.0259794
rs7585888	-0.152172	0.0645937	-0.00438753	0.0441859	-0.0642109	0.0871666	-0.0949755	0.0639127	-0.0518417	0.104211	0.0768351	0.10878	NA	NA
rs11900990	-0.0942201	0.0807939	0.107653	0.0594872	0.136672	0.126608	0.0987154	0.0877192	0.00712005	0.131172	0.285957	0.135669	0.0167914	0.0195052
rs12712024	-0.0684513	0.11387	-0.000191196	0.0457747	-0.0663043	0.0907878	-0.109341	0.0658878	0.0268793	0.106825	0.0339537	0.111762	NA	NA
rs10172818	-0.332943	0.138785	NA	NA	NA	NA	NA	NA	NA	NA	NA	NA	0.0415425	0.0300439
rs73952523	0.339561	0.200988	NA	NA	NA	NA	NA	NA	NA	NA	NA	NA	-0.0136763	0.038189
rs75275809	-0.285472	0.148719	NA	NA	NA	NA	NA	NA	NA	NA	NA	NA	0.0561492	0.0356454
rs11688965	-0.0334113	0.0624108	2.60E-05	0.0456332	-0.0671561	0.0903903	-0.109313	0.0656494	0.0348734	0.10478	0.0238532	0.109483	NA	NA
rs67635623	-0.07346	0.0730785	NA	NA	NA	NA	NA	NA	NA	NA	NA	NA	NA	NA
rs13420504	-0.33342	0.145475	NA	NA	NA	NA	NA	NA	NA	NA	NA	NA	NA	NA
rs56409908	-0.0171046	0.0603723	0.0577357	0.0362481	0.0898492	0.0756886	-0.000800209	0.0529916	0.14379	0.0803305	0.0183686	0.0836148	NA	NA
rs3954225	-0.0710247	0.113977	6.29E-05	0.0456515	-0.0669283	0.0904355	-0.109155	0.0656613	0.0269753	0.106741	0.0337533	0.111685	NA	NA
rs1117425	0.0734865	0.0589441	0.0393605	0.0541413	-0.156717	0.127027	0.0184567	0.0755564	-0.0294679	0.109338	0.0541182	0.113079	0.00853526	0.0166401
rs1585710	0.068864	0.0605618	0.0393605	0.0541413	-0.156717	0.127027	0.0184567	0.0755564	-0.0294679	0.109338	0.0541182	0.113079	0.00927405	0.0168467
rs1117424	-0.0158299	0.0582311	0.00248633	0.0454249	-0.0681509	0.0901278	-0.102184	0.0651986	0.0526564	0.104095	0.0632658	0.108693	NA	NA
rs72934059	-0.14431	0.128186	NA	NA	NA	NA	NA	NA	NA	NA	NA	NA	-0.0754025	0.0350038
rs72934062	-0.14431	0.128186	NA	NA	NA	NA	NA	NA	NA	NA	NA	NA	-0.0754025	0.0350038
rs73952524	0.0983754	0.164591	NA	NA	NA	NA	NA	NA	NA	NA	NA	NA	-0.0221738	0.0374639
rs10865022	-0.0236157	0.0597186	0.0557247	0.0362619	0.0900157	0.0757085	-0.00871518	0.0529726	0.136191	0.0805008	0.0125514	0.0837234	NA	NA
rs80303430	-0.129496	0.110121	NA	NA	NA	NA	NA	NA	NA	NA	NA	NA	-0.0129955	0.0269008
rs56921164	-0.0865287	0.0752379	NA	NA	NA	NA	NA	NA	NA	NA	NA	NA	-0.00416612	0.0189477
rs79824507	-0.129479	0.11012	NA	NA	NA	NA	NA	NA	NA	NA	NA	NA	NA	NA
rs75421808	0.415285	0.208674	NA	NA	NA	NA	NA	NA	NA	NA	NA	NA	NA	NA
rs971297	-0.00675674	0.0642765	0.00319487	0.0456914	-0.0673754	0.0903672	-0.0972715	0.0658049	0.0482693	0.104759	0.0338266	0.109489	-0.0109128	0.0161469
rs75726900	0.1207	0.0807653	0.039391	0.0541333	-0.156764	0.127013	0.0186898	0.075541	-0.0295777	0.109327	0.0544223	0.113066	NA	NA
rs77743706	0.131911	0.0669286	0.0402083	0.0540589	-0.156757	0.127016	0.0220737	0.0754231	-0.0292956	0.109327	0.0543724	0.113063	NA	NA
rs72934069	-0.226435	0.196611	NA	NA	NA	NA	NA	NA	NA	NA	NA	NA	-0.0936889	0.0483293
rs75211837	-0.129003	0.110048	NA	NA	NA	NA	NA	NA	NA	NA	NA	NA	-0.0129955	0.0269008
rs57043792	0.318468	0.199844	NA	NA	NA	NA	NA	NA	NA	NA	NA	NA	-0.0136763	0.038189
rs115274732	0.0875402	0.108504	NA	NA	NA	NA	NA	NA	NA	NA	NA	NA	0.0500096	0.026776
rs73952526	0.318468	0.199844	NA	NA	NA	NA	NA	NA	NA	NA	NA	NA	-0.0136763	0.038189
rs75324970	0.318161	0.199839	NA	NA	NA	NA	NA	NA	NA	NA	NA	NA	-0.0136763	0.038189
rs1585709	-0.0275752	0.056549	-0.0144713	0.036848	0.00753219	0.0774449	-0.0688225	0.0531394	0.0575512	0.0819804	0.0140105	0.0854984	NA	NA
rs10206055	-0.337246	0.139244	NA	NA	NA	NA	NA	NA	NA	NA	NA	NA	NA	NA
rs115711836	-0.179555	0.1327	NA	NA	NA	NA	NA	NA	NA	NA	NA	NA	0.0382437	0.0315076
rs28863021	-0.0640287	0.0981216	0.0393409	0.05418	-0.156874	0.127058	0.0184657	0.0756161	-0.0301676	0.109364	0.0543725	0.1131	-0.0422292	0.0255319
rs75488329	-0.0525059	0.0760777	NA	NA	NA	NA	NA	NA	NA	NA	NA	NA	-0.000514389	0.0191488
rs75394145	-0.129559	0.110071	NA	NA	NA	NA	NA	NA	NA	NA	NA	NA	-0.0129955	0.0269008
rs2177859	-0.0414392	0.062798	1.01E-05	0.0456332	-0.0671835	0.0903898	-0.109313	0.0656494	0.0348734	0.10478	0.0238532	0.109483	-0.0129268	0.0160438
rs13430225	-0.0447205	0.0895849	0.0393516	0.0541784	-0.156811	0.12706	0.0184534	0.075613	-0.0301917	0.109363	0.0543736	0.113098	-0.0356642	0.0238443
rs11903751	-0.336914	0.139225	NA	NA	NA	NA	NA	NA	NA	NA	NA	NA	0.0415425	0.0300439
rs13430710	-0.00926751	0.108156	0.0223601	0.0537271	-0.149933	0.124894	-0.0233981	0.0747178	-0.0253929	0.109259	0.0545925	0.113056	-0.0212266	0.0293412
rs77871515	0.319809	0.200157	NA	NA	NA	NA	NA	NA	NA	NA	NA	NA	-0.0136763	0.038189
rs71383804	-0.0267736	0.0581235	NA	NA	NA	NA	NA	NA	NA	NA	NA	NA	NA	NA
rs113318329	-0.00337459	0.157297	NA	NA	NA	NA	NA	NA	NA	NA	NA	NA	-0.000396706	0.0443568
rs13408028	-0.0447205	0.0895849	0.022373	0.0537275	-0.149933	0.124894	-0.0233929	0.0747188	-0.0255642	0.109264	0.0545084	0.113061	-0.0356642	0.0238443
rs113235590	-0.00337459	0.157297	NA	NA	NA	NA	NA	NA	NA	NA	NA	NA	-0.000396706	0.0443568
rs10165492	-0.0628748	0.113964	-0.00420449	0.0454855	-0.0626226	0.0891113	-0.125129	0.0648274	0.0111972	0.10599	0.0114554	0.110752	NA	NA
rs72934079	-0.0443537	0.0894743	0.0223482	0.0537288	-0.149902	0.124899	-0.0234254	0.0747213	-0.0256411	0.109265	0.0545282	0.113062	-0.0364099	0.0237986
rs2378226	-0.0610432	0.114199	-0.000781719	0.045525	-0.0628889	0.0890556	-0.112494	0.0649668	0.0268295	0.105798	0.0231979	0.110572	NA	NA
rs10168310	-0.336904	0.139236	NA	NA	NA	NA	NA	NA	NA	NA	NA	NA	0.0415425	0.0300439
rs11123714	-0.0258916	0.0613942	0.062298	0.0358635	0.089572	0.074472	0.00694926	0.052302	0.12293	0.0800755	0.00212908	0.0833051	NA	NA
rs77316581	0.121432	0.105227	NA	NA	NA	NA	NA	NA	NA	NA	NA	NA	0.0574216	0.0278067
rs71383806	0.0726931	0.0934206	NA	NA	NA	NA	NA	NA	NA	NA	NA	NA	NA	NA
rs76190637	-0.130011	0.110024	NA	NA	NA	NA	NA	NA	NA	NA	NA	NA	-0.0129955	0.0269008
rs66855804	-0.128189	0.071079	NA	NA	NA	NA	NA	NA	NA	NA	NA	NA	NA	NA
rs7423984	-0.0325337	0.0645859	-0.0042947	0.0454655	-0.063021	0.0890717	-0.125041	0.0648087	0.0070054	0.103891	-0.00487334	0.108443	NA	NA
rs66577494	-0.0592226	0.0715937	NA	NA	NA	NA	NA	NA	NA	NA	NA	NA	NA	NA
rs13407037	-0.0325337	0.0645859	-0.000849077	0.0455018	-0.0632881	0.0890115	-0.112417	0.0649426	0.0219322	0.103713	0.00634044	0.10829	NA	NA
rs12471308	-0.0610432	0.114199	-0.000811504	0.0454917	-0.0629871	0.0889953	-0.11231	0.0649255	0.0268295	0.105798	0.0231979	0.110572	NA	NA
rs10496425	-0.0602671	0.11416	-0.0123248	0.0452868	-0.0637812	0.0892747	-0.117541	0.0648799	0.0155024	0.10627	0.0320834	0.110977	NA	NA
rs13009852	-0.0247343	0.0598711	0.0622752	0.0358626	0.0895635	0.0744714	0.00692834	0.052299	0.125162	0.0800236	0.000171335	0.0833933	-0.0113669	0.0142077
rs116297896	-0.130011	0.110024	NA	NA	NA	NA	NA	NA	NA	NA	NA	NA	-0.0129955	0.0269008
rs10202417	-0.336904	0.139236	NA	NA	NA	NA	NA	NA	NA	NA	NA	NA	0.043285	0.0294829
rs10202541	-0.0816192	0.0579743	-0.0114916	0.0366309	0.0095518	0.0766452	-0.0690959	0.0527767	0.0284401	0.0818219	-0.0116114	0.0854553	NA	NA
rs77473385	-0.229174	0.0921785	NA	NA	NA	NA	NA	NA	NA	NA	NA	NA	0.0163197	0.0229419
rs10179313	-0.0432908	0.0893056	0.022373	0.0537275	-0.149933	0.124894	-0.0233929	0.0747188	-0.0255642	0.109264	0.0545084	0.113061	-0.0356642	0.0238443
rs13407485	-0.332629	0.145817	NA	NA	NA	NA	NA	NA	NA	NA	NA	NA	0.0411349	0.0325749
rs13407967	-0.336904	0.139236	NA	NA	NA	NA	NA	NA	NA	NA	NA	NA	0.0415425	0.0300439
rs59594867	0.162369	0.0748436	NA	NA	NA	NA	NA	NA	NA	NA	NA	NA	0.029977	0.0228984
rs61668692	0.181706	0.10936	NA	NA	NA	NA	NA	NA	NA	NA	NA	NA	-0.0134197	0.0465845
rs4676209	0.110025	0.136339	0.041847	0.0329558	0.101526	0.0651865	0.0228146	0.0505149	0.140281	0.0738834	0.106373	0.0764642	NA	NA
rs115234922	-0.27431	0.188278	NA	NA	NA	NA	NA	NA	NA	NA	NA	NA	-0.0175632	0.0465604
rs78833506	0.0688379	0.0667571	NA	NA	NA	NA	NA	NA	NA	NA	NA	NA	0.0146075	0.0188767
rs78921898	0.162335	0.0786899	NA	NA	NA	NA	NA	NA	NA	NA	NA	NA	NA	NA
rs75255750	0.0435809	0.114032	0.0223601	0.0537271	-0.149933	0.124894	-0.0233981	0.0747178	-0.0253929	0.109259	0.0545925	0.113056	-0.00129885	0.031238
rs79301617	-0.0493551	0.076078	NA	NA	NA	NA	NA	NA	NA	NA	NA	NA	0.00206393	0.0192504
rs112654383	-0.0489966	0.076018	NA	NA	NA	NA	NA	NA	NA	NA	NA	NA	-0.000514389	0.0191488
rs114301055	0.307277	0.15371	NA	NA	NA	NA	NA	NA	NA	NA	NA	NA	-0.131919	0.0360639
rs114931825	0.307277	0.15371	NA	NA	NA	NA	NA	NA	NA	NA	NA	NA	-0.131919	0.0360639
rs72935903	-0.0624636	0.0979923	0.022373	0.0537275	-0.149933	0.124894	-0.0233929	0.0747188	-0.0255642	0.109264	0.0545084	0.113061	-0.0422292	0.0255319
rs7574944	-0.0250937	0.0598615	0.0621888	0.0358828	0.0895632	0.074496	0.00831209	0.0523282	0.124019	0.0800747	0.000785453	0.083433	NA	NA
rs7575262	-0.0829065	0.0828168	-0.00421449	0.0454545	-0.0627369	0.0890542	-0.124911	0.0647902	0.0111124	0.105991	0.011485	0.110753	NA	NA
rs75470371	0.307119	0.153681	NA	NA	NA	NA	NA	NA	NA	NA	NA	NA	-0.114062	0.039102
rs75574507	0.0882595	0.108681	NA	NA	NA	NA	NA	NA	NA	NA	NA	NA	0.0574216	0.0278067
rs76045415	0.0493378	0.115167	NA	NA	NA	NA	NA	NA	NA	NA	NA	NA	-0.0137899	0.0293594
rs2889851	-0.0265412	0.0614131	0.0621461	0.0358848	0.0895512	0.0744998	0.00830537	0.0523317	0.121751	0.0801237	0.0028639	0.0833434	NA	NA
rs11898227	-0.336969	0.139241	NA	NA	NA	NA	NA	NA	NA	NA	NA	NA	0.0415425	0.0300439
rs114034642	0.0130168	0.138453	NA	NA	NA	NA	NA	NA	NA	NA	NA	NA	-0.0386408	0.0365027
rs13406863	-0.0435253	0.0895322	0.0222341	0.053843	-0.150042	0.125118	-0.0231317	0.0748852	-0.0293825	0.11031	0.0561812	0.114289	NA	NA
rs73952532	0.318468	0.199844	NA	NA	NA	NA	NA	NA	NA	NA	NA	NA	NA	NA
rs12464296	-0.0267047	0.0614134	0.0619231	0.0359359	0.093024	0.0748071	0.0160252	0.0524099	0.112817	0.0813689	-0.00262328	0.0844437	NA	NA
rs73952534	0.0494106	0.114918	NA	NA	NA	NA	NA	NA	NA	NA	NA	NA	-0.0137899	0.0293594
rs13410858	-0.076602	0.0964163	0.02236	0.0537284	-0.149935	0.124895	-0.0233859	0.0747205	-0.0255832	0.109268	0.0545104	0.113065	-0.0337992	0.0242482
rs114225416	-0.114128	0.213873	NA	NA	NA	NA	NA	NA	NA	NA	NA	NA	NA	NA
rs10865023	-0.162321	0.100619	-0.00338615	0.0440553	-0.0643645	0.0860217	-0.111954	0.0630182	0.023274	0.102608	0.0162027	0.107252	NA	NA
rs115848847	-0.336936	0.139262	NA	NA	NA	NA	NA	NA	NA	NA	NA	NA	0.0415425	0.0300439
rs115040642	-0.248045	0.141909	NA	NA	NA	NA	NA	NA	NA	NA	NA	NA	0.0340718	0.03245
rs112744195	0.00205653	0.156425	NA	NA	NA	NA	NA	NA	NA	NA	NA	NA	-0.000396706	0.0443568
rs11688034	0.00453755	0.0605865	0.0600443	0.0359216	0.089916	0.0745603	-0.00143957	0.0523672	0.114311	0.0802768	-0.00436239	0.0834477	NA	NA
rs115194231	-0.130057	0.110005	NA	NA	NA	NA	NA	NA	NA	NA	NA	NA	-0.0129955	0.0269008
rs11681025	-0.0266919	0.061414	0.062315	0.0358793	0.0896882	0.0744924	0.00678124	0.0523326	0.122838	0.0800796	0.00230682	0.0833109	NA	NA
rs13424314	-0.332663	0.145847	NA	NA	NA	NA	NA	NA	NA	NA	NA	NA	0.0411349	0.0325749
rs116826350	0.19998	0.0756038	NA	NA	NA	NA	NA	NA	NA	NA	NA	NA	0.0367165	0.023333
rs6727368	-0.0266919	0.061414	0.062315	0.0358793	0.0896882	0.0744924	0.00678124	0.0523326	0.122838	0.0800796	0.00230682	0.0833109	NA	NA
rs78086822	0.162549	0.0748906	NA	NA	NA	NA	NA	NA	NA	NA	NA	NA	NA	NA
rs4476312	-0.0250471	0.0598452	0.0622749	0.0358717	0.0896054	0.0744764	0.00671074	0.0523183	0.12514	0.0800246	0.00020626	0.0833942	NA	NA
rs4011974	-0.000422217	0.0570173	-0.00932937	0.0366292	0.00930055	0.0765916	-0.0609007	0.0528195	0.0376199	0.0816764	-0.00451263	0.0853404	NA	NA
rs10183476	-0.0730592	0.0612098	0.0224442	0.0537263	-0.149244	0.124845	-0.0232773	0.0747478	-0.0204414	0.107782	0.0690113	0.110958	NA	NA
rs77500844	0.123962	0.124013	NA	NA	NA	NA	NA	NA	NA	NA	NA	NA	NA	NA
rs112000963	0.0430272	0.214447	NA	NA	NA	NA	NA	NA	NA	NA	NA	NA	NA	NA
rs72935920	-0.226338	0.196566	NA	NA	NA	NA	NA	NA	NA	NA	NA	NA	-0.0936889	0.0483293
rs79018808	0.123921	0.124009	NA	NA	NA	NA	NA	NA	NA	NA	NA	NA	-0.0084249	0.029657
rs79674629	-0.336418	0.139266	NA	NA	NA	NA	NA	NA	NA	NA	NA	NA	0.0433962	0.0295579
rs112074852	0.0430272	0.214447	NA	NA	NA	NA	NA	NA	NA	NA	NA	NA	NA	NA
rs115344441	-0.117269	0.146801	NA	NA	NA	NA	NA	NA	NA	NA	NA	NA	NA	NA
rs9808000	-0.00793397	0.0642037	-0.000849077	0.0455018	-0.0632881	0.0890115	-0.112417	0.0649426	0.0219322	0.103713	0.00634044	0.10829	NA	NA
rs9808001	-0.0609774	0.114541	-0.000811504	0.0454917	-0.0629871	0.0889953	-0.11231	0.0649255	0.0268295	0.105798	0.0231979	0.110572	NA	NA
rs11123715	-0.0250171	0.0597658	0.0622749	0.0358717	0.0896054	0.0744764	0.00671074	0.0523183	0.12514	0.0800246	0.00020626	0.0833942	NA	NA
rs67384229	-0.0609774	0.114541	NA	NA	NA	NA	NA	NA	NA	NA	NA	NA	NA	NA
rs77984489	0.0435443	0.114028	0.022356	0.0537279	-0.149935	0.124895	-0.0233815	0.0747189	-0.0253992	0.109263	0.0545926	0.11306	NA	NA
rs72935931	-0.043586	0.089523	0.0226668	0.0537428	-0.149946	0.124917	-0.0235589	0.0747384	-0.0256764	0.109276	0.0545635	0.113072	-0.0356642	0.0238443
rs76087907	0.199894	0.075598	NA	NA	NA	NA	NA	NA	NA	NA	NA	NA	0.0367165	0.023333
rs115586362	-0.129736	0.109952	NA	NA	NA	NA	NA	NA	NA	NA	NA	NA	-0.0129955	0.0269008
rs4676211	0.0273529	0.100735	-0.00428129	0.0454628	-0.0629927	0.0890669	-0.124986	0.0647995	0.0119357	0.106012	0.0118696	0.11078	NA	NA
rs4676212	-0.163767	0.100957	-0.00421967	0.0454605	-0.0627831	0.0890585	-0.124983	0.0647995	0.0111621	0.105999	0.0114109	0.110763	NA	NA
rs11901003	-0.285935	0.148954	NA	NA	NA	NA	NA	NA	NA	NA	NA	NA	0.0561492	0.0356454
rs113003434	-0.0425931	0.0893346	0.0223689	0.0537283	-0.149935	0.124895	-0.0233763	0.07472	-0.0255706	0.109268	0.0545085	0.113065	-0.0352527	0.0237996
rs111748708	-0.043586	0.089523	0.0223689	0.0537283	-0.149935	0.124895	-0.0233763	0.07472	-0.0255706	0.109268	0.0545085	0.113065	-0.0356642	0.0238443
rs61622245	-0.0250342	0.0597701	0.0591047	0.0349309	0.0821188	0.0731354	0.00341846	0.0505336	0.105285	0.0784531	-0.0105171	0.0817048	NA	NA
rs7600513	-0.0250055	0.0597663	0.0569189	0.0351698	0.0813722	0.0732601	0.00030195	0.0509493	0.107369	0.0784299	-0.00922642	0.0817628	NA	NA
rs56963988	-0.0625218	0.0979966	0.0190006	0.0536238	-0.150616	0.127066	-0.0361285	0.073474	-0.0225947	0.107329	0.0528614	0.110975	-0.0422292	0.0255319
rs77051009	-0.057782	0.109889	0.0494009	0.0729481	0.0125409	0.131269	-0.146558	0.120626	0.0534795	0.161931	-0.399241	0.165563	0.00884546	0.0243967
rs73952535	0.318468	0.199844	NA	NA	NA	NA	NA	NA	NA	NA	NA	NA	-0.0136763	0.038189
rs4567891	0.413153	0.222844	NA	NA	NA	NA	NA	NA	NA	NA	NA	NA	0.00264291	0.0403638
rs72935940	-0.226443	0.196583	NA	NA	NA	NA	NA	NA	NA	NA	NA	NA	-0.0927914	0.0511274
rs1478518	-0.0625218	0.0979966	0.0190006	0.0536238	-0.150616	0.127066	-0.0361285	0.073474	-0.0225947	0.107329	0.0528614	0.110975	-0.0422292	0.0255319
rs10175865	-0.333395	0.145919	NA	NA	NA	NA	NA	NA	NA	NA	NA	NA	0.0411349	0.0325749
rs115154848	-0.129774	0.109953	NA	NA	NA	NA	NA	NA	NA	NA	NA	NA	-0.0129955	0.0269008
rs9646942	-0.16411	0.100877	-0.00318243	0.0446502	-0.0670115	0.0872516	-0.115314	0.0637749	0.0254012	0.104026	0.023747	0.108797	NA	NA
rs13423188	-0.0435241	0.0895205	0.0189871	0.0536246	-0.150616	0.127066	-0.0361591	0.0734751	-0.0225947	0.107329	0.0528614	0.110975	-0.0356642	0.0238443
rs75086385	0.162627	0.0787853	NA	NA	NA	NA	NA	NA	NA	NA	NA	NA	0.0330893	0.0236743
rs58286020	0.123389	0.124949	NA	NA	NA	NA	NA	NA	NA	NA	NA	NA	-0.00791519	0.0295496
rs60588225	0.182761	0.109548	NA	NA	NA	NA	NA	NA	NA	NA	NA	NA	-0.0134197	0.0465845
rs10171523	-0.0180983	0.108128	NA	NA	NA	NA	-0.113796	0.0638948	0.0155997	0.103529	0.0210347	0.108202	NA	NA
rs75859335	0.162627	0.0787853	NA	NA	NA	NA	NA	NA	NA	NA	NA	NA	NA	NA
rs6717214	-0.0418444	0.062593	-0.00318243	0.0446502	-0.0670115	0.0872516	-0.115314	0.0637749	0.0151554	0.101734	0.00297674	0.106299	-0.0124718	0.0160465
rs6720376	-0.0115767	0.0590562	0.0588118	0.0351274	0.0809622	0.07317	0.00810206	0.0509209	0.10737	0.0783503	-0.0224487	0.081635	NA	NA
rs4584990	-0.0115767	0.0590562	0.0588118	0.0351274	0.0809622	0.07317	0.00810206	0.0509209	0.10737	0.0783503	-0.0224487	0.081635	-0.0147355	0.0140587
rs2378216	-0.0115767	0.0590562	0.0588118	0.0351274	0.0809622	0.07317	0.00810206	0.0509209	0.10737	0.0783503	-0.0224487	0.081635	NA	NA
rs4676215	-0.0112192	0.0590699	0.0588118	0.0351274	0.0809622	0.07317	0.00810206	0.0509209	0.10737	0.0783503	-0.0224487	0.081635	NA	NA
rs78281861	-0.129774	0.109953	NA	NA	NA	NA	NA	NA	NA	NA	NA	NA	-0.0129955	0.0269008
rs79272266	-0.047244	0.0756816	NA	NA	NA	NA	NA	NA	NA	NA	NA	NA	-0.0011694	0.0191662
rs1073893	-0.0112192	0.0590699	0.0588118	0.0351274	0.0809622	0.07317	0.00810206	0.0509209	0.10737	0.0783503	-0.0224487	0.081635	NA	NA
rs1073894	-0.0112192	0.0590699	0.0588118	0.0351274	0.0809622	0.07317	0.00810206	0.0509209	0.10737	0.0783503	-0.0224487	0.081635	NA	NA
rs1073895	-0.0238927	0.0570098	-0.124173	0.0499924	-0.312127	0.112604	-0.150869	0.0690004	-0.17078	0.103106	0.0417514	0.107144	0.00571798	0.0148097
rs9308808	-0.133051	0.0794295	0.0190006	0.0536238	-0.150616	0.127066	-0.0361285	0.073474	-0.0225947	0.107329	0.0528614	0.110975	-0.00772722	0.019804
rs71383811	-0.0268613	0.0613187	NA	NA	NA	NA	0.00827735	0.0509095	0.113915	0.0782733	-0.000440468	0.0815439	-0.0118788	0.0142474
rs11686550	-0.0245564	0.0597512	0.0589523	0.0351254	0.0808366	0.073177	0.00825665	0.0509077	0.116158	0.0782511	-0.00241813	0.0816503	NA	NA
rs13386386	-0.106264	0.117607	NA	NA	NA	NA	NA	NA	NA	NA	NA	NA	0.0191977	0.0255778
rs10195050	-0.154567	0.0777919	0.018151	0.0530989	-0.148207	0.125694	-0.0352797	0.0728644	-0.0226792	0.10657	0.0541021	0.11013	-0.0113256	0.0202027
rs17036957	-0.129796	0.109882	NA	NA	NA	NA	NA	NA	NA	NA	NA	NA	NA	NA
rs7591305	-0.0409006	0.0627326	-0.00314249	0.0446626	-0.0668287	0.0872721	-0.115205	0.0637945	0.0125584	0.101747	0.00315668	0.10631	NA	NA
rs77143573	-0.334041	0.146055	NA	NA	NA	NA	NA	NA	NA	NA	NA	NA	0.0386192	0.0324269
rs77173991	0.043591	0.114018	0.0190596	0.0538541	-0.15252	0.127751	-0.0368819	0.0737223	-0.0183998	0.108082	0.0518668	0.111858	NA	NA
rs1478519	0.043591	0.114018	0.0191111	0.0536414	-0.150549	0.127159	-0.0361355	0.0734756	-0.0225947	0.107329	0.0528614	0.110975	NA	NA
rs75718975	0.318468	0.199844	NA	NA	NA	NA	NA	NA	NA	NA	NA	NA	-0.0136763	0.038189
rs10175513	-0.220476	0.122966	NA	NA	NA	NA	NA	NA	NA	NA	NA	NA	0.0341515	0.0289399
rs17036959	-0.0847484	0.0749581	NA	NA	NA	NA	NA	NA	NA	NA	NA	NA	-0.00232795	0.0190541
rs3193141	-0.0285722	0.0613519	0.0589349	0.0351268	0.0808494	0.073178	0.00828521	0.0509103	0.11393	0.0782738	-0.000443823	0.0815448	NA	NA
rs17036963	-0.127977	0.110094	NA	NA	NA	NA	NA	NA	NA	NA	NA	NA	-0.0129955	0.0269008
rs75326303	0.131916	0.123844	NA	NA	NA	NA	NA	NA	NA	NA	NA	NA	-0.0084249	0.029657
rs117296173	0.133564	0.123763	NA	NA	NA	NA	NA	NA	NA	NA	NA	NA	NA	NA
rs57332691	0.318484	0.199835	NA	NA	NA	NA	NA	NA	NA	NA	NA	NA	-0.0136763	0.038189
rs11904769	-0.0310838	0.0645411	-0.00318243	0.0446502	-0.0670115	0.0872516	-0.115314	0.0637749	0.0151554	0.101734	0.00297674	0.106299	NA	NA
rs7609412	0.158824	0.405141	0.0183695	0.0501877	-0.0282045	0.098367	-0.137397	0.0730652	0.0604997	0.110756	0.00931174	0.116923	-0.007922	0.0397005
rs1478520	-0.0291358	0.0613538	0.0589523	0.0351254	0.0808366	0.073177	0.00825665	0.0509077	0.113912	0.0782728	-0.000438453	0.0815433	NA	NA
rs114432249	0.34272	0.196101	NA	NA	NA	NA	NA	NA	NA	NA	NA	NA	NA	NA
rs1478521	-0.0267532	0.056294	-0.124173	0.0499924	-0.312127	0.112604	-0.150869	0.0690004	-0.17078	0.103106	0.0417514	0.107144	NA	NA
rs1478522	0.00341627	0.0590616	0.0584098	0.0350956	0.0804453	0.073047	0.00810206	0.0509209	0.10737	0.0783503	-0.0224487	0.081635	NA	NA
rs17036975	0.133564	0.123763	NA	NA	NA	NA	NA	NA	NA	NA	NA	NA	NA	NA
rs6542782	-0.0636199	0.114585	-0.00363429	0.0445938	-0.0670957	0.087077	-0.115314	0.0637749	0.0254012	0.104026	0.023747	0.108797	-0.0473635	0.026248
rs9636370	0.00320954	0.0590471	0.0584288	0.0350974	0.0804188	0.0730499	0.00812648	0.050924	0.10737	0.0783503	-0.0224487	0.081635	NA	NA
rs66959814	0.00320954	0.0590471	NA	NA	NA	NA	NA	NA	NA	NA	NA	NA	NA	NA
rs58231193	0.192593	0.109483	NA	NA	NA	NA	NA	NA	NA	NA	NA	NA	-0.0134197	0.0465845
rs80081674	0.307519	0.153612	NA	NA	NA	NA	NA	NA	NA	NA	NA	NA	NA	NA
rs17036982	0.0886852	0.108622	NA	NA	NA	NA	NA	NA	NA	NA	NA	NA	0.0500096	0.026776
rs17036987	0.318468	0.199844	NA	NA	NA	NA	NA	NA	NA	NA	NA	NA	NA	NA
rs13414516	-0.22534	0.123749	NA	NA	NA	NA	NA	NA	NA	NA	NA	NA	0.0367464	0.0306357
rs4420677	-0.21466	0.0936355	NA	NA	NA	NA	-0.115314	0.0637749	0.0254012	0.104026	0.023747	0.108797	NA	NA
rs66994701	0.112346	0.266667	NA	NA	NA	NA	NA	NA	NA	NA	NA	NA	NA	NA
rs115924215	0.0885005	0.108688	NA	NA	NA	NA	NA	NA	NA	NA	NA	NA	NA	NA
rs80266095	-0.12451	0.110319	NA	NA	NA	NA	NA	NA	NA	NA	NA	NA	-0.0129955	0.0269008
rs13392293	-0.22534	0.123749	NA	NA	NA	NA	NA	NA	NA	NA	NA	NA	0.0367464	0.0306357
rs6744968	-0.0118449	0.0591044	0.0584098	0.0350956	0.0804453	0.073047	0.00810206	0.0509209	0.10737	0.0783503	-0.0224487	0.081635	NA	NA
rs6716771	0.00320954	0.0590471	0.0584098	0.0350956	0.0804453	0.073047	0.00810206	0.0509209	0.10737	0.0783503	-0.0224487	0.081635	NA	NA
rs77976263	0.0753995	0.109327	NA	NA	NA	NA	NA	NA	NA	NA	NA	NA	0.0500096	0.026776
rs114989529	0.0753995	0.109327	NA	NA	NA	NA	NA	NA	NA	NA	NA	NA	0.0574216	0.0278067
rs72935978	-0.0810834	0.0936665	NA	NA	NA	NA	NA	NA	NA	NA	NA	NA	0.0257437	0.027242
rs72836530	-0.261841	0.116582	-0.00788847	0.06194	-0.0902407	0.118066	0.0180973	0.105586	-0.281607	0.172491	-0.120663	0.164714	NA	NA
rs78772844	0.318468	0.199844	NA	NA	NA	NA	NA	NA	NA	NA	NA	NA	NA	NA
rs1600195	-0.00319642	0.064206	-0.00363429	0.0445938	-0.0670957	0.087077	-0.115314	0.0637749	0.0151554	0.101734	0.00297674	0.106299	NA	NA
rs116092517	-0.104128	0.174345	NA	NA	NA	NA	NA	NA	NA	NA	NA	NA	0.0154202	0.0541279
rs112153309	0.149934	0.115935	NA	NA	NA	NA	NA	NA	NA	NA	NA	NA	NA	NA
rs765089	-0.00797044	0.0589933	0.0572365	0.0346009	0.0794111	0.0720094	0.00822882	0.0501645	0.10305	0.0770625	-0.0272548	0.0803017	NA	NA
rs75239847	-0.0845428	0.112327	0.0548807	0.0707487	-0.0214561	0.128478	-0.150563	0.11425	0.0493687	0.161146	-0.400853	0.164824	0.00637339	0.0244351
rs75257011	0.0757898	0.109349	NA	NA	NA	NA	NA	NA	NA	NA	NA	NA	0.047959	0.0273541
rs57046648	-0.213667	0.089547	NA	NA	NA	NA	NA	NA	NA	NA	NA	NA	0.0154351	0.022982
rs11682896	0.00704707	0.059051	0.0584098	0.0350956	0.0804453	0.073047	0.00810206	0.0509209	0.10737	0.0783503	-0.0224487	0.081635	NA	NA
rs11123716	0.00654495	0.0590744	0.058065	0.0350573	0.080523	0.0729687	0.00831477	0.0508465	0.10561	0.0781762	-0.0231652	0.0814524	NA	NA
rs114069511	0.206399	0.112867	NA	NA	NA	NA	NA	NA	NA	NA	NA	NA	NA	NA
rs66792814	-0.00298159	0.0642015	NA	NA	NA	NA	NA	NA	NA	NA	NA	NA	NA	NA
rs116484180	0.171048	0.0987038	NA	NA	NA	NA	NA	NA	NA	NA	NA	NA	NA	NA
rs115726538	0.196489	0.0758415	NA	NA	NA	NA	NA	NA	NA	NA	NA	NA	0.0378966	0.0233729
rs78675493	-0.333577	0.146004	NA	NA	NA	NA	NA	NA	NA	NA	NA	NA	0.0411349	0.0325749
rs114591044	0.204281	0.169506	NA	NA	NA	NA	NA	NA	NA	NA	NA	NA	NA	NA
rs1478515	-0.0278617	0.061332	0.0580671	0.0350544	0.0804646	0.0729641	0.00834785	0.0508416	0.112265	0.0780822	-0.00146416	0.081348	NA	NA
rs17037005	0.140097	0.123089	NA	NA	NA	NA	NA	NA	NA	NA	NA	NA	NA	NA
rs1478516	-0.0268893	0.0611913	0.0572322	0.0346016	0.0793421	0.0720118	0.0082436	0.0501646	0.109484	0.0769609	-0.00591576	0.0801892	NA	NA
rs6761035	0.157646	0.0749426	NA	NA	NA	NA	NA	NA	NA	NA	NA	NA	0.0272696	0.0228802
rs6747767	0.00360252	0.0591541	0.0580609	0.0350531	0.0804361	0.0729599	0.00836733	0.0508403	0.105754	0.0781754	-0.0234924	0.0814537	NA	NA
rs11904641	-0.132902	0.079424	0.0190436	0.0536256	-0.150357	0.127025	-0.0362691	0.0734778	-0.0225157	0.107322	0.0529608	0.110974	-0.00846305	0.0197856
rs6748168	-0.0280485	0.0644555	-0.00391475	0.0445684	-0.0666594	0.0870193	-0.114742	0.0637166	0.0133066	0.101655	0.00115562	0.106203	NA	NA
rs17037027	-0.0618893	0.0978355	0.0181559	0.0530991	-0.148206	0.125699	-0.0352989	0.072863	-0.0226865	0.106569	0.0540818	0.110129	-0.0403658	0.0254154
rs112069469	0.0303392	0.154399	NA	NA	NA	NA	NA	NA	NA	NA	NA	NA	-0.000396706	0.0443568
rs10203509	-0.132902	0.079424	0.0190436	0.0536256	-0.150357	0.127025	-0.0362691	0.0734778	-0.0225157	0.107322	0.0529608	0.110974	NA	NA
rs113539005	0.0489332	0.248698	NA	NA	NA	NA	NA	NA	NA	NA	NA	NA	NA	NA
rs74813762	-0.00744914	0.107987	0.019913	0.0536826	-0.151542	0.127192	-0.037299	0.0735262	-0.0217286	0.107424	0.0506405	0.111081	-0.0190075	0.0291414
rs10191385	-0.132902	0.079424	0.0190436	0.0536256	-0.150357	0.127025	-0.0362691	0.0734778	-0.0225157	0.107322	0.0529608	0.110974	-0.00846305	0.0197856
rs12993535	0.00715376	0.0590539	0.0580609	0.0350531	0.0804361	0.0729599	0.00836733	0.0508403	0.105754	0.0781754	-0.0234924	0.0814537	NA	NA
rs10194201	-0.0183534	0.0573041	-0.124165	0.0499934	-0.311844	0.112577	-0.151079	0.0690007	-0.170656	0.103096	0.0418297	0.107138	NA	NA
rs13025380	-0.0211736	0.0597826	0.0580609	0.0350531	0.0804361	0.0729599	0.00836733	0.0508403	0.114618	0.0780649	-0.00371323	0.0814612	NA	NA
rs10170471	-0.186427	0.094292	-0.00391475	0.0445684	-0.0666594	0.0870193	-0.114742	0.0637166	0.024769	0.10392	0.0225272	0.108672	NA	NA
rs75383608	-0.0825049	0.214584	NA	NA	NA	NA	NA	NA	NA	NA	NA	NA	NA	NA
rs10170875	-0.130192	0.103776	-0.00373816	0.0445541	-0.0675715	0.0869654	-0.114657	0.0637222	0.0264481	0.103854	0.0210175	0.108576	NA	NA
rs76085092	0.0796986	0.066847	NA	NA	NA	NA	NA	NA	NA	NA	NA	NA	0.0127837	0.0188626
rs10171047	-0.0630018	0.11447	-0.00391475	0.0445684	-0.0666594	0.0870193	-0.114742	0.0637166	0.024769	0.10392	0.0225272	0.108672	NA	NA
rs10194913	-0.13288	0.0794229	0.0190436	0.0536256	-0.150357	0.127025	-0.0362691	0.0734778	-0.0225157	0.107322	0.0529608	0.110974	NA	NA
rs113695395	-0.0624271	0.0979873	0.0190436	0.0536256	-0.150357	0.127025	-0.0362691	0.0734778	-0.0225157	0.107322	0.0529608	0.110974	-0.0403658	0.0254154
rs10179849	0.00542414	0.0567024	-0.124145	0.0499942	-0.311832	0.112576	-0.151005	0.0690025	-0.17069	0.103101	0.041844	0.107143	NA	NA
rs7574017	0.0648438	0.119506	NA	NA	NA	NA	NA	NA	NA	NA	NA	NA	0.0817734	0.0374172
rs7574030	-0.027092	0.061349	0.0578903	0.0350185	0.0799548	0.0728936	0.00840449	0.0507951	0.112547	0.0779571	-0.00145265	0.0812313	NA	NA
rs76303041	-0.0871816	0.0747209	NA	NA	NA	NA	NA	NA	NA	NA	NA	NA	-0.00232795	0.0190541
rs13402148	-0.0522229	0.0975975	0.0188818	0.0536015	-0.150342	0.126979	-0.0363727	0.0734538	-0.0223242	0.107253	0.0531202	0.110894	-0.0393059	0.0254757
rs1600196	0.120619	0.401941	0.017287	0.0500535	-0.027576	0.0980021	-0.135796	0.0729396	0.0609323	0.110505	0.00894726	0.116631	NA	NA
rs1600197	-0.027092	0.061349	0.0558473	0.0350643	0.0804191	0.0729782	0.000409029	0.0508359	0.103255	0.0780957	-0.00866525	0.0812975	NA	NA
rs1585707	-0.011237	0.057516	0.100697	0.0431202	0.0416891	0.0850136	-0.013683	0.0627856	0.144805	0.0968402	0.00856207	0.101361	NA	NA
rs1585708	-0.027005	0.0613622	0.0579073	0.0350172	0.0799889	0.0728893	0.0084237	0.0507935	0.112549	0.0779543	-0.00146047	0.0812281	-0.012976	0.0143194
rs56099136	-0.0210739	0.0597927	0.0579965	0.0350197	0.0797376	0.0728515	0.00810655	0.0508284	0.120517	0.0781045	-0.00845491	0.0814987	NA	NA
rs12712027	-0.0603318	0.114061	-0.00338911	0.0440547	-0.0643546	0.0860146	-0.112032	0.0630175	0.0231887	0.102602	0.0160898	0.107245	NA	NA
rs60750724	-0.134709	0.0830549	NA	NA	NA	NA	NA	NA	NA	NA	NA	NA	0.0106	0.0222141
rs13384370	0.0169989	0.078687	0.0187445	0.0536045	-0.149556	0.12699	-0.0364016	0.0734549	-0.0342323	0.105715	0.0126275	0.10947	-0.0289776	0.020326
rs78795845	-0.143334	0.106735	NA	NA	NA	NA	NA	NA	NA	NA	NA	NA	-0.0129955	0.0269008
rs113426579	-0.252033	0.122473	NA	NA	NA	NA	NA	NA	NA	NA	NA	NA	0.00203009	0.0360217
rs114698680	-0.333473	0.145995	NA	NA	NA	NA	NA	NA	NA	NA	NA	NA	0.0411349	0.0325749
rs74967919	-0.220132	0.122957	NA	NA	NA	NA	NA	NA	NA	NA	NA	NA	0.0341515	0.0289399
rs114694491	-0.11789	0.110536	NA	NA	NA	NA	NA	NA	NA	NA	NA	NA	-0.0129955	0.0269008
rs75085408	0.198423	0.109327	NA	NA	NA	NA	NA	NA	NA	NA	NA	NA	-0.0134197	0.0465845
rs115842284	-0.108722	0.146277	NA	NA	NA	NA	NA	NA	NA	NA	NA	NA	0.0286456	0.0306599
rs2127002	-0.014552	0.0572522	0.100697	0.0431202	0.0416891	0.0850136	-0.013683	0.0627856	0.144805	0.0968402	0.00856207	0.101361	NA	NA
rs6711572	-0.0830225	0.214209	NA	NA	NA	NA	NA	NA	NA	NA	NA	NA	NA	NA
rs6743140	-0.0270092	0.0613572	0.0579098	0.0350172	0.0799837	0.0728896	0.00842361	0.0507937	0.112556	0.0779537	-0.00144065	0.0812276	NA	NA
rs116241482	-0.181822	0.210056	NA	NA	NA	NA	NA	NA	NA	NA	NA	NA	-0.081746	0.0612796
rs10209491	-0.140612	0.101408	-0.00415831	0.04453	-0.0665965	0.0869445	-0.114516	0.0636657	0.0258519	0.103814	0.0233693	0.108552	NA	NA
rs10865024	0.00724314	0.0590554	NA	NA	NA	NA	0.0106621	0.051505	0.104997	0.0778951	-0.0234014	0.0811714	NA	NA
rs6747261	0.00725113	0.0590602	0.0610993	0.0352964	0.0795632	0.0727937	0.010662	0.0515052	0.105017	0.0778958	-0.0233624	0.0811724	NA	NA
rs115127281	-0.147093	0.193124	NA	NA	NA	NA	NA	NA	NA	NA	NA	NA	NA	NA
rs17037032	0.139981	0.123091	NA	NA	NA	NA	NA	NA	NA	NA	NA	NA	-0.0084249	0.029657
rs17037035	-0.0491504	0.0756354	NA	NA	NA	NA	NA	NA	NA	NA	NA	NA	NA	NA
rs1478517	0.237418	0.120448	0.0505137	0.0318186	0.089242	0.0623273	0.0306464	0.0493161	0.130891	0.0698976	0.07714	0.0725143	NA	NA
rs115501541	0.203991	0.169508	NA	NA	NA	NA	NA	NA	NA	NA	NA	NA	NA	NA
rs78281360	0.148882	0.0750935	NA	NA	NA	NA	NA	NA	NA	NA	NA	NA	NA	NA
rs59042321	-0.0211684	0.0596516	NA	NA	NA	NA	NA	NA	NA	NA	NA	NA	NA	NA
rs75155869	0.043882	0.113882	0.0191145	0.0536165	-0.150466	0.127102	-0.0364091	0.0734325	-0.0223462	0.107221	0.053262	0.11084	NA	NA
rs13001699	-0.00795223	0.058993	-0.00793475	0.0357416	0.00356164	0.074212	-0.0549126	0.0516487	0.0198253	0.0787084	-0.0331339	0.0822885	NA	NA
rs73952545	0.318484	0.199835	NA	NA	NA	NA	NA	NA	NA	NA	NA	NA	NA	NA
rs10206737	-0.219946	0.122651	NA	NA	NA	NA	NA	NA	NA	NA	NA	NA	0.0341515	0.0289399
rs3749096	-0.0234923	0.0570323	0.0181559	0.0530991	-0.148206	0.125699	-0.0352989	0.072863	-0.0226865	0.106569	0.0540818	0.110129	0.00625171	0.0148087
rs115259025	-0.130434	0.109953	NA	NA	NA	NA	NA	NA	NA	NA	NA	NA	NA	NA
rs3749097	-0.11613	0.0791516	0.0181559	0.0530991	-0.148206	0.125699	-0.0352989	0.072863	-0.0226865	0.106569	0.0540818	0.110129	-0.00787321	0.0197319
rs75703116	0.0711989	0.109551	NA	NA	NA	NA	NA	NA	NA	NA	NA	NA	0.0592689	0.0278881
rs7607563	-0.0150843	0.0641182	-0.000754379	0.0452919	-0.0671314	0.0868616	-0.117801	0.0654221	0.0131824	0.101431	0.00116974	0.105964	NA	NA
rs115930248	0.320365	0.132627	NA	NA	NA	NA	NA	NA	NA	NA	NA	NA	NA	NA
rs12623957	-0.0138006	0.0585963	0.0607477	0.0349142	0.0794075	0.0720096	0.0103979	0.0509181	0.10305	0.0770625	-0.0272548	0.0803017	NA	NA
rs3789738	-0.0211109	0.0598529	0.06302	0.0357269	0.0801597	0.0738382	0.0170995	0.0523744	0.131664	0.0792635	-0.0481971	0.0823719	NA	NA
rs115843678	0.422221	0.192405	NA	NA	NA	NA	NA	NA	NA	NA	NA	NA	NA	NA
rs116238015	0.341015	0.196001	NA	NA	NA	NA	NA	NA	NA	NA	NA	NA	NA	NA
rs114989211	0.341015	0.196001	NA	NA	NA	NA	NA	NA	NA	NA	NA	NA	NA	NA
rs2169812	-0.0316583	0.0645334	-0.000786104	0.0452912	-0.0670747	0.0868576	-0.117841	0.0654195	0.0132214	0.101449	0.00107858	0.105987	NA	NA
rs6542783	-0.0184363	0.0573101	0.0188973	0.0535708	-0.150092	0.126892	-0.0365329	0.0734018	-0.0223284	0.107187	0.0530658	0.110806	NA	NA
rs2378217	-0.0136524	0.0587171	-0.0114438	0.0361582	0.00247233	0.0751074	-0.0646578	0.0522356	0.0104044	0.0796055	-0.0367689	0.0831863	NA	NA
rs10172033	-0.132718	0.0794311	0.0188973	0.0535708	-0.150092	0.126892	-0.0365329	0.0734018	-0.0223284	0.107187	0.0530658	0.110806	-0.00772722	0.019804
rs940928	-0.0628594	0.0582654	-0.00911003	0.0361255	0.00220906	0.0750024	-0.0559554	0.0522329	0.0270541	0.0799659	-0.0169293	0.0838241	NA	NA
rs72937916	-0.226069	0.196618	NA	NA	NA	NA	NA	NA	NA	NA	NA	NA	-0.0936889	0.0483293
rs7591765	0.196763	0.075838	NA	NA	NA	NA	NA	NA	NA	NA	NA	NA	0.0367165	0.023333
rs4676218	-0.140061	0.101384	-0.000786104	0.0452912	-0.0670747	0.0868576	-0.117841	0.0654195	0.0246235	0.103695	0.0224308	0.10843	NA	NA
rs4676219	-0.140061	0.101384	-0.000786104	0.0452912	-0.0670747	0.0868576	-0.117841	0.0654195	0.0246235	0.103695	0.0224308	0.10843	NA	NA
rs11689836	-0.0271251	0.0613613	0.0610743	0.0353024	0.0791451	0.0728157	0.010739	0.0515116	0.111764	0.0778482	-0.00177654	0.0811295	NA	NA
rs60288156	-0.0815148	0.0748386	NA	NA	NA	NA	NA	NA	NA	NA	NA	NA	-0.00481362	0.0189638
rs61046697	0.158344	0.0749608	NA	NA	NA	NA	NA	NA	NA	NA	NA	NA	NA	NA
rs61447904	0.158344	0.0749608	NA	NA	NA	NA	NA	NA	NA	NA	NA	NA	0.0261799	0.0228441
rs76935644	0.0725106	0.064569	NA	NA	NA	NA	NA	NA	NA	NA	NA	NA	0.0135414	0.0186002
rs10164649	-0.0036939	0.0568566	-0.123872	0.0499504	-0.312301	0.112467	-0.151297	0.0689387	-0.170418	0.102962	0.0416484	0.106977	0.0041396	0.0150065
rs10178421	-0.0036939	0.0568566	-0.123872	0.0499504	-0.312301	0.112467	-0.151297	0.0689387	-0.170418	0.102962	0.0416484	0.106977	0.0041396	0.0150065
rs10202033	-0.18011	0.122176	NA	NA	NA	NA	NA	NA	NA	NA	NA	NA	NA	NA
rs115369652	-0.048768	0.0756472	NA	NA	NA	NA	NA	NA	NA	NA	NA	NA	-0.0011694	0.0191662
rs2617887	-0.149547	0.100668	-0.000786104	0.0452912	-0.0670747	0.0868576	-0.117841	0.0654195	0.0246235	0.103695	0.0224308	0.10843	NA	NA
rs2617886	0.0981086	0.397767	0.022893	0.0510601	-0.0238011	0.0978978	-0.141768	0.0754811	0.047582	0.110122	-0.00125754	0.115426	NA	NA
rs78813888	0.335342	0.141203	NA	NA	NA	NA	NA	NA	NA	NA	NA	NA	NA	NA
rs72836543	-0.0546684	0.0826792	NA	NA	NA	NA	NA	NA	NA	NA	NA	NA	NA	NA
rs13400724	-0.0653992	0.0982749	0.0190921	0.0535751	-0.151355	0.126903	-0.0367899	0.0734112	-0.0223284	0.107187	0.0530658	0.110806	-0.0403658	0.0254154
rs262086	-0.0164076	0.0598578	0.0610709	0.0353003	0.0791592	0.072813	0.0106988	0.0515083	0.113678	0.0777887	-0.00357247	0.0811816	NA	NA
rs116236581	0.159253	0.0753655	NA	NA	NA	NA	NA	NA	NA	NA	NA	NA	0.031087	0.0229354
rs113476345	-0.0581761	0.0760533	NA	NA	NA	NA	NA	NA	NA	NA	NA	NA	0.00206393	0.0192504
rs262085	0.0459643	0.389438	0.0217114	0.0510206	-0.0285389	0.0978995	-0.141973	0.0753368	0.0593801	0.110355	0.00804947	0.116479	NA	NA
rs13430335	-0.065345	0.0982672	0.0159759	0.0527936	-0.167923	0.122219	-0.0348507	0.072093	-0.0297912	0.105059	0.0331434	0.109536	-0.0401671	0.0253499
rs13430741	-0.0852859	0.129366	0.0182105	0.0553321	-0.165425	0.131399	-0.0436661	0.075237	-0.0113673	0.109852	0.0511312	0.113266	NA	NA
rs75007246	0.320227	0.19832	NA	NA	NA	NA	NA	NA	NA	NA	NA	NA	NA	NA
rs72937929	-0.0653992	0.0982749	0.0190921	0.0535751	-0.151355	0.126903	-0.0367899	0.0734112	-0.0223284	0.107187	0.0530658	0.110806	-0.0403658	0.0254154
rs75642940	0.320227	0.19832	NA	NA	NA	NA	NA	NA	NA	NA	NA	NA	-0.00372286	0.0384474
rs112024636	-0.23694	0.19904	NA	NA	NA	NA	NA	NA	NA	NA	NA	NA	-0.0936889	0.0483293
rs76269712	-0.0581761	0.0760533	NA	NA	NA	NA	NA	NA	NA	NA	NA	NA	0.00140669	0.0192682
rs260640	0.00660598	0.0587215	0.0621896	0.0353284	0.0888063	0.0723785	0.0104167	0.0515441	0.108923	0.0776238	-0.0130126	0.0810622	NA	NA
rs114883725	-0.290427	0.258457	NA	NA	NA	NA	NA	NA	NA	NA	NA	NA	-0.0450508	0.0585079
rs78148091	0.159253	0.0753655	NA	NA	NA	NA	NA	NA	NA	NA	NA	NA	0.031087	0.0229354
rs56742081	0.0647174	0.0597267	NA	NA	NA	NA	NA	NA	NA	NA	NA	NA	0.014234	0.0159643
rs75640926	0.10945	0.0971937	NA	NA	NA	NA	NA	NA	NA	NA	NA	NA	0.0424614	0.0254899
rs59079437	0.0274968	0.0675937	NA	NA	NA	NA	NA	NA	NA	NA	NA	NA	NA	NA
rs111870108	0.0588548	0.0596055	NA	NA	NA	NA	NA	NA	NA	NA	NA	NA	0.0140436	0.0161315
rs154997	0.0310856	0.0811691	-0.0135354	0.0363952	-0.00882467	0.0751295	-0.05222	0.0524833	0.0195431	0.0808744	-0.027684	0.084557	NA	NA
rs115082310	-0.332639	0.146016	NA	NA	NA	NA	NA	NA	NA	NA	NA	NA	0.0288709	0.0340781
rs76568224	0.0766148	0.0973452	NA	NA	NA	NA	NA	NA	NA	NA	NA	NA	NA	NA
rs17037091	-0.110716	0.109792	NA	NA	NA	NA	NA	NA	NA	NA	NA	NA	-0.0222588	0.0273032
rs880921	-0.181123	0.120052	NA	NA	NA	NA	NA	NA	NA	NA	NA	NA	NA	NA
rs78790506	0.0730126	0.101946	NA	NA	NA	NA	NA	NA	NA	NA	NA	NA	0.0320372	0.025599
rs260639	-0.0382638	0.0611956	0.060255	0.0356506	0.073998	0.0729237	0.0161539	0.051987	0.111211	0.0780418	-0.0140076	0.0814331	NA	NA
rs3833574	0.0282183	0.0558718	NA	NA	NA	NA	-0.05053	0.0753911	-0.0152904	0.106751	0.0333326	0.109599	NA	NA
rs260638	-0.0123774	0.0617355	-0.0127104	0.0363968	-0.0117166	0.0751654	-0.0527088	0.0524881	0.028531	0.0808219	-0.00607088	0.0845778	NA	NA
rs13397131	-0.0140848	0.0553092	0.0243504	0.0555761	-0.167881	0.131664	-0.0506401	0.0754091	0.000730451	0.107741	0.0716602	0.110438	0.0140919	0.0144594
rs114243774	-0.110329	0.10978	NA	NA	NA	NA	NA	NA	NA	NA	NA	NA	-0.00847553	0.0271602
rs79379076	0.174526	0.19153	0.02358	0.0555809	-0.168648	0.131783	-0.0504746	0.075354	-0.0114172	0.109737	0.0518736	0.113109	0.0978038	0.0435535
rs260637	-0.135604	0.100024	-0.00469079	0.0448924	-0.0829538	0.0856403	-0.118724	0.0648272	0.0224392	0.104264	0.00157949	0.109057	NA	NA
rs12328353	-0.0784314	0.0981652	0.024438	0.0533104	-0.171854	0.122565	-0.0471552	0.0725172	-0.0288963	0.104795	0.0330746	0.109272	NA	NA
rs260636	-0.135604	0.100024	-0.00469079	0.0448924	-0.0829538	0.0856403	-0.118724	0.0648272	0.0224392	0.104264	0.00157949	0.109057	NA	NA
rs67506553	0.0139795	0.0771818	NA	NA	NA	NA	NA	NA	NA	NA	NA	NA	NA	NA
rs79648056	-0.121832	0.110914	NA	NA	NA	NA	NA	NA	NA	NA	NA	NA	NA	NA
rs57906068	0.0337312	0.0704081	NA	NA	NA	NA	NA	NA	NA	NA	NA	NA	-0.00467311	0.0195734
rs76244665	-0.129894	0.105756	NA	NA	NA	NA	NA	NA	NA	NA	NA	NA	-0.0132198	0.0264834
rs114564140	-0.121829	0.110974	NA	NA	NA	NA	NA	NA	NA	NA	NA	NA	NA	NA
rs260635	-0.129089	0.100713	-0.00469079	0.0448924	-0.0829538	0.0856403	-0.118724	0.0648272	0.0224392	0.104264	0.00157949	0.109057	NA	NA
rs260634	-0.124041	0.100385	-0.00466731	0.0448914	-0.0830478	0.0856343	-0.118734	0.0648245	0.0221936	0.104262	0.00178867	0.109054	NA	NA
rs114372203	-0.267575	0.20312	NA	NA	NA	NA	NA	NA	NA	NA	NA	NA	-0.089344	0.0489142
rs260633	-0.0710764	0.0579572	-0.0193506	0.0331881	-0.001285	0.0659621	-0.0198384	0.050508	0.0299073	0.070289	0.0640585	0.0738027	NA	NA
rs11123717	0.130337	0.165466	0.023179	0.0305593	0.0337963	0.058222	0.0252025	0.0460993	0.122344	0.0672051	0.093925	0.0701145	0.00152179	0.021752
rs112723797	0.0531196	0.155845	NA	NA	NA	NA	NA	NA	NA	NA	NA	NA	-0.00501524	0.0456189
rs114055690	0.326075	0.189024	NA	NA	NA	NA	NA	NA	NA	NA	NA	NA	-0.0457175	0.0562082
rs260632	-0.00831271	0.0905112	-0.00510385	0.0449153	-0.0832859	0.0857418	-0.118152	0.064896	0.0205233	0.10425	0.0025793	0.109011	NA	NA
rs79798733	0.306452	0.153024	NA	NA	NA	NA	NA	NA	NA	NA	NA	NA	NA	NA
rs260631	-0.01554	0.0630497	0.0573139	0.0353448	0.0685906	0.0722963	0.0173056	0.0514792	0.114736	0.0775039	-0.00402124	0.0810701	NA	NA
rs116492701	0.326075	0.189024	NA	NA	NA	NA	NA	NA	NA	NA	NA	NA	-0.0457175	0.0562082
rs114808659	-0.12183	0.111227	NA	NA	NA	NA	NA	NA	NA	NA	NA	NA	-0.0129028	0.0279482
rs260630	-0.120692	0.0992798	-0.00452914	0.0445145	-0.0820035	0.0850081	-0.116332	0.0643235	0.0205233	0.10425	0.0025793	0.109011	NA	NA
rs260629	-0.120692	0.0992798	-0.00503429	0.0449215	-0.0833152	0.0857583	-0.118075	0.0649033	0.0175639	0.104268	0.00336338	0.10902	NA	NA
rs78382842	-0.102388	0.083688	NA	NA	NA	NA	NA	NA	NA	NA	NA	NA	0.00808425	0.0223404
rs13395803	-0.181436	0.119321	NA	NA	NA	NA	NA	NA	NA	NA	NA	NA	-0.0558113	0.0429191
rs260628	-0.0461479	0.0629885	-0.0125607	0.0361439	-0.00796067	0.0744421	-0.0490573	0.0522724	0.0348422	0.0794277	0.00466137	0.0836279	NA	NA
rs2606148	-0.120731	0.099282	-0.00514518	0.0449315	-0.0834225	0.0857751	-0.118226	0.0649236	0.0165259	0.104183	0.00500714	0.108951	NA	NA
rs260627	-0.0167606	0.0631842	0.0562616	0.0352762	0.0700443	0.0723374	0.0198589	0.0512749	0.112759	0.077607	-0.00262468	0.0811671	NA	NA
rs77325905	0.112792	0.0878527	NA	NA	NA	NA	NA	NA	NA	NA	NA	NA	-0.0163717	0.0249426
rs260626	-0.141918	0.0800016	NA	NA	NA	NA	NA	NA	NA	NA	NA	NA	NA	NA
rs12469095	-0.00920088	0.0995991	0.0467845	0.0327809	0.077874	0.0648017	0.0162289	0.049392	0.161295	0.0744761	0.0367084	0.0773067	NA	NA
rs114068758	0.0680596	0.117044	0.0282107	0.0539365	-0.159829	0.125909	-0.054768	0.0724101	-0.0279745	0.104713	0.032849	0.109203	-0.0262466	0.0317699
rs114914445	0.0740668	0.0997516	NA	NA	NA	NA	NA	NA	NA	NA	NA	NA	0.0458392	0.0262289
rs17037099	0.0612444	0.117143	0.0402839	0.0543036	-0.137479	0.13095	-0.0576551	0.0731177	-0.0226865	0.106569	0.0540818	0.110129	-0.0282608	0.0320557
rs116179492	-0.15033	0.223871	NA	NA	NA	NA	NA	NA	NA	NA	NA	NA	NA	NA
rs103855	-0.0753476	0.0705423	-0.00457167	0.0450396	-0.0906201	0.0862931	-0.113336	0.0647218	0.0403689	0.103644	0.0521895	0.108218	-0.017374	0.017358
rs755974	-0.110557	0.0786672	NA	NA	NA	NA	NA	NA	NA	NA	NA	NA	0.0158217	0.0202096
rs112459979	0.0712817	0.238903	NA	NA	NA	NA	NA	NA	NA	NA	NA	NA	0.00462149	0.0455411
rs74614658	-0.0798777	0.0993926	NA	NA	NA	NA	NA	NA	NA	NA	NA	NA	NA	NA
rs114748061	0.327625	0.18923	NA	NA	NA	NA	NA	NA	NA	NA	NA	NA	NA	NA
rs260595	-0.0272067	0.0629069	0.0482031	0.0354131	0.0539807	0.0732739	0.0225207	0.0511809	0.114601	0.077996	-0.00680731	0.0813675	NA	NA
rs260594	-0.0260343	0.114355	-0.0143882	0.0469032	-0.0655576	0.0894554	-0.124972	0.0673915	0.038235	0.109942	0.0607357	0.115288	NA	NA
rs74642113	0.0678248	0.100087	NA	NA	NA	NA	NA	NA	NA	NA	NA	NA	NA	NA
rs1807170	0.0391643	0.0586593	NA	NA	NA	NA	NA	NA	NA	NA	NA	NA	0.0136266	0.0151258
rs78811057	0.315953	0.136629	NA	NA	NA	NA	NA	NA	NA	NA	NA	NA	NA	NA
rs72937942	-0.0910893	0.0833675	0.0434608	0.0544139	-0.129624	0.130223	-0.0591468	0.0736047	-0.0208677	0.107303	0.0479938	0.110931	NA	NA
rs116792406	0.327861	0.189534	NA	NA	NA	NA	NA	NA	NA	NA	NA	NA	-0.0457175	0.0562082
rs76797589	0.326193	0.188838	NA	NA	NA	NA	NA	NA	NA	NA	NA	NA	NA	NA
rs116057474	0.327712	0.18924	NA	NA	NA	NA	NA	NA	NA	NA	NA	NA	NA	NA
rs60436078	-0.190815	0.106952	NA	NA	NA	NA	NA	NA	NA	NA	NA	NA	0.00362306	0.0254641
rs17037103	0.0526747	0.101079	NA	NA	NA	NA	NA	NA	NA	NA	NA	NA	NA	NA
rs260641	-0.0431331	0.0757688	-0.0118853	0.060474	-0.0866141	0.115577	0.0259518	0.103228	-0.25461	0.164939	-0.159683	0.158342	-0.0136879	0.0183288
rs10167054	-0.162852	0.119639	NA	NA	NA	NA	NA	NA	NA	NA	NA	NA	-0.0558113	0.0429191
rs112839249	-0.0876794	0.0832412	0.0429406	0.0545558	-0.158437	0.131819	-0.0696443	0.0740966	-0.0217252	0.107105	0.051792	0.110719	-0.0557248	0.0231963
rs113403948	-0.0312389	0.0599566	0.0383434	0.0536093	-0.175274	0.125675	-0.0671854	0.0724574	-0.0276021	0.104779	0.0313766	0.109276	-0.0343395	0.0153483
rs17037106	-0.0947455	0.0838138	0.0429082	0.0545565	-0.158327	0.131822	-0.0696435	0.0740971	-0.0217252	0.107105	0.051792	0.110719	NA	NA
rs72937949	-0.0360028	0.0706774	NA	NA	NA	NA	NA	NA	NA	NA	NA	NA	-0.0256013	0.0192154
rs115365929	0.0456807	0.156039	NA	NA	NA	NA	NA	NA	NA	NA	NA	NA	0.0637504	0.0426214
rs260642	-0.00860219	0.0560772	-0.0178228	0.0339756	0.0159823	0.069368	-0.0397101	0.0491649	0.089778	0.0774479	-0.0535794	0.081327	NA	NA
rs72937951	0.140884	0.0882825	NA	NA	NA	NA	NA	NA	NA	NA	NA	NA	NA	NA
rs116706624	0.305231	0.174905	NA	NA	NA	NA	NA	NA	NA	NA	NA	NA	-0.0762462	0.0641732
rs874594	-1.41E-05	0.0710265	NA	NA	NA	NA	0.00727314	0.0535014	0.0653445	0.0739132	0.137395	0.075549	NA	NA
rs78772415	0.0492857	0.107639	NA	NA	NA	NA	NA	NA	NA	NA	NA	NA	NA	NA
rs111851132	0.0987694	0.238272	NA	NA	NA	NA	NA	NA	NA	NA	NA	NA	0.00462149	0.0455411
rs75468890	-0.536394	0.216928	NA	NA	NA	NA	NA	NA	NA	NA	NA	NA	NA	NA
rs731586	-0.0622109	0.0752679	NA	NA	NA	NA	NA	NA	NA	NA	NA	NA	0.0227237	0.0181555
rs171857	-0.0255653	0.0752175	-0.00805394	0.0460839	-0.131134	0.0896517	-0.102555	0.0655928	0.02872	0.106278	0.136544	0.110632	NA	NA
rs77885579	0.282343	0.114644	NA	NA	NA	NA	NA	NA	NA	NA	NA	NA	-0.0372822	0.0430953
rs87545	-0.0155645	0.0603244	0.0435229	0.0364905	0.0386159	0.0769685	0.030358	0.0525153	0.102262	0.0788074	0.0782791	0.0820572	NA	NA
rs70664	0.0277574	0.0569674	-0.0302983	0.0372361	-0.0372063	0.0781134	-0.0379685	0.0533685	0.0190664	0.0802259	0.0884561	0.0838947	NA	NA
rs116790995	-0.00925459	0.102798	NA	NA	NA	NA	NA	NA	NA	NA	NA	NA	-0.0168929	0.0303479
rs59570064	-0.0619552	0.165931	NA	NA	NA	NA	NA	NA	NA	NA	NA	NA	-0.0736871	0.0441959
rs111900269	0.395698	0.272385	NA	NA	NA	NA	NA	NA	NA	NA	NA	NA	NA	NA
rs10203613	0.0599532	0.0601983	-0.10489	0.0525352	-0.35608	0.117944	-0.178643	0.0708665	-0.152833	0.102485	-0.0237325	0.106519	-0.0464382	0.017085
rs749810	-0.021033	0.0555097	-0.102024	0.0530828	-0.35748	0.123309	-0.18463	0.0720163	-0.15005	0.103551	-0.00526938	0.107285	-0.0116933	0.0143256
rs112376617	0.404579	0.274183	NA	NA	NA	NA	NA	NA	NA	NA	NA	NA	NA	NA
rs260643	-0.115474	0.0856088	0.0087347	0.0438369	-0.130555	0.085926	-0.138085	0.0617925	0.0550782	0.103079	0.149785	0.106309	-0.0192963	0.0205549
rs2077536	-0.00523495	0.054592	-0.104317	0.0525097	-0.356068	0.117944	-0.178486	0.0708274	-0.153201	0.102487	-0.0244916	0.106527	-0.0138298	0.0142385
rs113809781	0.253097	0.10315	NA	NA	NA	NA	NA	NA	NA	NA	NA	NA	NA	NA
rs3749107	0.0498231	0.0624821	-0.104414	0.0524559	-0.352764	0.117553	-0.178643	0.0708665	-0.152463	0.102081	-0.0231459	0.106068	-0.0356708	0.0177259
rs748225	-0.0528774	0.069699	0.0634216	0.0577748	-0.168566	0.143596	-0.0626865	0.0782411	0.00238857	0.108022	0.00210079	0.111463	NA	NA
rs113124398	0.404579	0.274183	NA	NA	NA	NA	NA	NA	NA	NA	NA	NA	NA	NA
rs748224	8.52E-05	0.0559046	-0.103267	0.0524561	-0.355651	0.117968	-0.178101	0.0707438	-0.153201	0.102487	-0.0244916	0.106527	-0.0156849	0.0141748
rs75080817	0.00808321	0.0924894	NA	NA	NA	NA	NA	NA	NA	NA	NA	NA	0.0441381	0.0206504
rs74818624	0.343623	0.120916	NA	NA	NA	NA	NA	NA	NA	NA	NA	NA	-0.0069206	0.047173
rs6732336	0.0235191	0.0539574	-0.152277	0.0580735	-0.490587	0.130406	-0.194173	0.0811979	-0.169564	0.11232	0.0436749	0.114901	NA	NA
rs6750351	0.0194245	0.0633132	NA	NA	NA	NA	NA	NA	NA	NA	NA	NA	-0.00175771	0.0168298
rs57390317	-0.0777062	0.112349	NA	NA	NA	NA	NA	NA	NA	NA	NA	NA	NA	NA
rs35139932	0.0662071	0.101186	0.0646914	0.0314764	-0.054192	0.0611966	-0.029324	0.047194	0.184418	0.0769094	0.146445	0.080334	0.0253067	0.0203004
rs6750964	-0.0717915	0.0578593	-0.00635024	0.0323487	-0.15415	0.0625349	-0.113817	0.0486452	0.101055	0.0814687	0.085631	0.0833865	-0.00908239	0.0139204
rs116554776	0.0509796	0.192237	NA	NA	NA	NA	NA	NA	NA	NA	NA	NA	NA	NA
rs72836562	-0.528874	0.252431	-0.0122573	0.0604383	-0.124091	0.115146	0.0559601	0.104683	-0.223347	0.158124	-0.100355	0.152185	NA	NA
rs2378225	-0.136175	0.107792	NA	NA	NA	NA	NA	NA	NA	NA	NA	NA	-0.0247593	0.0221195
rs7585920	0.237528	0.122884	NA	NA	NA	NA	NA	NA	NA	NA	NA	NA	-0.0790678	0.0371009
rs77843253	-0.533389	0.211967	NA	NA	NA	NA	NA	NA	NA	NA	NA	NA	NA	NA
rs115435041	0.36167	0.175109	NA	NA	NA	NA	NA	NA	NA	NA	NA	NA	NA	NA
rs922452	0.201709	0.14194	-0.0706742	0.0934027	0.0475729	0.200535	0.222688	0.124222	-0.218617	0.314764	-0.196862	0.294131	NA	NA
rs13397666	-0.0299052	0.0577776	0.0544483	0.0311083	-0.0942232	0.0611653	-0.0547373	0.0463723	0.179123	0.0781695	0.0855136	0.0804241	NA	NA
rs12476308	-0.00735477	0.0572312	-0.00186205	0.0318978	-0.152099	0.0614679	-0.120496	0.047568	0.10269	0.0809498	0.0761266	0.0828692	-0.0148068	0.0140897
rs7586908	0.34626	0.15604	NA	NA	NA	NA	NA	NA	NA	NA	NA	NA	NA	NA
rs62151088	-0.0667892	0.131262	0.0326571	0.0640576	0.283523	0.115938	-0.0134433	0.105241	-0.0303556	0.132056	-0.0206618	0.136909	NA	NA
rs10865026	0.0427392	0.0986924	0.0503292	0.0312399	-0.102429	0.0615388	-0.0651877	0.0463462	0.16744	0.0792646	0.0562817	0.0811722	0.0214847	0.019253
rs899260	0.327561	0.159387	NA	NA	NA	NA	NA	NA	NA	NA	NA	NA	-0.0861712	0.0530082
rs28657754	0.274816	0.221928	NA	NA	NA	NA	NA	NA	NA	NA	NA	NA	0.00138324	0.0611269
rs28393619	0.0933757	0.106987	-0.914225	0.120175	NA	NA	-0.716392	0.171281	NA	NA	NA	NA	-0.0800598	0.0241375
rs28731021	0.0768476	0.106808	NA	NA	NA	NA	-0.716321	0.171278	NA	NA	NA	NA	-0.087205	0.0245971
rs28620407	0.0768476	0.106808	NA	NA	NA	NA	-0.716321	0.171278	NA	NA	NA	NA	NA	NA
rs75669277	-0.0137475	0.120177	-0.914224	0.120172	NA	NA	-0.716216	0.171279	NA	NA	NA	NA	-0.0636952	0.0312207
rs28407350	0.287416	0.197071	NA	NA	NA	NA	NA	NA	NA	NA	NA	NA	-0.0955842	0.0380186
rs78231164	-0.0611649	0.0775792	NA	NA	NA	NA	NA	NA	NA	NA	NA	NA	0.0363414	0.019705
rs899259	0.00664995	0.0608412	-0.00132469	0.0320254	-0.152129	0.0615579	-0.115987	0.0478318	0.0909459	0.081862	0.0568787	0.0839078	NA	NA
rs61201295	-0.169941	0.134216	NA	NA	NA	NA	NA	NA	NA	NA	NA	NA	NA	NA
rs13425509	0.0833909	0.0840673	-0.913827	0.120156	NA	NA	-0.716204	0.171248	NA	NA	NA	NA	-0.0630727	0.0195747
rs113255769	-0.578249	0.212143	NA	NA	NA	NA	NA	NA	NA	NA	NA	NA	NA	NA
rs114400412	-0.578249	0.212143	NA	NA	NA	NA	NA	NA	NA	NA	NA	NA	NA	NA
rs13425588	0.414865	0.15438	NA	NA	NA	NA	-0.709628	0.171472	NA	NA	NA	NA	NA	NA
rs13412137	0.161308	0.0879987	NA	NA	NA	NA	-0.716288	0.171251	NA	NA	NA	NA	NA	NA
rs72937961	0.0239144	0.123322	NA	NA	NA	NA	NA	NA	NA	NA	NA	NA	NA	NA
rs111244660	-0.583613	0.212474	NA	NA	NA	NA	NA	NA	NA	NA	NA	NA	0.00785251	0.0424641
rs41427644	0.435617	0.13834	NA	NA	NA	NA	NA	NA	NA	NA	NA	NA	NA	NA
rs112242751	0.0418118	0.130018	NA	NA	NA	NA	NA	NA	NA	NA	NA	NA	-0.0603301	0.0307869
rs7602341	0.208192	0.0906552	-0.917536	0.120681	NA	NA	-0.723047	0.172073	NA	NA	NA	NA	-0.0788825	0.0227667
rs7588482	0.365957	0.120518	-0.916655	0.12069	NA	NA	-0.715426	0.172268	NA	NA	NA	NA	-0.0852606	0.0311914
rs113348023	0.208192	0.0906552	-0.917536	0.120681	NA	NA	-0.723047	0.172073	NA	NA	NA	NA	-0.0788825	0.0227667
rs114996768	-0.0302527	0.0948192	NA	NA	NA	NA	NA	NA	NA	NA	NA	NA	0.0669324	0.0260952
rs72937964	0.208137	0.0901267	-0.917536	0.120681	NA	NA	-0.723047	0.172073	NA	NA	NA	NA	-0.0788825	0.0227667
rs114070144	0.5565	0.179609	NA	NA	NA	NA	NA	NA	NA	NA	NA	NA	-0.160793	0.0416973
rs72937966	0.161565	0.266624	NA	NA	NA	NA	NA	NA	NA	NA	NA	NA	-0.0566112	0.0624429
rs72937970	0.00259917	0.121956	NA	NA	NA	NA	NA	NA	NA	NA	NA	NA	-0.0603301	0.0307869
rs6761501	0.0140853	0.0600332	-0.00411406	0.0319296	-0.144688	0.0617916	-0.114506	0.0477679	0.0854624	0.0821031	0.0517925	0.0842202	0.00294936	0.013754
rs13419228	0.365515	0.120437	-0.916655	0.12069	NA	NA	-0.715426	0.172268	NA	NA	NA	NA	-0.0852606	0.0311914
rs77015130	0.365515	0.120437	-0.916655	0.12069	NA	NA	-0.715426	0.172268	NA	NA	NA	NA	-0.0852606	0.0311914
rs78411098	-0.582251	0.211948	NA	NA	NA	NA	NA	NA	NA	NA	NA	NA	0.00785251	0.0424641
rs58546108	-0.17233	0.134126	NA	NA	NA	NA	NA	NA	NA	NA	NA	NA	-0.0603301	0.0307869
rs112910406	0.147216	0.264062	NA	NA	NA	NA	NA	NA	NA	NA	NA	NA	-0.0491445	0.0637319
rs113279050	0.386763	0.151668	-0.916695	0.120699	NA	NA	-0.715526	0.172284	NA	NA	NA	NA	-0.0495704	0.041239
rs113151980	0.00197986	0.122065	NA	NA	NA	NA	NA	NA	NA	NA	NA	NA	-0.0717598	0.032447
rs76160766	0.3472	0.139192	NA	NA	NA	NA	NA	NA	NA	NA	NA	NA	-0.104609	0.0378051
rs13427222	-0.0239224	0.0564298	0.0518657	0.0311601	-0.0871563	0.0615732	-0.0589674	0.0466807	0.164138	0.0794357	0.0607014	0.0817942	NA	NA
rs72059989	-0.1672	0.0909269	NA	NA	NA	NA	NA	NA	NA	NA	NA	NA	NA	NA
rs78216501	0.343941	0.139598	-0.916655	0.120716	NA	NA	-0.715489	0.172313	NA	NA	NA	NA	-0.099755	0.035897
rs74994653	-0.662008	0.222701	NA	NA	NA	NA	NA	NA	NA	NA	NA	NA	NA	NA
rs111982260	0.346174	0.139739	-0.916655	0.120716	NA	NA	-0.715489	0.172313	NA	NA	NA	NA	NA	NA
rs67470346	-0.03316	0.0561635	NA	NA	NA	NA	-0.0587438	0.0471612	0.163965	0.0799913	0.0632556	0.0823445	NA	NA
rs9967881	0.340833	0.139164	NA	NA	NA	NA	-0.715489	0.172313	NA	NA	NA	NA	-0.107986	0.0369994
rs34312904	0.340833	0.139164	NA	NA	NA	NA	-0.715489	0.172313	NA	NA	NA	NA	NA	NA
rs111357359	-0.162867	0.110093	NA	NA	NA	NA	NA	NA	NA	NA	NA	NA	-0.036035	0.0249304
rs13428167	-0.178742	0.121418	NA	NA	NA	NA	NA	NA	NA	NA	NA	NA	-0.0641956	0.0408731
rs9967687	0.340833	0.139164	-0.916655	0.120716	NA	NA	-0.715489	0.172313	NA	NA	NA	NA	-0.107986	0.0369994
rs9967821	0.340833	0.139164	-0.916655	0.120716	NA	NA	-0.715489	0.172313	NA	NA	NA	NA	-0.107986	0.0369994
rs73952555	0.340833	0.139164	-0.916652	0.120716	NA	NA	-0.715501	0.172312	NA	NA	NA	NA	-0.102953	0.0365474
rs73952556	0.340833	0.139164	-0.916652	0.120716	NA	NA	-0.715501	0.172312	NA	NA	NA	NA	-0.102953	0.0365474
rs73952557	0.340833	0.139164	-0.916692	0.12069	NA	NA	-0.71588	0.172258	NA	NA	NA	NA	-0.102953	0.0365474
rs73952558	0.340833	0.139164	-0.916652	0.120716	NA	NA	-0.715501	0.172312	NA	NA	NA	NA	-0.102953	0.0365474
rs114106647	0.321672	0.132975	NA	NA	NA	NA	NA	NA	NA	NA	NA	NA	NA	NA
rs73952559	0.317748	0.132126	-0.916652	0.120716	NA	NA	-0.715501	0.172312	NA	NA	NA	NA	-0.102953	0.0365474
rs73952560	0.321672	0.132975	-0.916652	0.120716	NA	NA	-0.715501	0.172312	NA	NA	NA	NA	-0.105498	0.0355694
rs73952561	0.321672	0.132975	-0.916652	0.120716	NA	NA	-0.715501	0.172312	NA	NA	NA	NA	-0.102953	0.0365474
rs73952562	0.361435	0.144588	NA	NA	NA	NA	NA	NA	NA	NA	NA	NA	-0.0705405	0.051604
rs59759684	0.321729	0.132976	-0.916724	0.120804	NA	NA	-0.715338	0.172475	NA	NA	NA	NA	NA	NA
rs12474900	-0.00711791	0.0559314	0.0539498	0.0331878	-0.139344	0.0652074	-0.0675094	0.0484933	0.15799	0.0805996	0.0781675	0.0844804	0.0345608	0.013353
rs12474934	-0.000765673	0.0560673	0.0541357	0.0331413	-0.138213	0.0651251	-0.0671446	0.0483659	0.159805	0.0806266	0.0763627	0.0845168	0.0345608	0.013353
rs12475005	-0.00714753	0.0559322	0.0541487	0.0331445	-0.138249	0.0651314	-0.0671244	0.0483721	0.159797	0.0806314	0.0763659	0.0845241	0.0324754	0.0133723
rs56259003	0.321729	0.132976	-0.916724	0.120804	NA	NA	-0.715338	0.172475	NA	NA	NA	NA	-0.102953	0.0365474
rs6542785	0.052896	0.0578335	-0.00678533	0.0335583	-0.201965	0.064736	-0.124201	0.0485901	0.0787959	0.0830029	0.0666986	0.0866187	0.0110829	0.0137046
rs6542786	0.0232037	0.0560109	0.0541203	0.0331301	-0.138077	0.0651099	-0.0671306	0.0483475	0.159861	0.080605	0.0763633	0.084491	0.0332616	0.0133425
rs6542787	0.0263652	0.0557606	-0.00554389	0.0334558	-0.201487	0.0643208	-0.123034	0.0484886	0.0779695	0.0823516	0.0653762	0.0859228	0.0190312	0.0134522
rs7598206	0.00411118	0.0584044	-0.00678898	0.0335606	-0.201995	0.0647375	-0.124235	0.0485941	0.0787959	0.0830029	0.0666986	0.0866187	0.00844555	0.0137884
rs73952563	0.317899	0.132133	-0.916724	0.120804	NA	NA	-0.715338	0.172475	NA	NA	NA	NA	-0.102953	0.0365474
rs260709	0.0259193	0.0559143	-0.0822106	0.0384492	0.0399268	0.0768251	-0.000101225	0.0559232	-0.201922	0.0975148	-0.0865252	0.0982527	NA	NA
rs72937974	-0.205337	0.134895	NA	NA	NA	NA	NA	NA	NA	NA	NA	NA	-0.0507373	0.0323972
rs260710	-0.0829834	0.0575869	3.11E-05	0.0396623	0.12913	0.0774902	0.0754891	0.0576637	-0.0883421	0.101302	-0.0803605	0.100458	-0.0164359	0.0132866
rs72937979	-0.229468	0.154824	NA	NA	NA	NA	NA	NA	NA	NA	NA	NA	-0.0682481	0.0344141
rs11123718	0.0515239	0.126459	0.0423554	0.0321265	-0.0503204	0.0626532	0.00540003	0.0464851	0.0498254	0.0728141	0.0471195	0.0767802	0.0130996	0.0205792
rs260711	0.0717956	0.0608313	-0.0840756	0.0383242	0.0307794	0.0761178	0.000325883	0.0559779	-0.202585	0.0945275	-0.0846675	0.0954294	-0.027614	0.0140618
rs111394251	0.686045	0.235647	NA	NA	NA	NA	NA	NA	NA	NA	NA	NA	NA	NA
rs13425733	-0.121578	0.0665008	NA	NA	NA	NA	NA	NA	NA	NA	NA	NA	0.0262973	0.0182694
rs73952564	0.407757	0.154656	NA	NA	NA	NA	NA	NA	NA	NA	NA	NA	-0.0384802	0.060806
rs6757507	0.575011	0.100116	-0.861936	0.115793	-1.20132	0.264396	-0.718282	0.17241	NA	NA	NA	NA	-0.100295	0.0269402
rs59241810	0.581753	0.0840295	-0.862087	0.115778	-1.20053	0.264417	-0.718149	0.172395	NA	NA	NA	NA	-0.0856699	0.0244025
rs73952566	0.369489	0.142736	-0.913277	0.124179	NA	NA	-0.707062	0.178399	NA	NA	NA	NA	NA	NA
rs112536317	0.08981	0.137485	NA	NA	NA	NA	NA	NA	NA	NA	NA	NA	NA	NA
rs17034628	0.00955207	0.100888	-0.912457	0.124217	NA	NA	-0.704651	0.178475	-1.09762	0.271174	-0.434105	0.311106	-0.0598904	0.0260032
rs17034630	0.0288212	0.111341	NA	NA	NA	NA	NA	NA	NA	NA	NA	NA	-0.0466187	0.0277825
rs114101591	0.404301	0.130761	NA	NA	NA	NA	NA	NA	NA	NA	NA	NA	-0.0792828	0.0507309
rs6542788	0.0119005	0.100712	NA	NA	NA	NA	NA	NA	NA	NA	NA	NA	-0.0525155	0.0258587
rs260712	0.19198	0.0674569	-0.0953341	0.0424762	-0.0562534	0.087346	0.0318977	0.0611115	-0.224207	0.102727	-0.0659177	0.102276	NA	NA
rs7560456	0.446952	0.102689	NA	NA	NA	NA	NA	NA	NA	NA	NA	NA	-0.0561749	0.0395303
rs73952567	0.420518	0.0978842	NA	NA	NA	NA	NA	NA	NA	NA	NA	NA	NA	NA
rs59357012	-0.139304	0.181981	NA	NA	NA	NA	NA	NA	NA	NA	NA	NA	0.0352978	0.0299206
rs155219	-0.131832	0.0559546	-0.00187097	0.0389584	0.00183095	0.0804873	0.0629313	0.0551718	0.0101198	0.0891281	0.0797205	0.0881283	NA	NA
rs260713	0.178229	0.0658045	-0.0782997	0.0375157	-0.093133	0.0769803	-0.00102964	0.0536928	-0.099133	0.0871537	0.0412897	0.086509	NA	NA
rs72937984	-0.443979	0.144836	NA	NA	NA	NA	NA	NA	NA	NA	NA	NA	0.0201104	0.0321783
rs17034646	0.420301	0.0978225	NA	NA	NA	NA	NA	NA	NA	NA	NA	NA	NA	NA
rs260714	0.150932	0.0730276	-0.076783	0.0372867	-0.0918154	0.0762402	-0.00102707	0.0536864	-0.0986668	0.0865756	0.0419786	0.0858576	NA	NA
rs114582592	0.704698	0.1351	NA	NA	NA	NA	NA	NA	NA	NA	NA	NA	-0.107669	0.0372238
rs260715	-0.179512	0.0569037	-0.076202	0.037601	-0.0864285	0.0776211	-0.00103947	0.0536498	-0.0890081	0.0874312	0.0634502	0.0865707	NA	NA
rs116280045	-0.179512	0.0569037	NA	NA	NA	NA	NA	NA	NA	NA	NA	NA	NA	NA
rs115957039	0.055231	0.0951518	-0.913374	0.124224	NA	NA	-0.704815	0.178472	-1.08641	0.268238	-0.449722	0.3073	NA	NA
rs260716	-0.175363	0.0569407	-0.0017625	0.0389486	0.00168308	0.0804659	0.0629049	0.0551627	0.00996745	0.089058	0.0797379	0.0880495	NA	NA
rs114392114	0.115628	0.136703	NA	NA	NA	NA	NA	NA	NA	NA	NA	NA	NA	NA
rs56014907	-0.139753	0.0724545	0.0174973	0.0969454	-0.182073	0.198698	0.165548	0.141902	-0.113011	0.222581	-0.0842986	0.214112	0.00224083	0.018807
rs78028751	0.681201	0.175831	NA	NA	NA	NA	NA	NA	NA	NA	NA	NA	-0.147344	0.0399453
rs7559299	0.0940669	0.104621	NA	NA	NA	NA	NA	NA	NA	NA	NA	NA	NA	NA
rs7562895	0.398144	0.149547	NA	NA	NA	NA	NA	NA	NA	NA	NA	NA	-0.0246667	0.0577483
rs260697	-0.169311	0.0580052	NA	NA	NA	NA	0.0629007	0.0551666	0.0103658	0.089088	0.0799034	0.0880936	NA	NA
rs260698	-0.175277	0.0565903	-0.000933988	0.0384876	0.00205289	0.0793564	0.0618526	0.0547359	0.00980645	0.0884629	0.0803805	0.0873895	NA	NA
rs79645854	0.62289	0.142268	NA	NA	NA	NA	NA	NA	NA	NA	NA	NA	-0.102466	0.034027
rs73952568	0.386241	0.148907	NA	NA	NA	NA	NA	NA	NA	NA	NA	NA	NA	NA
rs260699	0.150356	0.0735624	-0.0781675	0.0375084	-0.0932342	0.0769626	-0.00102721	0.0536861	-0.099243	0.087156	0.0413873	0.0865114	-0.0198952	0.0150336
rs260700	-0.175058	0.0567067	-0.0762388	0.0376011	-0.086422	0.0776222	-0.00106821	0.0536507	-0.0887076	0.0874539	0.0635591	0.0866037	NA	NA
rs73952569	0.519962	0.0831895	NA	NA	NA	NA	NA	NA	NA	NA	NA	NA	-0.100388	0.0243817
rs260702	-0.168542	0.0568653	-0.00171517	0.0389573	0.0016726	0.0804882	0.0630078	0.0551763	0.0103669	0.0891131	0.0818396	0.0881235	0.0297746	0.0136614
rs260703	-0.174592	0.056781	-0.00168843	0.038945	0.0018821	0.0804717	0.0630525	0.0551511	0.0103624	0.0891111	0.0818406	0.0881212	NA	NA
rs260704	0.0772377	0.0612172	-0.0780857	0.0374982	-0.0931135	0.0769761	-0.0011074	0.0536465	-0.088652	0.0874577	0.0635622	0.0866137	NA	NA
rs374059	-0.178112	0.0567253	NA	NA	NA	NA	0.00317473	0.0542257	-0.0886158	0.0874752	0.0636393	0.0866344	NA	NA
rs6731403	0.0587988	0.127783	0.0336078	0.0324425	-0.0853175	0.0654439	-0.0578016	0.0468275	0.0760602	0.0746104	-0.0119191	0.0784419	0.0392739	0.020066
rs260705	0.0702627	0.0611109	-0.0764577	0.0375577	-0.0944618	0.07674	0.00321719	0.0542008	-0.0880687	0.0868875	0.0643159	0.0859602	-0.000305038	0.0140285
rs17034666	0.0766027	0.103096	-0.0222253	0.0590267	0.118751	0.117512	0.137902	0.0875813	-0.115564	0.132572	-0.0197471	0.13178	-0.00607748	0.020107
rs17034667	0.506253	0.0841368	-0.783782	0.120221	-1.17099	0.26	-0.618892	0.182812	NA	NA	NA	NA	-0.0913655	0.024621
rs67869731	0.0517593	0.0630321	NA	NA	NA	NA	NA	NA	NA	NA	NA	NA	NA	NA
rs111976151	0.506903	0.0842892	-0.785993	0.120509	-1.17141	0.260329	-0.621959	0.183385	NA	NA	NA	NA	NA	NA
rs260706	-0.135825	0.0795419	0.012083	0.0770482	-0.104149	0.163007	-0.102445	0.109824	0.184275	0.135322	0.249914	0.137029	0.0397581	0.0183738
rs260707	-0.154917	0.0568555	0.0154733	0.0499706	0.0554896	0.108879	0.158997	0.068588	-0.0516034	0.127476	0.0539092	0.123382	NA	NA
rs115742952	0.124552	0.140077	NA	NA	NA	NA	NA	NA	NA	NA	NA	NA	-0.0800091	0.0391721
rs114253499	0.080983	0.22188	NA	NA	NA	NA	NA	NA	NA	NA	NA	NA	NA	NA
rs77842644	0.353082	0.130443	NA	NA	NA	NA	NA	NA	NA	NA	NA	NA	0.105221	0.0510468
rs116704382	-0.643894	0.20245	NA	NA	NA	NA	NA	NA	NA	NA	NA	NA	NA	NA
rs166347	-0.0270773	0.109868	NA	NA	NA	NA	NA	NA	NA	NA	NA	NA	0.0326144	0.0258365
rs73952570	0.356409	0.0943535	NA	NA	NA	NA	NA	NA	-1.11648	0.273212	-0.429054	0.314112	NA	NA
rs79692049	0.399017	0.132499	NA	NA	NA	NA	NA	NA	NA	NA	NA	NA	NA	NA
rs75107136	0.599906	0.199953	NA	NA	NA	NA	NA	NA	NA	NA	NA	NA	-0.119726	0.0438388
rs73952571	0.357232	0.0944255	NA	NA	NA	NA	NA	NA	NA	NA	NA	NA	-0.0809938	0.0241766
rs388139	-0.140804	0.0572707	0.0173339	0.0500154	0.0553885	0.10895	0.159708	0.0686597	-0.0516175	0.127528	0.0537704	0.123433	NA	NA
rs260708	-0.140804	0.0572707	0.0176674	0.0499873	0.055373	0.10895	0.159321	0.0686104	-0.0516613	0.127529	0.0537668	0.123434	NA	NA
rs115513935	0.0872079	0.153036	NA	NA	NA	NA	NA	NA	NA	NA	NA	NA	NA	NA
rs75813103	0.0928882	0.120658	NA	NA	NA	NA	NA	NA	NA	NA	NA	NA	NA	NA
rs114695371	0.39897	0.132162	NA	NA	NA	NA	NA	NA	NA	NA	NA	NA	NA	NA
rs365060	-0.126932	0.05699	-0.0922806	0.0476288	-0.108081	0.104316	0.0683287	0.0663982	-0.231481	0.119337	0.0240213	0.11815	NA	NA
rs17034673	0.314711	0.0934286	NA	NA	NA	NA	NA	NA	NA	NA	NA	NA	-0.0739438	0.0238491
rs260685	-0.126792	0.0569895	0.0173778	0.0500525	0.0451476	0.108938	0.159282	0.0686085	-0.0517159	0.127527	0.0537398	0.123433	NA	NA
rs7594163	0.0871807	0.152919	NA	NA	NA	NA	NA	NA	NA	NA	NA	NA	-0.0280581	0.0391196
rs73952572	0.3617	0.138758	NA	NA	NA	NA	NA	NA	NA	NA	NA	NA	-0.0113008	0.0479491
rs17034678	0.398459	0.132072	NA	NA	NA	NA	NA	NA	NA	NA	NA	NA	0.105221	0.0510468
rs154998	-0.014378	0.060789	0.0176777	0.050063	0.045163	0.108963	0.159331	0.0686114	-0.0685127	0.128535	0.00632181	0.125	NA	NA
rs112048374	0.147992	0.161434	NA	NA	NA	NA	NA	NA	NA	NA	NA	NA	0.0835367	0.037726
rs74641098	0.085732	0.223485	NA	NA	NA	NA	NA	NA	NA	NA	NA	NA	NA	NA
rs260686	-0.144678	0.0561738	0.017378	0.0500528	0.0451308	0.108941	0.15927	0.0686096	-0.0459973	0.130242	0.0522642	0.126346	NA	NA
rs17034680	0.428082	0.133485	NA	NA	NA	NA	NA	NA	NA	NA	NA	NA	0.105221	0.0510468
rs260687	-0.00935396	0.0648876	-0.0197137	0.049964	-0.0482723	0.108865	-0.149913	0.0685112	0.0629606	0.128508	-0.000693	0.124537	NA	NA
rs260688	-0.00977816	0.065204	-0.0180191	0.0504256	-0.0453453	0.11021	-0.16967	0.0690886	0.0629606	0.128508	-0.000693	0.124537	NA	NA
rs260689	-0.124764	0.0722871	NA	NA	NA	NA	-0.0773552	0.0670728	0.24534	0.120131	0.0263449	0.11926	NA	NA
rs365690	0.0761552	0.0569054	NA	NA	NA	NA	NA	NA	NA	NA	NA	NA	NA	NA
rs116552880	0.426523	0.132929	NA	NA	NA	NA	NA	NA	NA	NA	NA	NA	0.105221	0.0510468
rs260690	0.0740848	0.0569703	-0.0168279	0.0503498	-0.0443312	0.109779	-0.169668	0.0690933	0.0472759	0.129221	-0.0499333	0.125007	-0.00107102	0.0138445
rs116247681	0.105435	0.155863	NA	NA	NA	NA	NA	NA	NA	NA	NA	NA	-0.0191287	0.0409096
rs260691	0.0149982	0.0610605	-0.0178721	0.0504151	-0.0459145	0.110199	-0.169693	0.0690924	0.0628016	0.128499	-0.000587259	0.12453	0.0011088	0.0141089
rs260692	0.0132795	0.0617198	-0.0178794	0.0504154	-0.0459367	0.1102	-0.169735	0.0690924	0.0628016	0.128499	-0.000587259	0.12453	NA	NA
rs57640054	0.303607	0.099055	NA	NA	NA	NA	NA	NA	NA	NA	NA	NA	-0.0565775	0.0246528
rs10167870	-0.204231	0.0873141	NA	NA	NA	NA	NA	NA	NA	NA	NA	NA	0.00399517	0.0234988
rs10179216	0.124827	0.0598807	-0.0331039	0.0370303	-0.202859	0.073591	-0.176662	0.0533085	0.0252488	0.0922807	-0.00426148	0.0970836	-0.0157282	0.0140835
rs10202879	-0.495854	0.157977	NA	NA	NA	NA	NA	NA	NA	NA	NA	NA	0.0124418	0.0312041
rs10205546	-0.495712	0.158001	NA	NA	NA	NA	NA	NA	NA	NA	NA	NA	NA	NA
rs5021634	0.106809	0.0569938	-0.0303786	0.0372583	-0.18229	0.0736086	-0.179126	0.0539225	0.019322	0.0939366	0.0356324	0.0988953	-0.0181638	0.0142563
rs72939907	-0.184224	0.260817	NA	NA	NA	NA	NA	NA	NA	NA	NA	NA	0.0394172	0.0518756
rs13427084	0.0639913	0.0641841	-0.0963097	0.0656714	-0.0924272	0.12365	-0.0867861	0.10668	0.0472134	0.148862	-0.19543	0.153236	-0.00396561	0.0175301
rs4676223	0.105527	0.0982282	-0.00420185	0.0310098	-0.0861888	0.059491	-0.0915229	0.0451711	-0.0686866	0.0752553	0.0877802	0.08029	NA	NA
rs13427308	-0.0555316	0.101178	NA	NA	NA	NA	NA	NA	NA	NA	NA	NA	-0.0546982	0.0353379
rs10174266	0.0874642	0.0585829	-0.0249111	0.0335592	-0.161767	0.0660604	-0.126274	0.048614	-0.0497824	0.0814191	0.055874	0.0855185	-0.0290372	0.0142452
rs114746999	-0.134868	0.174532	NA	NA	NA	NA	NA	NA	NA	NA	NA	NA	NA	NA
rs116160907	0.0908546	0.210179	NA	NA	NA	NA	NA	NA	NA	NA	NA	NA	-0.0036409	0.0397224
rs10779899	0.0543692	0.0557196	-0.024363	0.032952	-0.154775	0.0684107	-0.0817437	0.048755	-0.0165265	0.0799963	-0.0821273	0.0844316	NA	NA
rs10496426	0.0865766	0.106554	NA	NA	NA	NA	NA	NA	NA	NA	NA	NA	0.0637855	0.0283244
rs10174201	0.155945	0.0693804	0.132409	0.0830978	0.340863	0.141136	-0.0696784	0.148497	0.221151	0.202782	-0.0854221	0.205018	-0.00532875	0.0194681
rs115478429	0.168196	0.176899	NA	NA	NA	NA	NA	NA	NA	NA	NA	NA	-0.00571894	0.0426909
rs77304476	0.259578	0.30534	0.06154	0.112304	0.465631	0.233897	0.230864	0.182553	-0.0466099	0.220961	0.234053	0.229168	NA	NA
rs7594209	0.0831634	0.125032	NA	NA	NA	NA	NA	NA	NA	NA	NA	NA	0.0675944	0.0332455
rs260694	-0.206964	0.0868018	NA	NA	NA	NA	NA	NA	NA	NA	NA	NA	NA	NA
rs11123719	-0.131256	0.0614299	-0.0627274	0.0423466	-0.104226	0.0849399	0.0990745	0.0623689	0.0482979	0.115891	-0.080742	0.118256	NA	NA
rs11691107	0.0265941	0.0557262	-0.137541	0.0696992	0.0609411	0.124924	-0.288028	0.112357	-0.180666	0.160417	-0.156041	0.167362	0.00504516	0.0154719
rs114794866	-0.00108283	0.195925	NA	NA	NA	NA	NA	NA	NA	NA	NA	NA	0.139543	0.0566497
rs78145545	-0.461843	0.159087	NA	NA	NA	NA	NA	NA	NA	NA	NA	NA	0.0327254	0.0353078
rs77948778	-0.461843	0.159087	NA	NA	NA	NA	NA	NA	NA	NA	NA	NA	0.035307	0.0351027
rs12622467	-0.129761	0.0604372	-0.0634354	0.0422283	-0.105064	0.0847461	0.100835	0.062114	0.0495896	0.115691	-0.0789657	0.118167	NA	NA
rs4676046	-0.125346	0.0617572	-0.063405	0.0422306	-0.105092	0.0847471	0.100804	0.0621151	0.0495896	0.115691	-0.0789657	0.118167	NA	NA
rs114044227	0.172328	0.176828	NA	NA	NA	NA	NA	NA	NA	NA	NA	NA	-0.00571894	0.0426909
rs17034717	0.0895513	0.0585494	0.127172	0.0810042	0.342818	0.134319	-0.0907968	0.140451	0.209776	0.188331	-0.135872	0.190251	-0.00673689	0.01702
rs11694335	0.113346	0.0582399	0.127172	0.0810042	0.342818	0.134319	-0.0907968	0.140451	0.209776	0.188331	-0.135872	0.190251	NA	NA
rs260695	0.00235796	0.055229	0.129701	0.0700787	-0.0726741	0.126586	0.297177	0.11252	0.177299	0.161487	0.160129	0.168328	NA	NA
rs11887732	-0.475422	0.160028	NA	NA	NA	NA	NA	NA	NA	NA	NA	NA	0.035307	0.0351027
rs13029834	0.0250358	0.0929471	0.0365078	0.0284969	-0.070632	0.0569848	-0.049282	0.042032	0.0247207	0.0643835	-0.050009	0.0672199	0.0545257	0.0183333
rs116145256	0.252823	0.109043	NA	NA	NA	NA	NA	NA	NA	NA	NA	NA	NA	NA
rs260696	0.107553	0.128364	0.0121623	0.0322167	0.103887	0.0665515	0.0405187	0.0474406	-0.00189362	0.0729979	0.121544	0.0759225	-0.0193879	0.0225763
rs73952574	0.0370689	0.216211	NA	NA	NA	NA	NA	NA	NA	NA	NA	NA	NA	NA
rs7609321	0.106859	0.236245	NA	NA	NA	NA	NA	NA	NA	NA	NA	NA	NA	NA
rs61686486	-0.110221	0.0737664	-0.0674153	0.0422351	-0.104294	0.0850082	0.0985741	0.0620086	0.0541128	0.114803	-0.0754224	0.117424	NA	NA
rs75029088	0.208168	0.164513	NA	NA	NA	NA	NA	NA	NA	NA	NA	NA	-0.142234	0.0372636
rs12992554	0.0241282	0.0929837	0.0369623	0.0283956	-0.0695031	0.0567921	-0.0493566	0.0419282	0.0217018	0.0636045	-0.048965	0.0663503	0.0531182	0.0183411
rs114652930	-0.00592772	0.130582	NA	NA	NA	NA	NA	NA	NA	NA	NA	NA	-0.0443628	0.0411589
rs112024725	-0.48125	0.160671	NA	NA	NA	NA	NA	NA	NA	NA	NA	NA	0.0327254	0.0353078
rs6708350	-0.110555	0.0607198	-0.0659404	0.0421604	-0.104073	0.0845753	0.099141	0.0620345	0.0535086	0.114721	-0.0750626	0.11731	NA	NA
rs7560650	0.0655714	0.120021	0.0149524	0.0316268	0.0866959	0.06587	0.0488904	0.0467059	-0.0396247	0.0716156	0.0957979	0.074263	NA	NA
rs1984850	0.0622232	0.110159	0.0295558	0.0282698	-0.0988756	0.0569327	-0.0463666	0.041368	-0.00765979	0.063292	-0.0147862	0.0671396	NA	NA
rs1965882	0.0409642	0.092166	0.033601	0.0283154	-0.0959519	0.0572637	-0.0433267	0.0413785	0.00850928	0.0629218	-0.00597214	0.0668082	0.0550728	0.0183339
rs1983063	-0.285438	0.12647	0.0350837	0.0279402	-0.0916665	0.0564176	-0.042152	0.0408341	-0.00186542	0.0627274	-0.00844871	0.0665011	0.0383343	0.0199385
rs11676729	0.084686	0.056655	0.129052	0.0817203	0.343813	0.136487	-0.0851334	0.142749	0.21859	0.1916	-0.134984	0.193537	-0.0123555	0.01631
rs115621944	-0.186993	0.145418	NA	NA	NA	NA	NA	NA	NA	NA	NA	NA	-0.00198214	0.0351271
rs78783364	-0.0531668	0.103147	NA	NA	NA	NA	NA	NA	NA	NA	NA	NA	NA	NA
rs260597	0.178833	0.0708365	-0.0254548	0.0303465	0.0945308	0.0629162	0.0137332	0.0451259	-0.0399497	0.0649426	0.0529632	0.0682846	-0.0346042	0.0162776
rs75323097	0.279333	0.307168	-0.314737	0.084976	-0.205819	0.184283	-0.188252	0.132338	-0.444153	0.176512	0.0919547	0.188745	NA	NA
rs76884931	-0.157638	0.258613	NA	NA	NA	NA	NA	NA	NA	NA	NA	NA	-0.0567946	0.057789
rs116773613	0.248926	0.106743	NA	NA	NA	NA	NA	NA	NA	NA	NA	NA	-0.00274125	0.027283
rs56135111	0.253017	0.308683	0.0604309	0.110975	0.455429	0.229005	0.230963	0.182662	-0.0511502	0.218468	0.226363	0.226778	NA	NA
rs55796074	0.251111	0.308215	0.0628414	0.111021	0.45585	0.229072	0.231752	0.182724	-0.0500715	0.21848	0.226858	0.22683	NA	NA
rs7585138	0.121898	0.0857488	0.0321839	0.0272875	-0.106189	0.0556787	-0.0423802	0.0396425	-0.0104039	0.06301	-0.0202189	0.066607	0.0228082	0.0174468
rs260598	0.102034	0.0563383	0.0299305	0.0294393	0.17895	0.060126	0.0202021	0.0430836	0.0374622	0.0695083	0.0989732	0.0717032	-0.0193971	0.0143632
rs260599	0.0573562	0.255428	NA	NA	NA	NA	NA	NA	NA	NA	NA	NA	NA	NA
rs260600	0.167592	0.0589897	NA	NA	NA	NA	-0.115498	0.0567454	-0.0355601	0.101341	0.0141813	0.103199	NA	NA
rs260601	0.167588	0.0589896	NA	NA	NA	NA	-0.115498	0.0567454	-0.0355601	0.101341	0.0141813	0.103199	NA	NA
rs260602	0.167588	0.0589896	0.0513314	0.0391472	0.0411621	0.0794299	-0.115498	0.0567454	-0.0355601	0.101341	0.0141813	0.103199	-0.00053144	0.0148415
rs260603	0.168403	0.0591147	0.0521387	0.0391989	0.0411325	0.0796872	-0.115498	0.0567454	-0.0355601	0.101341	0.0141813	0.103199	NA	NA
rs114248036	0.380203	0.140617	NA	NA	NA	NA	NA	NA	NA	NA	NA	NA	NA	NA
rs73952589	-0.159845	0.0750341	NA	NA	NA	NA	NA	NA	NA	NA	NA	NA	0.00202454	0.0203207
rs17034725	0.24119	0.104879	0.0216407	0.106654	0.324162	0.216911	-0.0181324	0.144882	0.149834	0.184368	-0.545101	0.210222	NA	NA
rs260604	0.167588	0.0589896	0.0511911	0.0388748	0.0337732	0.0784856	-0.115498	0.0567454	-0.0355601	0.101341	0.0141813	0.103199	-0.00053144	0.0148415
rs2378227	0.186568	0.0814359	0.0135163	0.0291177	0.145155	0.0611729	0.0213938	0.0425379	0.0287893	0.0679371	0.0635056	0.071986	-0.0109478	0.0176977
rs166346	0.167588	0.0589896	0.0511911	0.0388748	0.0337732	0.0784856	-0.115498	0.0567454	-0.0355601	0.101341	0.0141813	0.103199	NA	NA
rs260605	0.167885	0.0590235	0.0511605	0.038877	0.0336753	0.0784866	-0.115365	0.0567489	-0.0355601	0.101341	0.0141813	0.103199	NA	NA
rs260606	0.167588	0.0589896	0.0511911	0.0388748	0.0337732	0.0784856	-0.115498	0.0567454	-0.0355601	0.101341	0.0141813	0.103199	NA	NA
rs183780	0.186568	0.0814359	0.0135501	0.0291166	0.145155	0.0611729	0.0213874	0.0425353	0.0287893	0.0679371	0.0635056	0.071986	-0.00886733	0.0176647
rs72939921	-0.214144	0.115522	NA	NA	NA	NA	NA	NA	NA	NA	NA	NA	NA	NA
rs260607	0.167738	0.0590049	0.0511819	0.0388751	0.0337523	0.0784862	-0.115501	0.0567458	-0.0355601	0.101341	0.0141813	0.103199	NA	NA
rs56304131	0.143588	0.0592648	NA	NA	NA	NA	NA	NA	NA	NA	NA	NA	NA	NA
rs56338771	0.0427432	0.0933621	NA	NA	NA	NA	0.0149278	0.0429093	0.0733194	0.0682874	0.0567094	0.0719928	NA	NA
rs80223377	0.0427432	0.0933621	NA	NA	NA	NA	0.022496	0.0423729	0.0531875	0.0672554	0.0450289	0.0709166	NA	NA
rs429520	0.0427432	0.0933621	NA	NA	NA	NA	-0.0115359	0.0416338	-0.000541227	0.0665326	0.0389441	0.0704771	NA	NA
rs77862328	-0.482914	0.183524	NA	NA	NA	NA	NA	NA	NA	NA	NA	NA	0.0264481	0.0366308
rs56219654	0.273718	0.30674	0.0737831	0.103662	0.437932	0.212856	0.155051	0.173084	-0.053537	0.216782	0.221144	0.224929	NA	NA
rs260608	0.169848	0.0582879	0.0511911	0.0388748	0.0337732	0.0784856	-0.115498	0.0567454	-0.0355601	0.101341	0.0141813	0.103199	-0.00083368	0.0147451
rs6711767	0.429136	0.336855	0.0186848	0.0351581	0.0766906	0.0707424	-0.0128319	0.0532984	0.0254879	0.0782978	0.178274	0.0800335	NA	NA
rs11123720	0.0283869	0.19227	0.0329771	0.0272261	-0.110765	0.0558314	-0.0363455	0.0396509	-0.0119038	0.0630699	-0.0258161	0.0666162	0.0398351	0.0235686
rs17034733	0.231723	0.102855	0.0216407	0.106654	0.324162	0.216911	-0.0181324	0.144882	0.149834	0.184368	-0.545101	0.210222	0.00153885	0.0270474
rs17034736	0.232106	0.10276	0.0216552	0.106547	0.324369	0.216726	-0.018359	0.144693	0.149599	0.184019	-0.544291	0.209799	0.00153885	0.0270474
rs114815343	0.46521	0.196818	NA	NA	NA	NA	NA	NA	NA	NA	NA	NA	NA	NA
rs12466509	0.114404	0.0858801	0.0322994	0.0274941	-0.109558	0.0558727	-0.0426935	0.0400821	-0.00603619	0.0633313	-0.026551	0.0669727	0.0228082	0.0174468
rs77666624	0.0563238	0.124182	NA	NA	NA	NA	NA	NA	NA	NA	NA	NA	0.0670798	0.0352022
rs12467455	0.112854	0.0857889	0.0322994	0.0274941	-0.109558	0.0558727	-0.0426935	0.0400821	-0.00603619	0.0633313	-0.026551	0.0669727	0.0228082	0.0174468
rs116619670	0.246266	0.126765	0.0422287	0.106938	0.332974	0.217223	-0.0290977	0.145282	0.146002	0.183572	-0.392988	0.208227	-0.00294435	0.0350266
rs260673	0.176334	0.0579442	0.0541672	0.038403	0.0358541	0.077723	-0.114415	0.0558041	-0.0387421	0.0996115	0.00895129	0.101561	0.00260195	0.0147596
rs720107	0.112866	0.0857896	0.0322486	0.0274577	-0.107929	0.0557995	-0.043571	0.0399711	-0.00581474	0.0633894	-0.0273657	0.0669621	0.0228082	0.0174468
rs260674	0.161731	0.0567758	0.0553906	0.0380142	0.0390728	0.0770669	-0.115386	0.0551085	-0.036895	0.0989225	0.00941623	0.100904	0.00239334	0.014667
rs17269487	0.0938363	0.0855591	0.0334288	0.026954	-0.103336	0.0549108	-0.0436418	0.039045	-0.0116758	0.0625254	-0.0269191	0.0660696	NA	NA
rs77921137	0.466075	0.195965	NA	NA	NA	NA	NA	NA	NA	NA	NA	NA	-0.144835	0.0404703
rs72939926	-0.259647	0.112043	NA	NA	NA	NA	NA	NA	NA	NA	NA	NA	0.0247375	0.0268884
rs114193968	-0.244128	0.153899	NA	NA	NA	NA	NA	NA	NA	NA	NA	NA	0.0309069	0.0408318
rs260675	0.163144	0.0635032	-0.0545199	0.0969188	-0.265179	0.199984	-0.222345	0.164781	0.00343281	0.189485	-0.234567	0.191557	NA	NA
rs78676234	-0.272005	0.123947	NA	NA	NA	NA	NA	NA	NA	NA	NA	NA	NA	NA
rs72939929	-0.214718	0.115721	NA	NA	NA	NA	NA	NA	NA	NA	NA	NA	0.0242432	0.0271188
rs260676	0.154698	0.0643537	NA	NA	NA	NA	NA	NA	NA	NA	NA	NA	NA	NA
rs115372121	0.0628113	0.199835	NA	NA	NA	NA	NA	NA	NA	NA	NA	NA	NA	NA
rs75147553	0.278992	0.306842	0.0596678	0.109791	0.445147	0.224335	0.23021	0.183144	-0.0526719	0.216324	0.222591	0.224439	NA	NA
rs79844428	-0.011992	0.0796537	-0.301178	0.0826206	-0.119643	0.177661	-0.241085	0.12506	-0.440718	0.175304	0.0873707	0.187394	NA	NA
rs73952593	-0.206359	0.0693431	NA	NA	NA	NA	NA	NA	NA	NA	NA	NA	0.0101326	0.0180484
rs260677	0.10057	0.063767	NA	NA	NA	NA	NA	NA	NA	NA	NA	NA	NA	NA
rs115996859	0.0657994	0.199036	NA	NA	NA	NA	NA	NA	NA	NA	NA	NA	NA	NA
rs76153825	0.46468	0.196107	NA	NA	NA	NA	NA	NA	NA	NA	NA	NA	NA	NA
rs79487742	-0.184218	0.165477	NA	NA	NA	NA	NA	NA	NA	NA	NA	NA	-0.00707845	0.0316094
rs260678	0.0995977	0.101485	0.0144308	0.0299967	0.122444	0.0625263	0.0260193	0.0440581	-0.00289907	0.0709953	0.120337	0.0736587	-0.0173482	0.01988
rs74637422	0.41232	0.182994	NA	NA	NA	NA	NA	NA	NA	NA	NA	NA	-0.144835	0.0404703
rs45479	0.0795495	0.0640071	NA	NA	NA	NA	NA	NA	NA	NA	NA	NA	NA	NA
rs114749141	0.0319953	0.174233	NA	NA	NA	NA	NA	NA	NA	NA	NA	NA	-0.045682	0.0651417
rs45478	0.182447	0.0681315	NA	NA	NA	NA	NA	NA	NA	NA	NA	NA	NA	NA
rs260679	0.172663	0.0900667	0.0153828	0.0302132	0.123479	0.0629231	0.0244991	0.0444517	-0.00174664	0.0709302	0.117671	0.0736228	NA	NA
rs116475987	0.308365	0.306714	0.0596441	0.109735	0.444647	0.224142	0.23021	0.183144	-0.0528418	0.216208	0.222591	0.224439	NA	NA
rs75402135	-0.267461	0.123454	NA	NA	NA	NA	NA	NA	NA	NA	NA	NA	0.0372368	0.0349451
rs115793269	0.308697	0.30677	0.0596441	0.109735	0.444647	0.224142	0.23021	0.183144	-0.0528418	0.216208	0.222591	0.224439	NA	NA
rs13022998	0.0219651	0.0888973	0.0370665	0.027111	-0.0771624	0.0560297	-0.032204	0.0392206	-0.0169035	0.0649474	-0.0113313	0.0698248	0.0514782	0.0183348
rs11687181	0.0888014	0.0568771	-0.0342733	0.038416	0.0195234	0.0759116	0.0858166	0.0565893	0.106468	0.100413	-0.113684	0.101553	NA	NA
rs72939934	-0.0287406	0.0866056	0.0264214	0.109075	0.351247	0.231131	-0.0402039	0.142161	0.216174	0.194489	-0.438034	0.226625	0.0196963	0.0217219
rs380080	0.0943267	0.100986	0.0149513	0.0300206	0.123777	0.0626417	0.0249468	0.0440582	-0.000548812	0.0715763	0.106359	0.0744375	-0.0180819	0.019914
rs62151141	0.0943267	0.100986	0.0149513	0.0300206	0.123777	0.0626417	0.0249468	0.0440582	-0.000548812	0.0715763	0.106359	0.0744375	-0.0180819	0.019914
rs452059	0.0943267	0.100986	0.0149513	0.0300206	0.123777	0.0626417	0.0249468	0.0440582	-0.000548812	0.0715763	0.106359	0.0744375	-0.0180819	0.019914
rs56364267	-0.162724	0.0743121	NA	NA	NA	NA	NA	NA	NA	NA	NA	NA	0.00351592	0.0206059
rs260680	0.178954	0.0681625	NA	NA	NA	NA	NA	NA	NA	NA	NA	NA	NA	NA
rs78888637	-0.150276	0.321864	NA	NA	NA	NA	NA	NA	NA	NA	NA	NA	-0.0204759	0.0549358
rs393987	0.0926514	0.100684	0.00773789	0.0301149	0.122984	0.0627212	0.0155161	0.0444718	-0.00180636	0.0705767	0.1177	0.0732568	-0.0180349	0.0198964
rs183781	-0.283548	0.230036	NA	NA	NA	NA	NA	NA	NA	NA	NA	NA	0.0122703	0.0473319
rs260681	0.135678	0.0636712	NA	NA	NA	NA	NA	NA	NA	NA	NA	NA	NA	NA
rs72939937	0.250838	0.207282	NA	NA	NA	NA	NA	NA	NA	NA	NA	NA	-0.0669311	0.0481127
rs4676224	0.0866649	0.0568489	-0.0385549	0.0385736	0.00154723	0.076673	0.0802881	0.0569536	0.0972648	0.101118	-0.127533	0.102377	NA	NA
rs3749110	0.0736066	0.0548338	-0.0298707	0.0369716	0.0521458	0.0734568	0.0738177	0.0535479	0.133276	0.0903258	-0.175072	0.0944336	NA	NA
rs116209644	-0.147557	0.319995	NA	NA	NA	NA	NA	NA	NA	NA	NA	NA	-0.0204759	0.0549358
rs78913647	0.391256	0.143349	NA	NA	NA	NA	NA	NA	NA	NA	NA	NA	NA	NA
rs6758713	0.455307	0.19648	NA	NA	NA	NA	NA	NA	NA	NA	NA	NA	NA	NA
rs4676048	-0.0170594	0.102635	0.0391674	0.0271567	-0.104062	0.0555296	-0.0329971	0.0394194	-0.00785956	0.0632803	-0.0415559	0.0667486	NA	NA
rs6749207	0.093215	0.0568763	-0.034093	0.0380135	0.0192035	0.075089	0.0848689	0.0560002	0.105025	0.0992646	-0.112314	0.100406	NA	NA
rs6734441	0.0758855	0.054823	-0.0305129	0.0370625	0.0501465	0.0737869	0.0738177	0.0535479	0.132012	0.0903718	-0.170653	0.0945183	NA	NA
rs3829885	0.119735	0.0889163	-0.0702013	0.0406295	-0.0911231	0.082806	0.0963569	0.0590922	0.0602218	0.112236	-0.101869	0.114802	NA	NA
rs74846691	0.455307	0.19648	NA	NA	NA	NA	NA	NA	NA	NA	NA	NA	NA	NA
rs115797653	-0.482866	0.182733	NA	NA	NA	NA	NA	NA	NA	NA	NA	NA	0.0264481	0.0366308
rs75212950	0.05782	0.12389	NA	NA	NA	NA	NA	NA	NA	NA	NA	NA	0.0670798	0.0352022
rs13425934	0.092133	0.0571314	-0.033848	0.0384858	0.0208662	0.0760656	0.08845	0.0566117	0.105022	0.100528	-0.113865	0.101642	NA	NA
rs116776693	-0.113451	0.292429	NA	NA	NA	NA	NA	NA	NA	NA	NA	NA	-0.000236268	0.0541239
rs73952595	-0.167385	0.0741196	NA	NA	NA	NA	NA	NA	NA	NA	NA	NA	0.007504	0.0205613
rs73952596	-0.167196	0.0740834	NA	NA	NA	NA	NA	NA	NA	NA	NA	NA	0.007504	0.0205613
rs4676225	-0.0284329	0.062574	0.0341711	0.0289962	-0.0340386	0.0623299	0.0439601	0.0420989	0.0702769	0.0693902	-0.118093	0.0727701	NA	NA
rs78520467	-0.0184514	0.134296	NA	NA	NA	NA	NA	NA	NA	NA	NA	NA	0.0701085	0.0353987
rs115663084	0.30985	0.306987	0.0606841	0.110607	0.443951	0.223921	0.212038	0.186445	-0.0496825	0.216004	0.221466	0.224289	NA	NA
rs260682	0.0925579	0.100631	0.00531778	0.030338	0.0963768	0.0643305	-0.0218124	0.0448462	0.00730609	0.0719229	0.131715	0.0749738	-0.0165809	0.0196906
rs6746808	-0.00850429	0.102614	0.0396003	0.0268322	-0.110184	0.0560317	-0.016654	0.0388614	-0.0133028	0.0625128	-0.0356278	0.0662723	0.0472012	0.0188795
rs6746809	0.0201112	0.0538467	-0.0191474	0.0359302	0.098336	0.0694757	0.119579	0.0529703	0.0783	0.0911205	-0.0502574	0.0926168	NA	NA
rs6747160	0.0686127	0.25723	NA	NA	NA	NA	NA	NA	NA	NA	NA	NA	NA	NA
rs116152168	-0.0124605	0.118512	NA	NA	NA	NA	NA	NA	NA	NA	NA	NA	0.0240569	0.0523153
rs6750059	0.0194491	0.0563393	0.0335805	0.0286224	-0.054525	0.0629321	0.0546761	0.0413964	0.0284683	0.0680612	-0.0751179	0.0729688	NA	NA
rs4676226	-0.0038698	0.102919	0.0393011	0.0270845	-0.111945	0.056466	-0.0166423	0.0392821	-0.014905	0.0629559	-0.036216	0.0667346	0.0472012	0.0188795
rs114241645	0.0565104	0.204783	NA	NA	NA	NA	NA	NA	NA	NA	NA	NA	NA	NA
rs73952597	-0.168374	0.0742289	NA	NA	NA	NA	NA	NA	NA	NA	NA	NA	0.00726214	0.0207923
rs10170777	-0.117083	0.117959	NA	NA	NA	NA	NA	NA	NA	NA	NA	NA	-0.0314198	0.0399995
rs79197304	0.454913	0.196625	NA	NA	NA	NA	NA	NA	NA	NA	NA	NA	-0.144835	0.0404703
rs260683	-0.13404	0.0911005	NA	NA	NA	NA	NA	NA	NA	NA	NA	NA	NA	NA
rs260684	0.0759418	0.108265	0.00284296	0.0305735	0.0931724	0.0649119	-0.0231131	0.0453358	0.00955296	0.0719846	0.132847	0.0750346	-0.0109828	0.0203087
rs57625905	-0.0744446	0.140002	NA	NA	NA	NA	NA	NA	NA	NA	NA	NA	0.0531019	0.0316503
rs6717140	-0.133979	0.0910478	NA	NA	NA	NA	NA	NA	NA	NA	NA	NA	NA	NA
rs111701967	-0.151124	0.0744648	NA	NA	NA	NA	NA	NA	NA	NA	NA	NA	NA	NA
rs76210870	-0.494646	0.179923	NA	NA	NA	NA	NA	NA	NA	NA	NA	NA	0.0314839	0.037752
rs2378230	0.0292174	0.054249	-0.0178494	0.0360591	0.102074	0.0697588	0.121565	0.0531465	0.0773962	0.0912911	-0.0498417	0.0927769	NA	NA
rs11674534	0.0413574	0.0555371	-0.0122182	0.0301969	-0.108127	0.0645836	0.0171108	0.0446619	-0.0135025	0.0669279	-0.145162	0.0685482	0.0221694	0.0137199
rs11690981	0.0164888	0.0620514	0.161788	0.0878852	0.29743	0.151345	-0.0169773	0.151883	0.229834	0.236826	-0.159841	0.233338	-0.00163374	0.0178475
rs17034770	0.0765427	0.0907612	-0.0632896	0.0451756	0.0361618	0.0892448	0.140978	0.0650966	0.0126867	0.115488	-0.105501	0.118421	-0.00470325	0.0238401
rs260669	-0.0197931	0.0775781	0.0155478	0.0318408	0.126709	0.0656556	0.033571	0.0485163	-0.0378503	0.0692035	0.111326	0.0715201	0.00369374	0.0169004
rs34279514	-0.136581	0.181798	0.0203639	0.0279534	-0.13497	0.0577138	-0.03843	0.0416864	0.0323119	0.0634924	-0.0294991	0.0671511	NA	NA
rs116647316	-0.0317425	0.193096	NA	NA	NA	NA	NA	NA	NA	NA	NA	NA	-0.0161888	0.0409457
rs73952599	-0.0933568	0.0724131	-0.0188257	0.0718365	-0.0656758	0.145694	-0.126385	0.103901	0.193306	0.212984	0.314465	0.209221	NA	NA
rs58095850	-0.100323	0.0851094	NA	NA	NA	NA	NA	NA	NA	NA	NA	NA	-0.0127135	0.0253273
rs17034774	0.00794755	0.102759	NA	NA	NA	NA	NA	NA	NA	NA	NA	NA	0.0052258	0.0300057
rs17034778	-0.0938235	0.0718919	-0.0188488	0.0718385	-0.075919	0.14694	-0.121861	0.104686	0.193306	0.212984	0.314465	0.209221	0.00100918	0.0209304
rs260671	-0.0193959	0.0778819	0.0155434	0.0318409	0.126714	0.0656559	0.0335707	0.0485164	-0.037856	0.069203	0.111335	0.0715194	NA	NA
rs1806883	0.0323529	0.0546783	0.000615489	0.0399187	0.125977	0.0776472	0.133797	0.059044	0.018702	0.0996092	-0.134747	0.103291	NA	NA
rs260672	0.0160406	0.057645	-0.0195596	0.0290702	0.15231	0.058738	0.0667131	0.0432785	-0.0594721	0.0649731	-0.00292246	0.0689057	NA	NA
rs78403291	0.024642	0.101787	NA	NA	NA	NA	NA	NA	NA	NA	NA	NA	-0.0914657	0.0292389
rs10469845	-0.124117	0.118671	NA	NA	NA	NA	NA	NA	NA	NA	NA	NA	NA	NA
rs10469846	-0.124117	0.118671	NA	NA	NA	NA	NA	NA	NA	NA	NA	NA	NA	NA
rs2378298	0.186915	0.104684	0.0178847	0.0321221	0.140547	0.065969	0.0322009	0.0490573	-0.0381892	0.0700926	0.115909	0.0724215	-0.00337657	0.0207114
rs260614	-0.0295115	0.077925	-0.018375	0.0311672	0.107744	0.0657634	-0.0073833	0.04686	-0.0668942	0.0681732	0.0661317	0.0718613	NA	NA
rs114734831	-0.497611	0.181501	NA	NA	NA	NA	NA	NA	NA	NA	NA	NA	0.0291913	0.0380041
rs260615	-0.287788	0.191245	NA	NA	NA	NA	NA	NA	NA	NA	NA	NA	0.0270517	0.0468234
rs79449020	0.223112	0.155094	NA	NA	NA	NA	NA	NA	NA	NA	NA	NA	NA	NA
rs116552805	0.434198	0.204732	NA	NA	NA	NA	NA	NA	NA	NA	NA	NA	-0.167914	0.0423592
rs6716645	0.0384532	0.0540734	0.000397665	0.040364	0.131294	0.077391	0.135297	0.0616392	0.0180359	0.0974698	-0.117322	0.101186	NA	NA
rs12466749	-0.0843167	0.198029	0.018559	0.027946	-0.13667	0.057659	-0.0397398	0.041844	0.0340348	0.0634634	-0.0289136	0.0672818	NA	NA
rs260616	-0.131096	0.0970537	-0.0209478	0.0278545	0.133317	0.0573973	0.0425623	0.0416026	-0.0413283	0.0635191	0.031467	0.0672146	NA	NA
rs13421718	-0.123955	0.11877	NA	NA	NA	NA	NA	NA	NA	NA	NA	NA	-0.0360123	0.0415772
rs260617	-0.00481482	0.0764121	0.0155381	0.031415	0.123058	0.0647414	0.033134	0.0479566	-0.0398417	0.0682067	0.106849	0.0705148	0.00725049	0.0169349
rs111944525	-0.0808438	0.189888	NA	NA	NA	NA	NA	NA	NA	NA	NA	NA	0.0266704	0.0520469
rs17034796	-0.0998889	0.0678425	-0.0182645	0.0714133	-0.0639359	0.145218	-0.129624	0.102971	0.189463	0.212189	0.312527	0.208648	-0.0027154	0.0193565
rs17034798	-0.100691	0.068101	-0.0198429	0.0717561	-0.0651686	0.145681	-0.127999	0.103733	0.19004	0.213039	0.314063	0.209447	-0.0027154	0.0193565
rs260618	-0.010232	0.0782451	0.0105363	0.0319163	0.116332	0.0659336	0.0370877	0.0486317	-0.0429669	0.069051	0.105697	0.0713404	NA	NA
rs11674556	0.0425068	0.0698319	0.148461	0.075397	0.316886	0.136344	0.0360615	0.13173	0.0984586	0.206547	-0.12848	0.234264	0.0261529	0.0195487
rs429434	-0.0116413	0.07827	NA	NA	NA	NA	0.0340934	0.0485344	-0.0441756	0.0691813	0.106239	0.0714716	0.00396711	0.0169947
rs438684	-0.0116413	0.07827	NA	NA	NA	NA	0.0340934	0.0485344	-0.0441756	0.0691813	0.106239	0.0714716	0.00505115	0.0170048
rs6722662	0.0183527	0.0557826	-0.0501153	0.0447263	-0.00151575	0.0890549	0.151596	0.0643746	-0.00147952	0.108717	-0.142218	0.109863	NA	NA
rs260619	-0.0467808	0.0884225	-0.0220765	0.0281656	0.121037	0.0583047	0.0428539	0.042254	-0.0368471	0.064359	0.0309114	0.0681232	0.0040896	0.0181171
rs171856	-0.0541983	0.0876907	NA	NA	NA	NA	NA	NA	NA	NA	NA	NA	NA	NA
rs1013701	-0.0905925	0.0830808	NA	NA	NA	NA	0.0250648	0.0498461	-0.0108587	0.083136	-0.1223	0.0872656	NA	NA
rs115237331	-0.0573081	0.160783	NA	NA	NA	NA	NA	NA	NA	NA	NA	NA	0.140281	0.0460558
rs57660963	-0.107235	0.0702737	-0.0202891	0.0714575	-0.0768248	0.145897	-0.118757	0.103043	0.191115	0.21223	0.308983	0.208143	-0.0027154	0.0193565
rs111469017	0.453981	0.200859	NA	NA	NA	NA	NA	NA	NA	NA	NA	NA	NA	NA
rs260620	0.00585138	0.0840982	0.0120353	0.0330124	0.128545	0.067827	0.0378617	0.0497863	-0.0387254	0.0720458	0.124557	0.0745123	0.0169735	0.017366
rs114747267	0.153906	0.114523	NA	NA	NA	NA	NA	NA	NA	NA	NA	NA	-0.00345119	0.0324896
rs73954503	0.0199279	0.07771	NA	NA	NA	NA	NA	NA	NA	NA	NA	NA	-0.0116912	0.0252401
rs114061978	-0.132991	0.136338	NA	NA	NA	NA	NA	NA	NA	NA	NA	NA	-0.0433541	0.046791
rs13395699	-0.0970469	0.17539	NA	NA	NA	NA	NA	NA	NA	NA	NA	NA	0.0538715	0.0305042
rs67844912	-0.0710711	0.0983514	NA	NA	NA	NA	-0.0449767	0.0523198	-0.00793928	0.0848992	0.0582834	0.0872759	NA	NA
rs260621	0.172723	0.148505	0.0317391	0.0336079	0.0997097	0.0689781	0.00152594	0.0500501	0.145757	0.0784647	-0.13099	0.0830832	0.0113482	0.0218586
rs79783639	0.0364747	0.112172	NA	NA	NA	NA	NA	NA	NA	NA	NA	NA	0.036611	0.0215062
rs260622	-0.0461418	0.0615663	NA	NA	NA	NA	-0.0300886	0.0675748	0.244963	0.0866023	0.0100937	0.0917536	NA	NA
rs6723054	-0.118087	0.0945342	NA	NA	NA	NA	0.0105051	0.049157	-0.0844896	0.0839763	-0.236654	0.0876572	NA	NA
rs6723355	-0.0675296	0.0611482	-0.00782452	0.0493978	-0.00994476	0.10074	0.10563	0.0755627	-0.0355294	0.0982935	-0.0914846	0.101155	0.00985472	0.0141968
rs4676227	-0.306395	0.136968	-0.0744915	0.0623884	-0.142034	0.13709	-0.0507354	0.0963785	0.0144435	0.131586	0.16451	0.136754	-0.0169632	0.0296148
rs75276900	0.0301213	0.0923626	NA	NA	NA	NA	NA	NA	NA	NA	NA	NA	-0.0470827	0.0219934
rs115511122	-0.385153	0.257114	-0.0571377	0.0639292	-0.136345	0.136443	-0.0384221	0.0974375	0.0155325	0.129611	0.155293	0.134201	NA	NA
rs11123721	0.379886	0.247893	0.0358299	0.0297498	-0.0645924	0.0613419	0.0285069	0.0455185	0.0127403	0.0715734	-0.170931	0.0731622	NA	NA
rs11123722	-0.143471	0.062629	0.0244433	0.0278495	-0.0221222	0.0570506	-0.00467704	0.0428664	0.09056	0.066077	-0.130335	0.0684626	NA	NA
rs116051335	0.359256	0.143396	NA	NA	NA	NA	NA	NA	NA	NA	NA	NA	NA	NA
rs17034800	0.0804908	0.243568	NA	NA	NA	NA	NA	NA	NA	NA	NA	NA	0.00981516	0.0422697
rs76563462	0.183877	0.10654	NA	NA	NA	NA	NA	NA	NA	NA	NA	NA	NA	NA
rs6731944	0.0857166	0.0687099	-0.00449989	0.0282653	0.0765091	0.0583168	0.014072	0.042282	-0.0591251	0.068578	0.129933	0.0710725	-0.0173675	0.0146437
rs113797409	-0.0584212	0.175931	NA	NA	NA	NA	NA	NA	NA	NA	NA	NA	NA	NA
rs111380350	-0.0584212	0.175931	NA	NA	NA	NA	NA	NA	NA	NA	NA	NA	-0.0249356	0.0434472
rs113233265	-0.118634	0.184921	NA	NA	NA	NA	NA	NA	NA	NA	NA	NA	-0.0319076	0.0433692
rs115796236	0.175808	0.142715	NA	NA	NA	NA	NA	NA	NA	NA	NA	NA	0.0363946	0.0392318
rs78887091	-0.174307	0.102235	NA	NA	NA	NA	NA	NA	NA	NA	NA	NA	-0.0148234	0.0245761
rs77558077	0.251308	0.124911	NA	NA	NA	NA	NA	NA	NA	NA	NA	NA	-0.0774404	0.0305331
rs260596	-0.0447003	0.112954	NA	NA	NA	NA	NA	NA	NA	NA	NA	NA	NA	NA
rs114412785	0.326426	0.142598	NA	NA	NA	NA	NA	NA	NA	NA	NA	NA	NA	NA
rs112253727	0.0770842	0.264531	NA	NA	NA	NA	NA	NA	NA	NA	NA	NA	NA	NA
rs7568610	0.089421	0.0561194	0.0113464	0.0268154	-0.0826496	0.0552939	-0.0265121	0.039996	0.0312608	0.066026	-0.110968	0.0693863	NA	NA
rs111870430	0.0710736	0.220571	NA	NA	NA	NA	NA	NA	NA	NA	NA	NA	0.0794789	0.0656084
rs4676228	0.0623613	0.0614658	-0.101288	0.055223	-0.251775	0.122221	-0.0388286	0.0831788	-0.0960562	0.104152	0.0351731	0.107659	-0.0147392	0.0147203
rs4676049	0.0225914	0.0632885	-0.0966284	0.0542812	-0.24647	0.12093	-0.0328568	0.0813015	-0.0856549	0.100828	0.0363479	0.1042	0.0041868	0.014994
rs4676050	0.0623613	0.0614658	-0.101256	0.0552211	-0.251719	0.122216	-0.0387924	0.0831744	-0.0960614	0.104147	0.0351408	0.107654	NA	NA
rs10189321	-0.032776	0.28053	NA	NA	NA	NA	NA	NA	NA	NA	NA	NA	0.0144992	0.0540166
rs75696921	-0.0851439	0.176889	NA	NA	NA	NA	NA	NA	NA	NA	NA	NA	-0.0162551	0.0452561
rs72941970	0.0542245	0.0611961	-0.101225	0.0552181	-0.251713	0.122206	-0.0386865	0.0831658	-0.0960614	0.104147	0.0351408	0.107654	NA	NA
rs72941974	0.0542245	0.0611961	-0.101225	0.0552181	-0.251713	0.122206	-0.0386865	0.0831658	-0.0960614	0.104147	0.0351408	0.107654	NA	NA
rs112990514	0.0918011	0.218813	NA	NA	NA	NA	NA	NA	NA	NA	NA	NA	0.0794789	0.0656084
rs17034806	0.0545172	0.0612226	-0.0967076	0.0542831	-0.246477	0.12093	-0.0327037	0.0813064	-0.0857212	0.10083	0.0362432	0.104203	-0.0136192	0.0146753
rs114605806	0.0683663	0.111693	NA	NA	NA	NA	NA	NA	NA	NA	NA	NA	-0.00113476	0.0243245
rs114688302	0.443414	0.273677	NA	NA	NA	NA	NA	NA	NA	NA	NA	NA	0.0490198	0.0393079
rs17034808	0.0666868	0.0610088	-0.101225	0.0552181	-0.251713	0.122206	-0.0386865	0.0831658	-0.0960614	0.104147	0.0351408	0.107654	-0.0166889	0.0148987
rs4676229	0.0667605	0.0613955	-0.101225	0.0552181	-0.251713	0.122206	-0.0386865	0.0831658	-0.0960614	0.104147	0.0351408	0.107654	NA	NA
rs116219506	0.157901	0.198763	NA	NA	NA	NA	NA	NA	NA	NA	NA	NA	-0.120027	0.0564302
rs114970519	0.457519	0.276439	NA	NA	NA	NA	NA	NA	NA	NA	NA	NA	NA	NA
rs115977955	0.124639	0.124156	NA	NA	NA	NA	NA	NA	NA	NA	NA	NA	0.0350721	0.0298359
rs921877	-0.0841958	0.0854139	0.0271824	0.0253453	-0.0300529	0.0520679	0.00187423	0.0387897	0.0218464	0.0627485	-0.130992	0.0647701	NA	NA
rs921876	-0.0160705	0.0571112	0.00368511	0.0247313	-0.0776764	0.0518624	-0.00375287	0.0364359	-0.00674156	0.0605081	-0.108692	0.0622436	0.0196054	0.0139452
rs12712028	-0.0421212	0.0578617	0.0064649	0.0250711	-0.0791649	0.0525761	-0.00217644	0.0369951	-0.0108565	0.0620739	-0.11359	0.0639055	NA	NA
rs4477868	-0.0338049	0.0565257	0.0060338	0.0246614	-0.0755202	0.051934	-0.00520934	0.0366194	-0.0100692	0.0614561	-0.112935	0.0634138	NA	NA
rs13016667	-0.0800862	0.0849668	0.0304494	0.0259194	-0.0247298	0.053148	0.00359503	0.0393624	0.0199187	0.0626839	-0.126504	0.0644122	NA	NA
rs13017668	-0.0501258	0.0847698	0.0304639	0.0259235	-0.0247213	0.0531589	0.00365595	0.03937	0.0170252	0.0628177	-0.123892	0.064688	0.0159524	0.0179599
rs111390363	0.310041	0.175321	NA	NA	NA	NA	NA	NA	NA	NA	NA	NA	NA	NA
rs6738129	0.107675	0.125464	NA	NA	NA	NA	NA	NA	NA	NA	NA	NA	0.0473623	0.0313549
rs62152371	-0.440044	0.151456	0.0295979	0.0521269	0.00575651	0.101161	-0.068084	0.0818658	0.231515	0.151333	0.113129	0.158483	-0.0359201	0.0309817
rs114244804	0.0778648	0.120224	NA	NA	NA	NA	NA	NA	NA	NA	NA	NA	0.0187066	0.0293403
rs113602144	0.317392	0.176502	NA	NA	NA	NA	NA	NA	NA	NA	NA	NA	NA	NA
rs77770870	0.225123	0.0762998	NA	NA	NA	NA	NA	NA	NA	NA	NA	NA	-0.0122272	0.0205472
rs115853206	0.320312	0.141841	NA	NA	NA	NA	NA	NA	NA	NA	NA	NA	NA	NA
rs79271259	-0.225491	0.116835	-0.0791053	0.0595938	-0.183941	0.133202	-0.0263914	0.0884182	-0.0126975	0.119239	0.0404844	0.123395	-0.0105239	0.0255376
rs72941984	0.0940727	0.174728	NA	NA	NA	NA	NA	NA	NA	NA	NA	NA	-0.0734339	0.0413005
rs6542789	0.107329	0.125762	NA	NA	NA	NA	NA	NA	NA	NA	NA	NA	0.0473623	0.0313549
rs112178856	0.251167	0.0778299	NA	NA	NA	NA	NA	NA	NA	NA	NA	NA	-0.0137954	0.0212371
rs79588402	0.247389	0.0775099	NA	NA	NA	NA	NA	NA	NA	NA	NA	NA	-0.0172469	0.0212055
rs74369684	0.251013	0.0778224	NA	NA	NA	NA	NA	NA	NA	NA	NA	NA	NA	NA
rs111416129	0.275728	0.265019	-0.00504537	0.0459253	-0.0170026	0.0872822	0.0565324	0.0771858	-0.0888245	0.098202	-0.0135944	0.100904	NA	NA
rs67254184	0.132079	0.0869499	0.00342979	0.0449949	-0.019862	0.0863072	0.0560723	0.0751843	-0.0863941	0.0965579	-0.0185101	0.099242	-0.0467075	0.0243881
rs111644819	0.317359	0.176519	NA	NA	NA	NA	NA	NA	NA	NA	NA	NA	-0.158845	0.0511955
rs59517363	0.136566	0.127321	NA	NA	NA	NA	NA	NA	NA	NA	NA	NA	NA	NA
rs115998769	0.320312	0.141841	NA	NA	NA	NA	NA	NA	NA	NA	NA	NA	NA	NA
rs116315490	0.320312	0.141841	NA	NA	NA	NA	NA	NA	NA	NA	NA	NA	NA	NA
rs13422589	-0.00227093	0.0707883	-0.000952053	0.0323618	-0.0173703	0.0645183	-0.0290151	0.0509935	-0.0134565	0.0762095	0.0579626	0.0788701	-0.0352695	0.0175891
rs78066477	0.249685	0.0797728	NA	NA	NA	NA	NA	NA	NA	NA	NA	NA	-0.0162653	0.0230556
rs115677548	0.320312	0.141841	NA	NA	NA	NA	NA	NA	NA	NA	NA	NA	NA	NA
rs112769438	0.364719	0.188022	NA	NA	NA	NA	NA	NA	NA	NA	NA	NA	-0.158845	0.0511955
rs114046748	-0.117315	0.236904	NA	NA	NA	NA	NA	NA	NA	NA	NA	NA	-0.0687639	0.0395565
rs75020441	0.320251	0.141968	NA	NA	NA	NA	NA	NA	NA	NA	NA	NA	NA	NA
rs79642899	0.208986	0.10089	NA	NA	NA	NA	NA	NA	NA	NA	NA	NA	0.030704	0.0299703
rs116402748	0.208986	0.10089	NA	NA	NA	NA	NA	NA	NA	NA	NA	NA	0.030704	0.0299703
rs9653456	0.0863569	0.05726	0.0149117	0.0294187	-0.106037	0.0599828	-9.96E-05	0.0420828	-0.00915215	0.0687849	-0.150439	0.0743584	NA	NA
rs113114268	0.190265	0.216009	NA	NA	NA	NA	NA	NA	NA	NA	NA	NA	0.017896	0.0619179
rs115257612	0.320445	0.141993	NA	NA	NA	NA	NA	NA	NA	NA	NA	NA	NA	NA
rs11684725	0.0146765	0.0714922	-0.000502651	0.0328149	-0.0132793	0.0655027	-0.0285437	0.0516103	-0.0151788	0.0776559	0.0585332	0.0802944	NA	NA
rs77382352	-0.0396005	0.150406	NA	NA	NA	NA	NA	NA	NA	NA	NA	NA	NA	NA
rs112423282	0.393556	0.189346	NA	NA	NA	NA	NA	NA	NA	NA	NA	NA	NA	NA
rs73954507	0.00301604	0.0855051	NA	NA	NA	NA	NA	NA	NA	NA	NA	NA	-0.0116601	0.0287333
rs4676230	-0.213868	0.10998	-0.0296149	0.0778007	-0.257792	0.169741	0.128231	0.107412	0.0199601	0.142856	-0.0646399	0.146861	0.000547068	0.025562
rs112173849	0.267371	0.187051	NA	NA	NA	NA	NA	NA	NA	NA	NA	NA	NA	NA
rs114906830	0.0530224	0.204612	NA	NA	NA	NA	NA	NA	NA	NA	NA	NA	NA	NA
rs59383563	0.131109	0.13221	NA	NA	NA	NA	NA	NA	NA	NA	NA	NA	NA	NA
rs11692131	0.134124	0.0611949	0.0233548	0.0309496	-0.0247797	0.0628032	-0.0169644	0.0459115	0.0235253	0.0689222	-0.162434	0.0723335	-0.00782143	0.0148309
rs10191323	0.133692	0.0841593	0.00296516	0.0348794	-0.0317144	0.0693291	-0.0364173	0.0543027	-0.0110618	0.0842867	0.0550061	0.087293	-0.0408991	0.0196251
rs4676051	-0.0954405	0.0708062	-0.0220359	0.0298429	-0.0973958	0.061715	0.0221524	0.0428931	0.0499371	0.0668062	-0.037641	0.0698892	NA	NA
rs260613	-0.0256112	0.0989579	0.033264	0.0341797	0.0933216	0.0709947	-0.0274797	0.049472	-0.129321	0.0779209	0.12833	0.0818711	-0.0225718	0.0256239
rs260612	-0.00793442	0.160873	NA	NA	NA	NA	NA	NA	NA	NA	NA	NA	NA	NA
rs116613810	-0.326613	0.148378	NA	NA	NA	NA	NA	NA	NA	NA	NA	NA	0.0252309	0.0362284
rs4676231	0.114147	0.0815478	-0.0144946	0.0297247	-0.0228771	0.0623492	0.00707999	0.0462516	0.0453767	0.0706417	-0.113799	0.0726352	0.00279633	0.0167367
rs13428296	0.00877551	0.0842744	-0.148189	0.107611	-0.0336225	0.215424	-0.288168	0.189568	-0.195267	0.246361	-0.171464	0.247592	NA	NA
rs115319654	-0.0867142	0.156043	NA	NA	NA	NA	NA	NA	NA	NA	NA	NA	NA	NA
rs66522180	-0.210937	0.0819136	NA	NA	NA	NA	NA	NA	NA	NA	NA	NA	0.0098809	0.022289
rs114053639	0.275706	0.141236	NA	NA	NA	NA	NA	NA	NA	NA	NA	NA	NA	NA
rs114667936	0.275706	0.141236	NA	NA	NA	NA	NA	NA	NA	NA	NA	NA	0.00297111	0.0599232
rs13415295	-0.0700407	0.122769	NA	NA	NA	NA	NA	NA	NA	NA	NA	NA	NA	NA
rs116304139	0.481971	0.185286	NA	NA	NA	NA	NA	NA	NA	NA	NA	NA	-0.0943404	0.0426843
rs111868460	-0.19035	0.0811967	NA	NA	NA	NA	NA	NA	NA	NA	NA	NA	NA	NA
rs113876471	-0.0363111	0.0829656	-0.193661	0.11064	-0.138245	0.228272	-0.300882	0.187946	-0.100863	0.235167	-0.145795	0.250166	0.0046995	0.0235086
rs77349044	0.0368978	0.13836	NA	NA	NA	NA	NA	NA	NA	NA	NA	NA	0.0368618	0.0303754
rs115518073	0.494618	0.186529	NA	NA	NA	NA	NA	NA	NA	NA	NA	NA	-0.0923143	0.0423267
rs10201118	-0.059882	0.0828075	-0.190344	0.109889	-0.139038	0.227487	-0.300429	0.18664	-0.0939206	0.230943	-0.144757	0.246688	NA	NA
rs80064429	-0.00815695	0.0861732	NA	NA	NA	NA	NA	NA	NA	NA	NA	NA	NA	NA
rs73954510	0.0220321	0.1387	NA	NA	NA	NA	NA	NA	NA	NA	NA	NA	0.0340961	0.0289269
rs114483384	0.44708	0.351405	NA	NA	NA	NA	NA	NA	NA	NA	NA	NA	NA	NA
rs12998605	0.00597823	0.0574075	0.162377	0.0933174	0.186872	0.202625	0.0513391	0.140766	0.258289	0.183097	0.20119	0.192199	NA	NA
rs75224963	0.497021	0.180606	NA	NA	NA	NA	NA	NA	NA	NA	NA	NA	-0.0498154	0.035607
rs73954512	-0.139957	0.192033	NA	NA	NA	NA	NA	NA	NA	NA	NA	NA	0.00825902	0.0351156
rs260625	0.0218975	0.0582984	0.147637	0.0949595	0.186556	0.205105	0.0606506	0.143774	0.255794	0.182864	0.200824	0.192001	NA	NA
rs79366554	0.484983	0.186367	NA	NA	NA	NA	NA	NA	NA	NA	NA	NA	-0.0923143	0.0423267
rs112188065	0.329177	0.239359	NA	NA	NA	NA	NA	NA	NA	NA	NA	NA	NA	NA
rs78547120	0.497069	0.180558	NA	NA	NA	NA	NA	NA	NA	NA	NA	NA	-0.0493715	0.0355977
rs115217434	-0.0711482	0.153158	NA	NA	NA	NA	NA	NA	NA	NA	NA	NA	NA	NA
rs79838721	0.465406	0.175091	NA	NA	NA	NA	NA	NA	NA	NA	NA	NA	-0.0494897	0.0354104
rs260624	0.0467155	0.0610593	NA	NA	NA	NA	NA	NA	NA	NA	NA	NA	NA	NA
rs55901460	-0.110787	0.0769355	NA	NA	NA	NA	NA	NA	NA	NA	NA	NA	0.0198282	0.0204093
rs61704212	-0.118865	0.0773351	NA	NA	NA	NA	NA	NA	NA	NA	NA	NA	0.0217155	0.0213296
rs58008003	0.0369079	0.136996	NA	NA	NA	NA	NA	NA	NA	NA	NA	NA	0.0196819	0.0285746
rs56910992	0.0446245	0.147813	NA	NA	NA	NA	NA	NA	NA	NA	NA	NA	0.0351355	0.0310366
rs59056803	-0.147228	0.202556	NA	NA	NA	NA	NA	NA	NA	NA	NA	NA	NA	NA
rs60800806	0.0467171	0.138072	NA	NA	NA	NA	NA	NA	NA	NA	NA	NA	NA	NA
rs56974654	-0.0989742	0.0777385	NA	NA	NA	NA	NA	NA	NA	NA	NA	NA	0.0217074	0.0203865
rs260623	-0.0250077	0.0579701	0.152403	0.0922867	0.188972	0.205132	0.0646749	0.143672	0.185083	0.17531	0.151343	0.184616	-0.00646165	0.0139039
rs4676053	-0.0250359	0.0579777	0.152388	0.0922787	0.189415	0.205115	0.0645129	0.143627	0.184819	0.175322	0.15122	0.184632	NA	NA
rs116557690	0.454826	0.178341	NA	NA	NA	NA	NA	NA	NA	NA	NA	NA	NA	NA
rs7582120	0.0295839	0.0646139	-0.152243	0.0972559	-0.186062	0.204301	-0.114403	0.148854	-0.292951	0.187518	-0.182444	0.197098	-0.0179127	0.0171182
rs375099	-0.0318663	0.0584349	0.140911	0.0963094	0.19734	0.203398	0.109469	0.146755	0.286986	0.183507	0.206502	0.193349	NA	NA
rs111459428	-0.0427143	0.0690995	-0.193855	0.110785	-0.139109	0.228665	-0.300882	0.187946	-0.117219	0.231226	-0.137882	0.246129	-0.00472721	0.0208733
rs4676054	-0.0377618	0.058917	0.160207	0.100586	0.189273	0.205104	0.189164	0.155582	0.288758	0.183958	0.206666	0.193871	NA	NA
rs4676055	-0.0433381	0.0586903	0.156561	0.0974492	0.188398	0.205118	0.188888	0.155592	0.192371	0.174559	0.156537	0.184198	NA	NA
rs4676056	-0.0130086	0.0582021	0.169939	0.104577	0.141506	0.229634	0.115062	0.170038	0.0990954	0.222366	0.229012	0.240406	0.00276469	0.0138618
rs4676057	-0.0388061	0.0591587	0.169153	0.104574	0.141195	0.229634	0.115665	0.170034	0.0892076	0.226657	0.218888	0.245046	0.00402714	0.0140001
rs76726803	-0.000376116	0.13164	-0.19382	0.110805	-0.138781	0.228663	-0.300999	0.188009	-0.0977137	0.23495	-0.153666	0.250009	NA	NA
rs66539027	0.0323294	0.05844	NA	NA	NA	NA	0.0662195	0.143561	0.270292	0.181438	0.229024	0.192407	NA	NA
rs115696690	0.423582	0.18266	NA	NA	NA	NA	NA	NA	NA	NA	NA	NA	-0.0923143	0.0423267
rs4676058	0.0149707	0.0572725	0.15518	0.0948966	0.185665	0.205157	0.0662195	0.143561	0.267132	0.183491	0.222688	0.194461	NA	NA
rs4676059	0.0145479	0.0578476	0.155034	0.0949065	0.18586	0.205161	0.0664022	0.143564	0.267181	0.183426	0.222877	0.194386	NA	NA
rs13388466	-0.0874467	0.114618	NA	NA	NA	NA	NA	NA	NA	NA	NA	NA	0.0494482	0.0263393
rs80240143	0.108327	0.247952	0.105648	0.0610886	0.179397	0.128632	-0.0318118	0.0903237	-0.0172397	0.167094	0.134833	0.165958	-0.0351874	0.0412468
rs114369401	-0.120205	0.191384	NA	NA	NA	NA	NA	NA	NA	NA	NA	NA	NA	NA
rs4676060	0.00822482	0.0570602	0.131472	0.0883367	0.178172	0.201768	0.0512607	0.140699	0.153075	0.170721	0.151116	0.18167	NA	NA
rs6542791	-0.0820594	0.107776	NA	NA	NA	NA	NA	NA	NA	NA	NA	NA	NA	NA
rs6715695	-0.161169	0.0772683	-0.19285	0.110852	-0.138983	0.228695	-0.29213	0.188086	-0.0906066	0.234976	-0.159301	0.250075	NA	NA
rs7566773	0.0560498	0.164464	NA	NA	NA	NA	NA	NA	NA	NA	NA	NA	0.0757005	0.059289
rs59364763	-0.00591524	0.152254	NA	NA	NA	NA	NA	NA	NA	NA	NA	NA	0.0104389	0.0318654
rs7580351	0.3899	0.182103	NA	NA	NA	NA	NA	NA	NA	NA	NA	NA	-0.0868825	0.0424562
rs4676233	-0.0712013	0.0776586	0.036558	0.0711676	0.313947	0.135766	-0.120489	0.121055	0.0146962	0.149061	0.1192	0.145471	NA	NA
rs17034855	0.289063	0.154027	NA	NA	NA	NA	NA	NA	NA	NA	NA	NA	-0.0666102	0.0353369
rs897583	-0.0691698	0.0671174	0.0435588	0.070516	0.308821	0.134937	-0.129367	0.119843	0.0171558	0.146701	0.098366	0.143016	NA	NA
rs17034861	-0.0446556	0.148805	NA	NA	NA	NA	NA	NA	NA	NA	NA	NA	0.0261207	0.0326538
rs74579213	-0.232694	0.257786	NA	NA	NA	NA	NA	NA	NA	NA	NA	NA	NA	NA
rs55636728	0.0826156	0.125897	0.0422655	0.0341313	0.0243775	0.0711941	-0.024919	0.0493249	-0.0397376	0.0793495	0.0692571	0.0815207	-0.000136832	0.0242982
rs1037637	-0.0734184	0.0677304	0.0365446	0.0711479	0.313917	0.135735	-0.119996	0.121003	0.0153019	0.148723	0.117568	0.145077	NA	NA
rs116363664	0.301421	0.143793	NA	NA	NA	NA	NA	NA	NA	NA	NA	NA	NA	NA
rs2378297	-0.0716426	0.0678425	0.038086	0.071178	0.337829	0.135987	-0.108237	0.120742	0.0171143	0.148388	0.124304	0.144926	-0.0193299	0.0165278
rs260611	0.352667	0.265115	-0.0378328	0.0723353	-0.302691	0.133446	0.108026	0.128364	-0.00444297	0.149639	-0.106789	0.147439	NA	NA
rs17269557	0.010641	0.0966305	0.0386612	0.0338874	0.0364977	0.0663459	0.000277353	0.0515382	-0.0297051	0.0748468	0.0730487	0.0805638	NA	NA
rs17034869	-0.0671484	0.149272	NA	NA	NA	NA	NA	NA	NA	NA	NA	NA	NA	NA
rs116157522	0.101505	0.221796	NA	NA	NA	NA	NA	NA	NA	NA	NA	NA	NA	NA
rs112014755	0.22294	0.258567	NA	NA	NA	NA	NA	NA	NA	NA	NA	NA	NA	NA
rs6737482	-0.0778164	0.0578899	-0.131134	0.0605473	-0.207147	0.118706	-0.000483361	0.0897778	-0.0141393	0.113898	-0.02202	0.130037	NA	NA
rs79372848	0.0248593	0.164105	-0.0317824	0.0723338	-0.354914	0.136104	0.0919769	0.125371	-0.115514	0.163929	-0.113744	0.167392	-0.0511489	0.0373871
rs73954514	-0.242598	0.183606	NA	NA	NA	NA	NA	NA	NA	NA	NA	NA	-0.00024716	0.0337055
rs76248549	0.194363	0.111927	-0.0317824	0.0723338	-0.354914	0.136104	0.0919769	0.125371	-0.115514	0.163929	-0.114059	0.167335	-0.0429784	0.0340071
rs77948132	0.0581751	0.121294	NA	NA	NA	NA	NA	NA	NA	NA	NA	NA	0.0472815	0.0264658
rs112188333	0.142797	0.151226	NA	NA	NA	NA	NA	NA	NA	NA	NA	NA	0.116046	0.0489765
rs114192947	0.301757	0.143807	NA	NA	NA	NA	NA	NA	NA	NA	NA	NA	NA	NA
rs114971645	0.347827	0.198462	NA	NA	NA	NA	NA	NA	NA	NA	NA	NA	NA	NA
rs75146831	0.0454999	0.0862145	-0.0530277	0.082111	-0.21561	0.161014	0.162175	0.1186	0.0268449	0.141759	-0.0238339	0.151828	NA	NA
rs79889806	-0.0222734	0.151227	NA	NA	NA	NA	NA	NA	NA	NA	NA	NA	NA	NA
rs115417351	0.0987935	0.219471	NA	NA	NA	NA	NA	NA	NA	NA	NA	NA	NA	NA
rs12617358	-0.108451	0.0645234	-0.049997	0.0825319	-0.215597	0.161006	0.157488	0.119484	0.0267879	0.141744	-0.0238084	0.151816	NA	NA
rs114987199	-0.0347781	0.150176	NA	NA	NA	NA	NA	NA	NA	NA	NA	NA	NA	NA
rs260610	0.0507312	0.0557389	0.100229	0.0469489	0.331444	0.0909315	-0.0509836	0.0711968	0.0972322	0.0959371	0.0981798	0.101047	-0.00937507	0.0138685
rs115410302	-0.039004	0.15309	NA	NA	NA	NA	NA	NA	NA	NA	NA	NA	NA	NA
rs260609	-0.0181366	0.0720339	0.0335568	0.062749	0.342309	0.121851	-0.0768256	0.10078	0.176876	0.139691	0.142591	0.143191	NA	NA
rs76397017	-0.0361122	0.15051	NA	NA	NA	NA	NA	NA	NA	NA	NA	NA	NA	NA
rs6735080	-0.101788	0.0578857	-0.173001	0.068879	-0.331596	0.137809	0.0269424	0.101605	-0.0280391	0.131271	-0.038895	0.144836	NA	NA
rs76017434	-0.035075	0.150186	NA	NA	NA	NA	NA	NA	NA	NA	NA	NA	0.0546681	0.038842
rs195315	-0.0331434	0.0747149	0.0335604	0.0627521	0.342265	0.121861	-0.0768256	0.10078	0.176876	0.139691	0.142492	0.143208	NA	NA
rs116370732	-0.035075	0.150186	NA	NA	NA	NA	NA	NA	NA	NA	NA	NA	NA	NA
rs6738742	0.386868	0.182797	NA	NA	NA	NA	NA	NA	NA	NA	NA	NA	-0.0759822	0.0401871
rs11885454	-0.0354571	0.150153	NA	NA	NA	NA	NA	NA	NA	NA	NA	NA	0.055335	0.039844
rs11895175	-0.0366102	0.150446	NA	NA	NA	NA	NA	NA	NA	NA	NA	NA	0.055335	0.039844
rs11889587	-0.0381917	0.149644	NA	NA	NA	NA	NA	NA	NA	NA	NA	NA	0.055335	0.039844
rs11900173	-0.0594946	0.14522	NA	NA	NA	NA	NA	NA	NA	NA	NA	NA	0.0581075	0.0389971
rs436167	0.0484949	0.0556766	0.0984996	0.0471453	0.331747	0.0909623	-0.0528407	0.0716912	0.0979207	0.0960312	0.0981689	0.101093	-0.00988657	0.0138723
rs56314478	0.132546	0.228301	0.0983209	0.055537	0.142588	0.113105	0.0248066	0.0821955	-0.0591891	0.143085	0.162559	0.143306	0.0589525	0.0566214
rs114685560	0.361283	0.274144	NA	NA	NA	NA	NA	NA	NA	NA	NA	NA	NA	NA
rs417163	-0.0126833	0.0688208	0.0240833	0.0613288	0.333263	0.121034	-0.115	0.0976555	0.175856	0.139671	0.142693	0.14315	NA	NA
rs11889751	-0.0369389	0.151011	NA	NA	NA	NA	NA	NA	NA	NA	NA	NA	NA	NA
rs436304	0.0475961	0.0556677	0.10185	0.0468827	0.333169	0.0907115	-0.0518999	0.071232	0.0973147	0.0959266	0.0981227	0.101036	-0.0105571	0.0138617
rs383993	0.00323989	0.0559878	0.103914	0.0466623	0.33198	0.0901909	-0.0511944	0.0710963	0.0902361	0.0942863	0.0952618	0.099541	-0.000756065	0.0140424
rs78376433	-0.0330295	0.154682	NA	NA	NA	NA	NA	NA	NA	NA	NA	NA	NA	NA
rs112107206	0.0814315	0.160643	NA	NA	NA	NA	NA	NA	NA	NA	NA	NA	0.113478	0.0501781
rs114472230	-0.106898	0.163687	NA	NA	NA	NA	NA	NA	NA	NA	NA	NA	0.043965	0.0383385
rs115397638	-0.0907126	0.165677	NA	NA	NA	NA	NA	NA	NA	NA	NA	NA	0.0529698	0.0390806
rs1809953	0.0156866	0.121478	0.0176637	0.0268495	0.0490567	0.0566495	0.015806	0.0394565	0.0904776	0.0661569	-0.0620299	0.0699609	0.0299595	0.0216251
rs10181797	-0.0725802	0.097103	NA	NA	NA	NA	NA	NA	NA	NA	NA	NA	0.0363523	0.0230396
rs10194307	-0.0725802	0.097103	NA	NA	NA	NA	NA	NA	NA	NA	NA	NA	NA	NA
rs10181988	-0.227401	0.126583	NA	NA	NA	NA	NA	NA	NA	NA	NA	NA	0.00885651	0.0275653
rs10181817	-0.168612	0.067775	-0.180481	0.0891612	-0.26531	0.185488	-0.0245221	0.122359	-0.264214	0.21429	-0.160985	0.253476	NA	NA
rs10184387	-0.0756429	0.0748288	-0.303904	0.114761	-0.352488	0.243933	-0.120476	0.163898	NA	NA	NA	NA	NA	NA
rs1471074	-0.0733937	0.0591597	0.00983979	0.0256644	0.0703617	0.0527935	0.0332416	0.0379443	0.0504093	0.0609545	-0.0557349	0.0644853	NA	NA
rs1471073	-0.066892	0.0620711	-0.0229856	0.0301818	0.0868673	0.0608061	0.0520994	0.0455819	-0.00499711	0.0727627	-0.00926076	0.0765508	NA	NA
rs79323745	0.018208	0.0863171	0.0239483	0.0410205	-0.136738	0.0852609	-0.000453131	0.0603365	-0.0370549	0.103558	0.00972843	0.109028	-0.00423124	0.0217707
rs11683273	-0.00116085	0.0599143	-0.0170665	0.0301375	-0.0105216	0.0595519	-0.0165926	0.0457853	-0.118561	0.0673605	0.0421984	0.071654	0.00445104	0.0151633
rs13029010	-0.0813961	0.0688166	-0.0152882	0.0331623	0.102444	0.0653076	0.03211	0.0486213	-0.059899	0.0729821	-0.0112905	0.0757643	NA	NA
rs442966	-0.0950135	0.0700508	0.0170054	0.0364302	-0.0121824	0.0727495	-0.0393017	0.0545046	0.0582064	0.0820959	0.0362493	0.0859165	0.0272484	0.0172388
rs421796	-0.086689	0.0699188	0.0179776	0.0359281	-0.0141117	0.0726675	-0.026044	0.0535935	0.055111	0.0816228	0.0237498	0.0852678	0.0279977	0.0170954
rs397727	-0.0770703	0.0693985	0.0180011	0.0359258	-0.0140506	0.0726635	-0.0259789	0.0535913	0.0551972	0.0816135	0.0238644	0.0852575	0.0302682	0.0170651
rs72944035	-0.181145	0.0835368	NA	NA	NA	NA	NA	NA	NA	NA	NA	NA	-0.0252803	0.0259226
rs425238	-0.0770056	0.0691838	0.0176078	0.0357061	-0.0147642	0.0723886	-0.0259653	0.0530973	0.0551972	0.0816135	0.0238644	0.0852575	0.0302682	0.0170651
rs403339	-0.0770208	0.0691843	0.0187161	0.0360168	-0.0140751	0.072709	-0.0281912	0.0537495	0.0503789	0.0821938	0.0174196	0.0858351	NA	NA
rs17034879	-0.0403588	0.0981338	NA	NA	NA	NA	NA	NA	NA	NA	NA	NA	NA	NA
rs389653	-0.076983	0.0693995	0.0180077	0.0359251	-0.0139779	0.0726623	-0.0259606	0.0535881	0.0551964	0.0816088	0.0238675	0.0852524	NA	NA
rs417999	-0.109773	0.113393	0.0164375	0.0360794	-0.00521928	0.0731632	-0.0451428	0.0536255	0.0848475	0.0837054	0.0442085	0.0861665	0.0157218	0.024049
rs114204833	-0.0404256	0.0983213	NA	NA	NA	NA	NA	NA	NA	NA	NA	NA	NA	NA
rs10865027	-0.108688	0.113336	0.0169637	0.0362921	-0.00444875	0.0734214	-0.0446891	0.0541006	0.0872542	0.0845427	0.0449276	0.0871457	NA	NA
rs67552018	-0.101202	0.0871849	NA	NA	NA	NA	-0.0446891	0.0541006	0.0872991	0.0845491	0.0455269	0.087154	NA	NA
rs115997639	-0.163426	0.156949	NA	NA	NA	NA	NA	NA	NA	NA	NA	NA	0.0504972	0.0460329
rs260668	-0.0659176	0.0766149	0.0169008	0.0363235	-0.0139652	0.0726631	-0.0358019	0.0543749	0.055284	0.0816873	0.023238	0.0853422	NA	NA
rs72944039	0.147395	0.0729457	-0.00520956	0.029995	-0.00844645	0.0583976	-0.0223764	0.0461587	-0.110766	0.065778	0.0485497	0.0698624	NA	NA
rs171858	-0.0580049	0.0775254	0.0170646	0.0359376	-0.0110126	0.072607	-0.0212354	0.0535483	0.0587646	0.0807537	0.0271423	0.0843562	0.0298518	0.0178048
rs73954533	-0.104007	0.0953086	NA	NA	NA	NA	NA	NA	NA	NA	NA	NA	-0.00832793	0.0338241
rs260667	-0.102234	0.11597	0.0141817	0.0367215	-0.00166542	0.0734147	-0.0506963	0.0548813	0.0849075	0.0841075	0.0472151	0.0865964	0.0137487	0.024051
rs260666	-0.102234	0.11597	0.0141817	0.0367215	-0.00166542	0.0734147	-0.0506963	0.0548813	0.0849075	0.0841075	0.0472151	0.0865964	0.012422	0.024007
rs68136568	-0.0711957	0.0776107	NA	NA	NA	NA	NA	NA	NA	NA	NA	NA	NA	NA
rs11689524	0.128574	0.0702846	-0.00590011	0.0295163	-0.0141307	0.0575352	-0.0239707	0.0453693	-0.0995628	0.0636218	0.0481602	0.0678505	NA	NA
rs78409297	-0.0385315	0.0951787	NA	NA	NA	NA	NA	NA	-0.184302	0.250956	-0.194554	0.271716	0.0414022	0.024448
rs111728353	-0.212429	0.166868	NA	NA	NA	NA	NA	NA	NA	NA	NA	NA	NA	NA
rs260665	0.0237705	0.0554047	0.00433595	0.0261868	-0.0171679	0.0529664	-0.0378677	0.0404583	-0.0525983	0.0615151	0.0560985	0.0651246	0.0330714	0.0137213
rs260664	-0.0422616	0.0553166	0.00359245	0.0262389	-0.0171417	0.0529734	-0.0393231	0.0405816	-0.0533396	0.0618149	0.0545123	0.0654783	NA	NA
rs260663	-0.00410012	0.0604019	NA	NA	NA	NA	NA	NA	NA	NA	NA	NA	NA	NA
rs260661	0.0146349	0.0591996	0.016105	0.0363728	-0.0099427	0.0727457	-0.0314997	0.0544117	0.0584557	0.0807307	0.026446	0.084302	NA	NA
rs6720695	0.0474807	0.0695321	-0.00644609	0.029694	-0.014037	0.0579071	-0.022926	0.0456388	-0.0941868	0.0649922	0.0499532	0.0691698	0.0138704	0.0172402
rs73954537	0.0760314	0.0780201	NA	NA	NA	NA	NA	NA	NA	NA	NA	NA	NA	NA
rs113996349	0.300037	0.142662	NA	NA	NA	NA	NA	NA	NA	NA	NA	NA	-0.00358332	0.0688951
rs260660	-0.0616009	0.0939462	NA	NA	NA	NA	NA	NA	NA	NA	NA	NA	NA	NA
rs260659	-0.101826	0.114487	0.0135811	0.0362609	-0.00527817	0.0733508	-0.0393637	0.0540885	0.0840453	0.0839754	0.0490927	0.0864594	0.0132915	0.024625
rs260658	0.0596284	0.0775956	0.0497148	0.0522869	-0.0561899	0.104084	-0.0196974	0.0796653	0.161513	0.132698	0.0927371	0.131875	0.00409119	0.0200677
rs260657	-0.0929392	0.113909	0.0142024	0.0360697	0.0055476	0.0725913	-0.0393637	0.0540885	0.0840453	0.0839754	0.0490927	0.0864594	NA	NA
rs112681624	-0.173159	0.153173	NA	NA	NA	NA	NA	NA	NA	NA	NA	NA	-0.0117635	0.0504936
rs72013266	0.179821	0.0889239	NA	NA	NA	NA	0.0520275	0.154405	-0.122447	0.202166	-0.317808	0.208213	NA	NA
rs260656	-0.0922165	0.1137	0.0132199	0.0356967	-0.00406964	0.071812	-0.0289889	0.0536595	0.0590644	0.0807188	0.0311534	0.0842492	0.0150836	0.0244409
rs78753736	0.0852765	0.184947	NA	NA	NA	NA	NA	NA	NA	NA	NA	NA	-0.116332	0.0394619
rs112923407	-0.227496	0.166511	NA	NA	NA	NA	NA	NA	NA	NA	NA	NA	NA	NA
rs10193956	0.0255114	0.0817747	NA	NA	NA	NA	NA	NA	NA	NA	NA	NA	0.000877598	0.0211317
rs260655	-0.0579105	0.100991	NA	NA	NA	NA	NA	NA	NA	NA	NA	NA	NA	NA
rs4676061	0.0817956	0.0587282	-0.00478038	0.0260201	0.0270392	0.0526595	0.0352342	0.0402446	0.0363473	0.0618818	-0.0727407	0.0656886	NA	NA
rs11898312	-0.0349634	0.0689999	NA	NA	NA	NA	NA	NA	NA	NA	NA	NA	-0.00406905	0.0190669
rs73954540	0.0812839	0.190544	NA	NA	NA	NA	NA	NA	NA	NA	NA	NA	0.0291058	0.038351
rs260654	-0.0974559	0.114114	0.0142019	0.0360698	0.0055476	0.0725913	-0.0393476	0.0540894	0.0840453	0.0839754	0.0490927	0.0864594	NA	NA
rs11695201	0.0756593	0.0781578	-0.00462482	0.0291684	-0.0293916	0.0573881	-0.0277417	0.0440946	-0.082567	0.0649057	0.0616574	0.0691322	-0.00779606	0.0200777
rs260653	-0.162594	0.0834152	0.0141145	0.0360709	0.0055476	0.0725913	-0.0391359	0.0540924	0.0840253	0.083971	0.0491739	0.0864549	0.0146516	0.0207334
rs112999474	-0.194134	0.154259	NA	NA	NA	NA	NA	NA	NA	NA	NA	NA	0.0277614	0.0505852
rs113463178	-0.23249	0.165106	NA	NA	NA	NA	NA	NA	NA	NA	NA	NA	NA	NA
rs72944041	-0.402145	0.153995	NA	NA	NA	NA	NA	NA	NA	NA	NA	NA	NA	NA
rs260652	-0.12402	0.0762703	0.0120797	0.035724	0.00536357	0.072166	-0.0268899	0.0536202	0.0857903	0.0836432	0.0474183	0.0859364	NA	NA
rs113164352	-0.194134	0.154259	NA	NA	NA	NA	NA	NA	NA	NA	NA	NA	0.0396173	0.0532853
rs74923267	-0.0961614	0.12222	-0.00492345	0.0291784	-0.0293134	0.0574372	-0.0276207	0.0441021	-0.0867376	0.0648828	0.0611983	0.069317	NA	NA
rs111830403	0.195371	0.100684	NA	NA	NA	NA	NA	NA	NA	NA	NA	NA	-0.000505378	0.0288102
rs1119649	0.0999286	0.0593727	-0.00402742	0.0259314	0.0269033	0.0526762	0.0292331	0.0400277	0.0307794	0.0615298	-0.078089	0.065565	NA	NA
rs73954541	-0.0738092	0.282525	NA	NA	NA	NA	NA	NA	NA	NA	NA	NA	0.0181533	0.0470067
rs115321887	-0.0282884	0.211632	NA	NA	NA	NA	NA	NA	NA	NA	NA	NA	0.1503	0.0662036
rs260651	-0.101668	0.0553652	0.00250651	0.0255907	-0.026696	0.0519988	-0.0320511	0.0394519	-0.0263476	0.0603446	0.0772681	0.0639868	0.00415578	0.0141279
rs260650	-0.0808873	0.0585289	0.00228225	0.0257631	-0.0264651	0.052319	-0.0320932	0.0397527	-0.0264668	0.060846	0.0765267	0.0645148	NA	NA
rs260649	-0.0952657	0.0859785	0.0115678	0.0360142	0.00580779	0.0726326	-0.0255832	0.0541311	0.0873538	0.0841735	0.0454755	0.0865235	0.0198737	0.0201057
rs13431490	-0.046636	0.0688781	NA	NA	NA	NA	NA	NA	NA	NA	NA	NA	-0.00192371	0.0189723
rs72944045	-0.293449	0.239491	NA	NA	NA	NA	NA	NA	NA	NA	NA	NA	NA	NA
rs113229345	-0.196742	0.154492	NA	NA	NA	NA	NA	NA	NA	NA	NA	NA	0.0396173	0.0532853
rs112785709	0.300272	0.141882	NA	NA	NA	NA	-0.0159735	0.0681697	-0.121738	0.113841	0.161836	0.114607	NA	NA
rs13384415	-0.120665	0.120602	NA	NA	NA	NA	NA	NA	NA	NA	NA	NA	0.0100048	0.0374787
rs987309	0.0925535	0.0588052	NA	NA	NA	NA	0.0292311	0.0408943	0.0360468	0.0639534	-0.072434	0.0685207	-0.0152575	0.0143619
rs260648	-0.0761971	0.0558045	NA	NA	NA	NA	-0.0364411	0.0408378	-0.0227805	0.0634738	0.0805828	0.0671775	0.003826	0.0140135
rs13384819	-0.120665	0.120602	NA	NA	NA	NA	NA	NA	NA	NA	NA	NA	NA	NA
rs113054781	-0.196742	0.154492	NA	NA	NA	NA	NA	NA	NA	NA	NA	NA	NA	NA
rs116013828	-0.0767359	0.178293	NA	NA	NA	NA	NA	NA	NA	NA	NA	NA	NA	NA
rs72944049	-0.345167	0.12653	NA	NA	NA	NA	NA	NA	NA	NA	NA	NA	NA	NA
rs80212960	-0.065026	0.0553732	NA	NA	NA	NA	-0.0380391	0.0409001	-0.0212557	0.0634993	0.0857208	0.0672145	NA	NA
rs260647	-0.103463	0.056017	NA	NA	NA	NA	-0.0327692	0.0406855	-0.0328328	0.0634803	0.0789678	0.0679727	NA	NA
rs114034235	0.352397	0.272768	NA	NA	NA	NA	NA	NA	NA	NA	NA	NA	-0.133885	0.0558878
rs260646	-0.076968	0.0558608	NA	NA	NA	NA	-0.0381188	0.0408975	-0.021182	0.0636242	0.0879865	0.0674767	0.0074441	0.0140549
rs11690416	-0.0775126	0.130281	-0.0016402	0.0298683	-0.0326513	0.0589555	-0.0315724	0.0448182	-0.0722648	0.0664197	0.0882083	0.0710695	-0.0115991	0.0252191
rs260645	-0.11387	0.0570931	NA	NA	NA	NA	-0.0327915	0.0406889	-0.0328172	0.0634815	0.0789991	0.067974	0.0106113	0.0139493
rs78024827	-0.0862335	0.0570819	NA	NA	NA	NA	NA	NA	NA	NA	NA	NA	NA	NA
rs260644	-0.0681254	0.103223	NA	NA	NA	NA	NA	NA	NA	NA	NA	NA	NA	NA
rs116302399	0.0757894	0.179999	NA	NA	NA	NA	NA	NA	NA	NA	NA	NA	NA	NA
rs112426839	-0.0970753	0.0959142	NA	NA	NA	NA	-0.0126955	0.0557444	0.0855022	0.0867656	0.0111076	0.0895038	NA	NA
rs78063895	-0.137458	0.110167	NA	NA	NA	NA	NA	NA	NA	NA	NA	NA	0.00355197	0.0322829
rs447865	0.00494981	0.0586043	-0.00578117	0.0455676	0.0465758	0.0945408	-0.146575	0.0645845	-0.0288807	0.102272	0.0758299	0.107434	NA	NA
rs11674280	-0.0322287	0.0668292	-0.00147529	0.029658	-0.0109779	0.0601735	-0.0193544	0.044416	-0.0516132	0.0664665	0.119107	0.072106	-0.00806736	0.0185108
rs383646	-0.0605782	0.0586302	-0.00371533	0.0422778	0.106413	0.0928671	-0.0385178	0.059419	0.00706862	0.101652	-0.0445372	0.103494	NA	NA
rs404499	-0.0502286	0.0581957	-0.0361061	0.045039	0.123873	0.0971267	-0.0901627	0.0641071	0.00235195	0.110226	0.00219312	0.114793	-0.00496784	0.0140939
rs682727	-0.0498813	0.0648066	0.0370901	0.0526908	-0.0448083	0.105458	0.0286155	0.0809888	0.0979413	0.128553	0.0628651	0.130367	0.00462684	0.0167035
rs4676235	-0.0373755	0.086562	NA	NA	NA	NA	NA	NA	NA	NA	NA	NA	-0.027331	0.0203149
rs68041946	-0.0750919	0.102616	NA	NA	NA	NA	-0.03563	0.042956	-0.0413363	0.0638533	0.112988	0.0688347	-0.0091269	0.0236364
rs11683018	-0.0757953	0.102517	-0.0051951	0.0289313	-0.0307801	0.0578546	-0.0352201	0.0428685	-0.0412773	0.0637167	0.112752	0.0686867	-0.0091269	0.0236364
rs875228	-0.0842625	0.0978638	NA	NA	NA	NA	NA	NA	NA	NA	NA	NA	0.00554368	0.0261477
rs4676236	-0.00155132	0.0805207	NA	NA	NA	NA	NA	NA	NA	NA	NA	NA	NA	NA
rs58494113	-0.373758	0.151278	NA	NA	NA	NA	NA	NA	NA	NA	NA	NA	-0.0528095	0.0432321
rs11688396	0.00351782	0.0863078	-0.00464253	0.0282589	-0.031932	0.0567416	-0.0290662	0.0419205	-0.0515273	0.0632132	0.1001	0.0682281	0.00104079	0.0223427
rs11688442	0.000783594	0.0838155	-0.00400159	0.0280647	-0.032329	0.0563655	-0.0288662	0.0416278	-0.0507187	0.0627808	0.100741	0.0677677	0.00104079	0.0223427
rs11688545	-0.00126854	0.0851491	-0.00464253	0.0282589	-0.031932	0.0567416	-0.0290662	0.0419205	-0.0515502	0.0632155	0.100065	0.0682322	0.00104079	0.0223427
rs35788932	-0.0351177	0.139583	-0.00446465	0.0289081	-0.0244354	0.0576381	-0.0357259	0.0429919	-0.0419383	0.0637269	0.112352	0.0687207	-0.00547886	0.0270273
rs34447239	-0.00140051	0.0851593	-0.00463976	0.0283351	-0.0298418	0.0568321	-0.0301492	0.0420679	-0.0522323	0.0632772	0.0999755	0.0683226	NA	NA
rs7424461	-0.000540427	0.0769462	NA	NA	NA	NA	NA	NA	NA	NA	NA	NA	NA	NA
rs61660427	-0.00428945	0.0781711	NA	NA	NA	NA	NA	NA	NA	NA	NA	NA	NA	NA
rs905307	0.026548	0.0574133	0.0137058	0.0461738	-0.130809	0.100156	0.0864478	0.0649875	0.0536456	0.11663	0.0535066	0.122555	NA	NA
rs71383822	-0.0825085	0.0962638	NA	NA	NA	NA	-0.0290662	0.0419205	-0.0515502	0.0632155	0.100065	0.0682322	NA	NA
rs6721898	-0.00450513	0.0782676	NA	NA	NA	NA	NA	NA	NA	NA	NA	NA	-0.0672042	0.0247638
rs2378233	-0.0274586	0.057988	-0.00138519	0.0268051	0.076309	0.0567591	-0.00544207	0.0390463	0.0296386	0.0616873	-0.105969	0.065896	NA	NA
rs6737747	-0.0361208	0.138946	-0.0044695	0.0288304	-0.0266049	0.0575492	-0.0345744	0.0428463	-0.0412864	0.0636703	0.112422	0.0686328	-0.00547886	0.0270273
rs35239908	-0.0182655	0.0566681	-0.0013025	0.0268036	0.0762447	0.0567637	-0.00535041	0.0390394	0.0296665	0.0616789	-0.106005	0.0658848	0.0125481	0.0142059
rs34550611	-0.0181182	0.0567093	-0.0040355	0.0270198	0.0696342	0.0574856	-0.00561671	0.0391726	0.0318854	0.0620783	-0.097642	0.0665381	NA	NA
rs79766610	-0.111922	0.107222	NA	NA	NA	NA	NA	NA	NA	NA	NA	NA	0.0125671	0.0235046
rs36080236	-0.0255125	0.058117	-0.00134132	0.0268074	0.0761739	0.0567736	-0.00535388	0.0390408	0.0297153	0.0616779	-0.105977	0.0658831	0.0110931	0.0144331
rs11693266	-0.0365389	0.138277	-0.00450769	0.028838	-0.0264688	0.0575719	-0.0345744	0.0428463	-0.0412864	0.0636703	0.112422	0.0686328	-0.00547886	0.0270273
rs35149453	-0.0361208	0.138946	-0.00450769	0.028838	-0.0264688	0.0575719	-0.0345744	0.0428463	-0.0412864	0.0636703	0.112422	0.0686328	NA	NA
rs34517716	-0.0361208	0.138946	-0.00450769	0.028838	-0.0264688	0.0575719	-0.0345744	0.0428463	-0.0412864	0.0636703	0.112422	0.0686328	-0.00547886	0.0270273
rs6542793	-0.0664455	0.0764025	NA	NA	NA	NA	NA	NA	NA	NA	NA	NA	NA	NA
rs11683494	-0.0361208	0.138946	-0.00450769	0.028838	-0.0264688	0.0575719	-0.0345744	0.0428463	-0.0412864	0.0636703	0.112422	0.0686328	NA	NA
rs6542794	-0.0654226	0.0762756	NA	NA	NA	NA	NA	NA	NA	NA	NA	NA	NA	NA
rs112230159	-0.163177	0.156463	NA	NA	NA	NA	NA	NA	NA	NA	NA	NA	0.043128	0.0574103
rs13418639	0.0178921	0.0561149	0.0182031	0.0454088	-0.134419	0.0979056	0.0777066	0.064454	0.0376485	0.114859	0.0525927	0.120973	NA	NA
rs10189225	0.0169142	0.0564597	0.0181986	0.0454124	-0.134433	0.0979162	0.0777263	0.064457	0.0376273	0.11488	0.052577	0.120996	NA	NA
rs13396658	0.0184093	0.0574227	0.0223923	0.0410567	-0.117826	0.0886664	0.0463496	0.059628	0.0695341	0.104536	0.135701	0.111164	NA	NA
rs10178112	-0.136543	0.108409	NA	NA	NA	NA	NA	NA	NA	NA	NA	NA	NA	NA
rs59116155	-0.321224	0.245235	NA	NA	NA	NA	NA	NA	NA	NA	NA	NA	-0.00810025	0.0517643
rs116008029	0.252048	0.213718	0.0012105	0.0888168	0.183149	0.196729	0.258989	0.117245	0.299538	0.228969	0.244784	0.260991	NA	NA
rs114401934	-0.347828	0.33584	NA	NA	NA	NA	NA	NA	NA	NA	NA	NA	NA	NA
rs7575198	0.0203535	0.056891	0.0223989	0.0410512	-0.117781	0.0886569	0.0463182	0.0596214	0.0695107	0.104495	0.135906	0.111116	NA	NA
rs9798149	-0.0464518	0.0557152	-0.00474547	0.026765	0.0782678	0.0570894	7.70E-05	0.0392801	0.026046	0.0618962	-0.126546	0.0660799	-0.00942925	0.0140567
rs6542795	-0.0301417	0.0803129	NA	NA	NA	NA	NA	NA	NA	NA	NA	NA	NA	NA
rs59834277	-0.0753659	0.225013	NA	NA	NA	NA	NA	NA	NA	NA	NA	NA	0.0443093	0.0448955
rs4676237	0.0205306	0.0563962	0.022459	0.0406096	-0.116022	0.087829	0.0452885	0.0590209	0.0695413	0.103673	0.1348	0.110226	NA	NA
rs7425828	-0.0655952	0.0760646	NA	NA	NA	NA	NA	NA	NA	NA	NA	NA	NA	NA
rs7422292	-0.055556	0.0852581	NA	NA	NA	NA	NA	NA	NA	NA	NA	NA	NA	NA
rs115704435	0.284973	0.14143	NA	NA	NA	NA	NA	NA	NA	NA	NA	NA	NA	NA
rs4676238	-0.0648076	0.0760832	NA	NA	NA	NA	NA	NA	NA	NA	NA	NA	NA	NA
rs73954548	0.0171799	0.0573781	NA	NA	NA	NA	NA	NA	NA	NA	NA	NA	NA	NA
rs28684794	0.0540121	0.0655173	NA	NA	NA	NA	NA	NA	NA	NA	NA	NA	NA	NA
rs77685142	-0.146775	0.195973	NA	NA	NA	NA	NA	NA	NA	NA	NA	NA	-0.132982	0.0402559
rs2134372	-0.047425	0.0551741	-0.00641911	0.027189	0.0716521	0.0579491	0.00331202	0.0399969	0.0195514	0.062027	-0.137095	0.0665215	-0.00834637	0.014078
rs1976439	-0.0447936	0.0557105	-0.00475423	0.0267653	0.0781792	0.0570913	7.74E-05	0.0392809	0.0261234	0.0619019	-0.12654	0.0660883	NA	NA
rs115827196	0.284942	0.14144	NA	NA	NA	NA	NA	NA	NA	NA	NA	NA	NA	NA
rs4676239	-0.064264	0.0760653	NA	NA	NA	NA	NA	NA	NA	NA	NA	NA	NA	NA
rs111907039	-0.148043	0.157263	NA	NA	NA	NA	NA	NA	NA	NA	NA	NA	0.00594767	0.0539918
rs73954549	-0.0119266	0.083802	NA	NA	NA	NA	NA	NA	NA	NA	NA	NA	-0.0172391	0.0305777
rs13007537	-0.0361324	0.138752	-0.00415359	0.0294948	-0.0210632	0.0586367	-0.0294457	0.0443928	-0.0503903	0.0639205	0.0975209	0.0692509	0.00282191	0.0274955
rs7420772	-0.0574758	0.0760971	NA	NA	NA	NA	NA	NA	NA	NA	NA	NA	-0.0246731	0.0195372
rs7426246	-0.0574758	0.0760971	NA	NA	NA	NA	NA	NA	NA	NA	NA	NA	NA	NA
rs12162324	-0.0164294	0.0577102	-0.00427747	0.0267751	0.0787179	0.0571525	5.00E-05	0.0392836	0.0259928	0.0619095	-0.126412	0.0660968	0.00904341	0.0145742
rs1847172	0.0300184	0.0663904	0.0257929	0.0399408	-0.143996	0.0876763	0.025785	0.0581769	0.0583071	0.0979285	0.151401	0.103202	NA	NA
rs12053289	-0.0412233	0.0556956	NA	NA	NA	NA	0.00122861	0.0392418	0.0262647	0.0619746	-0.127512	0.066165	-0.00812083	0.0140424
rs11691200	-0.0339655	0.138452	NA	NA	NA	NA	NA	NA	NA	NA	NA	NA	NA	NA
rs35463359	-0.0441304	0.0551731	NA	NA	NA	NA	0.00409312	0.0399475	0.0219575	0.0620005	-0.137285	0.0665543	-0.00834637	0.014078
rs1604555	-0.0148973	0.0574304	-0.00263255	0.026766	0.0806693	0.0572171	0.00117215	0.0392344	0.0261791	0.0619633	-0.127288	0.0661465	NA	NA
rs7371575	-0.0390865	0.0695734	0.00477048	0.0295948	0.0219851	0.0589288	0.031019	0.0445247	0.0493133	0.0642563	-0.0966222	0.0697169	NA	NA
rs7371577	-0.0390865	0.0695734	0.00477048	0.0295948	0.0219851	0.0589288	0.031019	0.0445247	0.0493133	0.0642563	-0.0966222	0.0697169	NA	NA
rs35489020	-0.0357016	0.138806	-0.0048598	0.0294399	-0.021071	0.0586244	-0.0308126	0.0442924	-0.0505325	0.0638553	0.0985384	0.0691877	NA	NA
rs67787634	-0.0624587	0.056433	NA	NA	NA	NA	NA	NA	NA	NA	NA	NA	NA	NA
rs113959707	-0.197398	0.171399	NA	NA	NA	NA	NA	NA	NA	NA	NA	NA	0.0650838	0.0652469
rs4676240	-0.323892	0.241517	0.0351704	0.0524964	-0.0688522	0.106469	0.0400308	0.0793733	0.155631	0.125478	0.0334761	0.127422	0.0339265	0.0327576
rs6759181	0.0166365	0.136038	NA	NA	NA	NA	NA	NA	NA	NA	NA	NA	0.0130123	0.0280571
rs1021812	-0.0412785	0.0557411	-0.00310761	0.0267572	0.0801288	0.0571586	0.0012122	0.0392336	0.0263361	0.0619604	-0.127293	0.0661469	NA	NA
rs11674275	-0.0686425	0.133724	0.005002	0.0292818	-0.0120758	0.0584004	-0.0274824	0.0440442	-0.0600379	0.0626899	0.0931259	0.0678161	0.00282191	0.0274955
rs116372581	-0.145459	0.19592	NA	NA	NA	NA	NA	NA	NA	NA	NA	NA	-0.132982	0.0402559
rs115684088	0.0971751	0.149888	NA	NA	NA	NA	NA	NA	NA	NA	NA	NA	NA	NA
rs79855952	0.0172226	0.136322	NA	NA	NA	NA	NA	NA	NA	NA	NA	NA	0.00835985	0.0278822
rs113654373	-0.146461	0.158111	NA	NA	NA	NA	NA	NA	NA	NA	NA	NA	0.00594767	0.0539918
rs11674549	-0.0682585	0.134332	0.00510236	0.0294339	-0.0168692	0.0586155	-0.0275915	0.0443582	-0.060609	0.063138	0.0928181	0.0682533	NA	NA
rs11123723	-0.0476671	0.0763023	NA	NA	NA	NA	NA	NA	NA	NA	NA	NA	-0.0281995	0.0196156
rs11123724	-0.0476671	0.0763023	NA	NA	NA	NA	NA	NA	NA	NA	NA	NA	NA	NA
rs111333110	-0.144058	0.158648	NA	NA	NA	NA	NA	NA	NA	NA	NA	NA	0.00594767	0.0539918
rs12052363	-0.33544	0.242651	0.0272365	0.0529005	-0.0624397	0.106383	0.0263967	0.0807332	0.149766	0.132259	0.0833224	0.134554	0.0275879	0.0332419
rs7562362	-0.0371161	0.0562363	-0.0114145	0.0268018	0.0761908	0.0572834	-0.00135938	0.0393405	0.0368115	0.0617276	-0.123165	0.0658197	NA	NA
rs115126204	0.0936636	0.312044	NA	NA	NA	NA	NA	NA	NA	NA	NA	NA	NA	NA
rs10199688	0.0390694	0.0666065	0.0226201	0.0410932	-0.115772	0.0887056	0.0469927	0.0597373	0.0680243	0.104653	0.13304	0.111319	NA	NA
rs113120406	-0.367112	0.148932	NA	NA	NA	NA	NA	NA	NA	NA	NA	NA	-0.0291986	0.0380069
rs113906725	0.0231616	0.0593342	NA	NA	NA	NA	NA	NA	NA	NA	NA	NA	NA	NA
rs4676241	-0.0419952	0.0860277	NA	NA	NA	NA	NA	NA	NA	NA	NA	NA	NA	NA
rs115251133	0.236468	0.183159	NA	NA	NA	NA	NA	NA	NA	NA	NA	NA	0.0394312	0.0355943
rs114206618	-0.268934	0.245388	NA	NA	NA	NA	NA	NA	NA	NA	NA	NA	NA	NA
rs80043021	-0.0623187	0.0974769	NA	NA	NA	NA	NA	NA	NA	NA	NA	NA	0.011569	0.0260104
rs113367474	-0.195774	0.171925	NA	NA	NA	NA	NA	NA	NA	NA	NA	NA	NA	NA
rs79356332	0.104375	0.126841	NA	NA	NA	NA	NA	NA	NA	NA	NA	NA	-0.0047686	0.0297547
rs13416035	-0.141987	0.110542	NA	NA	NA	NA	NA	NA	NA	NA	NA	NA	0.00414115	0.0328427
rs4073495	0.0341283	0.0806247	NA	NA	NA	NA	NA	NA	NA	NA	NA	NA	NA	NA
rs4073496	0.00184238	0.0755967	NA	NA	NA	NA	NA	NA	NA	NA	NA	NA	NA	NA
rs11694520	-0.10266	0.122289	NA	NA	NA	NA	-0.0353884	0.0440858	-0.0613051	0.0616229	0.105503	0.0660696	0.00457106	0.0274215
rs4073497	0.0392875	0.0800183	NA	NA	NA	NA	NA	NA	NA	NA	NA	NA	NA	NA
rs58983734	0.0521904	0.0578327	0.0229197	0.0409739	-0.10921	0.0885157	0.0461301	0.0595863	0.0654551	0.104195	0.126766	0.110852	NA	NA
rs6733806	0.00183486	0.0755971	NA	NA	NA	NA	NA	NA	NA	NA	NA	NA	NA	NA
rs6723709	0.00184238	0.0755967	NA	NA	NA	NA	NA	NA	NA	NA	NA	NA	-0.0288381	0.0188322
rs113834793	0.0427553	0.0927373	NA	NA	NA	NA	NA	NA	NA	NA	NA	NA	-0.0737797	0.0296084
rs6713436	0.0189926	0.0844846	NA	NA	NA	NA	NA	NA	NA	NA	NA	NA	NA	NA
rs116113977	-0.14583	0.1958	NA	NA	NA	NA	NA	NA	NA	NA	NA	NA	-0.132982	0.0402559
rs112720439	0.305139	0.223804	NA	NA	NA	NA	NA	NA	NA	NA	NA	NA	0.0432816	0.0587108
rs10194018	-0.0250658	0.172896	NA	NA	NA	NA	NA	NA	NA	NA	NA	NA	NA	NA
rs11694277	-0.0903922	0.117342	0.0082458	0.0290252	-0.00660981	0.0578373	-0.0420293	0.0434902	-0.0772329	0.0611307	0.0887513	0.0648867	0.00282713	0.0271825
rs74370447	0.278506	0.197777	NA	NA	NA	NA	NA	NA	NA	NA	NA	NA	0.0218071	0.037278
rs12712029	0.0151073	0.0836133	NA	NA	NA	NA	NA	NA	NA	NA	NA	NA	NA	NA
rs11893980	-0.0493427	0.064188	-0.00706744	0.0504235	-0.129467	0.101069	0.028402	0.0760937	0.0500115	0.10825	0.0244022	0.114741	NA	NA
rs6542797	-0.0294415	0.0549861	-0.0172495	0.0263919	0.0510556	0.0560699	0.0191366	0.0390984	0.0499729	0.060069	-0.112335	0.0629346	-0.0165603	0.0142493
rs76715143	-0.145837	0.195764	NA	NA	NA	NA	NA	NA	NA	NA	NA	NA	-0.136573	0.0415568
rs115246865	-0.445581	0.288731	NA	NA	NA	NA	NA	NA	NA	NA	NA	NA	0.0595194	0.0406449
rs74981451	-0.145662	0.195752	NA	NA	NA	NA	NA	NA	NA	NA	NA	NA	-0.132982	0.0402559
rs78904794	0.117592	0.124532	NA	NA	NA	NA	NA	NA	NA	NA	NA	NA	-0.0119381	0.0289835
rs1367274	0.0481981	0.0564311	0.0231134	0.0396915	-0.102796	0.0833213	0.0345433	0.0592062	0.0746795	0.103399	0.0791372	0.109661	NA	NA
rs117032261	-0.206293	0.209537	0.0199651	0.0524515	-0.0642906	0.105959	0.0187927	0.0796138	0.140362	0.130389	0.0738926	0.133131	0.0227028	0.0334055
rs34609468	-0.0757494	0.123795	0.00355286	0.0320187	-0.00162434	0.0647967	-0.0358272	0.0475966	-0.0647725	0.0679782	0.12326	0.0721055	-0.00682784	0.0275221
rs77039993	-0.159924	0.195628	NA	NA	NA	NA	NA	NA	NA	NA	NA	NA	-0.132982	0.0402559
rs6728416	-0.106731	0.113372	0.00804817	0.0290044	-0.00711549	0.057788	-0.0421587	0.043448	-0.0774357	0.0610455	0.0888432	0.0647951	NA	NA
rs6743394	-0.0569067	0.0548267	-0.0235682	0.0396582	0.106211	0.0833074	-0.0343561	0.0591982	-0.0739149	0.103205	-0.0758161	0.109416	-0.0172494	0.0142127
rs6731627	-0.106731	0.113372	0.00804817	0.0290044	-0.00711549	0.057788	-0.0421587	0.043448	-0.0774357	0.0610455	0.0888432	0.0647951	NA	NA
rs4676246	-0.0569067	0.0548267	-0.0236675	0.0396646	0.106799	0.0833129	-0.0347887	0.0592317	-0.0736916	0.103228	-0.0755023	0.109438	NA	NA
rs7581728	-0.106731	0.113372	0.00804817	0.0290044	-0.00711549	0.057788	-0.0421587	0.043448	-0.0774357	0.0610455	0.0888432	0.0647951	NA	NA
rs76884980	-0.0194952	0.0827686	NA	NA	NA	NA	NA	NA	NA	NA	NA	NA	0.0351892	0.02123
rs7582236	-0.106731	0.113372	0.00804817	0.0290044	-0.00711549	0.057788	-0.0421587	0.043448	-0.0774357	0.0610455	0.0888432	0.0647951	NA	NA
rs7582569	-0.106731	0.113372	0.00804817	0.0290044	-0.00711549	0.057788	-0.0421587	0.043448	-0.0774357	0.0610455	0.0888432	0.0647951	-0.00177289	0.0264917
rs1469529	-0.0332096	0.0556811	-0.0172699	0.0266026	0.0553033	0.0564492	0.0182309	0.0394427	0.0503502	0.0605325	-0.11137	0.0634534	-0.0184902	0.014158
rs6707463	-0.106993	0.113154	0.00804817	0.0290044	-0.00711549	0.057788	-0.0421587	0.043448	-0.0774357	0.0610455	0.0888432	0.0647951	NA	NA
rs6736616	-0.107829	0.11191	0.00804817	0.0290044	-0.00711549	0.057788	-0.0421587	0.043448	-0.0774357	0.0610455	0.0888432	0.0647951	NA	NA
rs113339189	0.295001	0.223448	NA	NA	NA	NA	NA	NA	NA	NA	NA	NA	NA	NA
rs6740122	-0.119405	0.112483	0.008085	0.0288241	-0.00673141	0.0574856	-0.0415886	0.0431386	-0.0770341	0.0606519	0.0894695	0.0644069	NA	NA
rs6755270	-0.118868	0.113733	0.00804817	0.0290044	-0.00711549	0.057788	-0.0421587	0.043448	-0.0774357	0.0610455	0.0888432	0.0647951	NA	NA
rs112125709	0.294289	0.22342	NA	NA	NA	NA	NA	NA	NA	NA	NA	NA	NA	NA
rs115961612	-0.164423	0.195359	NA	NA	NA	NA	NA	NA	NA	NA	NA	NA	-0.132982	0.0402559
rs11693658	-0.118868	0.113733	0.00804817	0.0290044	-0.00711549	0.057788	-0.0421587	0.043448	-0.0774357	0.0610455	0.0888432	0.0647951	-0.00177289	0.0264917
rs112787197	-0.212985	0.176016	NA	NA	NA	NA	NA	NA	NA	NA	NA	NA	NA	NA
rs4676065	0.0106835	0.0699139	-0.0146031	0.0258583	0.0887184	0.0544412	0.0111695	0.0379521	0.0331123	0.0596364	-0.115197	0.062303	-0.0257774	0.0169985
rs35809619	-0.126834	0.114256	0.00804559	0.0290045	-0.00711549	0.057788	-0.0421587	0.043448	-0.0774357	0.0610455	0.0888432	0.0647951	NA	NA
rs34341002	-0.127607	0.114248	0.0072312	0.0290351	-0.00918162	0.0578113	-0.0423393	0.0434398	-0.0744854	0.0610312	0.0922132	0.0647344	NA	NA
rs113725103	-0.160922	0.161331	NA	NA	NA	NA	NA	NA	NA	NA	NA	NA	0.0217814	0.0505091
rs55814137	-0.0406237	0.0589042	-0.0231197	0.0396323	0.110207	0.0832504	-0.0342449	0.0591549	-0.0739023	0.103153	-0.0765382	0.109346	0.00877448	0.0159792
rs78767994	0.0223003	0.0868718	NA	NA	NA	NA	NA	NA	NA	NA	NA	NA	0.0270307	0.0222125
rs112675618	0.00447272	0.0825582	NA	NA	NA	NA	NA	NA	NA	NA	NA	NA	NA	NA
rs879964	-0.0529784	0.0799018	NA	NA	NA	NA	NA	NA	NA	NA	NA	NA	0.0153506	0.0206848
rs77550045	-0.168918	0.194603	NA	NA	NA	NA	NA	NA	NA	NA	NA	NA	-0.132982	0.0402559
rs72944076	-0.393548	0.160322	NA	NA	NA	NA	NA	NA	NA	NA	NA	NA	-0.0166955	0.0388272
rs879546	0.100778	0.169034	-0.0174497	0.0257084	0.0889544	0.0542542	0.0112089	0.0376063	0.0328483	0.0590934	-0.114852	0.0616922	NA	NA
rs7588387	-0.0403796	0.0585837	-0.0228417	0.0393497	0.109264	0.0827182	-0.0335099	0.0586505	-0.0737533	0.10249	-0.0783717	0.108645	NA	NA
rs2007790	-0.0387045	0.055979	-0.0231016	0.0396337	0.110077	0.0832445	-0.0341148	0.0591615	-0.0739955	0.103142	-0.0768065	0.109341	-0.0115188	0.0145498
rs1107234	-0.0568318	0.0630125	0.019388	0.0522709	-0.0646909	0.105674	0.0180069	0.0793047	0.0674318	0.124775	0.0548065	0.128406	0.00473616	0.015289
rs73954551	0.0061346	0.0847402	NA	NA	NA	NA	NA	NA	NA	NA	NA	NA	-0.0205435	0.0310656
rs77400936	0.00169258	0.0827306	NA	NA	NA	NA	NA	NA	NA	NA	NA	NA	0.033927	0.0215423
rs7565363	-0.019611	0.054649	-0.020995	0.0266175	0.0558537	0.0567851	0.0194081	0.0393069	0.0503718	0.06049	-0.111387	0.063414	NA	NA
rs7565583	-0.0211742	0.0548813	-0.020995	0.0266175	0.0558537	0.0567851	0.0194081	0.0393069	0.0503718	0.06049	-0.111387	0.063414	NA	NA
rs114479113	-0.061906	0.218013	NA	NA	NA	NA	NA	NA	NA	NA	NA	NA	NA	NA
rs6746925	-0.0421676	0.0680539	-0.0231311	0.0396447	0.109996	0.0832764	-0.0340525	0.0591898	-0.0741778	0.10318	-0.0771634	0.109386	0.00373446	0.0168987
rs116223008	-0.172032	0.193972	NA	NA	NA	NA	NA	NA	NA	NA	NA	NA	-0.132982	0.0402559
rs6750673	0.0166902	0.0703757	-0.0183635	0.0258831	0.0881467	0.0546543	0.0114315	0.0378993	0.0330013	0.0595691	-0.114739	0.0621995	-0.0235709	0.0167192
rs12476514	0.0164389	0.0704259	-0.0182627	0.0259296	0.0894509	0.0550198	0.013792	0.0378755	0.0288858	0.0599636	-0.113911	0.0627388	-0.0235709	0.0167192
rs13023759	-0.127625	0.115275	0.0124929	0.0291766	-0.00536535	0.0584536	-0.0428489	0.0434897	-0.0774906	0.0610964	0.0882668	0.0648524	0.00664407	0.0266623
rs57198318	-0.0512223	0.0628715	0.0199692	0.0524041	-0.0640144	0.105859	0.019086	0.0795511	0.0691095	0.125252	0.0556457	0.128816	0.00386328	0.0152388
rs56200954	0.00872094	0.0849536	NA	NA	NA	NA	NA	NA	NA	NA	NA	NA	-0.0205435	0.0310656
rs7567615	-0.0448988	0.0544045	-0.022842	0.0393499	0.109253	0.0827189	-0.0335335	0.0586508	-0.0736452	0.102467	-0.0781484	0.108619	-0.0157568	0.014618
rs3749061	0.0133177	0.0704484	-0.0174458	0.0257094	0.0890046	0.0542574	0.0112304	0.0376071	0.0328447	0.0590947	-0.114899	0.0616953	-0.0245651	0.0167148
rs72944079	-0.384838	0.159843	NA	NA	NA	NA	NA	NA	NA	NA	NA	NA	-0.0166955	0.0388272
rs3749060	-0.34461	0.240942	0.0201028	0.0524352	-0.0636786	0.105926	0.0191234	0.0796274	0.139597	0.13006	0.0727611	0.132891	0.0309051	0.0332401
rs58844595	0.00318344	0.082702	NA	NA	NA	NA	NA	NA	NA	NA	NA	NA	NA	NA
rs116345654	-0.409741	0.281794	NA	NA	NA	NA	NA	NA	NA	NA	NA	NA	NA	NA
rs75360994	0.292903	0.140608	NA	NA	NA	NA	NA	NA	NA	NA	NA	NA	0.000392088	0.0688929
rs113529638	-0.19625	0.162395	NA	NA	NA	NA	NA	NA	NA	NA	NA	NA	NA	NA
rs73954552	0.0029139	0.0850554	NA	NA	NA	NA	NA	NA	NA	NA	NA	NA	-0.0205435	0.0310656
rs77319036	-0.124209	0.108852	NA	NA	NA	NA	NA	NA	NA	NA	NA	NA	NA	NA
rs11885609	-0.0445651	0.0742268	NA	NA	NA	NA	NA	NA	NA	NA	NA	NA	NA	NA
rs79135519	0.0205512	0.311662	0.0513379	0.0744633	0.0624408	0.151489	-0.0720418	0.107771	0.0269124	0.185487	0.218056	0.189526	-0.120206	0.0656509
rs4676247	0.00881	0.070944	-0.0154252	0.0259612	0.103748	0.05502	0.017203	0.0378735	0.0337239	0.0599983	-0.108961	0.062821	-0.022096	0.0167235
rs13403619	-0.0308816	0.0609894	NA	NA	NA	NA	NA	NA	NA	NA	NA	NA	0.004177	0.0157571
rs72944081	-0.00514703	0.0607734	NA	NA	NA	NA	NA	NA	NA	NA	NA	NA	NA	NA
rs76876336	-0.0373575	0.0610833	NA	NA	NA	NA	NA	NA	NA	NA	NA	NA	0.000771411	0.015602
rs4473416	-0.118392	0.0692272	NA	NA	NA	NA	NA	NA	NA	NA	NA	NA	NA	NA
rs113926209	0.0370369	0.240213	NA	NA	NA	NA	NA	NA	NA	NA	NA	NA	NA	NA
rs2378302	-0.126398	0.0650314	-0.0471169	0.0287504	0.121374	0.0620361	-0.014712	0.0422287	0.00514294	0.0712776	-0.19794	0.0738756	NA	NA
rs964158	-0.124329	0.0647251	-0.0471169	0.0287504	0.121374	0.0620361	-0.014712	0.0422287	0.00514294	0.0712776	-0.19794	0.0738756	0.000917279	0.0157753
rs113708582	0.11684	0.13049	NA	NA	NA	NA	NA	NA	NA	NA	NA	NA	0.00459389	0.0471353
rs17034926	0.0267589	0.0877439	NA	NA	NA	NA	NA	NA	NA	NA	NA	NA	0.0405168	0.0222406
rs61419309	0.103235	0.0865704	0.0250725	0.0465995	-0.192223	0.100405	-0.0311646	0.0698574	-0.0374795	0.12575	0.163825	0.129981	NA	NA
rs7606472	-0.0531296	0.0845392	-0.0195943	0.0259208	0.117524	0.054581	0.0175009	0.0377353	0.0398761	0.0607254	-0.101647	0.0632585	-0.0325622	0.018408
rs66768917	-0.124765	0.0650583	NA	NA	NA	NA	NA	NA	NA	NA	NA	NA	NA	NA
rs17197427	-0.0723749	0.0757975	-0.0195666	0.0259164	0.117465	0.0545686	0.0175043	0.037731	0.0398717	0.0607219	-0.101626	0.0632543	NA	NA
rs6720247	-0.124001	0.0650728	-0.0471169	0.0287504	0.121374	0.0620361	-0.014712	0.0422287	0.00514294	0.0712776	-0.19794	0.0738756	0.00135003	0.0157788
rs6705120	-0.124153	0.0650737	-0.0471169	0.0287504	0.121374	0.0620361	-0.014712	0.0422287	0.00514294	0.0712776	-0.19794	0.0738756	NA	NA
rs10177478	-0.121015	0.0647214	-0.0470992	0.0287487	0.121347	0.0620247	-0.0148038	0.0422229	0.00491986	0.0712855	-0.197916	0.0738722	0.00135003	0.0157788
rs10188630	-0.121001	0.0647221	-0.0469796	0.0285245	0.120592	0.0615402	-0.0135519	0.0418584	0.00551415	0.0707141	-0.198075	0.0732797	0.000443389	0.0157181
rs76391937	0.140992	0.128706	NA	NA	NA	NA	NA	NA	NA	NA	NA	NA	0.00459389	0.0471353
rs11675280	-0.130355	0.0688789	-0.0471169	0.0287504	0.121374	0.0620361	-0.014712	0.0422287	0.00514294	0.0712776	-0.19794	0.0738756	NA	NA
rs80115599	-0.238425	0.177621	NA	NA	NA	NA	NA	NA	NA	NA	NA	NA	0.0408899	0.0478994
rs62154375	0.0718684	0.165985	-0.0185881	0.0259228	0.116854	0.054664	0.0179253	0.0377203	0.0398735	0.0607366	-0.101609	0.0632723	0.0191821	0.0255656
rs12712030	-0.133005	0.0692952	-0.0464714	0.0288128	0.12036	0.0622907	-0.0147791	0.0422333	0.00533317	0.0713116	-0.197788	0.0739146	0.00543491	0.0166415
rs114212186	-0.452329	0.177488	NA	NA	NA	NA	NA	NA	NA	NA	NA	NA	0.00525299	0.048595
rs11676676	-0.0750135	0.0726705	-0.0187275	0.0326683	-0.00263635	0.0657571	-0.0541258	0.0485251	-0.0499338	0.070818	-0.0480269	0.0770741	0.00408283	0.0191149
rs61696669	-0.389184	0.15782	NA	NA	NA	NA	NA	NA	NA	NA	NA	NA	-0.0218982	0.0382811
rs77688928	-0.152293	0.159709	NA	NA	NA	NA	NA	NA	NA	NA	NA	NA	0.0220365	0.0409502
rs72944084	0.00338337	0.155238	NA	NA	NA	NA	NA	NA	NA	NA	NA	NA	0.0126937	0.0334042
rs80164691	0.185821	0.163175	NA	NA	NA	NA	NA	NA	NA	NA	NA	NA	-0.00839267	0.0375535
rs56092133	0.0345922	0.0896317	NA	NA	NA	NA	NA	NA	NA	NA	NA	NA	0.035475	0.0236552
rs12614281	0.144798	0.102894	0.0243705	0.0466206	-0.191968	0.100543	-0.0308888	0.0698198	-0.0379836	0.125794	0.164972	0.130012	NA	NA
rs58891732	0.0343467	0.0896668	NA	NA	NA	NA	NA	NA	NA	NA	NA	NA	0.035475	0.0236552
rs737478	-0.144251	0.114557	-0.0187703	0.0326688	-0.0025649	0.065759	-0.0541282	0.0485265	-0.0499494	0.0708187	-0.0480575	0.0770749	0.007812	0.0245665
rs3889200	-0.09845	0.0765192	-0.017018	0.025957	0.115369	0.0548503	0.0178778	0.0377228	0.0399091	0.0607275	-0.101691	0.0632587	NA	NA
rs59050495	0.12772	0.102127	0.0244715	0.04663	-0.190832	0.100593	-0.0314644	0.0698229	-0.0399111	0.125675	0.164945	0.129937	-0.00760893	0.023108
rs6721559	-0.0718576	0.0728464	-0.020126	0.0328427	0.000698722	0.0660575	-0.0528982	0.0488659	-0.0506981	0.071241	-0.0487903	0.077554	0.00408283	0.0191149
rs6739562	-0.122911	0.0689054	-0.043991	0.0287149	0.116822	0.0623785	-0.0135466	0.0418582	0.00551514	0.0707104	-0.198033	0.073277	0.00343746	0.0164802
rs6724480	0.00365376	0.155134	NA	NA	NA	NA	NA	NA	NA	NA	NA	NA	0.0155434	0.0330807
rs116472630	-0.154939	0.189231	NA	NA	NA	NA	NA	NA	NA	NA	NA	NA	-0.134697	0.0411707
rs11681754	-0.144422	0.114571	-0.020126	0.0328427	0.000698722	0.0660575	-0.0528982	0.0488659	-0.0506981	0.071241	-0.0487903	0.077554	NA	NA
rs11681808	-0.144105	0.114675	-0.020034	0.0328513	0.000834833	0.0660651	-0.0527122	0.0488859	-0.0516307	0.0713025	-0.0482903	0.0776308	NA	NA
rs11692935	-0.144105	0.114675	-0.020126	0.0328427	0.000698722	0.0660575	-0.0528982	0.0488659	-0.0506981	0.071241	-0.0487903	0.077554	0.0120731	0.0244612
rs73952858	0.0312706	0.090228	NA	NA	NA	NA	NA	NA	NA	NA	NA	NA	0.0369048	0.023822
rs10184504	-0.1256	0.108805	NA	NA	NA	NA	NA	NA	NA	NA	NA	NA	0.00814181	0.0330005
rs11689009	-0.144105	0.114675	-0.0200071	0.0328543	0.000772393	0.0660681	-0.0526399	0.0488893	-0.051573	0.0713053	-0.0483055	0.0776314	0.0120731	0.0244612
rs75659643	-0.136055	0.115763	NA	NA	NA	NA	-0.0534021	0.0489796	-0.0511633	0.071425	-0.0484835	0.0777881	NA	NA
rs79439047	-0.13784	0.115685	-0.0200989	0.0329214	0.000835101	0.0662169	-0.0534021	0.0489796	-0.0511633	0.071425	-0.0484835	0.0777881	NA	NA
rs11689235	-0.13784	0.115685	NA	NA	NA	NA	-0.0534021	0.0489796	-0.0511633	0.071425	-0.0484835	0.0777881	0.0120731	0.0244612
rs4676067	-0.135049	0.0694641	-0.0454041	0.0294253	0.108466	0.0641737	-0.0138634	0.0430824	0.0159038	0.0724667	-0.204546	0.0750641	0.0043091	0.016494
rs4676248	-0.133238	0.0697295	-0.0477594	0.0302872	0.0903914	0.0647488	-0.0394851	0.0443671	0.0210955	0.0756093	-0.185166	0.0790933	0.00750861	0.016564
rs34539639	-0.0445852	0.125028	-0.0459455	0.0340529	-0.000527746	0.0681401	-0.0532249	0.051028	-0.0613412	0.0744009	0.0019452	0.0818781	0.00401024	0.0243155
rs17034962	-0.0752287	0.0761841	NA	NA	NA	NA	NA	NA	NA	NA	NA	NA	NA	NA
rs78806068	-0.0188631	0.100095	NA	NA	NA	NA	NA	NA	NA	NA	NA	NA	0.0271872	0.024612
rs72944087	-0.445746	0.160102	NA	NA	NA	NA	NA	NA	NA	NA	NA	NA	-0.0436954	0.0433108
rs73952859	-0.0221174	0.0874044	NA	NA	NA	NA	NA	NA	NA	NA	NA	NA	-0.048337	0.0348588
rs77211064	0.209635	0.131037	NA	NA	NA	NA	NA	NA	NA	NA	NA	NA	0.0557035	0.0466651
rs6752599	0.0756709	0.0676209	0.0350663	0.0314681	-0.00194378	0.0658181	-0.0046674	0.0459221	0.0276877	0.0702276	-0.0164713	0.0771152	NA	NA
rs72944088	-0.44063	0.159524	NA	NA	NA	NA	NA	NA	NA	NA	NA	NA	-0.0184108	0.0370512
rs6734541	0.0759481	0.0685136	0.0179884	0.0343429	-0.0125357	0.071992	-0.036696	0.0491047	0.0551973	0.0769479	0.0256198	0.0852639	NA	NA
rs114730598	0.25676	0.138634	NA	NA	NA	NA	NA	NA	NA	NA	NA	NA	0.0581043	0.0517842
rs6719748	-0.103677	0.0577666	0.0203359	0.0265917	0.112226	0.0563318	-0.00770841	0.0391656	0.0684093	0.061418	-0.116159	0.0630503	-0.00839752	0.0143334
rs6723487	0.0756788	0.0679126	0.0356198	0.0317318	-0.00154887	0.0663514	-0.00426701	0.0462697	0.0289776	0.0707801	-0.0149536	0.0777791	-0.0269244	0.0162355
rs6723609	0.0756788	0.0679126	0.0356198	0.0317318	-0.00154887	0.0663514	-0.00426701	0.0462697	0.0289776	0.0707801	-0.0149536	0.0777791	-0.0269244	0.0162355
rs6723873	0.131371	0.0635929	0.00293317	0.033263	-0.105836	0.0719047	0.00680586	0.0478153	-0.0481268	0.0800331	0.153983	0.0828348	-0.00890695	0.0162126
rs111810022	0.220724	0.131443	NA	NA	NA	NA	NA	NA	NA	NA	NA	NA	0.0557035	0.0466651
rs113750216	0.207868	0.130913	NA	NA	NA	NA	NA	NA	NA	NA	NA	NA	0.0544881	0.0471674
rs75185264	0.256955	0.138654	NA	NA	NA	NA	NA	NA	NA	NA	NA	NA	0.0581043	0.0517842
rs78096821	0.356871	0.20797	0.0785898	0.0758841	-0.281952	0.187125	-0.0280093	0.118186	-0.296624	0.244812	0.291224	0.235468	-0.0137768	0.0313226
rs4676249	0.0394897	0.0624952	0.0347393	0.0324211	0.0145957	0.0690436	-0.00783216	0.0469822	-0.0114529	0.0737507	0.0145029	0.0805228	-0.0301686	0.0158392
rs115739507	-0.44075	0.159581	NA	NA	NA	NA	NA	NA	NA	NA	NA	NA	NA	NA
rs111394153	-0.193589	0.0992261	NA	NA	NA	NA	NA	NA	NA	NA	NA	NA	0.000822536	0.0236674
rs891421	0.0407403	0.0621774	0.0350549	0.031467	-0.00194777	0.0658151	-0.00470116	0.0459203	0.027171	0.0702143	-0.0123917	0.0768967	NA	NA
rs13027539	-0.0566531	0.121942	0.0196569	0.0268078	0.130058	0.0576695	-0.0112256	0.0395095	0.0460018	0.0609309	-0.0982833	0.0627963	NA	NA
rs6746506	0.140103	0.0635116	0.00198434	0.033238	-0.105341	0.071815	0.0079766	0.0477691	-0.060416	0.0780767	0.146114	0.0808823	NA	NA
rs11695447	0.0984899	0.0672244	0.0347393	0.0324211	0.0145957	0.0690436	-0.00783216	0.0469822	-0.0114529	0.0737507	0.0145029	0.0805228	NA	NA
rs4676068	0.0395356	0.0624896	0.0347393	0.0324211	0.0145957	0.0690436	-0.00783216	0.0469822	-0.0114529	0.0737507	0.0145029	0.0805228	-0.0301686	0.0158392
rs79311422	0.197254	0.130011	NA	NA	NA	NA	NA	NA	NA	NA	NA	NA	0.0557035	0.0466651
rs4676069	0.0984899	0.0672244	0.0347393	0.0324211	0.0145957	0.0690436	-0.00783216	0.0469822	-0.0114529	0.0737507	0.0145029	0.0805228	-0.0248818	0.0162268
rs4234109	0.0395217	0.0624899	0.0324919	0.032562	0.0131962	0.0693582	-0.0100073	0.0471804	-0.0174278	0.0741849	0.0170695	0.080818	NA	NA
rs4676251	0.0395217	0.0624899	0.0347393	0.0324211	0.0145957	0.0690436	-0.00783216	0.0469822	-0.0114657	0.0737528	0.0142002	0.0805237	NA	NA
rs4676252	0.0395217	0.0624899	0.0347393	0.0324211	0.0145957	0.0690436	-0.00783216	0.0469822	-0.0114657	0.0737528	0.0142002	0.0805237	NA	NA
rs60503121	-0.188872	0.0988331	NA	NA	NA	NA	NA	NA	NA	NA	NA	NA	NA	NA
rs4676253	0.119252	0.113866	NA	NA	NA	NA	-0.00747366	0.0469966	-0.0127576	0.0739439	0.0115273	0.0807227	NA	NA
rs116444112	-0.117824	0.108697	NA	NA	NA	NA	NA	NA	NA	NA	NA	NA	0.018719	0.0320422
rs4676254	0.0339099	0.0627455	NA	NA	NA	NA	-0.00783216	0.0469822	-0.0114657	0.0737528	0.0142002	0.0805237	NA	NA
rs4676255	0.0980548	0.0670718	0.0347393	0.0324211	0.0145957	0.0690436	-0.00783216	0.0469822	-0.0114529	0.0737507	0.0145029	0.0805228	-0.0258901	0.0162275
rs4676256	0.124225	0.114018	0.0335319	0.0325066	-0.00444882	0.0693748	-0.00547296	0.0469642	-0.00729254	0.0737372	0.0232366	0.0805003	NA	NA
rs113933329	0.129686	0.0637225	NA	NA	NA	NA	0.0080935	0.0477755	-0.0601869	0.0782101	0.148496	0.080927	NA	NA
rs11687675	-0.00772401	0.0617306	NA	NA	NA	NA	-0.0148781	0.0401775	0.0278291	0.0609988	-0.0788442	0.0633767	NA	NA
rs113502146	0.0891491	0.166525	NA	NA	NA	NA	NA	NA	NA	NA	NA	NA	NA	NA
rs72944093	-0.19365	0.0988436	NA	NA	NA	NA	NA	NA	NA	NA	NA	NA	NA	NA
rs6542799	0.0927489	0.0676216	0.0347393	0.0324211	0.0145957	0.0690436	-0.00783216	0.0469822	-0.0114529	0.0737507	0.0145029	0.0805228	NA	NA
rs112288684	0.197254	0.130011	NA	NA	NA	NA	NA	NA	NA	NA	NA	NA	0.0557035	0.0466651
rs13005706	-0.0140702	0.0577066	0.0305387	0.0273092	0.102823	0.057901	-0.0149044	0.0401772	0.0286299	0.0609699	-0.0789674	0.063351	NA	NA
rs61350744	0.00593958	0.236441	NA	NA	NA	NA	NA	NA	NA	NA	NA	NA	0.0145842	0.0524092
rs76901861	0.197254	0.130011	NA	NA	NA	NA	NA	NA	NA	NA	NA	NA	0.0582367	0.0471575
rs115870432	-0.130908	0.200304	NA	NA	NA	NA	NA	NA	NA	NA	NA	NA	0.0372701	0.0443965
rs10176294	-0.0653997	0.0780896	NA	NA	NA	NA	NA	NA	NA	NA	NA	NA	NA	NA
rs114810636	0.197083	0.129987	NA	NA	NA	NA	NA	NA	NA	NA	NA	NA	0.0557035	0.0466651
rs116120669	-0.0424368	0.187875	NA	NA	NA	NA	NA	NA	NA	NA	NA	NA	-0.0115353	0.0440356
rs7570265	0.0927729	0.0676223	0.0353529	0.034004	0.0137517	0.0713486	-0.00972018	0.0489947	-0.0256019	0.0740208	-0.0019407	0.0812239	NA	NA
rs10536517	0.0305029	0.0626619	NA	NA	NA	NA	-0.00972018	0.0489947	-0.0256154	0.0740226	-0.00224886	0.0812234	-0.0329152	0.0158286
rs77551690	0.197254	0.130011	NA	NA	NA	NA	NA	NA	NA	NA	NA	NA	0.0557035	0.0466651
rs56037696	-0.0238002	0.0875296	NA	NA	NA	NA	NA	NA	NA	NA	NA	NA	-0.0401085	0.0319745
rs7570494	0.0927729	0.0676223	0.0353529	0.034004	0.0137517	0.0713486	-0.00972018	0.0489947	-0.0256019	0.0740208	-0.0019407	0.0812239	NA	NA
rs7558273	0.0339287	0.0627453	0.0353529	0.034004	0.0137517	0.0713486	-0.00972018	0.0489947	-0.0256154	0.0740226	-0.00224886	0.0812234	NA	NA
rs75354669	0.197254	0.130011	NA	NA	NA	NA	NA	NA	NA	NA	NA	NA	NA	NA
rs7561185	-0.00665025	0.0620538	0.0291833	0.0272861	0.109916	0.057643	-0.0149057	0.0401739	0.028177	0.0608275	-0.0799912	0.0631939	NA	NA
rs75714194	-0.00846201	0.110657	NA	NA	NA	NA	NA	NA	NA	NA	NA	NA	0.0148911	0.0229523
rs17020547	-0.191305	0.098132	NA	NA	NA	NA	NA	NA	NA	NA	NA	NA	NA	NA
rs112892459	0.112987	0.417564	NA	NA	NA	NA	NA	NA	NA	NA	NA	NA	0.0137352	0.0586586
rs111581075	0.197075	0.129983	NA	NA	NA	NA	NA	NA	NA	NA	NA	NA	0.0557035	0.0466651
rs13402714	0.123055	0.0636295	-0.000692008	0.0328134	-0.108206	0.0721069	0.00672572	0.0470827	-0.0752258	0.0777313	0.128776	0.0808685	NA	NA
rs113661491	-0.25237	0.267181	NA	NA	NA	NA	NA	NA	NA	NA	NA	NA	0.0599615	0.050827
rs17020548	-0.187593	0.0975415	NA	NA	NA	NA	NA	NA	NA	NA	NA	NA	0.00580961	0.0236704
rs74463618	-0.0987279	0.181896	NA	NA	NA	NA	NA	NA	NA	NA	NA	NA	-0.125574	0.0405881
rs112206615	-0.111454	0.204658	NA	NA	NA	NA	NA	NA	NA	NA	NA	NA	0.00340481	0.0566023
rs114333759	-0.253658	0.267771	NA	NA	NA	NA	NA	NA	NA	NA	NA	NA	NA	NA
rs76391129	0.3134	0.143714	NA	NA	NA	NA	NA	NA	NA	NA	NA	NA	NA	NA
rs34167530	-0.0221432	0.0648171	0.0342075	0.0279827	0.0910153	0.0597053	-0.0172933	0.040953	0.0305479	0.0614109	-0.0853023	0.0635796	NA	NA
rs11691593	-0.050342	0.122171	0.0332394	0.0264879	0.12322	0.0558339	-0.0197747	0.0389399	0.0472808	0.0605359	-0.101234	0.0624107	0.0127853	0.0254331
rs79499559	-0.0786712	0.178868	NA	NA	NA	NA	NA	NA	NA	NA	NA	NA	NA	NA
rs78600359	-0.0785404	0.17886	NA	NA	NA	NA	NA	NA	NA	NA	NA	NA	-0.125574	0.0405881
rs934288	0.209436	0.185284	0.0383473	0.0343826	0.0175912	0.0718899	-0.00502263	0.049339	-0.0269613	0.0744876	-0.00403344	0.0817911	NA	NA
rs6722370	0.317329	0.199774	0.0586746	0.0743223	-0.298214	0.174636	-0.0226414	0.113645	-0.289003	0.241241	0.304253	0.232121	NA	NA
rs1075813	0.0413212	0.0587492	0.0401053	0.0267084	0.0985745	0.0556674	-0.0226293	0.0391024	0.0288449	0.0604708	-0.0815224	0.0628234	NA	NA
rs6722729	0.317329	0.199774	0.0586746	0.0743223	-0.298214	0.174636	-0.0226414	0.113645	-0.289003	0.241241	0.304253	0.232121	0.00176434	0.0318737
rs6542800	0.0861369	0.119144	0.0379375	0.0342925	0.0180698	0.0717486	-0.00549973	0.0491924	-0.0267241	0.0742217	-0.00364321	0.0814924	-0.0353303	0.025467
rs114826449	0.106046	0.302747	NA	NA	NA	NA	NA	NA	NA	NA	NA	NA	0.0164266	0.0567307
rs7602711	0.138678	0.0631363	-0.0140986	0.0316585	-0.0974961	0.0688039	0.0192537	0.045004	-0.0762587	0.077643	0.13588	0.080633	NA	NA
rs2069246	0.138678	0.0631363	-0.0140986	0.0316585	-0.0974961	0.0688039	0.0192537	0.045004	-0.0762587	0.077643	0.13588	0.080633	-0.00860121	0.0160671
rs891420	0.138678	0.0631363	-0.0140986	0.0316585	-0.0974961	0.0688039	0.0192537	0.045004	-0.0762587	0.077643	0.13588	0.080633	NA	NA
rs11902176	-0.124132	0.202977	NA	NA	NA	NA	NA	NA	NA	NA	NA	NA	0.0372701	0.0443965
rs891419	0.112447	0.0663232	0.0380664	0.0342722	0.0180377	0.0717229	-0.00590035	0.0491518	-0.0253397	0.0740154	-0.000843749	0.0812771	NA	NA
rs891418	0.10316	0.0671648	0.0380664	0.0342722	0.0180377	0.0717229	-0.00590035	0.0491518	-0.0253262	0.0740137	-0.000535166	0.0812778	NA	NA
rs75962149	-0.0786712	0.178868	NA	NA	NA	NA	NA	NA	NA	NA	NA	NA	-0.125574	0.0405881
rs80041297	-0.372606	0.159372	NA	NA	NA	NA	NA	NA	NA	NA	NA	NA	-0.0223213	0.0375026
rs79218930	0.0378992	0.121728	NA	NA	NA	NA	NA	NA	NA	NA	NA	NA	0.00720898	0.0305434
rs891417	0.112447	0.0663232	0.0380664	0.0342722	0.0180377	0.0717229	-0.00590035	0.0491518	-0.0253397	0.0740154	-0.000843749	0.0812771	NA	NA
rs72944100	-0.189302	0.0998095	NA	NA	NA	NA	NA	NA	NA	NA	NA	NA	NA	NA
rs76328162	-0.0786712	0.178868	NA	NA	NA	NA	NA	NA	NA	NA	NA	NA	-0.125574	0.0405881
rs4676070	0.0406176	0.0590617	0.0401053	0.0267084	0.0985745	0.0556674	-0.0226293	0.0391024	0.0288449	0.0604708	-0.0815224	0.0628234	-0.00485723	0.014695
rs4676071	0.181104	0.205921	0.0384123	0.0344113	0.017556	0.0719483	-0.00506102	0.0493864	-0.0266689	0.0747975	-0.00579299	0.0821557	NA	NA
rs12478508	0.13878	0.0631388	-0.0141491	0.0316613	-0.0974941	0.0688078	0.0191633	0.045009	-0.0763551	0.0776449	0.135773	0.0806299	NA	NA
rs72944101	-0.184914	0.100384	NA	NA	NA	NA	NA	NA	NA	NA	NA	NA	2.16993E-05	0.0244653
rs11123725	0.13374	0.0629684	-0.0141221	0.0316533	-0.0974567	0.0687959	0.0193307	0.044996	-0.0762736	0.0776399	0.135866	0.0806294	NA	NA
rs6759516	0.0948265	0.0670673	0.0380664	0.0342722	0.0180377	0.0717229	-0.00590035	0.0491518	-0.0253262	0.0740137	-0.000535166	0.0812778	NA	NA
rs2163259	0.0932788	0.0662878	0.0380893	0.0343163	0.0180238	0.0718132	-0.00598019	0.0492059	-0.0251266	0.0746612	-0.00048802	0.0818775	NA	NA
rs10165859	-0.0650848	0.0775899	NA	NA	NA	NA	NA	NA	NA	NA	NA	NA	0.0220041	0.0205593
rs56832806	-0.185342	0.1004	NA	NA	NA	NA	NA	NA	NA	NA	NA	NA	0.0010657	0.0245182
rs115048588	0.0779821	0.117667	-0.0386044	0.103718	-0.229431	0.183449	0.121464	0.184128	-0.0826509	0.272688	-0.473589	0.275792	-0.031798	0.0372732
rs1529574	0.0196705	0.0569115	0.0379228	0.0267776	0.0937322	0.0556707	-0.0200275	0.0391643	0.0322337	0.0600509	-0.0734643	0.0625268	-0.0154055	0.0143975
rs72946105	-0.187887	0.0999026	NA	NA	NA	NA	NA	NA	NA	NA	NA	NA	0.0010657	0.0245182
rs1529573	0.0929498	0.0670014	0.0340142	0.0342206	0.0102257	0.07151	-0.00156148	0.0490627	-0.0197144	0.0738481	0.0117544	0.0811183	NA	NA
rs73952865	-0.0382344	0.0866092	NA	NA	NA	NA	NA	NA	NA	NA	NA	NA	-0.0444006	0.0308772
rs12624178	0.0537049	0.0587729	-0.0141126	0.0316516	-0.0974165	0.0687936	0.0193374	0.0449923	-0.0763306	0.0776446	0.135822	0.0806363	-0.00930022	0.0147409
rs13036053	0.100847	0.0658141	0.0340142	0.0342206	0.0102257	0.07151	-0.00156148	0.0490627	-0.0194893	0.073821	0.0112175	0.0810718	NA	NA
rs76233613	0.125377	0.0617931	NA	NA	NA	NA	NA	NA	NA	NA	NA	NA	NA	NA
rs75938516	0.124649	0.0618305	NA	NA	NA	NA	NA	NA	NA	NA	NA	NA	NA	NA
rs114526656	-0.256841	0.268232	NA	NA	NA	NA	NA	NA	NA	NA	NA	NA	0.0599615	0.050827
rs115413626	0.105141	0.286833	NA	NA	NA	NA	NA	NA	NA	NA	NA	NA	0.0164266	0.0567307
rs115836143	-0.125012	0.190839	NA	NA	NA	NA	NA	NA	NA	NA	NA	NA	-0.119606	0.042307
rs10713791	0.098615	0.0657213	NA	NA	NA	NA	-0.00793865	0.0477508	-0.0197579	0.0731713	0.0125845	0.0798571	-0.0284209	0.0161221
rs7340349	0.0903203	0.0664398	0.0340142	0.0342206	0.0102257	0.07151	-0.00156148	0.0490627	-0.019476	0.0738189	0.0115245	0.0810714	NA	NA
rs17035070	-0.0591439	0.077281	NA	NA	NA	NA	NA	NA	NA	NA	NA	NA	0.0220041	0.0205593
rs73952866	-0.0612227	0.0886954	NA	NA	NA	NA	NA	NA	NA	NA	NA	NA	-0.0363068	0.0304268
rs114901115	-0.256878	0.268241	NA	NA	NA	NA	NA	NA	NA	NA	NA	NA	0.0599615	0.050827
rs10171336	0.132999	0.112302	0.0338817	0.0342403	0.0102509	0.0715347	-0.00114505	0.0491025	-0.0208292	0.0740185	0.00849594	0.0812877	NA	NA
rs12465758	0.0903203	0.0664398	0.0340142	0.0342206	0.0102257	0.07151	-0.00156148	0.0490627	-0.019476	0.0738189	0.0115245	0.0810714	NA	NA
rs73952867	-0.0475706	0.0925139	NA	NA	NA	NA	NA	NA	NA	NA	NA	NA	-0.0505436	0.0403824
rs4676072	0.0895318	0.0662633	0.0340142	0.0342206	0.0102257	0.07151	-0.00156148	0.0490627	-0.019476	0.0738189	0.0115245	0.0810714	NA	NA
rs17035072	-0.0743571	0.117657	NA	NA	NA	NA	NA	NA	NA	NA	NA	NA	NA	NA
rs4676073	0.0895318	0.0662633	0.0340142	0.0342206	0.0102257	0.07151	-0.00156148	0.0490627	-0.019476	0.0738189	0.0115245	0.0810714	NA	NA
rs4676257	0.131172	0.111179	0.0338817	0.0342403	0.0102509	0.0715347	-0.00114505	0.0491025	-0.0208292	0.0740185	0.00849594	0.0812877	NA	NA
rs4676258	0.05126	0.0613819	0.0378458	0.0264407	0.0924174	0.0550271	-0.0195865	0.0386617	0.0298608	0.0594315	-0.0721419	0.0619174	NA	NA
rs112840844	-0.0654978	0.159263	NA	NA	NA	NA	NA	NA	NA	NA	NA	NA	NA	NA
rs11336890	0.0495103	0.061694	NA	NA	NA	NA	-0.0199899	0.0391622	0.0302751	0.0601376	-0.0707402	0.0627574	0.0132044	0.0148362
rs79793246	0.14791	0.10507	NA	NA	NA	NA	NA	NA	NA	NA	NA	NA	0.0335663	0.025519
rs6749764	0.0970663	0.0652124	0.0344901	0.033849	0.0120786	0.070616	-0.000428744	0.0485651	-0.0191478	0.0731002	0.007613	0.0801524	NA	NA
rs5833317	0.0816693	0.115768	NA	NA	NA	NA	-0.00114505	0.0491025	-0.0204046	0.0738513	0.0090482	0.081064	NA	NA
rs17035082	-0.056885	0.0771767	NA	NA	NA	NA	NA	NA	NA	NA	NA	NA	NA	NA
rs115940792	0.297308	0.141593	NA	NA	NA	NA	NA	NA	NA	NA	NA	NA	NA	NA
rs10193749	0.0882523	0.0661657	0.0340598	0.0342218	0.0102442	0.0715152	-0.00156148	0.0490627	-0.0197005	0.0736451	0.00880333	0.0807966	-0.0257963	0.0163348
rs12469209	0.0976658	0.0653722	0.0340598	0.0342218	0.0102442	0.0715152	-0.00156148	0.0490627	-0.0197107	0.0736275	0.00830505	0.0807694	NA	NA
rs11123726	0.0939425	0.0655084	0.0340598	0.0342218	0.0102442	0.0715152	-0.00156148	0.0490627	-0.0197107	0.0736275	0.00830505	0.0807694	NA	NA
rs4676074	0.0940428	0.0655209	0.0340659	0.0342233	0.0102216	0.071519	-0.00155225	0.0490646	-0.0197105	0.0736294	0.0082745	0.0807717	NA	NA
rs934290	0.0843948	0.0663059	0.0340598	0.0342218	0.0102442	0.0715152	-0.00156148	0.0490627	-0.0197005	0.0736451	0.00880333	0.0807966	NA	NA
rs114812042	0.0516614	0.228259	NA	NA	NA	NA	NA	NA	NA	NA	NA	NA	NA	NA
rs115599954	-0.330857	0.269025	NA	NA	NA	NA	NA	NA	NA	NA	NA	NA	0.00387795	0.052647
rs934289	0.104612	0.0655038	0.0327391	0.0341969	0.0082622	0.0714173	-0.00204292	0.0489795	-0.0197244	0.0735179	0.0057632	0.0806062	-0.0284305	0.0161957
rs116600559	-0.0503118	0.179704	NA	NA	NA	NA	NA	NA	NA	NA	NA	NA	-0.133302	0.0415633
rs1560385	0.079153	0.0663014	0.0340638	0.0342223	0.0102738	0.0715171	-0.00157728	0.0490635	-0.0197005	0.0736463	0.00880733	0.080799	NA	NA
rs73952870	-0.0503066	0.0857072	NA	NA	NA	NA	NA	NA	NA	NA	NA	NA	-0.0363068	0.0304268
rs2378301	0.0838229	0.0666951	0.033788	0.0343075	0.0214665	0.0715796	-0.00216889	0.0490898	-0.0184342	0.0739443	0.0114934	0.0811062	NA	NA
rs4676259	0.0891762	0.0655358	0.0344786	0.0341523	0.022013	0.0712337	-0.00124708	0.0489627	-0.0195551	0.0737021	0.0105412	0.0808511	NA	NA
rs4676260	0.0867662	0.0654578	0.0425545	0.0330597	0.0566284	0.0692602	-0.00767073	0.047617	-0.0198442	0.0728754	0.00888706	0.0794358	NA	NA
rs12614844	0.148243	0.0637584	-0.0206807	0.0314216	-0.088077	0.0676399	0.0200145	0.0449973	-0.0735231	0.0779071	0.122419	0.0807808	NA	NA
rs36125620	0.0350364	0.0620842	0.0438345	0.0270089	0.0982334	0.0560305	-0.0206226	0.0393823	0.0299922	0.0600251	-0.0680097	0.0627626	0.0132044	0.0148362
rs919509	0.0796669	0.115392	0.0343768	0.0341659	0.0220397	0.0712504	-0.00094948	0.0489902	-0.0200033	0.0738443	0.0111378	0.0810385	NA	NA
rs919508	0.0867662	0.0654578	0.0425256	0.0330585	0.0566557	0.0692571	-0.00773752	0.0476129	-0.0198159	0.0728776	0.00882045	0.0794378	NA	NA
rs1864479	0.0792528	0.0662965	0.0344786	0.0341523	0.022013	0.0712337	-0.00124708	0.0489627	-0.0195414	0.0737124	0.0110277	0.0808691	NA	NA
rs10180227	0.149553	0.0637979	-0.0206786	0.0314199	-0.0880718	0.0676397	0.020072	0.0449929	-0.0734646	0.0779088	0.122285	0.0807826	NA	NA
rs17035090	-0.0473387	0.108228	NA	NA	NA	NA	NA	NA	NA	NA	NA	NA	0.0257508	0.0224379
rs1864478	0.0858026	0.0654401	0.0425523	0.033059	0.0567274	0.0692564	-0.00767073	0.047617	-0.0198442	0.0728754	0.00888706	0.0794358	NA	NA
rs6727584	0.256983	0.199912	0.0573411	0.0755167	-0.249835	0.178934	-0.0227221	0.113903	-0.25897	0.234262	0.330081	0.226164	NA	NA
rs4676075	0.0850047	0.0654258	0.0425523	0.033059	0.0567274	0.0692564	-0.00767073	0.047617	-0.0198442	0.0728754	0.00888706	0.0794358	NA	NA
rs11898060	0.112006	0.110339	0.0340273	0.0341442	0.0272008	0.0710006	-0.00291814	0.0490084	-0.0200641	0.0738401	0.0112422	0.0810299	NA	NA
rs11902831	0.0915032	0.0661413	0.0422458	0.0330534	0.0614952	0.0691281	-0.00953928	0.0476422	-0.0198442	0.0728754	0.00888706	0.0794358	NA	NA
rs11903987	0.0774224	0.0662592	0.0341245	0.0341308	0.0271775	0.070985	-0.00321382	0.0489813	-0.0195414	0.0737124	0.0110277	0.0808691	NA	NA
rs17035099	0.0373814	0.162274	NA	NA	NA	NA	NA	NA	NA	NA	NA	NA	NA	NA
rs11893469	0.265803	0.184819	-0.0208748	0.0367501	-0.129804	0.0816311	0.0260156	0.0504666	-0.0653084	0.0851461	0.162268	0.0866749	0.00695681	0.0308806
rs7595369	0.0751544	0.0661966	0.0341245	0.0341308	0.0271775	0.070985	-0.00321382	0.0489813	-0.0195414	0.0737124	0.0110277	0.0808691	NA	NA
rs72946121	0.00124356	0.163883	NA	NA	NA	NA	NA	NA	NA	NA	NA	NA	0.00589305	0.0341876
rs7608125	0.0828306	0.0653733	0.0422468	0.0330535	0.0614952	0.0691281	-0.00954517	0.0476424	-0.0198485	0.0728761	0.0088911	0.0794368	NA	NA
rs1430307	0.0751544	0.0661966	0.0341245	0.0341308	0.0271775	0.070985	-0.00321382	0.0489813	-0.0195414	0.0737124	0.0110277	0.0808691	NA	NA
rs1430306	0.0268928	0.0566467	0.0450525	0.026815	0.0941445	0.0557762	-0.0216224	0.0390508	0.0303164	0.0595534	-0.0666337	0.0623513	NA	NA
rs6542801	0.0751544	0.0661966	0.0341245	0.0341308	0.0271775	0.070985	-0.00321382	0.0489813	-0.0195414	0.0737124	0.0110277	0.0808691	NA	NA
rs7585139	0.026388	0.0565015	0.0453144	0.027084	0.0949901	0.0563035	-0.0219698	0.0394454	0.0303995	0.0601166	-0.0668338	0.0629158	NA	NA
rs6542802	0.0247998	0.0619934	0.0452699	0.0270868	0.0950501	0.0563079	-0.0219669	0.039452	0.0303453	0.0601589	-0.0669488	0.0629699	NA	NA
rs112910607	-0.214531	0.178128	NA	NA	NA	NA	NA	NA	NA	NA	NA	NA	0.0585618	0.0637281
rs1864477	0.075028	0.0661953	0.0340192	0.0341168	0.0273456	0.0709536	-0.00295929	0.0489538	-0.0194643	0.0736936	0.011769	0.0808648	NA	NA
rs6542803	0.0825821	0.065194	0.0419507	0.0327426	0.0622012	0.068355	-0.00868924	0.0472279	-0.0193678	0.0723129	0.00847616	0.0788336	NA	NA
rs79006626	-0.0718395	0.120687	NA	NA	NA	NA	NA	NA	NA	NA	NA	NA	-0.0760466	0.0310496
rs73952871	-0.0548044	0.085181	NA	NA	NA	NA	NA	NA	NA	NA	NA	NA	-0.0363068	0.0304268
rs17035118	-0.162186	0.0878001	NA	NA	NA	NA	NA	NA	NA	NA	NA	NA	-0.0366568	0.0215761
rs35618765	0.0841141	0.0655149	0.0420796	0.0330365	0.0615254	0.0690836	-0.00929144	0.0476164	-0.0197826	0.0728457	0.00909918	0.0794124	NA	NA
rs76392994	-0.21968	0.179774	NA	NA	NA	NA	NA	NA	NA	NA	NA	NA	0.0585618	0.0637281
rs34224089	0.154202	0.394408	0.02423	0.0769629	0.134788	0.158433	-0.0492655	0.109194	-0.015129	0.183093	0.154713	0.187269	-0.0876312	0.059596
rs13417446	0.0840619	0.0653937	0.0420796	0.0330365	0.0615254	0.0690836	-0.00929144	0.0476164	-0.0197826	0.0728457	0.00909918	0.0794124	-0.0284209	0.0161221
rs12620235	0.0840619	0.0653937	0.0420796	0.0330365	0.0615254	0.0690836	-0.00929144	0.0476164	-0.0197826	0.0728457	0.00909918	0.0794124	NA	NA
rs4371388	0.0755384	0.0660045	0.0340192	0.0341168	0.0273456	0.0709536	-0.00295929	0.0489538	-0.0194643	0.0736936	0.011769	0.0808648	-0.0279391	0.0163246
rs75324768	-0.0387667	0.183911	NA	NA	NA	NA	NA	NA	NA	NA	NA	NA	-0.133302	0.0415633
rs67222351	0.0764074	0.0661883	NA	NA	NA	NA	-0.00281712	0.0489609	-0.0194544	0.0736993	0.0115678	0.0808692	NA	NA
rs4676076	-0.0868942	0.0819331	0.0372832	0.0266141	0.114399	0.0555882	-0.0173416	0.0391031	0.0542658	0.0603012	-0.107435	0.062126	-0.00724887	0.0192575
rs4378834	0.136844	0.0654624	-0.0230981	0.0313994	-0.0790083	0.0677071	0.0206172	0.0450257	-0.0855917	0.0777225	0.150163	0.0802994	-0.0165578	0.0164019
rs4467303	0.136836	0.0654623	-0.0230956	0.0314002	-0.0790216	0.0677093	0.0206311	0.0450265	-0.0855921	0.0777265	0.150184	0.0803034	-0.0165578	0.0164019
rs28525341	-0.122861	0.0914662	NA	NA	NA	NA	NA	NA	NA	NA	NA	NA	0.0292556	0.0226379
rs73952872	-0.0424935	0.0855734	NA	NA	NA	NA	NA	NA	NA	NA	NA	NA	-0.0413741	0.0321439
rs115827944	0.297288	0.141242	NA	NA	NA	NA	NA	NA	NA	NA	NA	NA	0.0946901	0.0667939
rs12623119	0.273086	0.185034	-0.024198	0.0364574	-0.117626	0.0808588	0.0252689	0.0502292	-0.0824336	0.0845735	0.195548	0.085443	NA	NA
rs7604406	-0.0530435	0.0850283	NA	NA	NA	NA	NA	NA	NA	NA	NA	NA	NA	NA
rs12616552	0.299243	0.18827	-0.024198	0.0364574	-0.117626	0.0808588	0.0252689	0.0502292	-0.0824336	0.0845735	0.195548	0.085443	NA	NA
rs2043077	0.0721435	0.065733	0.0329392	0.033824	0.0225782	0.0699246	-0.00372463	0.048316	-0.021162	0.0736475	0.0152901	0.0808713	NA	NA
rs74916993	-0.189241	0.199825	NA	NA	NA	NA	NA	NA	NA	NA	NA	NA	0.0372701	0.0443965
rs919510	0.0656147	0.0639046	0.040939	0.0327786	0.0557725	0.068146	-0.00973742	0.0470514	-0.0214957	0.0727954	0.0110406	0.0793684	NA	NA
rs11123727	0.0720989	0.0650088	0.0329392	0.033824	0.0225782	0.0699246	-0.00372463	0.048316	-0.0211778	0.0736425	0.0148157	0.0808598	NA	NA
rs11123728	0.0676204	0.0587203	NA	NA	NA	NA	0.0191588	0.0449773	-0.0889242	0.0778957	0.152772	0.0803688	NA	NA
rs11897985	0.300182	0.188519	NA	NA	NA	NA	0.0251407	0.0505353	-0.0827504	0.0849542	0.195132	0.0857827	0.00705938	0.0314449
rs11123729	0.0443816	0.0627993	NA	NA	NA	NA	-0.00973742	0.0470514	-0.0214817	0.0728188	0.0114936	0.0793968	NA	NA
rs116595409	0.459732	0.209318	NA	NA	NA	NA	NA	NA	NA	NA	NA	NA	-0.0780379	0.0419865
rs17035131	0.0777969	0.14243	NA	NA	NA	NA	NA	NA	NA	NA	NA	NA	NA	NA
rs35471221	0.090553	0.0634187	-0.0235718	0.0313636	-0.0807123	0.0675374	0.0191516	0.0449685	-0.0882896	0.0778773	0.152713	0.0803676	-0.0143869	0.0161111
rs116439998	0.221683	0.12024	NA	NA	NA	NA	NA	NA	NA	NA	NA	NA	-0.0297474	0.0268271
rs13423051	-0.0687153	0.0776789	NA	NA	NA	NA	NA	NA	NA	NA	NA	NA	0.0225734	0.0202642
rs10202764	-0.0687153	0.0776789	NA	NA	NA	NA	NA	NA	NA	NA	NA	NA	0.0225734	0.0202642
rs72952018	-0.477128	0.162967	NA	NA	NA	NA	NA	NA	NA	NA	NA	NA	NA	NA
rs72952019	-0.477128	0.162967	NA	NA	NA	NA	NA	NA	NA	NA	NA	NA	-0.0436954	0.0433108
rs11123731	0.090553	0.0634187	-0.0236525	0.0313442	-0.0808982	0.0674199	0.0191653	0.0449746	-0.0885334	0.0779359	0.152496	0.0804178	NA	NA
rs6755192	-0.0862308	0.0648675	0.0270186	0.0307019	0.0825898	0.0663889	-0.00343211	0.0435434	0.00496618	0.071867	-0.0285414	0.0767788	NA	NA
rs57695666	-0.0961138	0.0650408	NA	NA	NA	NA	NA	NA	NA	NA	NA	NA	NA	NA
rs114614498	0.03651	0.189778	NA	NA	NA	NA	NA	NA	NA	NA	NA	NA	0.0124043	0.034587
rs13427247	0.140591	0.0650221	-0.0233782	0.0311576	-0.0865006	0.0666989	0.0201289	0.0447469	-0.0885334	0.0779359	0.152496	0.0804178	NA	NA
rs34440886	-0.0836694	0.0831514	0.0373198	0.0265481	0.113597	0.0554577	-0.0171928	0.0389996	0.0551937	0.0601841	-0.108614	0.0619835	NA	NA
rs76875155	0.301147	0.189193	0.00999178	0.0417883	-0.0907214	0.0987309	-0.00731645	0.0566308	-0.172615	0.100583	0.26172	0.103808	0.0151641	0.0336831
rs112445472	-0.0502178	0.113651	NA	NA	NA	NA	NA	NA	NA	NA	NA	NA	0.020034	0.0228157
rs17035137	0.140585	0.0648916	-0.0233107	0.0309471	-0.0851361	0.0661839	0.0203822	0.0444404	-0.0882665	0.0774967	0.153349	0.0799896	-0.0138956	0.0165899
rs6542804	0.147532	0.128937	0.0324564	0.0337655	0.0226282	0.06979	-0.00387011	0.0482386	-0.0190859	0.0736122	0.0140096	0.080817	NA	NA
rs17035138	-0.11509	0.0961771	NA	NA	NA	NA	NA	NA	NA	NA	NA	NA	0.0173972	0.0219437
rs115755427	0.297157	0.141152	NA	NA	NA	NA	NA	NA	NA	NA	NA	NA	NA	NA
rs6759171	0.218924	0.12034	NA	NA	NA	NA	NA	NA	NA	NA	NA	NA	-0.0177858	0.0260893
rs9677641	-0.0579157	0.117057	0.0371534	0.0263463	0.112781	0.0550074	-0.0172206	0.038737	0.055125	0.0598042	-0.108714	0.0615947	0.00554959	0.0226311
rs60784032	-0.0141269	0.0850064	NA	NA	NA	NA	NA	NA	NA	NA	NA	NA	-0.0197006	0.0293799
rs72952022	-0.387008	0.118016	NA	NA	NA	NA	NA	NA	NA	NA	NA	NA	NA	NA
rs13396408	0.183597	0.0620418	-0.0364702	0.0307304	-0.0703144	0.0681885	-0.00815249	0.0439787	-0.107874	0.0765223	0.214703	0.0772592	NA	NA
rs13382926	-0.0627036	0.0659747	NA	NA	NA	NA	NA	NA	NA	NA	NA	NA	NA	NA
rs113157145	-0.263387	0.129815	NA	NA	NA	NA	NA	NA	NA	NA	NA	NA	-0.0157512	0.0349863
rs13396542	-0.0206668	0.110493	0.0270699	0.0331284	0.0459936	0.0689575	-0.00556517	0.0476817	-0.0205356	0.0751688	-0.00560446	0.0816953	-0.0192626	0.0213468
rs13383336	-0.0190343	0.109895	0.0411208	0.0342203	0.0385328	0.0712631	-0.00170535	0.0489838	-0.0263567	0.0735795	0.0127155	0.0804944	-0.0246364	0.0216367
rs12611726	0.0707588	0.0629634	-0.0201061	0.0310629	-0.060548	0.0662279	0.0212806	0.0449149	-0.0904962	0.0755435	0.146255	0.0778435	-0.0184246	0.0158635
rs57191473	-0.49033	0.164847	NA	NA	NA	NA	NA	NA	NA	NA	NA	NA	-0.0436954	0.0433108
rs112378369	-0.26893	0.185111	NA	NA	NA	NA	NA	NA	NA	NA	NA	NA	0.0402865	0.0681352
rs56660819	0.0596642	0.058033	-0.00224809	0.0295792	-0.0804204	0.0614112	0.0281407	0.0433029	-0.0981313	0.0696942	0.16188	0.0723702	NA	NA
rs12615104	0.0595945	0.0580239	-0.0190247	0.0295114	-0.0977804	0.0615744	0.0210016	0.0436339	-0.0940178	0.070344	0.159443	0.0721136	NA	NA
rs12618827	-0.00802155	0.0606989	0.0314866	0.0344614	0.0450415	0.0717332	-0.000918514	0.0493022	-0.0117395	0.074577	0.0141242	0.0820435	NA	NA
rs72952027	-0.49045	0.164878	NA	NA	NA	NA	NA	NA	NA	NA	NA	NA	-0.0436954	0.0433108
rs17035140	-0.0467003	0.0570963	0.0190111	0.0318613	0.076772	0.0697145	0.00339682	0.0450502	0.00541358	0.0741953	-0.023381	0.080378	NA	NA
rs10192249	-0.074638	0.061519	0.0328338	0.0345063	0.04752	0.0718785	-0.000291446	0.0493863	-0.0116462	0.0746273	0.0139029	0.082077	NA	NA
rs12619673	-0.0446914	0.0638762	-0.0119198	0.0270953	0.0436514	0.0567496	-0.0365889	0.0406836	-0.0313409	0.0614215	0.00518589	0.0661478	-0.0124959	0.016657
rs17269661	-0.19952	0.0772	0.000829106	0.0266671	0.113588	0.0546272	-0.0560856	0.0402564	0.02167	0.0608661	-0.0817992	0.0631043	NA	NA
rs74266256	-0.00531124	0.145689	-0.0671727	0.0716275	-0.0518358	0.126174	0.0690685	0.12134	-0.109348	0.220403	-0.342766	0.217017	NA	NA
rs115721790	0.299984	0.319584	NA	NA	NA	NA	NA	NA	NA	NA	NA	NA	NA	NA
rs111518036	-0.485373	0.164512	NA	NA	NA	NA	NA	NA	NA	NA	NA	NA	NA	NA
rs116831967	-0.00581708	0.114191	NA	NA	NA	NA	NA	NA	NA	NA	NA	NA	0.0178763	0.0226689
rs61255275	0.00617236	0.173927	NA	NA	NA	NA	NA	NA	NA	NA	NA	NA	-0.0321636	0.0391033
rs72952028	-0.49045	0.164878	NA	NA	NA	NA	NA	NA	NA	NA	NA	NA	-0.0457398	0.0436944
rs10184308	0.0285491	0.0600414	-0.0174453	0.0271605	0.0425398	0.0568701	-0.040613	0.0405417	-0.0391333	0.0622764	0.0466928	0.0674983	NA	NA
rs10173448	-0.0307954	0.0682414	0.0478462	0.0739302	-0.226765	0.182416	-0.0207436	0.110937	-0.155043	0.229333	0.265579	0.221831	NA	NA
rs17035142	0.00857088	0.0730028	NA	NA	NA	NA	NA	NA	NA	NA	NA	NA	NA	NA
rs11694496	-0.00708216	0.0642465	-0.0175544	0.0270685	0.0425398	0.0568701	-0.0406488	0.0403358	-0.0406127	0.0619791	0.0523214	0.0671939	NA	NA
rs57107739	-0.0590454	0.0709914	NA	NA	NA	NA	-0.0208419	0.111633	-0.155947	0.230426	0.266933	0.222848	0.00640619	0.0186427
rs114151497	0.296893	0.14115	NA	NA	NA	NA	NA	NA	NA	NA	NA	NA	0.0946901	0.0667939
rs11678150	-0.199978	0.0773839	0.00101545	0.0268708	0.114619	0.0550558	-0.0564852	0.0405471	0.0223326	0.0613127	-0.0808792	0.063567	0.00299969	0.0192076
rs72952029	-0.0377132	0.109754	NA	NA	NA	NA	NA	NA	NA	NA	NA	NA	-0.0038016	0.0371831
rs11893925	-0.0141521	0.0626908	-0.0174731	0.0271949	0.0422569	0.0569492	-0.0414153	0.0405675	-0.0376699	0.062257	0.0481201	0.0675046	NA	NA
rs115352348	0.296893	0.14115	NA	NA	NA	NA	NA	NA	NA	NA	NA	NA	0.0946901	0.0667939
rs12328666	0.00370856	0.101862	-0.0178488	0.0270108	0.042317	0.0565034	-0.0408602	0.0403003	-0.0371915	0.0619424	0.0493782	0.0671638	NA	NA
rs114605560	-0.415366	0.212136	NA	NA	NA	NA	NA	NA	NA	NA	NA	NA	NA	NA
rs111979686	-0.0381435	0.0781904	0.00526961	0.110539	-0.0921261	0.207608	0.0244595	0.184096	-0.0644452	0.195339	0.11722	0.206602	0.0264935	0.0190576
rs56695078	0.0126817	0.109416	NA	NA	NA	NA	NA	NA	NA	NA	NA	NA	NA	NA
rs72952033	-0.47894	0.166899	NA	NA	NA	NA	NA	NA	NA	NA	NA	NA	-0.0457398	0.0436944
rs60120165	-0.0325251	0.083174	NA	NA	NA	NA	NA	NA	NA	NA	NA	NA	NA	NA
rs2163260	-0.0277859	0.0654862	0.00209613	0.0665653	-0.294099	0.150821	-0.00955936	0.10024	-0.0715417	0.160834	0.172623	0.162869	-0.00790344	0.0168732
rs12619389	0.117595	0.0566482	-0.0351705	0.0312014	-0.0666677	0.0667255	0.0208071	0.0447346	-0.068246	0.0764168	0.154379	0.0792863	NA	NA
rs2115899	0.115276	0.0638595	-0.0221312	0.0295805	-0.0933425	0.0618752	0.0168456	0.0439154	-0.0792542	0.0697678	0.165924	0.0715907	-0.0198321	0.0150625
rs2115900	-0.0422154	0.0730036	NA	NA	NA	NA	NA	NA	NA	NA	NA	NA	NA	NA
rs80342891	-0.256292	0.268478	0.0519936	0.0736809	-0.229638	0.179481	-0.0240404	0.110046	-0.193258	0.241845	0.308256	0.233023	-0.0310571	0.0490711
rs10171304	-0.0420498	0.0729087	NA	NA	NA	NA	NA	NA	NA	NA	NA	NA	0.0117986	0.0194047
rs114948805	0.120211	0.086784	NA	NA	NA	NA	NA	NA	NA	NA	NA	NA	NA	NA
rs2378299	0.11554	0.0638608	-0.0221312	0.0295805	-0.0933425	0.0618752	0.0168456	0.0439154	-0.0792542	0.0697678	0.165924	0.0715907	-0.0192243	0.0150589
rs116310014	0.123351	0.0865781	NA	NA	NA	NA	NA	NA	NA	NA	NA	NA	NA	NA
rs10174115	0.118913	0.0568507	-0.0348645	0.0314001	-0.0677291	0.0671808	0.0204933	0.045024	-0.0687797	0.0769486	0.152599	0.0798224	-0.0211125	0.0151735
rs9308810	0.174504	0.0610136	-0.0221312	0.0295805	-0.0933425	0.0618752	0.0168456	0.0439154	-0.0792542	0.0697678	0.165924	0.0715907	NA	NA
rs7355622	0.120342	0.0567533	-0.0348426	0.0314033	-0.0675363	0.0671657	0.0204876	0.0450362	-0.0619294	0.0770078	0.130603	0.0800333	NA	NA
rs10153840	-0.0558426	0.073078	NA	NA	NA	NA	NA	NA	NA	NA	NA	NA	0.0141402	0.0194599
rs115255823	0.120306	0.0867781	NA	NA	NA	NA	NA	NA	NA	NA	NA	NA	0.027084	0.0214868
rs115779130	0.20844	0.268047	NA	NA	NA	NA	NA	NA	NA	NA	NA	NA	-0.131534	0.0571745
rs13396126	0.175207	0.110528	NA	NA	NA	NA	NA	NA	NA	NA	NA	NA	NA	NA
rs10190545	0.163543	0.060592	-0.0224325	0.0293951	-0.0920452	0.0614416	0.0170218	0.0436129	-0.0728091	0.0692882	0.149061	0.0712953	-0.0149104	0.0147858
rs58543767	0.120306	0.0867781	NA	NA	NA	NA	NA	NA	NA	NA	NA	NA	NA	NA
rs11691266	-0.21503	0.0839948	-0.00289871	0.0267369	0.113532	0.0546147	-0.0551847	0.0403626	0.0246727	0.0612058	-0.0864767	0.0634361	-0.00112198	0.0201806
rs752272	0.0953073	0.073984	0.0388897	0.0620378	-0.172993	0.13636	-0.0128804	0.0944956	-0.110184	0.147988	0.189732	0.14914	NA	NA
rs73952881	-0.0059929	0.0800405	NA	NA	NA	NA	NA	NA	NA	NA	NA	NA	NA	NA
rs17035155	0.156808	0.0647834	-0.0349462	0.0314037	-0.0676994	0.0671713	0.020527	0.0450369	-0.0620772	0.0770072	0.130391	0.0800338	NA	NA
rs735373	-0.0568494	0.0731292	NA	NA	NA	NA	NA	NA	NA	NA	NA	NA	0.016871	0.0195512
rs115953012	0.165612	0.0981463	NA	NA	NA	NA	NA	NA	NA	NA	NA	NA	NA	NA
rs4476381	0.120215	0.056531	-0.0349483	0.0314058	-0.0677576	0.0671778	0.0204938	0.0450398	-0.0615988	0.0770295	0.130295	0.0800426	-0.0226641	0.0152293
rs114126914	0.296893	0.14115	NA	NA	NA	NA	NA	NA	NA	NA	NA	NA	0.0946901	0.0667939
rs17035160	0.00032506	0.174093	NA	NA	NA	NA	NA	NA	NA	NA	NA	NA	NA	NA
rs752311	0.154154	0.0536294	-0.0251106	0.0311155	-0.0504204	0.0663603	0.0202342	0.0452155	-0.0692328	0.0748947	0.132373	0.07753	NA	NA
rs115644761	0.199323	0.219077	NA	NA	NA	NA	NA	NA	NA	NA	NA	NA	NA	NA
rs73952882	0.00162113	0.0781646	NA	NA	NA	NA	NA	NA	NA	NA	NA	NA	NA	NA
rs2378310	-0.215014	0.0842133	-0.00259496	0.0269328	0.114627	0.0550334	-0.0555228	0.0406365	0.024549	0.061493	-0.0860823	0.0637395	-0.00112198	0.0201806
rs116602880	0.170801	0.186189	NA	NA	NA	NA	NA	NA	NA	NA	NA	NA	-0.0482488	0.0380702
rs13407118	-0.0558436	0.0730805	NA	NA	NA	NA	NA	NA	NA	NA	NA	NA	0.0124951	0.0193668
rs114945925	0.296893	0.14115	NA	NA	NA	NA	NA	NA	NA	NA	NA	NA	0.0946901	0.0667939
rs13421000	-0.0331882	0.0555537	0.0391829	0.0623852	-0.175011	0.137253	-0.0125808	0.0951869	-0.098359	0.145685	0.17637	0.147094	NA	NA
rs13036203	-0.133206	0.106202	-0.00283354	0.02691	0.114628	0.0550431	-0.0558564	0.0405881	0.0225792	0.0614266	-0.0804181	0.0636884	0.0128407	0.0240238
rs1560388	0.142147	0.0604969	-0.0314892	0.0297602	-0.10871	0.0621835	0.0178925	0.0437999	-0.0691126	0.0712233	0.147862	0.07353	NA	NA
rs17035165	0.0338724	0.108419	NA	NA	NA	NA	NA	NA	NA	NA	NA	NA	0.0189636	0.022513
rs7355548	-0.0560663	0.0730915	NA	NA	NA	NA	NA	NA	NA	NA	NA	NA	0.0129562	0.0194759
rs116809733	0.170801	0.186189	NA	NA	NA	NA	NA	NA	NA	NA	NA	NA	-0.0482488	0.0380702
rs7355687	0.0116132	0.105451	-0.0220104	0.0272652	0.0419974	0.056961	-0.0407115	0.0407143	-0.0332542	0.062226	0.032908	0.0675264	NA	NA
rs17035169	0.0616535	0.0616552	NA	NA	NA	NA	NA	NA	NA	NA	NA	NA	NA	NA
rs17035174	0.120204	0.0867541	NA	NA	NA	NA	NA	NA	NA	NA	NA	NA	0.027084	0.0214868
rs13428573	-0.0561341	0.073091	NA	NA	NA	NA	NA	NA	NA	NA	NA	NA	0.0129562	0.0194759
rs57758505	-0.485482	0.164305	NA	NA	NA	NA	NA	NA	NA	NA	NA	NA	-0.0457398	0.0436944
rs59435356	0.121116	0.0870693	NA	NA	NA	NA	NA	NA	NA	NA	NA	NA	0.027084	0.0214868
rs11892396	0.163348	0.0545033	-0.0227245	0.0295704	-0.0934264	0.061796	0.0171953	0.0439242	-0.0753789	0.0697246	0.149203	0.0716903	NA	NA
rs13391497	0.087153	0.0554321	-0.0314892	0.0297602	-0.10871	0.0621835	0.0178925	0.0437999	-0.0672558	0.071242	0.146445	0.0735975	NA	NA
rs12616786	0.086816	0.0553244	-0.0314892	0.0297602	-0.10871	0.0621835	0.0178925	0.0437999	-0.0672536	0.0712416	0.146449	0.0735971	NA	NA
rs10496427	0.120923	0.0867941	NA	NA	NA	NA	NA	NA	NA	NA	NA	NA	0.027084	0.0214868
rs1560387	0.27684	0.173927	-0.0396528	0.037223	-0.0969757	0.0832541	0.0199505	0.0515492	-0.0645195	0.085375	0.196943	0.0863538	NA	NA
rs1560386	0.142384	0.0605002	-0.0314892	0.0297602	-0.10871	0.0621835	0.0178925	0.0437999	-0.0691126	0.0712233	0.147862	0.07353	NA	NA
rs75408428	-0.0545682	0.0844197	NA	NA	NA	NA	NA	NA	NA	NA	NA	NA	-0.0352192	0.0316055
rs10179797	0.165884	0.0608651	-0.0227245	0.0295704	-0.0934264	0.061796	0.0171953	0.0439242	-0.0735625	0.0697259	0.147763	0.07173	-0.0137192	0.0147646
rs58491115	0.0619106	0.0616661	NA	NA	NA	NA	NA	NA	NA	NA	NA	NA	0.00548295	0.0179259
rs72952038	-0.485271	0.16429	NA	NA	NA	NA	NA	NA	NA	NA	NA	NA	NA	NA
rs75956052	0.0619082	0.0616702	NA	NA	NA	NA	NA	NA	NA	NA	NA	NA	0.00548295	0.0179259
rs76906323	-0.263031	0.267628	NA	NA	NA	NA	-0.0242526	0.109767	-0.193595	0.241835	0.308504	0.233016	-0.0259968	0.051592
rs113138009	0.177115	0.188283	NA	NA	NA	NA	NA	NA	NA	NA	NA	NA	-0.0570874	0.0383181
rs4676264	-0.262382	0.267592	0.0522406	0.0735658	-0.22882	0.17882	-0.0242526	0.109767	-0.193595	0.241835	0.308504	0.233016	NA	NA
rs75234428	0.0747094	0.0704721	NA	NA	NA	NA	NA	NA	NA	NA	NA	NA	NA	NA
rs73952893	0.000481867	0.0782589	NA	NA	NA	NA	NA	NA	NA	NA	NA	NA	NA	NA
rs56857062	-0.00516549	0.0599537	NA	NA	NA	NA	-0.0125808	0.0951869	-0.0983523	0.145707	0.176321	0.147116	NA	NA
rs113559367	0.108181	0.160751	NA	NA	NA	NA	NA	NA	NA	NA	NA	NA	0.0445188	0.0392004
rs4676265	-0.0317057	0.060431	0.0391829	0.0623852	-0.175011	0.137253	-0.0125808	0.0951869	-0.098359	0.145685	0.17637	0.147094	NA	NA
rs73952895	0.074404	0.0704449	NA	NA	NA	NA	NA	NA	NA	NA	NA	NA	-0.0138746	0.0259012
rs113419899	-0.473483	0.166292	NA	NA	NA	NA	NA	NA	NA	NA	NA	NA	NA	NA
rs72952039	-0.484529	0.164146	NA	NA	NA	NA	NA	NA	NA	NA	NA	NA	NA	NA
rs7570948	0.133657	0.0638795	-0.0353203	0.0314453	-0.0678815	0.0670541	0.0198319	0.0451987	-0.0621011	0.0770089	0.130399	0.080035	-0.0126579	0.0164828
rs10189834	0.00975374	0.0552391	0.0366802	0.0623686	-0.175011	0.137253	-0.00716645	0.0951507	-0.098359	0.145685	0.17637	0.147094	NA	NA
rs10177615	0.135554	0.0639342	-0.0353261	0.031446	-0.0678913	0.0670573	0.019845	0.0451995	-0.0621198	0.077013	0.130425	0.0800392	-0.0126579	0.0164828
rs10203364	0.00964312	0.0551117	0.0269594	0.0617097	-0.174337	0.137315	0.0124082	0.0935164	-0.111996	0.143334	0.153342	0.145175	-0.00245331	0.0144431
rs17035192	0.0207501	0.108007	NA	NA	NA	NA	NA	NA	NA	NA	NA	NA	0.019937	0.0223559
rs10203471	0.0291476	0.107134	-0.0244269	0.0272619	0.0423661	0.0569698	-0.0407154	0.0407214	-0.0380429	0.0616707	0.0195149	0.0662048	NA	NA
rs10203490	0.0291476	0.107134	-0.0244269	0.0272619	0.0423661	0.0569698	-0.0407154	0.0407214	-0.0380429	0.0616707	0.0195149	0.0662048	NA	NA
rs10192698	0.0312991	0.107152	-0.0244075	0.0272728	0.0423585	0.0569658	-0.0408389	0.0407498	-0.0362759	0.0618051	0.0175478	0.0664558	NA	NA
rs114150363	0.00794735	0.250656	NA	NA	NA	NA	NA	NA	NA	NA	NA	NA	0.0393081	0.0596634
rs72952042	-0.48345	0.164053	NA	NA	NA	NA	NA	NA	NA	NA	NA	NA	-0.0457398	0.0436944
rs76282283	0.00353503	0.162993	-0.0828101	0.071873	-0.083295	0.126618	0.0741262	0.122661	-0.120663	0.221789	-0.336717	0.218185	-0.065817	0.0371925
rs58813083	0.00826957	0.0551343	0.0271724	0.0617017	-0.175176	0.137309	0.0124082	0.0935164	-0.111513	0.143317	0.153834	0.145154	-0.00213832	0.014469
rs114490203	0.298044	0.14133	NA	NA	NA	NA	NA	NA	NA	NA	NA	NA	0.0946901	0.0667939
rs1465632	0.000581778	0.0624376	0.0271724	0.0617017	-0.175176	0.137309	0.0124082	0.0935164	-0.123999	0.146156	0.164726	0.147768	-0.0141767	0.0167683
rs2378311	0.00648918	0.0548365	0.0273234	0.0617225	-0.175297	0.137407	0.0124082	0.0935164	-0.111845	0.143492	0.15294	0.14533	0.00333805	0.0145666
rs1465631	0.107861	0.207106	-0.0857795	0.0717735	-0.0851188	0.126397	0.0737679	0.122831	-0.120737	0.222506	-0.338305	0.21887	-0.0975204	0.0417476
rs736505	0.00801097	0.0551635	0.0273234	0.0617225	-0.175297	0.137407	0.0124082	0.0935164	-0.111545	0.143319	0.153835	0.145156	NA	NA
rs115961708	0.155218	0.18914	NA	NA	NA	NA	NA	NA	NA	NA	NA	NA	-0.0469574	0.0366513
rs13406221	-0.0814646	0.0762809	NA	NA	NA	NA	NA	NA	NA	NA	NA	NA	0.018966	0.0199814
rs115436887	0.280221	0.132304	NA	NA	NA	NA	NA	NA	NA	NA	NA	NA	0.0404656	0.0465592
rs17035199	-0.0809298	0.0762977	NA	NA	NA	NA	NA	NA	NA	NA	NA	NA	0.0176756	0.0199476
rs114833189	0.221458	0.203457	NA	NA	NA	NA	NA	NA	NA	NA	NA	NA	-0.0616328	0.0388229
rs116595587	0.201197	0.210332	NA	NA	NA	NA	NA	NA	NA	NA	NA	NA	NA	NA
rs62151308	-0.158087	0.0888922	-0.000516006	0.0269612	0.120656	0.0548493	-0.0612116	0.0406139	0.0299772	0.0616869	-0.085475	0.0640234	-0.00303136	0.020362
rs116355909	-0.0931543	0.107882	NA	NA	NA	NA	NA	NA	NA	NA	NA	NA	NA	NA
rs115062282	0.151123	0.187298	NA	NA	NA	NA	NA	NA	NA	NA	NA	NA	NA	NA
rs17035204	-0.270194	0.266538	0.0356812	0.0723095	-0.227197	0.177612	0.00795547	0.106752	-0.218347	0.230622	0.241559	0.223694	-0.0345815	0.0442329
rs17035207	-0.0177267	0.0547205	0.0273234	0.0617225	-0.175297	0.137407	0.0124082	0.0935164	-0.111513	0.143317	0.153834	0.145154	NA	NA
rs115384776	0.298826	0.141457	NA	NA	NA	NA	NA	NA	NA	NA	NA	NA	0.0946901	0.0667939
rs116190850	-0.175418	0.185629	NA	NA	NA	NA	NA	NA	NA	NA	NA	NA	0.0564459	0.0500548
rs115139490	0.298826	0.141457	NA	NA	NA	NA	NA	NA	NA	NA	NA	NA	0.0946901	0.0667939
rs116663566	0.28076	0.132456	NA	NA	NA	NA	NA	NA	NA	NA	NA	NA	0.0404656	0.0465592
rs60502044	-0.00925926	0.0943325	NA	NA	NA	NA	0.00348892	0.101312	-0.217785	0.190757	0.232185	0.189411	0.0121438	0.0206807
rs78514006	0.0607142	0.0788547	0.0729489	0.0668792	-0.0857387	0.154666	0.00356983	0.101298	-0.219515	0.19073	0.233123	0.189327	-0.00078545	0.018202
rs7576998	-0.124609	0.0899712	NA	NA	NA	NA	-0.0615298	0.0405608	0.0300256	0.0615841	-0.0817808	0.0639295	0.0029501	0.0199719
rs76872190	0.0334892	0.0580681	0.0274846	0.0617242	-0.175496	0.137408	0.0124498	0.0935317	-0.112327	0.143331	0.151949	0.14518	0.015206	0.0149378
rs115426719	0.29962	0.141492	NA	NA	NA	NA	NA	NA	0.00983907	0.242624	0.0764044	0.266795	NA	NA
rs72952047	-0.474563	0.162751	NA	NA	NA	NA	NA	NA	NA	NA	NA	NA	-0.0457398	0.0436944
rs114393711	0.281157	0.132588	NA	NA	NA	NA	NA	NA	0.00983907	0.242624	0.0764044	0.266795	0.0456607	0.0456321
rs57493483	0.245443	0.161654	NA	NA	NA	NA	NA	NA	NA	NA	NA	NA	0.0148449	0.0268952
rs112529055	-0.479197	0.163549	NA	NA	NA	NA	NA	NA	NA	NA	NA	NA	NA	NA
rs10209579	0.0284378	0.0580495	0.0273234	0.0617225	-0.175297	0.137407	0.0124082	0.0935164	-0.111513	0.143317	0.153834	0.145154	0.00915774	0.014958
rs115392267	0.226682	0.259422	NA	NA	NA	NA	NA	NA	NA	NA	NA	NA	-0.0985311	0.0480521
rs116758740	0.29962	0.141492	NA	NA	NA	NA	NA	NA	0.00983907	0.242624	0.0764044	0.266795	0.100412	0.0640257
rs11894825	0.027699	0.0582235	0.0273234	0.0617225	-0.175297	0.137407	0.0124082	0.0935164	-0.111513	0.143317	0.153834	0.145154	NA	NA
rs115178016	0.278567	0.132431	NA	NA	NA	NA	NA	NA	0.00983907	0.242624	0.0764044	0.266795	0.0456607	0.0456321
rs11894964	0.0644904	0.0784963	0.0729025	0.0668787	-0.0859566	0.15466	0.00352683	0.101292	-0.217583	0.190716	0.234072	0.189293	NA	NA
rs10204703	0.0294368	0.0578344	0.0263613	0.0612987	-0.172993	0.13636	0.0124533	0.0926902	-0.111447	0.142638	0.152828	0.144471	NA	NA
rs115043466	0.30016	0.141669	NA	NA	NA	NA	NA	NA	NA	NA	NA	NA	NA	NA
rs114289675	0.210591	0.229599	NA	NA	NA	NA	NA	NA	NA	NA	NA	NA	-0.0697167	0.0410513
rs7340460	-0.478454	0.163448	NA	NA	NA	NA	NA	NA	NA	NA	NA	NA	-0.0457398	0.0436944
rs116742416	0.228671	0.247581	NA	NA	NA	NA	NA	NA	NA	NA	NA	NA	-0.018264	0.0577553
rs72952049	-0.478454	0.163448	NA	NA	NA	NA	NA	NA	NA	NA	NA	NA	-0.0457398	0.0436944
rs13416490	0.0296839	0.0580186	0.0273438	0.0617287	-0.17533	0.137414	0.0123787	0.0935315	-0.11154	0.143334	0.15386	0.145171	0.00705772	0.0148709
rs114941729	0.279117	0.132149	NA	NA	NA	NA	NA	NA	0.00983907	0.242624	0.0764044	0.266795	0.0456607	0.0456321
rs115935846	0.216845	0.13663	NA	NA	NA	NA	NA	NA	NA	NA	NA	NA	-0.0319367	0.0323006
rs13419655	-0.153625	0.112876	NA	NA	NA	NA	NA	NA	NA	NA	NA	NA	0.00712643	0.0358598
rs72952051	-0.463519	0.163095	NA	NA	NA	NA	NA	NA	NA	NA	NA	NA	NA	NA
rs114993362	0.279117	0.132149	NA	NA	NA	NA	NA	NA	0.00983907	0.242624	0.0764044	0.266795	0.0310488	0.0447648
rs72952052	-0.218293	0.123188	NA	NA	NA	NA	NA	NA	NA	NA	NA	NA	NA	NA
rs9973355	0.170427	0.100001	NA	NA	NA	NA	NA	NA	NA	NA	NA	NA	0.0371305	0.0258245
rs9973356	-0.0229369	0.11536	NA	NA	NA	NA	NA	NA	NA	NA	NA	NA	NA	NA
rs72952055	-0.226211	0.123285	NA	NA	NA	NA	NA	NA	NA	NA	NA	NA	NA	NA
rs17035220	0.0116187	0.175295	NA	NA	NA	NA	NA	NA	NA	NA	NA	NA	NA	NA
rs35234904	-0.036171	0.0812874	-0.000436437	0.0269412	0.120775	0.0548443	-0.0611865	0.0405804	0.0322529	0.0616764	-0.0875697	0.0640091	NA	NA
rs4676266	-0.0660095	0.0562899	0.0729025	0.0668787	-0.0859566	0.15466	0.00352683	0.101292	-0.191131	0.184644	0.209406	0.18337	-0.00455422	0.014861
rs10171093	-0.0230022	0.115305	-0.0262194	0.0272511	0.0412814	0.0569177	-0.0408389	0.0407498	-0.0362759	0.0618051	0.0175478	0.0664558	NA	NA
rs62151310	-0.150495	0.108172	0.000250282	0.0268668	0.122651	0.0546324	-0.0635891	0.0404343	0.0330981	0.0614503	-0.0818939	0.0637279	NA	NA
rs57038644	-0.0663342	0.0561731	0.0729215	0.0668629	-0.085945	0.154636	0.00367809	0.101211	-0.191186	0.184507	0.208773	0.183252	NA	NA
rs10168076	-0.0230454	0.115298	-0.0278893	0.0271793	0.0408432	0.0568146	-0.0406274	0.0406556	-0.0364613	0.0615879	0.0124275	0.0658431	NA	NA
rs17035224	0.0116859	0.175195	NA	NA	NA	NA	NA	NA	NA	NA	NA	NA	-0.0656809	0.0606617
rs11688327	-0.0348136	0.0813671	0.000295714	0.0268719	0.122727	0.054642	-0.0636498	0.0404426	0.0317507	0.0614797	-0.0834509	0.0637486	0.00805488	0.0193061
rs10207960	-0.0148587	0.0557135	0.027435	0.0617191	-0.175353	0.137424	0.0126398	0.093479	-0.111619	0.14326	0.153471	0.145102	NA	NA
rs17035233	0.0116859	0.175195	NA	NA	NA	NA	NA	NA	NA	NA	NA	NA	-0.0656809	0.0606617
rs6745592	0.225858	0.130111	NA	NA	NA	NA	NA	NA	NA	NA	NA	NA	-0.0252615	0.0306076
rs6760953	-0.0145598	0.0555934	0.0263483	0.0612972	-0.172993	0.13636	0.0124772	0.0926864	-0.111535	0.142634	0.152814	0.144467	-0.00426322	0.0144751
rs2014263	-0.0369418	0.113815	-0.0272662	0.0272439	0.0438557	0.0570849	-0.0408608	0.0406725	-0.0388527	0.0616091	0.013604	0.0658792	NA	NA
rs115104135	0.298905	0.140383	NA	NA	NA	NA	NA	NA	0.00986385	0.242622	0.0763231	0.266795	0.0759472	0.0492333
rs114419618	-0.0183281	0.183152	NA	NA	NA	NA	NA	NA	NA	NA	NA	NA	-0.00502266	0.040426
rs10178204	-0.111739	0.0776043	NA	NA	NA	NA	NA	NA	NA	NA	NA	NA	0.0122153	0.0205084
rs56197121	-0.140137	0.0754367	NA	NA	NA	NA	NA	NA	0.0251898	0.231059	0.0538713	0.253394	0.0191237	0.0188828
rs72952059	-0.474402	0.165368	NA	NA	NA	NA	NA	NA	NA	NA	NA	NA	NA	NA
rs13426149	0.0844319	0.0628953	-0.0348743	0.0349794	-0.0791951	0.0753439	0.0122335	0.0489858	-0.0422856	0.0856238	0.195509	0.0870201	NA	NA
rs116846172	-0.0742227	0.137946	NA	NA	NA	NA	NA	NA	NA	NA	NA	NA	NA	NA
rs73952897	-0.151844	0.0849319	NA	NA	NA	NA	NA	NA	NA	NA	NA	NA	0.0134488	0.0211152
rs72952061	-0.280057	0.124498	NA	NA	NA	NA	NA	NA	NA	NA	NA	NA	-0.0183347	0.0288443
rs72952063	-0.474402	0.165368	NA	NA	NA	NA	NA	NA	NA	NA	NA	NA	NA	NA
rs59655754	-0.279555	0.124219	NA	NA	NA	NA	NA	NA	NA	NA	NA	NA	-0.00911846	0.0285599
rs61195974	-0.392992	0.13604	NA	NA	NA	NA	NA	NA	NA	NA	NA	NA	-7.69721E-05	0.0294096
rs58346821	-0.30755	0.125759	NA	NA	NA	NA	NA	NA	NA	NA	NA	NA	-0.00911846	0.0285599
rs13005715	0.0729098	0.0799067	0.00130773	0.0267852	0.123936	0.0543298	-0.0655955	0.0402396	0.041703	0.0612345	-0.0798409	0.0635062	0.0152265	0.0188432
rs1864474	-0.0347789	0.0866528	-0.0293972	0.0268876	0.0402506	0.0562088	-0.041912	0.0402011	-0.0373172	0.0610086	0.0105969	0.0649249	NA	NA
rs1864473	-0.156039	0.113079	NA	NA	NA	NA	NA	NA	NA	NA	NA	NA	NA	NA
rs75204749	0.179412	0.140885	0.0431674	0.0710269	-0.226094	0.176843	0.0401386	0.103939	-0.219008	0.230473	0.240173	0.223553	-0.0100763	0.0278957
rs17035241	-0.0948233	0.0708611	NA	NA	NA	NA	NA	NA	NA	NA	NA	NA	-0.000612313	0.0195151
rs72935405	-0.316957	0.126038	NA	NA	NA	NA	NA	NA	NA	NA	NA	NA	-0.00911846	0.0285599
rs7609336	0.0738807	0.0792287	0.00125499	0.0268083	0.123805	0.0543232	-0.0656524	0.0402816	0.041581	0.0612405	-0.079937	0.0635106	0.00954547	0.0188038
rs6719914	0.412668	0.24133	NA	NA	NA	NA	NA	NA	NA	NA	NA	NA	-0.0886456	0.0434855
rs13395838	-0.148545	0.0842735	NA	NA	NA	NA	NA	NA	NA	NA	NA	NA	0.0134488	0.0211152
rs6720253	0.109735	0.100229	-0.0288563	0.0270792	0.0404147	0.0566692	-0.0417239	0.0405041	-0.0373949	0.0613748	0.0113873	0.0653329	NA	NA
rs79206036	0.110634	0.0625284	-0.0499245	0.0313131	-0.0852432	0.0658324	0.0216789	0.0457049	-0.084283	0.0769655	0.107783	0.0801221	NA	NA
rs7586264	0.110964	0.0620858	-0.0499203	0.0311173	-0.0847295	0.0654241	0.0218661	0.045387	-0.0841528	0.076396	0.108109	0.0795766	NA	NA
rs72935406	-0.418053	0.13673	NA	NA	NA	NA	NA	NA	NA	NA	NA	NA	-7.69721E-05	0.0294096
rs13399447	-0.227185	0.0733751	NA	NA	NA	NA	NA	NA	0.025957	0.230269	0.0537086	0.252667	0.00684762	0.0178877
rs116745993	0.403582	0.238409	NA	NA	NA	NA	NA	NA	NA	NA	NA	NA	-0.076734	0.0408784
rs11892390	-0.0866882	0.0711096	NA	NA	NA	NA	NA	NA	NA	NA	NA	NA	-0.000612313	0.0195151
rs28647580	-0.134676	0.111401	NA	NA	NA	NA	NA	NA	NA	NA	NA	NA	NA	NA
rs13390045	-0.148961	0.084347	NA	NA	NA	NA	NA	NA	NA	NA	NA	NA	0.0134488	0.0211152
rs12613416	0.11155	0.0625513	-0.0499175	0.0313163	-0.0852583	0.0658392	0.0216648	0.04571	-0.0841425	0.0769813	0.107837	0.0801373	NA	NA
rs72935409	-0.361105	0.123155	NA	NA	NA	NA	NA	NA	NA	NA	NA	NA	-0.00712454	0.0284825
rs72935411	-0.361105	0.123155	NA	NA	NA	NA	NA	NA	NA	NA	NA	NA	-0.00911846	0.0285599
rs13392983	-0.0489336	0.0750008	NA	NA	NA	NA	NA	NA	NA	NA	NA	NA	NA	NA
rs112611005	-0.368816	0.122876	NA	NA	NA	NA	NA	NA	NA	NA	NA	NA	-0.00801025	0.0290927
rs73952899	-0.167021	0.124574	NA	NA	NA	NA	NA	NA	NA	NA	NA	NA	0.0196624	0.0268168
rs115059479	-0.0398963	0.153578	NA	NA	NA	NA	NA	NA	NA	NA	NA	NA	0.0217111	0.0331429
rs114015806	-0.290151	0.259411	NA	NA	NA	NA	NA	NA	NA	NA	NA	NA	-0.00148077	0.0574604
rs111751406	-0.368816	0.122876	NA	NA	NA	NA	NA	NA	NA	NA	NA	NA	-0.00801025	0.0290927
rs58071122	-0.0714471	0.184846	-0.102221	0.0716831	-0.119304	0.126057	0.0730014	0.124309	-0.182953	0.217489	-0.115859	0.214309	-0.0917947	0.0414232
rs72937586	-0.368816	0.122876	NA	NA	NA	NA	NA	NA	NA	NA	NA	NA	-0.00801025	0.0290927
rs41338747	-0.156777	0.113189	NA	NA	NA	NA	NA	NA	NA	NA	NA	NA	NA	NA
rs60038350	0.109721	0.0624564	-0.0443137	0.0319083	-0.0737418	0.0670147	0.0166301	0.0467344	-0.0609819	0.0795998	0.0712391	0.0816805	-0.00703278	0.0172259
rs111548906	-0.371466	0.121193	NA	NA	NA	NA	NA	NA	NA	NA	NA	NA	-0.00801025	0.0290927
rs58426579	-0.154016	0.0654297	NA	NA	NA	NA	NA	NA	NA	NA	NA	NA	-0.00292251	0.0170486
rs55750720	-0.14894	0.0843378	NA	NA	NA	NA	NA	NA	NA	NA	NA	NA	NA	NA
rs76172779	0.108805	0.0625655	-0.0412731	0.0319355	-0.06698	0.0669264	0.0148197	0.0468388	-0.0599827	0.0802306	0.0581869	0.082447	NA	NA
rs67884852	-0.0542739	0.0728221	NA	NA	NA	NA	NA	NA	NA	NA	NA	NA	NA	NA
rs17035249	0.108813	0.0625667	-0.041363	0.0319259	-0.0669482	0.0668987	0.014895	0.0468236	-0.0601434	0.0802084	0.0580611	0.082429	-0.00451037	0.0172073
rs114405770	0.378787	0.153439	NA	NA	NA	NA	NA	NA	NA	NA	NA	NA	0.0946901	0.0667939
rs58676986	-0.370513	0.121043	NA	NA	NA	NA	NA	NA	NA	NA	NA	NA	-0.00801025	0.0290927
rs17035252	0.223336	0.126353	-0.00741604	0.06398	-0.283166	0.152826	0.0652555	0.0942978	-0.269978	0.168211	0.360119	0.165111	NA	NA
rs61272365	-0.0408402	0.063962	0.0309618	0.0612495	-0.161766	0.140562	0.0568151	0.0920344	-0.283905	0.149289	0.286593	0.14841	-0.00803326	0.016811
rs114532078	0.353564	0.223122	NA	NA	NA	NA	NA	NA	NA	NA	NA	NA	-0.0886456	0.0434855
rs13392050	-0.148847	0.0843232	NA	NA	NA	NA	NA	NA	NA	NA	NA	NA	0.0134488	0.0211152
rs9308811	0.105487	0.0624275	-0.0404733	0.0319398	-0.0650382	0.0669501	0.0148681	0.0468251	-0.0600825	0.0802179	0.0580487	0.0824373	NA	NA
rs10177036	0.0629637	0.103563	-0.0420397	0.0270316	0.0469192	0.0570299	-0.0517837	0.040578	-0.0501522	0.0615119	0.0309483	0.0652762	-0.0164626	0.0213304
rs115175887	0.342216	0.220617	NA	NA	NA	NA	NA	NA	NA	NA	NA	NA	-0.076734	0.0408784
rs111506995	-0.430291	0.128591	NA	NA	NA	NA	NA	NA	NA	NA	NA	NA	NA	NA
rs76556488	-0.358941	0.119696	NA	NA	NA	NA	NA	NA	NA	NA	NA	NA	NA	NA
rs13395748	-0.236335	0.0717011	NA	NA	NA	NA	NA	NA	0.0269003	0.230267	0.0526839	0.252706	0.0077997	0.0180474
rs112653139	-0.358859	0.119545	NA	NA	NA	NA	NA	NA	NA	NA	NA	NA	-0.00801025	0.0290927
rs72937588	-0.358952	0.119696	NA	NA	NA	NA	NA	NA	NA	NA	NA	NA	-0.00801025	0.0290927
rs10153709	-0.148873	0.0843257	NA	NA	NA	NA	NA	NA	NA	NA	NA	NA	0.0134488	0.0211152
rs72937589	-0.358961	0.119695	NA	NA	NA	NA	NA	NA	NA	NA	NA	NA	-0.00801025	0.0290927
rs11893521	0.0965087	0.062278	-0.0432302	0.032241	-0.070781	0.067635	0.0154502	0.0471006	-0.0569245	0.0807732	0.0598359	0.0830808	-0.00521359	0.0171247
rs72937590	-0.358807	0.119543	NA	NA	NA	NA	NA	NA	NA	NA	NA	NA	-0.00801025	0.0290927
rs112794972	-0.430289	0.128598	NA	NA	NA	NA	NA	NA	NA	NA	NA	NA	NA	NA
rs7581862	0.12492	0.0746284	-0.0110939	0.0263904	0.132228	0.0539941	-0.0692293	0.039342	0.0249241	0.0602834	-0.0511247	0.0629398	NA	NA
rs72937592	-0.358807	0.119543	NA	NA	NA	NA	NA	NA	NA	NA	NA	NA	-0.00801025	0.0290927
rs10187434	-0.148846	0.0843239	NA	NA	NA	NA	NA	NA	NA	NA	NA	NA	0.0116814	0.0210933
rs79438766	0.0621908	0.0827645	NA	NA	NA	NA	-0.0346546	0.124941	-0.00250442	0.220605	0.0417646	0.225993	0.003872	0.0235674
rs79206842	0.250964	0.128983	0.00300163	0.0667797	-0.295495	0.156399	0.0565591	0.0996122	-0.270757	0.169416	0.360153	0.16639	-0.0129426	0.0274887
rs72937594	-0.4303	0.12859	NA	NA	NA	NA	NA	NA	NA	NA	NA	NA	0.0014629	0.029998
rs72937595	-0.430306	0.128591	NA	NA	NA	NA	NA	NA	NA	NA	NA	NA	0.0014629	0.029998
rs4676077	0.257396	0.128783	0.00370976	0.0667788	-0.29378	0.156478	0.0566426	0.0996095	-0.270356	0.169431	0.36015	0.166413	-0.0129426	0.0274887
rs10166618	0.094588	0.0619512	-0.041982	0.0319506	-0.0667881	0.0669851	0.0148423	0.0468374	-0.0615789	0.0803092	0.0580753	0.0825767	NA	NA
rs115597961	-0.237771	0.204957	NA	NA	NA	NA	NA	NA	NA	NA	NA	NA	0.0293865	0.047502
rs10175767	-0.148846	0.0843239	NA	NA	NA	NA	NA	NA	NA	NA	NA	NA	0.0116814	0.0210933
rs6718668	-0.0350744	0.0637632	0.0426531	0.0631167	-0.167964	0.142725	0.0494301	0.0958544	-0.28514	0.149535	0.289012	0.148673	NA	NA
rs891423	0.0459817	0.102294	-0.0407633	0.0268484	0.0509626	0.0567271	-0.0495197	0.0401835	-0.0564067	0.0608206	0.0420655	0.0647527	NA	NA
rs66741233	-0.0421696	0.0548205	NA	NA	NA	NA	-0.0613008	0.0395414	-0.020064	0.0595972	0.000741634	0.061995	NA	NA
rs2378312	-0.0421296	0.0547643	-0.0105181	0.0267812	0.0903317	0.054331	-0.0597166	0.0396883	-0.0191235	0.0590024	0.00478685	0.0615336	-0.00917977	0.0139287
rs748411	-0.0427722	0.0548161	-0.00417756	0.0266852	0.107438	0.0542717	-0.0613087	0.0395417	-0.0200491	0.0595963	0.00075203	0.061994	-0.00980764	0.0139257
rs748410	-0.0426732	0.0547908	-0.0105181	0.0267812	0.0903317	0.054331	-0.0597166	0.0396883	-0.0191235	0.0590024	0.00478685	0.0615336	NA	NA
rs4676268	0.0459241	0.102384	-0.0409939	0.0270634	0.0505789	0.0571582	-0.0513176	0.040562	-0.0549005	0.0613263	0.0394818	0.0652929	-0.0182835	0.021354
rs10182250	0.0806243	0.0601185	-0.041982	0.0319506	-0.0667881	0.0669851	0.0148423	0.0468374	-0.0615789	0.0803092	0.0580753	0.0825767	NA	NA
rs7576670	-0.225627	0.206001	NA	NA	NA	NA	NA	NA	NA	NA	NA	NA	-0.0123411	0.0347225
rs12469479	0.0837031	0.0599418	-0.0416519	0.0319681	-0.0670874	0.0670054	0.0145016	0.0468751	-0.0614227	0.0803263	0.0579909	0.0825949	-0.00611092	0.0158763
rs73952900	-0.517159	0.234396	NA	NA	NA	NA	NA	NA	NA	NA	NA	NA	-0.00516546	0.0459085
rs12469626	0.0848718	0.0601756	-0.041982	0.0319506	-0.0667881	0.0669851	0.0148423	0.0468374	-0.0615789	0.0803092	0.0580753	0.0825767	-0.00303846	0.016032
rs34827631	0.0806243	0.0601185	-0.041982	0.0319506	-0.0667881	0.0669851	0.0148423	0.0468374	-0.0615789	0.0803092	0.0580753	0.0825767	NA	NA
rs13430274	-0.148286	0.0845262	NA	NA	NA	NA	NA	NA	NA	NA	NA	NA	0.0116814	0.0210933
rs57390398	-0.159541	0.111818	NA	NA	NA	NA	NA	NA	NA	NA	NA	NA	0.0213735	0.0225293
rs11898957	0.0836362	0.0599331	-0.041982	0.0319506	-0.0667881	0.0669851	0.0148423	0.0468374	-0.0615789	0.0803092	0.0580753	0.0825767	-0.00579439	0.0159023
rs13405813	0.0836362	0.0599331	-0.041982	0.0319506	-0.0667881	0.0669851	0.0148423	0.0468374	-0.0615789	0.0803092	0.0580753	0.0825767	-0.00579439	0.0159023
rs13419247	0.0806243	0.0601185	-0.041982	0.0319506	-0.0667881	0.0669851	0.0148423	0.0468374	-0.0615789	0.0803092	0.0580753	0.0825767	NA	NA
rs6542807	0.0370859	0.0661738	-0.0414723	0.0271509	0.0522065	0.0572259	-0.0511162	0.0407147	-0.0576981	0.0615107	0.0400527	0.0655855	NA	NA
rs77103437	0.0859679	0.0597013	-0.0431852	0.0319885	-0.0654986	0.0670271	0.0154085	0.0468758	-0.0661568	0.0809366	0.057907	0.0832517	NA	NA
rs10496428	0.0859679	0.0597013	-0.0431852	0.0319885	-0.0654986	0.0670271	0.0154085	0.0468758	-0.0661568	0.0809366	0.057907	0.0832517	NA	NA
rs34982676	0.0386198	0.122352	-0.0127304	0.0264349	0.131625	0.0539804	-0.0687337	0.0394701	0.0255724	0.0603126	-0.0505004	0.0629758	0.00798182	0.0275123
rs6738414	-0.0959938	0.0877691	-0.0415999	0.0271381	0.0518665	0.0571923	-0.0510785	0.0406874	-0.056227	0.0614503	0.0386785	0.0654666	-0.0187477	0.020643
rs12053080	0.0859679	0.0597013	-0.0431852	0.0319885	-0.0654986	0.0670271	0.0154085	0.0468758	-0.0661568	0.0809366	0.057907	0.0832517	NA	NA
rs11123732	0.095045	0.0617509	-0.0431852	0.0319885	-0.0654986	0.0670271	0.0154085	0.0468758	-0.0661504	0.0809371	0.057907	0.0832517	-0.00451037	0.0172073
rs77124395	-0.148814	0.0843221	NA	NA	NA	NA	NA	NA	NA	NA	NA	NA	0.0116814	0.0210933
rs11123733	0.0370859	0.0661738	-0.0415552	0.027137	0.0518761	0.0571873	-0.0510376	0.0406865	-0.0577705	0.0615053	0.0400527	0.0655753	-0.0174252	0.0157449
rs111773955	0.126029	0.191492	NA	NA	NA	NA	NA	NA	NA	NA	NA	NA	0.0151403	0.0461655
rs111465012	-0.483986	0.165057	NA	NA	NA	NA	NA	NA	NA	NA	NA	NA	-0.0260678	0.0416044
rs3885089	0.0828303	0.0615938	-0.0438724	0.0325559	-0.0626102	0.0686558	0.0248191	0.0473711	-0.0757451	0.0814416	0.0830949	0.0839623	NA	NA
rs1972285	0.0857376	0.0804933	-0.0122497	0.0265468	0.130993	0.0543967	-0.0735023	0.0394783	0.0294403	0.0598806	-0.0642669	0.0625362	NA	NA
rs891422	0.0375835	0.101893	-0.0415884	0.0271378	0.0518363	0.0571949	-0.0508105	0.0406858	-0.0565332	0.061438	0.0396199	0.0654521	NA	NA
rs1465630	0.0631507	0.0789843	-0.012088	0.0263191	0.130333	0.0539079	-0.0725288	0.0391077	0.0293913	0.0595007	-0.064284	0.0621253	NA	NA
rs12052210	0.0861162	0.0596781	-0.0456423	0.0322683	-0.0615103	0.0680101	0.0227134	0.0470124	-0.0730589	0.0808854	0.0825579	0.0834183	NA	NA
rs12052542	0.0861157	0.0596882	-0.0526947	0.0316369	-0.0825074	0.0658846	0.0249604	0.0463167	-0.0686571	0.0789592	0.0870503	0.0819969	NA	NA
rs13394394	-0.148565	0.08428	NA	NA	NA	NA	NA	NA	NA	NA	NA	NA	0.0116814	0.0210933
rs115392021	0.293657	0.208452	NA	NA	NA	NA	NA	NA	NA	NA	NA	NA	-0.0857326	0.0414703
rs73952901	-0.0847009	0.0840451	NA	NA	NA	NA	NA	NA	NA	NA	NA	NA	NA	NA
rs60290559	0.114604	0.0557063	NA	NA	NA	NA	NA	NA	NA	NA	NA	NA	NA	NA
rs11123735	0.107122	0.055627	-0.0416542	0.0297031	-0.119689	0.0607633	0.0269264	0.0443454	-0.10395	0.0724365	0.129801	0.0748695	NA	NA
rs6755578	-0.0295486	0.067925	-0.0103937	0.0278643	0.157959	0.0574804	-0.0467435	0.040561	-0.0095753	0.0634289	-0.0631566	0.0659886	-0.0073823	0.0158892
rs112360569	-0.385219	0.140192	NA	NA	NA	NA	NA	NA	NA	NA	NA	NA	NA	NA
rs72937600	0.0844818	0.0597878	-0.0289517	0.0303267	-0.113081	0.0636275	0.0232102	0.0447075	-0.10205	0.0747945	0.116084	0.0759971	NA	NA
rs62151316	0.0824617	0.0560491	-0.0445905	0.0258247	0.119627	0.055754	-0.0586767	0.038222	-0.0501275	0.0612259	0.00925513	0.0645822	NA	NA
rs112996611	0.038936	0.0578781	NA	NA	NA	NA	NA	NA	NA	NA	NA	NA	NA	NA
rs116593015	0.30919	0.200473	NA	NA	NA	NA	NA	NA	NA	NA	NA	NA	NA	NA
rs10195035	0.0567887	0.0568738	-0.0317703	0.0302833	-0.0533066	0.0644112	0.0552374	0.0445163	-0.0867487	0.0717981	0.0422669	0.0732332	NA	NA
rs112654494	0.303528	0.200442	NA	NA	NA	NA	NA	NA	NA	NA	NA	NA	NA	NA
rs111612639	-0.15415	0.142764	NA	NA	NA	NA	NA	NA	NA	NA	NA	NA	-0.00436783	0.0471306
rs13415454	-0.185705	0.0814772	NA	NA	NA	NA	NA	NA	NA	NA	NA	NA	0.0110286	0.020979
rs59448285	-0.185705	0.0814772	NA	NA	NA	NA	NA	NA	NA	NA	NA	NA	0.0110286	0.020979
rs72937602	-0.409009	0.157526	NA	NA	NA	NA	NA	NA	NA	NA	NA	NA	NA	NA
rs113680753	0.188642	0.195141	NA	NA	NA	NA	NA	NA	NA	NA	NA	NA	0.00134013	0.044413
rs115077259	0.130183	0.0984253	NA	NA	NA	NA	NA	NA	NA	NA	NA	NA	0.019204	0.026836
rs17035273	0.142084	0.0791797	-0.0218047	0.0270481	0.120894	0.054105	-0.0681376	0.041197	-0.0449404	0.0638076	0.0177732	0.0653536	-0.00971624	0.0175921
rs116449355	0.298486	0.209986	NA	NA	NA	NA	NA	NA	NA	NA	NA	NA	-0.0901952	0.0431011
rs111300441	0.009667	0.106938	NA	NA	NA	NA	NA	NA	NA	NA	NA	NA	0.00997956	0.0255167
rs72939503	-0.101389	0.123053	NA	NA	NA	NA	NA	NA	NA	NA	NA	NA	0.00887259	0.025644
rs72939507	0.009667	0.106938	NA	NA	NA	NA	NA	NA	NA	NA	NA	NA	0.00997956	0.0255167
rs17035275	0.0100482	0.106799	NA	NA	NA	NA	NA	NA	NA	NA	NA	NA	0.00997956	0.0255167
rs72939509	0.009667	0.106938	NA	NA	NA	NA	NA	NA	NA	NA	NA	NA	NA	NA
rs17035278	0.009667	0.106938	NA	NA	NA	NA	NA	NA	NA	NA	NA	NA	0.00884141	0.0254499
rs72939511	-0.00254243	0.10699	NA	NA	NA	NA	NA	NA	0.00818574	0.242851	0.0770644	0.267197	0.0119829	0.0253939
rs112098408	0.009667	0.106938	NA	NA	NA	NA	NA	NA	NA	NA	NA	NA	NA	NA
rs17035283	-0.0993786	0.122983	NA	NA	NA	NA	NA	NA	NA	NA	NA	NA	0.00991192	0.0255815
rs72939514	0.009667	0.106938	NA	NA	NA	NA	NA	NA	NA	NA	NA	NA	0.00997956	0.0255167
rs115001619	0.298486	0.209986	NA	NA	NA	NA	NA	NA	NA	NA	NA	NA	NA	NA
rs72939516	-0.344796	0.163926	NA	NA	NA	NA	NA	NA	NA	NA	NA	NA	-0.00579894	0.0327556
rs73952902	-0.133108	0.093304	NA	NA	NA	NA	NA	NA	NA	NA	NA	NA	-0.0529869	0.0386423
rs111366791	0.188715	0.195143	NA	NA	NA	NA	NA	NA	NA	NA	NA	NA	0.00134013	0.044413
rs56990456	-0.133108	0.093304	NA	NA	NA	NA	NA	NA	NA	NA	NA	NA	-0.0445964	0.0394637
rs58938721	-0.21629	0.215141	NA	NA	NA	NA	NA	NA	NA	NA	NA	NA	NA	NA
rs10176487	-0.186942	0.0817544	NA	NA	NA	NA	NA	NA	NA	NA	NA	NA	0.00358527	0.0209006
rs72939518	-0.44182	0.168928	NA	NA	NA	NA	NA	NA	NA	NA	NA	NA	-0.0260678	0.0416044
rs6719705	0.0473371	0.0568111	-0.0289819	0.0296332	-0.0514089	0.0629162	0.0541834	0.0435489	-0.0814851	0.0701133	0.0263198	0.0715088	NA	NA
rs7556670	0.085544	0.101689	-0.0217377	0.0270748	0.120745	0.0541143	-0.0686817	0.0412638	-0.0457577	0.0638711	0.0186186	0.0654771	NA	NA
rs59287607	-0.44182	0.168928	NA	NA	NA	NA	NA	NA	NA	NA	NA	NA	NA	NA
rs58998701	-0.0115243	0.0996071	NA	NA	NA	NA	NA	NA	NA	NA	NA	NA	0.0117412	0.0240696
rs7559721	0.0324809	0.0546512	-0.0272928	0.0269948	0.103946	0.0539604	-0.0632375	0.0410452	-0.0436854	0.0624261	0.0253309	0.0638572	NA	NA
rs6542808	0.0466984	0.100229	-0.0502193	0.0267265	0.0706498	0.0566072	-0.0153521	0.0404893	-0.096586	0.0602365	0.0371934	0.0629613	NA	NA
rs113764597	-0.0111296	0.0996859	NA	NA	NA	NA	NA	NA	NA	NA	NA	NA	0.00935501	0.024209
rs10496429	0.0627883	0.0605234	-0.0217996	0.0270408	0.120849	0.0541035	-0.0678015	0.041179	-0.0459095	0.0636898	0.0215514	0.0651917	-0.00670692	0.0152301
rs115061586	0.35994	0.151619	NA	NA	NA	NA	NA	NA	NA	NA	NA	NA	NA	NA
rs7563645	0.0452889	0.0599497	-0.0223393	0.0270358	0.120499	0.0540562	-0.0684435	0.0411598	-0.0459095	0.0636898	0.0215514	0.0651917	NA	NA
rs891425	0.0755484	0.0594933	-0.0289751	0.0296323	-0.0514057	0.0629144	0.0541813	0.0435476	-0.0790642	0.0701109	0.0189204	0.0714952	0.0185749	0.0152743
rs60564449	-0.19345	0.0819876	NA	NA	NA	NA	NA	NA	NA	NA	NA	NA	0.00437436	0.0208808
rs57847704	-0.133798	0.0932384	NA	NA	NA	NA	NA	NA	NA	NA	NA	NA	-0.0523361	0.0389158
rs744898	0.0530538	0.063195	-0.0222726	0.0267229	0.119478	0.0534445	-0.0667657	0.0405585	-0.0426798	0.0626985	0.0232093	0.0641555	-0.00873894	0.0152867
rs111929502	0.186887	0.195316	NA	NA	NA	NA	NA	NA	NA	NA	NA	NA	0.0123178	0.0475971
rs4676269	0.0360095	0.0548507	-0.0274221	0.0270177	0.101706	0.0538669	-0.0627412	0.0411696	-0.0419662	0.062411	0.0270499	0.0638326	NA	NA
rs11693872	0.01238	0.124627	-0.0254035	0.0270896	0.162655	0.0542046	-0.0754706	0.0415203	-0.0115055	0.0664961	-0.0255497	0.0689	NA	NA
rs13402711	-0.193698	0.0820027	NA	NA	NA	NA	NA	NA	NA	NA	NA	NA	0.00136735	0.0209261
rs7565712	0.0644641	0.0604641	-0.0227436	0.027099	0.119899	0.0540902	-0.0680349	0.0413011	-0.044191	0.0636582	0.0234786	0.0651559	NA	NA
rs73955503	-0.193698	0.0820027	NA	NA	NA	NA	NA	NA	NA	NA	NA	NA	0.00437436	0.0208808
rs7566145	-0.0110898	0.132522	-0.0497256	0.0268307	0.0690645	0.0567644	-0.0142396	0.0406173	-0.095104	0.0604308	0.0390068	0.0631518	NA	NA
rs13010116	0.157388	0.0787013	-0.0224532	0.0271057	0.118307	0.0541056	-0.0680284	0.0413083	-0.045084	0.0637075	0.023866	0.0652231	NA	NA
rs7569406	0.0568026	0.0602678	-0.0270797	0.0270175	0.100175	0.0538641	-0.0627316	0.0411705	-0.0421013	0.062421	0.0271889	0.0638575	NA	NA
rs7569419	0.049034	0.0635044	-0.0223939	0.0270987	0.11833	0.0540912	-0.0680349	0.0413011	-0.0443396	0.0636628	0.0237376	0.065172	NA	NA
rs2163261	0.106258	0.0563338	-0.0448772	0.0263739	0.0896217	0.0562677	-0.0187518	0.03989	-0.0948415	0.0591614	0.0359216	0.0619865	NA	NA
rs115215785	-0.0901392	0.143889	NA	NA	NA	NA	NA	NA	NA	NA	NA	NA	-0.0621536	0.0419697
rs67011921	0.0835665	0.0569797	NA	NA	NA	NA	NA	NA	NA	NA	NA	NA	NA	NA
rs4504023	0.133764	0.0651802	-0.0498479	0.0264515	0.0706991	0.0560051	-0.0143536	0.0399558	-0.0951154	0.0594506	0.0405556	0.0621912	NA	NA
rs2043076	0.0465584	0.10487	-0.0502069	0.0267812	0.069481	0.0566614	-0.0148768	0.04056	-0.0948593	0.0602379	0.0382563	0.0629392	NA	NA
rs116346772	-0.418112	0.192298	NA	NA	NA	NA	NA	NA	NA	NA	NA	NA	NA	NA
rs115368852	-0.0855802	0.142625	NA	NA	NA	NA	NA	NA	NA	NA	NA	NA	-0.0648897	0.0386296
rs10186109	0.101343	0.056569	-0.0451892	0.0267055	0.0888743	0.0569516	-0.019417	0.0404987	-0.0960121	0.0600198	0.0349592	0.0628826	NA	NA
rs13420743	-0.184535	0.0822414	NA	NA	NA	NA	NA	NA	NA	NA	NA	NA	NA	NA
rs7596934	0.0462697	0.106529	-0.0542233	0.0269741	0.0712204	0.057194	-0.0176269	0.0407649	-0.0951574	0.0607646	0.0391193	0.0635641	NA	NA
rs114014318	-0.110151	0.146618	NA	NA	NA	NA	NA	NA	NA	NA	NA	NA	-0.068658	0.0381064
rs73955504	-0.117936	0.0942332	NA	NA	NA	NA	NA	NA	NA	NA	NA	NA	NA	NA
rs115767476	0.225082	0.192089	NA	NA	NA	NA	NA	NA	NA	NA	NA	NA	0.00500114	0.0457052
rs73955506	-0.132708	0.0931569	NA	NA	NA	NA	NA	NA	NA	NA	NA	NA	-0.0427324	0.0386608
rs115784178	0.36008	0.151866	NA	NA	NA	NA	NA	NA	NA	NA	NA	NA	NA	NA
rs730491	0.00640805	0.0560057	-0.0275072	0.0266313	0.0910575	0.0531162	-0.0608274	0.0404556	-0.0400402	0.0606998	0.0329898	0.0620677	-0.0252048	0.0140783
rs73955507	-0.157448	0.0723842	NA	NA	NA	NA	NA	NA	NA	NA	NA	NA	NA	NA
rs115327912	-0.0294626	0.176603	NA	NA	NA	NA	NA	NA	NA	NA	NA	NA	-0.0497883	0.0368253
rs62152179	0.0214142	0.0651058	-0.0232621	0.0271647	0.11	0.0541379	-0.0683573	0.0414496	-0.0479036	0.0633355	0.0295048	0.0648772	-0.00988965	0.0155055
rs35459715	0.0401937	0.0642094	-0.023262	0.0271645	0.11	0.0541379	-0.0683486	0.041449	-0.0479003	0.063335	0.0295151	0.0648769	-0.0100954	0.0154768
rs73955508	-0.171421	0.115684	NA	NA	NA	NA	NA	NA	NA	NA	NA	NA	0.00538668	0.0241828
rs73955509	-0.132475	0.0931661	NA	NA	NA	NA	NA	NA	NA	NA	NA	NA	NA	NA
rs116509558	0.283874	0.189311	NA	NA	NA	NA	NA	NA	NA	NA	NA	NA	-0.116343	0.0459787
rs33957668	0.0169515	0.0650392	-0.0232187	0.0271434	0.109982	0.0541017	-0.0681921	0.0414101	-0.047724	0.0633042	0.029538	0.0648437	-0.00988965	0.0155055
rs114869161	0.296433	0.183496	NA	NA	NA	NA	NA	NA	NA	NA	NA	NA	-0.0731509	0.0399429
rs115533371	0.361249	0.15217	NA	NA	NA	NA	NA	NA	NA	NA	NA	NA	NA	NA
rs116081716	0.191674	0.267536	NA	NA	NA	NA	NA	NA	NA	NA	NA	NA	-0.122418	0.0581561
rs56141343	-0.0138057	0.0673268	-0.0231266	0.0271562	0.110051	0.0541173	-0.0682042	0.0414277	-0.0479093	0.0633382	0.0295527	0.0648627	-0.0137765	0.0159287
rs9941618	-0.0139608	0.0621885	NA	NA	NA	NA	NA	NA	0.0168039	0.232812	0.0511165	0.25585	-0.0261468	0.0165602
rs113385954	0.20297	0.192339	NA	NA	NA	NA	NA	NA	NA	NA	NA	NA	0.0123178	0.0475971
rs114069250	0.286925	0.18815	NA	NA	NA	NA	NA	NA	NA	NA	NA	NA	-0.0929617	0.04307
rs11691871	0.0124047	0.0651015	-0.0230654	0.0271454	0.109767	0.0541038	-0.067861	0.0414103	-0.0480722	0.0633077	0.0304082	0.0648348	NA	NA
rs113182421	0.347301	0.105516	NA	NA	NA	NA	NA	NA	NA	NA	NA	NA	NA	NA
rs114638404	0.361249	0.15217	NA	NA	NA	NA	NA	NA	NA	NA	NA	NA	NA	NA
rs111924002	0.330982	0.101419	NA	NA	NA	NA	NA	NA	NA	NA	NA	NA	-0.0327688	0.0289457
rs116290194	0.296433	0.183496	NA	NA	NA	NA	NA	NA	NA	NA	NA	NA	NA	NA
rs13401790	-0.166855	0.115602	NA	NA	NA	NA	NA	NA	NA	NA	NA	NA	NA	NA
rs113776897	0.315267	0.140307	NA	NA	NA	NA	NA	NA	NA	NA	NA	NA	NA	NA
rs9941575	0.195746	0.0884037	NA	NA	NA	NA	NA	NA	-0.00338406	0.244617	0.078972	0.269425	NA	NA
rs115322756	0.361249	0.15217	NA	NA	NA	NA	NA	NA	NA	NA	NA	NA	NA	NA
rs112041625	0.285871	0.138526	NA	NA	NA	NA	NA	NA	NA	NA	NA	NA	-0.0347231	0.0321714
rs113796944	0.154825	0.0642581	NA	NA	NA	NA	NA	NA	NA	NA	NA	NA	NA	NA
rs72939526	-0.557043	0.323003	NA	NA	NA	NA	NA	NA	NA	NA	NA	NA	NA	NA
rs116513672	0.361249	0.15217	NA	NA	NA	NA	NA	NA	NA	NA	NA	NA	NA	NA
rs115966529	0.286925	0.18815	NA	NA	NA	NA	NA	NA	NA	NA	NA	NA	NA	NA
rs112769471	-0.184053	0.158018	NA	NA	NA	NA	NA	NA	NA	NA	NA	NA	0.0512694	0.0591223
rs60271077	-0.470226	0.168824	NA	NA	NA	NA	NA	NA	NA	NA	NA	NA	-0.0260678	0.0416044
rs115542120	0.294373	0.183854	NA	NA	NA	NA	NA	NA	NA	NA	NA	NA	-0.0929617	0.04307
rs114486405	0.363661	0.152777	NA	NA	NA	NA	NA	NA	NA	NA	NA	NA	NA	NA
rs115000870	0.170048	0.0874324	NA	NA	NA	NA	NA	NA	NA	NA	NA	NA	NA	NA
rs115172173	0.167131	0.193412	NA	NA	NA	NA	NA	NA	NA	NA	NA	NA	0.0712319	0.0456818
rs111358713	0.322334	0.134634	NA	NA	NA	NA	NA	NA	NA	NA	NA	NA	NA	NA
rs7568464	-0.0418517	0.111574	NA	NA	NA	NA	NA	NA	NA	NA	NA	NA	-0.00599741	0.0335839
rs114148199	0.294373	0.183854	NA	NA	NA	NA	NA	NA	NA	NA	NA	NA	-0.0929617	0.04307
rs112324591	0.192883	0.0879723	NA	NA	NA	NA	NA	NA	-0.0249681	0.250122	0.0636244	0.275393	NA	NA
rs113229964	0.0931071	0.0998362	NA	NA	NA	NA	NA	NA	-0.024778	0.250116	0.0636382	0.275384	-0.0465703	0.0248334
rs11899415	-0.287983	0.189149	NA	NA	NA	NA	NA	NA	NA	NA	NA	NA	0.0488643	0.0451997
rs114997163	-0.216054	0.158475	NA	NA	NA	NA	NA	NA	NA	NA	NA	NA	-0.0638475	0.0376153
rs2378313	-0.158722	0.11633	NA	NA	NA	NA	NA	NA	NA	NA	NA	NA	0.00538668	0.0241828
rs73955511	-0.0975782	0.0960557	NA	NA	NA	NA	NA	NA	NA	NA	NA	NA	NA	NA
rs6542809	-0.0212189	0.0671158	-0.0245644	0.0277615	0.0996451	0.0551634	-0.0803924	0.0423464	-0.0689701	0.0643205	0.0283998	0.0659011	NA	NA
rs113788343	0.192926	0.0879209	NA	NA	NA	NA	NA	NA	-0.0675839	0.245186	-0.0256023	0.267693	-0.0403111	0.0237335
rs111377907	0.192936	0.0877246	NA	NA	NA	NA	NA	NA	-0.024778	0.250116	0.0636382	0.275384	-0.0403111	0.0237335
rs116504505	-0.214669	0.156747	NA	NA	NA	NA	NA	NA	NA	NA	NA	NA	-0.0547272	0.0369221
rs7599635	-0.00668866	0.0568862	-0.0295684	0.0276709	0.0812403	0.0549155	-0.0742633	0.0421706	-0.066447	0.0627999	0.028914	0.0641204	-0.0278758	0.0140586
rs75200438	-0.158855	0.116313	NA	NA	NA	NA	NA	NA	NA	NA	NA	NA	0.00538668	0.0241828
rs113078021	0.192147	0.0880492	NA	NA	NA	NA	NA	NA	NA	NA	NA	NA	-0.0424844	0.0238243
rs114479005	-0.392117	0.227972	NA	NA	NA	NA	NA	NA	NA	NA	NA	NA	NA	NA
rs114853512	-0.117143	0.0763875	NA	NA	NA	NA	NA	NA	NA	NA	NA	NA	NA	NA
rs115426319	-0.244646	0.159283	NA	NA	NA	NA	NA	NA	NA	NA	NA	NA	-0.0638475	0.0376153
rs113489262	0.191559	0.0886999	NA	NA	NA	NA	NA	NA	-0.024778	0.250116	0.0636382	0.275384	-0.0403111	0.0237335
rs35443558	0.00521508	0.0649049	-0.0244654	0.0277568	0.0999003	0.0551482	-0.0803892	0.0423443	-0.0691261	0.0643164	0.0283384	0.0658994	-0.00848283	0.0155121
rs116194363	0.239721	0.197805	NA	NA	NA	NA	NA	NA	NA	NA	NA	NA	0.0712319	0.0456818
rs73955512	-0.130821	0.0931305	NA	NA	NA	NA	NA	NA	NA	NA	NA	NA	-0.0391327	0.0388944
rs73955514	-0.130973	0.093147	NA	NA	NA	NA	NA	NA	NA	NA	NA	NA	NA	NA
rs73955515	-0.113866	0.0815923	NA	NA	NA	NA	NA	NA	NA	NA	NA	NA	-0.0253355	0.024266
rs115114544	-0.272212	0.240506	NA	NA	NA	NA	NA	NA	NA	NA	NA	NA	NA	NA
rs112197991	0.165209	0.168417	NA	NA	NA	NA	NA	NA	NA	NA	NA	NA	-0.0497105	0.0378794
rs113880609	-0.221345	0.120462	NA	NA	NA	NA	NA	NA	NA	NA	NA	NA	NA	NA
rs12614149	0.133455	0.0942155	NA	NA	NA	NA	NA	NA	-0.0240756	0.250325	0.0673399	0.275703	-0.0238279	0.0230575
rs115944952	0.125542	0.0943631	NA	NA	NA	NA	NA	NA	-0.0277278	0.251398	0.0647344	0.277125	NA	NA
rs12620536	0.120213	0.093331	NA	NA	NA	NA	NA	NA	-0.0240032	0.250326	0.0672042	0.275701	-0.0292663	0.0240088
rs7594679	0.0392732	0.0614614	-0.0174325	0.0287575	0.0359329	0.0573182	-0.0835553	0.0441875	-0.044391	0.0630935	0.031571	0.0645282	NA	NA
rs112716766	-0.418247	0.268512	NA	NA	NA	NA	NA	NA	NA	NA	NA	NA	NA	NA
rs111313774	0.0874066	0.222894	NA	NA	NA	NA	NA	NA	NA	NA	NA	NA	3.52158E-06	0.0459427
rs7597710	0.0952094	0.103596	0.013217	0.0287159	0.0417607	0.057663	-0.100168	0.0439687	0.00753159	0.0645069	-0.0297365	0.0663265	-0.0299027	0.0244517
rs71996724	-0.205716	0.0745114	NA	NA	NA	NA	0.0372059	0.0453272	-0.165389	0.0690395	0.136056	0.0723406	NA	NA
rs12612106	-0.129874	0.21038	0.0574479	0.127911	-0.0203076	0.265387	-0.103814	0.186568	0.103879	0.292449	0.187332	0.301273	NA	NA
rs72939527	-0.154999	0.128065	NA	NA	NA	NA	NA	NA	NA	NA	NA	NA	-0.0538207	0.029907
rs7601259	-0.0937236	0.0569049	0.0700036	0.0342564	-0.0571433	0.070768	0.0036882	0.0504328	0.0541665	0.0767937	-0.194556	0.0769546	NA	NA
rs111982855	0.161178	0.192525	NA	NA	NA	NA	NA	NA	NA	NA	NA	NA	NA	NA
rs12465303	0.0778548	0.065313	-0.00856113	0.0298733	-0.0101702	0.0621056	0.0318148	0.0445096	-0.165449	0.0682903	0.1343	0.0712498	NA	NA
rs10170537	-0.0194315	0.056133	0.0700513	0.0342436	-0.057124	0.0707315	0.0037022	0.0504158	0.0548138	0.0764951	-0.19579	0.0766993	0.0155923	0.0140358
rs10181589	-0.0712075	0.0567397	0.0701227	0.0342508	-0.057156	0.0707534	0.00350701	0.050427	0.0557673	0.0764543	-0.194829	0.0766921	0.0125964	0.0140157
rs10173158	-0.0712075	0.0567397	0.070158	0.0342499	-0.0571816	0.0707492	0.00356893	0.0504236	0.0551036	0.0765169	-0.196043	0.0767238	NA	NA
rs78078114	-0.0538667	0.141968	0.0379309	0.0378766	0.0323493	0.0818362	0.0365093	0.0579668	-0.0136597	0.0976432	0.173478	0.0997136	NA	NA
rs12053476	0.0716191	0.0719903	-0.00693593	0.0298156	0.00609327	0.0617761	0.0247035	0.0442524	-0.176667	0.0719792	0.137633	0.07495	NA	NA
rs10208078	-0.0946847	0.0566455	0.0701006	0.0342546	-0.0571509	0.0707657	0.00347264	0.0504338	0.0545142	0.0767998	-0.194711	0.0769636	0.0122229	0.014101
rs10208403	-0.0712075	0.0567397	0.0701227	0.0342508	-0.057156	0.0707534	0.00350701	0.050427	0.0557673	0.0764543	-0.194829	0.0766921	0.0125964	0.0140157
rs10208413	-0.0712194	0.0567461	0.0700503	0.0342528	-0.0569029	0.0707589	0.00361964	0.0504275	0.0556158	0.0764663	-0.194855	0.0766996	0.0125964	0.0140157
rs116665778	-0.174692	0.106696	NA	NA	NA	NA	NA	NA	NA	NA	NA	NA	0.00809672	0.0228222
rs112923628	0.178277	0.18913	NA	NA	NA	NA	NA	NA	NA	NA	NA	NA	-0.0105415	0.0412842
rs56659136	-0.494268	0.174192	NA	NA	NA	NA	NA	NA	NA	NA	NA	NA	-0.00908204	0.0440983
rs11123736	0.0351085	0.105906	0.000762624	0.0302665	-0.00307603	0.0630845	0.0388137	0.0453754	-0.185131	0.0724482	0.138273	0.0760915	NA	NA
rs2008775	-0.0820045	0.0568321	0.0672491	0.0336912	-0.04754	0.0692957	-0.00587356	0.049716	0.0559264	0.0744061	-0.17624	0.0749211	0.00554623	0.0141488
rs1835357	-0.0759064	0.0568643	NA	NA	NA	NA	-0.0058168	0.0497266	0.0560015	0.0747042	-0.1761	0.0751691	0.00299442	0.0143282
rs72939528	-0.288475	0.109884	NA	NA	NA	NA	NA	NA	NA	NA	NA	NA	-0.0399288	0.024405
rs11123737	0.0939585	0.0735796	-0.00669478	0.0300861	-0.000132846	0.0622944	0.0330198	0.0449288	-0.184176	0.0724829	0.132574	0.0759831	-0.00195299	0.017677
rs2378300	-0.0861241	0.0567312	0.0672719	0.0336892	-0.0473734	0.06928	-0.00577358	0.0497192	0.0574521	0.0744116	-0.177042	0.0749431	NA	NA
rs1078254	-0.0861199	0.0567311	0.0672719	0.0336892	-0.0473734	0.06928	-0.00577358	0.0497192	0.0574521	0.0744116	-0.177042	0.0749431	0.00554623	0.0141488
rs1078253	-0.0861305	0.0567287	0.067267	0.0336788	-0.0474603	0.0692579	-0.00577978	0.0497066	0.0572317	0.0743865	-0.17679	0.0749169	NA	NA
rs1078252	-0.108965	0.0563147	0.0672102	0.0336831	-0.047375	0.0692699	-0.00579754	0.0497123	0.0559042	0.0746574	-0.176279	0.0751194	0.00503343	0.0141732
rs1078251	-0.091927	0.055954	0.0672474	0.033683	-0.047464	0.0692686	-0.00580868	0.0497138	0.0572485	0.074405	-0.176799	0.0749324	0.00377941	0.0141521
rs114754411	0.257294	0.148111	NA	NA	NA	NA	NA	NA	NA	NA	NA	NA	0.00658027	0.0464959
rs10167847	-0.0922184	0.0559233	0.0672573	0.0336931	-0.047374	0.0692922	-0.00581141	0.0497263	0.057467	0.0744293	-0.177048	0.0749577	0.00377941	0.0141521
rs10167958	-0.0316083	0.0590999	0.0330458	0.0270991	-0.0461396	0.0545216	0.0289662	0.0415076	-0.107653	0.066194	-0.0335139	0.0676557	NA	NA
rs10191580	-0.0922184	0.0559233	0.0672573	0.0336931	-0.047374	0.0692922	-0.00581141	0.0497263	0.057467	0.0744293	-0.177048	0.0749577	NA	NA
rs10168124	-0.0922184	0.0559233	0.0672573	0.0336931	-0.047374	0.0692922	-0.00581141	0.0497263	0.057467	0.0744293	-0.177048	0.0749577	0.00377941	0.0141521
rs35709286	0.151263	0.1598	-0.0465755	0.0372762	-0.0278537	0.0763976	0.0158714	0.0550936	-0.285108	0.0920638	0.0496196	0.0993984	NA	NA
rs7589719	-0.175871	0.10236	0.0365845	0.0271547	-0.0425351	0.0548407	0.0303421	0.0416498	-0.110872	0.0658722	-0.0283302	0.0673085	-0.0180372	0.0255407
rs7563587	-0.109314	0.0562847	0.0672573	0.0336931	-0.047374	0.0692922	-0.00581141	0.0497263	0.0561932	0.0746807	-0.176568	0.0751457	0.00503343	0.0141732
rs7589911	-0.0922787	0.0559248	0.0670757	0.0336941	-0.0474833	0.0692659	-0.00577859	0.0497392	0.0572206	0.0744279	-0.176804	0.0749548	0.00377941	0.0141521
rs1864476	-0.0923059	0.0559264	0.0672474	0.033683	-0.047464	0.0692686	-0.00580868	0.0497138	0.0572485	0.074405	-0.176799	0.0749324	0.00377941	0.0141521
rs1864475	-0.0922401	0.0559212	0.0672573	0.0336931	-0.047374	0.0692922	-0.00581141	0.0497263	0.057467	0.0744293	-0.177048	0.0749577	0.00377941	0.0141521
rs6542810	-0.0922401	0.0559212	0.0672474	0.033683	-0.047464	0.0692686	-0.00580868	0.0497138	0.0572485	0.074405	-0.176799	0.0749324	NA	NA
rs6542811	-0.0921398	0.055928	0.0672474	0.033683	-0.047464	0.0692686	-0.00580868	0.0497138	0.0572485	0.074405	-0.176799	0.0749324	NA	NA
rs6542812	-0.0922401	0.0559212	0.0694684	0.0327825	-0.0454418	0.0676772	-0.00665399	0.0477273	0.0572485	0.074405	-0.176799	0.0749324	NA	NA
rs7581460	-0.0935968	0.0560063	0.0694684	0.0327825	-0.0454418	0.0676772	-0.00665399	0.0477273	0.0712186	0.0710481	-0.177119	0.0715538	0.00377941	0.0141521
rs7581461	-0.0936059	0.0560062	0.0694684	0.0327825	-0.0454418	0.0676772	-0.00665399	0.0477273	0.0712186	0.0710481	-0.177119	0.0715538	0.00377941	0.0141521
rs6542813	-0.110786	0.0563757	0.0695126	0.0327938	-0.0453577	0.0677026	-0.00656788	0.0477441	0.0707603	0.0716928	-0.178685	0.0721434	NA	NA
rs116093898	0.257959	0.148484	NA	NA	NA	NA	NA	NA	NA	NA	NA	NA	NA	NA
rs4676271	-0.0283514	0.0611123	0.0333587	0.0263548	-0.0429557	0.0536812	0.0264647	0.0397582	-0.0969786	0.0638164	-0.055909	0.0651059	NA	NA
rs1430305	-0.0933284	0.0559696	0.0694684	0.0327825	-0.0454418	0.0676772	-0.00665399	0.0477273	0.0712186	0.0710481	-0.177119	0.0715538	0.00377941	0.0141521
rs1430304	-0.0911474	0.0560273	0.0694684	0.0327825	-0.0454418	0.0676772	-0.00665399	0.0477273	0.0712186	0.0710481	-0.177119	0.0715538	0.00377941	0.0141521
rs1835356	-0.0933284	0.0559696	0.0694684	0.0327825	-0.0454418	0.0676772	-0.00665399	0.0477273	0.0712186	0.0710481	-0.177119	0.0715538	NA	NA
rs5003147	-0.0972878	0.0563613	NA	NA	NA	NA	-0.00665399	0.0477273	0.0712189	0.0710506	-0.177155	0.0715562	NA	NA
rs72939532	-0.0888507	0.055945	NA	NA	NA	NA	-0.00660962	0.0477115	0.0711979	0.071029	-0.177016	0.0715348	0.00248783	0.0141529
rs74575313	-0.0814954	0.0558975	NA	NA	NA	NA	-0.006664	0.0477635	0.0710355	0.0711473	-0.177304	0.0716495	NA	NA
rs75676612	-0.0848327	0.0557089	NA	NA	NA	NA	-0.00671824	0.0477836	0.0712474	0.0711357	-0.177132	0.0716454	NA	NA
rs9678722	-0.0970455	0.055947	NA	NA	NA	NA	NA	NA	NA	NA	NA	NA	NA	NA
rs9677365	-0.0970369	0.0559439	NA	NA	NA	NA	NA	NA	NA	NA	NA	NA	NA	NA
rs9677385	-0.0959316	0.0559731	NA	NA	NA	NA	-0.00656831	0.0477513	0.0682778	0.0714898	-0.178185	0.07203	NA	NA
rs9678072	-0.0959316	0.0559731	NA	NA	NA	NA	-0.0065549	0.0477236	0.068218	0.0714644	-0.178054	0.0720023	NA	NA
rs11887410	0.173474	0.0777737	NA	NA	NA	NA	0.0365929	0.0433056	-0.172664	0.066916	0.105302	0.0711024	NA	NA
rs9677543	-0.0978818	0.0559119	0.0694852	0.0327748	-0.0454496	0.0676561	-0.00660962	0.0477115	0.0711979	0.071029	-0.177016	0.0715348	NA	NA
rs9677550	-0.0962211	0.0560936	0.0694852	0.0327748	-0.0454496	0.0676561	-0.00660962	0.0477115	0.0711979	0.071029	-0.177016	0.0715348	NA	NA
rs112276799	-0.208716	0.131301	NA	NA	NA	NA	NA	NA	NA	NA	NA	NA	-0.0600298	0.0295089
rs12474431	-0.0483209	0.139682	0.0355368	0.0367329	0.0336333	0.0797583	0.0335939	0.0551984	-0.0243207	0.0930793	0.14187	0.0961416	-0.0418236	0.0281688
rs6542815	-0.0960907	0.0558032	0.0694852	0.0327748	-0.0454496	0.0676561	-0.00660962	0.0477115	0.0711979	0.071029	-0.177016	0.0715348	NA	NA
rs6542816	-0.031059	0.0608571	0.0333467	0.0263514	-0.0429469	0.0536754	0.0264305	0.0397535	-0.0967602	0.0638049	-0.0558051	0.0650924	NA	NA
rs7569873	-0.0960907	0.0558032	0.0694852	0.0327748	-0.0454496	0.0676561	-0.00660962	0.0477115	0.0711979	0.071029	-0.177016	0.0715348	NA	NA
rs6747292	-0.208716	0.131301	NA	NA	NA	NA	NA	NA	NA	NA	NA	NA	-0.0600298	0.0295089
rs7569692	-0.0960907	0.0558032	0.0694852	0.0327748	-0.0454496	0.0676561	-0.00660962	0.0477115	0.0711979	0.071029	-0.177016	0.0715348	NA	NA
rs67591802	0.0390007	0.106088	NA	NA	NA	NA	0.0304608	0.0430839	-0.177668	0.0702872	0.0999916	0.0743776	-0.0120489	0.0217923
rs7569896	-0.0961782	0.0558109	0.0694852	0.0327748	-0.0454496	0.0676561	-0.00660962	0.0477115	0.0711979	0.071029	-0.177016	0.0715348	0.00248783	0.0141529
rs7569804	-0.0961782	0.0558109	0.0694852	0.0327748	-0.0454496	0.0676561	-0.00660962	0.0477115	0.0711979	0.071029	-0.177016	0.0715348	0.00248783	0.0141529
rs7596155	-0.0961782	0.0558109	0.0694852	0.0327748	-0.0454496	0.0676561	-0.00660962	0.0477115	0.0711979	0.071029	-0.177016	0.0715348	NA	NA
rs2889869	-0.099615	0.0673141	-0.00289263	0.0966207	-0.0869569	0.190124	0.0222333	0.129548	-0.09448	0.197485	-0.142784	0.209054	NA	NA
rs2889870	-0.0960907	0.0558032	0.0694852	0.0327748	-0.0454496	0.0676561	-0.00660962	0.0477115	0.0711979	0.071029	-0.177016	0.0715348	NA	NA
rs2378314	-0.111322	0.0557434	0.0694852	0.0327748	-0.0454496	0.0676561	-0.00660962	0.0477115	0.0711986	0.0710334	-0.177081	0.0715391	NA	NA
rs2378315	-0.0960907	0.0558032	0.0694852	0.0327748	-0.0454496	0.0676561	-0.00660962	0.0477115	0.0711979	0.071029	-0.177016	0.0715348	0.00180194	0.0141344
rs2378316	-0.0960907	0.0558032	0.0694852	0.0327748	-0.0454496	0.0676561	-0.00660962	0.0477115	0.0711979	0.071029	-0.177016	0.0715348	NA	NA
rs114744648	-0.315351	0.193184	NA	NA	NA	NA	NA	NA	NA	NA	NA	NA	0.0265782	0.0413975
rs7570470	-0.0960907	0.0558032	0.0694852	0.0327748	-0.0454496	0.0676561	-0.00660962	0.0477115	0.0711979	0.071029	-0.177016	0.0715348	0.00248783	0.0141529
rs7570560	-0.0960887	0.0558055	0.0694852	0.0327748	-0.0454496	0.0676561	-0.00660962	0.0477115	0.0711979	0.071029	-0.177016	0.0715348	NA	NA
rs111827927	0.196646	0.189863	NA	NA	NA	NA	NA	NA	NA	NA	NA	NA	-0.0105415	0.0412842
rs7584669	-0.0960887	0.0558055	0.0694852	0.0327748	-0.0454496	0.0676561	-0.00660962	0.0477115	0.0711979	0.071029	-0.177016	0.0715348	0.00248783	0.0141529
rs10200501	-0.0960887	0.0558055	0.0694852	0.0327748	-0.0454496	0.0676561	-0.00660962	0.0477115	0.0711979	0.071029	-0.177016	0.0715348	NA	NA
rs6748434	-0.0303504	0.0592702	0.0335731	0.0261944	-0.0421378	0.0534771	0.0264781	0.0393802	-0.0967602	0.0638049	-0.0558051	0.0650924	NA	NA
rs114107732	0.257272	0.148115	NA	NA	NA	NA	NA	NA	NA	NA	NA	NA	NA	NA
rs4494781	-0.0960853	0.0558061	0.0694823	0.0327676	-0.0454654	0.0676423	-0.00647918	0.0476974	0.0711979	0.071029	-0.177016	0.0715348	0.00248783	0.0141529
rs12472919	-0.0476239	0.139055	0.0334684	0.0365469	0.0341992	0.0794878	0.0335463	0.0549185	-0.0246742	0.092249	0.13888	0.095242	NA	NA
rs4632376	-0.0946155	0.0555249	0.0721349	0.0322939	-0.0469003	0.0667711	-0.00619875	0.047063	0.0709093	0.0698315	-0.173188	0.0703547	0.00248783	0.0141529
rs4479453	-0.0961099	0.0558049	0.0720697	0.0326948	-0.047197	0.0674967	-0.00648702	0.0476968	0.0712535	0.07101	-0.177025	0.071516	0.00248783	0.0141529
rs4632377	-0.031918	0.0595996	0.0345469	0.0262332	-0.0422809	0.0533892	0.0264674	0.0397323	-0.096655	0.0637938	-0.0558551	0.0650795	0.0067283	0.0165017
rs4325780	-0.0961091	0.0558049	0.0720697	0.0326948	-0.047197	0.0674967	-0.00648702	0.0476968	0.0712535	0.07101	-0.177025	0.071516	0.00248783	0.0141529
rs113422765	-0.148631	0.134448	NA	NA	NA	NA	NA	NA	NA	NA	NA	NA	0.042098	0.0426434
rs13424751	-0.0961099	0.0558049	0.0720697	0.0326948	-0.047197	0.0674967	-0.00648702	0.0476968	0.0712535	0.07101	-0.177025	0.071516	0.00248783	0.0141529
rs17035382	0.105613	0.0711989	-0.00847225	0.0290923	0.00455287	0.0602376	0.0311545	0.0430017	-0.183947	0.0696971	0.109375	0.0737083	NA	NA
rs13427442	-0.0961099	0.0558049	0.0720697	0.0326948	-0.047197	0.0674967	-0.00648702	0.0476968	0.0712535	0.07101	-0.177025	0.071516	0.00248783	0.0141529
rs1036029	-0.0961099	0.0558049	0.0720697	0.0326948	-0.047197	0.0674967	-0.00648702	0.0476968	0.0712535	0.07101	-0.177025	0.071516	0.00248783	0.0141529
rs1025374	-0.0969567	0.0558251	0.0720697	0.0326948	-0.047197	0.0674967	-0.00648702	0.0476968	0.0712535	0.07101	-0.177025	0.071516	0.00339367	0.0141539
rs1025375	-0.0961988	0.0558156	0.0720813	0.0326936	-0.0472144	0.0674914	-0.00651916	0.0476964	0.0713476	0.0709998	-0.177104	0.0715089	0.00227223	0.014164
rs1025376	-0.0962628	0.0558194	0.0725747	0.0327095	-0.0455317	0.0675731	-0.00665359	0.04769	0.0729761	0.0709665	-0.178941	0.0714743	NA	NA
rs114648320	0.394773	0.156406	NA	NA	NA	NA	NA	NA	NA	NA	NA	NA	NA	NA
rs73955519	-0.448459	0.211258	NA	NA	NA	NA	NA	NA	NA	NA	NA	NA	-0.00785184	0.0434132
rs1025377	-0.0961823	0.0558137	0.0720813	0.0326936	-0.0472144	0.0674914	-0.00651916	0.0476964	0.0713476	0.0709998	-0.177104	0.0715089	0.00248783	0.0141529
rs11902743	-0.09384	0.055871	0.0720813	0.0326936	-0.0472144	0.0674914	-0.00651916	0.0476964	0.0713476	0.0709998	-0.177104	0.0715089	0.00248783	0.0141529
rs11898016	-0.116267	0.0562714	0.0720813	0.0326936	-0.0472144	0.0674914	-0.00651916	0.0476964	0.0707867	0.0716222	-0.178468	0.0720763	0.00372722	0.0141537
rs11892248	-0.0961823	0.0558137	0.0720813	0.0326936	-0.0472144	0.0674914	-0.00651916	0.0476964	0.0713476	0.0709998	-0.177104	0.0715089	NA	NA
rs11892356	-0.0961553	0.0558168	0.0720813	0.0326936	-0.0472144	0.0674914	-0.00651916	0.0476964	0.0713476	0.0709998	-0.177104	0.0715089	0.00248783	0.0141529
rs11892357	-0.0960545	0.0558206	0.0720813	0.0326936	-0.0472144	0.0674914	-0.00651916	0.0476964	0.0713476	0.0709998	-0.177104	0.0715089	0.00248783	0.0141529
rs1025378	0.0950744	0.0739254	-0.00857156	0.0289489	0.00424173	0.0599548	0.0313251	0.042811	-0.182525	0.0689444	0.107784	0.0729211	NA	NA
rs17035400	-0.0945791	0.05553	0.0721349	0.0322939	-0.0469003	0.0667711	-0.00619875	0.047063	0.0709093	0.0698315	-0.173188	0.0703547	NA	NA
rs17035405	-0.096185	0.0558149	0.0720813	0.0326936	-0.0472144	0.0674914	-0.00651916	0.0476964	0.0713476	0.0709998	-0.177104	0.0715089	NA	NA
rs112075660	-0.211246	0.131245	NA	NA	NA	NA	NA	NA	NA	NA	NA	NA	NA	NA
rs17035411	-0.0961744	0.0558157	0.0720813	0.0326936	-0.0472144	0.0674914	-0.00651916	0.0476964	0.0713476	0.0709998	-0.177104	0.0715089	NA	NA
rs17035416	-0.0961982	0.0558179	0.0720813	0.0326936	-0.0472144	0.0674914	-0.00651916	0.0476964	0.0713476	0.0709998	-0.177104	0.0715089	0.00248783	0.0141529
rs17035417	-0.0961982	0.0558179	0.0720813	0.0326936	-0.0472144	0.0674914	-0.00651916	0.0476964	0.0713476	0.0709998	-0.177104	0.0715089	0.00312402	0.0141348
rs17035419	-0.0961744	0.0558157	0.0720879	0.0326993	-0.0473045	0.0675067	-0.0064921	0.0477085	0.0713499	0.0710007	-0.177108	0.0715098	0.00248783	0.0141529
rs17035421	-0.0961744	0.0558157	0.0720813	0.0326936	-0.0472144	0.0674914	-0.00651916	0.0476964	0.0713476	0.0709998	-0.177104	0.0715089	0.00248783	0.0141529
rs1025379	-0.169801	0.103669	0.0347293	0.0262172	-0.0424425	0.0533442	0.0264574	0.0397307	-0.0967846	0.0637208	-0.0560653	0.064999	NA	NA
rs1025380	-0.0332105	0.0599178	NA	NA	NA	NA	0.0264574	0.0397307	-0.0967846	0.0637208	-0.0558923	0.0650031	NA	NA
rs74375566	-0.0999756	0.0563411	NA	NA	NA	NA	-0.00651916	0.0476964	0.0713476	0.0709998	-0.177104	0.0715089	0.00248783	0.0141529
rs79189216	-0.100054	0.0563463	NA	NA	NA	NA	-0.00651916	0.0476964	0.0713476	0.0709998	-0.177104	0.0715089	NA	NA
rs67497297	-0.0999873	0.0563423	NA	NA	NA	NA	-0.00651916	0.0476964	0.0713476	0.0709998	-0.177104	0.0715089	NA	NA
rs17035423	-0.0998877	0.0563289	0.0720813	0.0326936	-0.0472144	0.0674914	-0.00651916	0.0476964	0.0713476	0.0709998	-0.177104	0.0715089	0.00248783	0.0141529
rs35944607	-0.0995406	0.0563662	0.0720813	0.0326936	-0.0472144	0.0674914	-0.00651916	0.0476964	0.0713476	0.0709998	-0.177104	0.0715089	NA	NA
rs35489961	-0.0995261	0.056367	0.0720813	0.0326936	-0.0472144	0.0674914	-0.00651916	0.0476964	0.0713476	0.0709998	-0.177104	0.0715089	0.00248783	0.0141529
rs13033542	-0.0995261	0.056367	0.0720813	0.0326936	-0.0472144	0.0674914	-0.00651916	0.0476964	0.0713476	0.0709998	-0.177104	0.0715089	0.00248783	0.0141529
rs13033717	0.140395	0.164372	-0.0459732	0.0365831	-0.0240551	0.0746752	0.0164227	0.053554	-0.278384	0.0886249	0.0459532	0.0963174	0.0278824	0.0347151
rs35689052	-0.0999335	0.0563247	0.0720813	0.0326936	-0.0472144	0.0674914	-0.00651916	0.0476964	0.0713476	0.0709998	-0.177104	0.0715089	0.00248783	0.0141529
rs68047544	-0.0999335	0.0563247	0.0723497	0.0327183	-0.0469953	0.0675209	-0.00640602	0.0477372	0.0716415	0.0710724	-0.177029	0.071593	0.00273137	0.0141143
rs80043775	-0.0999249	0.0563331	NA	NA	NA	NA	-0.00651916	0.0476964	0.0713476	0.0709998	-0.177104	0.0715089	NA	NA
rs77811766	-0.0999249	0.0563331	NA	NA	NA	NA	-0.00651916	0.0476964	0.0713476	0.0709998	-0.177104	0.0715089	0.00248783	0.0141529
rs72939561	-0.0999249	0.0563331	NA	NA	NA	NA	-0.00651916	0.0476964	0.0713476	0.0709998	-0.177104	0.0715089	0.00248783	0.0141529
rs17035428	-0.107603	0.0564338	0.0720813	0.0326936	-0.0472144	0.0674914	-0.00651916	0.0476964	0.0713476	0.0709998	-0.177104	0.0715089	0.00248783	0.0141529
rs17035432	-0.107603	0.0564338	NA	NA	NA	NA	-0.00651916	0.0476964	0.0713476	0.0709998	-0.177104	0.0715089	NA	NA
rs76845405	-0.107883	0.0564892	0.0720813	0.0326936	-0.0472144	0.0674914	-0.00651916	0.0476964	0.0713476	0.0709998	-0.177104	0.0715089	NA	NA
rs75177243	-0.0998892	0.0563283	NA	NA	NA	NA	-0.00651916	0.0476964	0.0713476	0.0709998	-0.177104	0.0715089	0.00248783	0.0141529
rs76877923	-0.107883	0.0564892	NA	NA	NA	NA	-0.00651916	0.0476964	0.0713476	0.0709998	-0.177104	0.0715089	NA	NA
rs77408258	-0.107883	0.0564892	NA	NA	NA	NA	-0.00651916	0.0476964	0.0713476	0.0709998	-0.177104	0.0715089	NA	NA
rs62152211	-0.107883	0.0564892	0.0720813	0.0326936	-0.0472144	0.0674914	-0.00651916	0.0476964	0.0713476	0.0709998	-0.177104	0.0715089	NA	NA
rs67726592	-0.0996028	0.0563613	0.0720813	0.0326936	-0.0472144	0.0674914	-0.00651916	0.0476964	0.0713476	0.0709998	-0.177104	0.0715089	0.00248783	0.0141529
rs60272000	-0.033141	0.0598955	0.0347257	0.0262164	-0.0424461	0.0533422	0.0264501	0.0397292	-0.09678	0.0637204	-0.0558899	0.0650025	NA	NA
rs72627479	-0.0477791	0.0573934	0.0720813	0.0326936	-0.0472144	0.0674914	-0.00651916	0.0476964	0.0712075	0.0709998	-0.177094	0.0715056	0.00344708	0.014216
rs72627480	-0.0996028	0.0563613	0.0720813	0.0326936	-0.0472144	0.0674914	-0.00651916	0.0476964	0.0713476	0.0709998	-0.177104	0.0715089	0.00248783	0.0141529
rs66648815	-0.0999378	0.0563234	0.0720813	0.0326936	-0.0472144	0.0674914	-0.00651916	0.0476964	0.0713476	0.0709998	-0.177104	0.0715089	NA	NA
rs66995221	-0.122091	0.0567011	0.0720813	0.0326936	-0.0472144	0.0674914	-0.00651916	0.0476964	0.0707915	0.071624	-0.178476	0.0720781	0.00555708	0.0141696
rs68011918	-0.0999378	0.0563234	0.0720813	0.0326936	-0.0472144	0.0674914	-0.00651916	0.0476964	0.0713476	0.0709998	-0.177104	0.0715089	0.00248783	0.0141529
rs60988143	-0.0999378	0.0563234	0.0720813	0.0326936	-0.0472144	0.0674914	-0.00651916	0.0476964	0.0713476	0.0709998	-0.177104	0.0715089	NA	NA
rs115169734	-0.18596	0.106878	NA	NA	NA	NA	NA	NA	NA	NA	NA	NA	0.00666373	0.02238
rs1019838	-0.0999378	0.0563234	0.072215	0.0326746	-0.0472974	0.0674808	-0.00636112	0.0476741	0.0717917	0.0709577	-0.177315	0.0714838	NA	NA
rs58695387	-0.0999378	0.0563234	0.072215	0.0326746	-0.0472974	0.0674808	-0.00636112	0.0476741	0.0717917	0.0709577	-0.177315	0.0714838	NA	NA
rs17035435	-0.0999378	0.0563234	0.072215	0.0326746	-0.0472974	0.0674808	-0.00636112	0.0476741	0.0717917	0.0709577	-0.177315	0.0714838	NA	NA
rs112007659	-0.152145	0.102372	NA	NA	NA	NA	NA	NA	NA	NA	NA	NA	-0.00546074	0.0280035
rs59934589	0.0313336	0.0754741	-0.00683457	0.0290535	0.00389246	0.060178	0.0292093	0.0428991	-0.184142	0.0696014	0.109077	0.0736316	NA	NA
rs7576212	-0.0999388	0.0563243	NA	NA	NA	NA	NA	NA	NA	NA	NA	NA	NA	NA
rs56050924	0.0489813	0.107351	NA	NA	NA	NA	0.0292076	0.0428999	-0.184041	0.0696396	0.109118	0.0736745	-0.0120489	0.0217923
rs34219239	0.0313368	0.0754783	-0.00684002	0.0290555	0.00388966	0.06018	0.0292028	0.0429025	-0.184212	0.0696074	0.109099	0.0736392	NA	NA
rs114507647	0.260584	0.14936	NA	NA	NA	NA	NA	NA	NA	NA	NA	NA	0.0294124	0.0490339
rs4637156	-0.0991364	0.0563156	0.072215	0.0326746	-0.0472974	0.0674808	-0.00636112	0.0476741	0.0717917	0.0709577	-0.177315	0.0714838	NA	NA
rs115482283	0.0947723	0.0959399	NA	NA	NA	NA	NA	NA	NA	NA	NA	NA	NA	NA
rs111680919	0.32162	0.149652	-0.0808341	0.0609173	-0.0159758	0.123286	-0.0781311	0.0916992	0.282073	0.161606	-0.0946823	0.185987	NA	NA
rs72939574	-0.510999	0.173962	NA	NA	NA	NA	NA	NA	NA	NA	NA	NA	-0.00908204	0.0440983
rs11123739	-0.0984234	0.0575988	0.0741296	0.0333742	-0.0588124	0.0690487	0.00214331	0.0486589	0.0718707	0.0735422	-0.194872	0.0737513	0.0112834	0.0140712
rs112729723	0.33502	0.190831	NA	NA	NA	NA	NA	NA	NA	NA	NA	NA	-0.00195428	0.0430331
rs116576987	0.259083	0.148988	NA	NA	NA	NA	NA	NA	NA	NA	NA	NA	NA	NA
rs10197561	-0.102628	0.0566094	0.0724638	0.0327046	-0.0472138	0.0675285	-0.00679584	0.0477215	0.0719994	0.0709957	-0.177467	0.0715224	0.00275172	0.0141236
rs73955522	0.026892	0.118399	NA	NA	NA	NA	NA	NA	NA	NA	NA	NA	NA	NA
rs891426	0.0520421	0.0661337	-0.00683457	0.0290535	0.00389246	0.060178	0.0292093	0.0428991	-0.184142	0.0696014	0.109077	0.0736316	-0.0145552	0.0159438
rs1430302	-0.130837	0.05673	0.072215	0.0326746	-0.0472974	0.0674808	-0.00636112	0.0476741	0.0712111	0.0716019	-0.17872	0.0720713	0.00478587	0.0141445
rs891427	-0.0790165	0.0635292	0.0358583	0.0261573	-0.0425252	0.0533415	0.0247916	0.039559	-0.0960179	0.0637089	-0.0562811	0.0649801	NA	NA
rs1430303	-0.104429	0.0564109	0.0722099	0.0326752	-0.0472974	0.0674808	-0.00636395	0.0476752	0.0718043	0.0709616	-0.177328	0.071488	0.00456534	0.01413
rs891428	0.0520363	0.0661352	-0.00703392	0.0289439	0.00424601	0.0599545	0.0291519	0.0427285	-0.182521	0.0689439	0.107797	0.0729208	NA	NA
rs55937613	0.0104857	0.0972401	NA	NA	NA	NA	NA	NA	NA	NA	NA	NA	-0.0273185	0.0421979
rs736304	0.0520363	0.0661352	-0.00683457	0.0290535	0.00389246	0.060178	0.0292093	0.0428991	-0.184142	0.0696014	0.109077	0.0736316	NA	NA
rs736303	-0.101244	0.0567122	0.072215	0.0326746	-0.0472974	0.0674808	-0.00636112	0.0476741	0.0717917	0.0709577	-0.177315	0.0714838	0.00172589	0.0141064
rs73955524	-0.451983	0.211704	NA	NA	NA	NA	NA	NA	NA	NA	NA	NA	NA	NA
rs73955525	-0.309729	0.178216	NA	NA	NA	NA	NA	NA	NA	NA	NA	NA	-0.003411	0.0367084
rs114485448	0.0365228	0.143375	NA	NA	NA	NA	NA	NA	NA	NA	NA	NA	-0.0335661	0.0476865
rs112263121	0.33502	0.190831	NA	NA	NA	NA	NA	NA	NA	NA	NA	NA	-0.0112509	0.0441748
rs13408721	-0.133532	0.0571501	0.0721934	0.0326775	-0.0473219	0.0674865	-0.00636546	0.0476794	0.0714682	0.0716551	-0.179713	0.0721146	NA	NA
rs10191691	-0.130897	0.0567255	0.0722266	0.0326733	-0.0473821	0.067479	-0.00633933	0.047675	0.0714408	0.0716509	-0.179498	0.0721131	NA	NA
rs4676272	0.0551224	0.107138	-0.0068486	0.029054	0.00388752	0.0601794	0.0291947	0.0428992	-0.184357	0.0696588	0.109621	0.0737047	-0.0113855	0.0216522
rs7601438	-0.126859	0.0560206	0.0722266	0.0326733	-0.0473821	0.067479	-0.00633933	0.047675	0.0714408	0.0716509	-0.179498	0.0721131	NA	NA
rs111331116	0.33502	0.190831	NA	NA	NA	NA	NA	NA	NA	NA	NA	NA	-0.0112509	0.0441748
rs4676273	-0.0764359	0.0630374	0.0399911	0.0257543	-0.0254328	0.0522227	0.0198117	0.0388131	-0.0956555	0.0642929	-0.0597082	0.0649797	-0.0159491	0.0182336
rs72627482	0.0814778	0.190558	NA	NA	NA	NA	NA	NA	NA	NA	NA	NA	NA	NA
rs114324582	0.145207	0.303159	NA	NA	NA	NA	NA	NA	NA	NA	NA	NA	0.0487668	0.0615019
rs10198683	-0.11628	0.0577631	0.040932	0.025891	-0.0256501	0.0525541	0.0257555	0.0390027	-0.0992095	0.0652901	-0.0600276	0.0660516	NA	NA
rs115331613	0.204706	0.213961	NA	NA	NA	NA	NA	NA	NA	NA	NA	NA	-0.114692	0.0419091
rs77600734	0.0359494	0.131701	NA	NA	NA	NA	NA	NA	-0.0331901	0.243709	0.0453363	0.266765	NA	NA
rs11689882	0.13358	0.0740874	-0.0794747	0.0608777	-0.0156213	0.123362	-0.0735055	0.091656	0.327311	0.165064	-0.0780012	0.189975	0.0250478	0.02622
rs56163438	-0.422595	0.206105	NA	NA	NA	NA	NA	NA	NA	NA	NA	NA	-0.000128811	0.0409395
rs11689995	0.120081	0.0620762	-0.0475219	0.0256669	0.0195743	0.0521055	-0.0500358	0.0395067	0.0638277	0.0624015	0.039669	0.0633549	0.00620073	0.0174433
rs11680041	0.112876	0.0640541	-0.0438046	0.0261974	0.0370316	0.0535743	-0.0553795	0.0404666	0.065255	0.0622118	0.0363792	0.063522	0.00521082	0.0184655
rs73955529	-0.531893	0.220277	NA	NA	NA	NA	NA	NA	NA	NA	NA	NA	-0.0156237	0.0446342
rs116761176	0.258999	0.149122	NA	NA	NA	NA	NA	NA	NA	NA	NA	NA	-0.00364587	0.0460449
rs11680312	0.113111	0.0641305	-0.043811	0.0261973	0.0370349	0.0535739	-0.0553805	0.0404663	0.0652418	0.06221	0.0363738	0.0635208	0.0103657	0.0185225
rs115755697	0.24058	0.27071	NA	NA	NA	NA	NA	NA	NA	NA	NA	NA	0.0692409	0.052244
rs73955530	-0.422595	0.206105	NA	NA	NA	NA	NA	NA	NA	NA	NA	NA	-0.000128811	0.0409395
rs1001172	0.113136	0.0641401	-0.0438854	0.0262035	0.0370467	0.0535957	-0.0553729	0.040469	0.0652353	0.0622226	0.036386	0.0635224	0.0103657	0.0185225
rs11123740	-0.0144226	0.140624	0.0336543	0.0366822	0.0345729	0.0797482	0.033401	0.055144	-0.0248377	0.0930997	0.141697	0.0961755	-0.0249326	0.0272819
rs11692866	0.111699	0.0641555	-0.0438076	0.0261941	0.0370506	0.0535652	-0.0553748	0.0404603	0.0657652	0.0622501	0.0363546	0.0635217	NA	NA
rs7575574	-0.133717	0.0570199	0.07395	0.0333544	-0.058728	0.069014	0.00191855	0.04863	0.0721897	0.0735902	-0.19603	0.07378	0.00793073	0.0141477
rs11692995	0.110334	0.0641789	-0.0438076	0.0261941	0.0370506	0.0535652	-0.0553748	0.0404603	0.0657652	0.0622501	0.0363546	0.0635217	0.0103657	0.0185225
rs113890300	0.0356856	0.103671	NA	NA	NA	NA	NA	NA	NA	NA	NA	NA	-0.0451592	0.0274654
rs12105777	-0.149495	0.153305	NA	NA	NA	NA	NA	NA	NA	NA	NA	NA	NA	NA
rs115193194	0.0320146	0.144134	NA	NA	NA	NA	NA	NA	NA	NA	NA	NA	-0.0159773	0.044132
rs72499347	0.112279	0.0641476	NA	NA	NA	NA	-0.0553748	0.0404603	0.0657652	0.0622501	0.0363546	0.0635217	0.0103657	0.0185225
rs11123741	-0.00766078	0.139441	0.0334958	0.0365459	0.0341988	0.0794891	0.0335069	0.0549153	-0.024664	0.0922482	0.138836	0.0952416	-0.0249982	0.0272231
rs891414	-0.16783	0.15909	0.0251394	0.0338995	0.0107486	0.0673917	-0.0600554	0.0512667	0.184676	0.0814131	-0.0703069	0.0879397	NA	NA
rs891415	-0.153192	0.156755	0.0246082	0.0335622	0.00941954	0.0667132	-0.0610664	0.0507488	0.18466	0.0813971	-0.0702363	0.0879245	-0.052415	0.0323877
rs732477	0.162169	0.208951	NA	NA	NA	NA	NA	NA	NA	NA	NA	NA	0.0061897	0.0662193
rs732476	0.162169	0.208951	NA	NA	NA	NA	NA	NA	NA	NA	NA	NA	0.0061897	0.0662193
rs987841	-0.133551	0.0570134	0.0740175	0.0333451	-0.0587829	0.0690075	0.00197289	0.0486182	0.0722002	0.0735899	-0.196029	0.0737796	0.0076353	0.014165
rs9308812	-0.0968091	0.0666745	0.00658904	0.0966884	-0.0852709	0.19	0.0231428	0.129588	-0.0956075	0.197057	-0.144875	0.208511	NA	NA
rs115245206	0.167803	0.288361	NA	NA	NA	NA	NA	NA	NA	NA	NA	NA	-0.109168	0.069659
rs7597214	-0.15274	0.0567133	0.0739642	0.0333646	-0.0586135	0.0690393	0.00191218	0.048644	0.0723808	0.0736609	-0.197228	0.0738445	0.00612274	0.0142517
rs73955544	-0.423257	0.206262	NA	NA	NA	NA	NA	NA	NA	NA	NA	NA	NA	NA
rs115367870	0.0154131	0.301011	NA	NA	NA	NA	NA	NA	NA	NA	NA	NA	NA	NA
rs112779237	-0.311252	0.209583	NA	NA	NA	NA	NA	NA	NA	NA	NA	NA	NA	NA
rs66661094	-0.129915	0.0565903	NA	NA	NA	NA	NA	NA	NA	NA	NA	NA	NA	NA
rs6542817	-0.165536	0.102566	0.0240711	0.0339261	0.0110139	0.0673832	-0.0631248	0.0512673	0.189688	0.0814086	-0.0735281	0.087884	NA	NA
rs7605376	0.104779	0.0638297	-0.0439011	0.0261805	0.0372333	0.053543	-0.0553774	0.0404453	0.0678312	0.0622355	0.0361481	0.0635026	NA	NA
rs111440385	0.259338	0.189063	NA	NA	NA	NA	NA	NA	NA	NA	NA	NA	0.00623582	0.0404721
rs72939581	-0.222543	0.132264	NA	NA	NA	NA	NA	NA	NA	NA	NA	NA	-0.0665259	0.0292918
rs79244518	-0.0553512	0.141034	0.0337023	0.0366901	0.0344699	0.0797531	0.0334888	0.0551611	-0.0249714	0.0931272	0.141506	0.0961872	-0.0394766	0.0280781
rs116329611	0.305567	0.153718	NA	NA	NA	NA	NA	NA	NA	NA	NA	NA	0.0273677	0.050236
rs4676078	0.150234	0.0588493	-0.0325014	0.0263866	0.0356517	0.0531063	-0.0328902	0.0397403	0.0519482	0.060822	0.0939971	0.0609789	NA	NA
rs4676079	0.104206	0.063829	-0.0438816	0.0261779	0.0372229	0.0535425	-0.0553977	0.0404418	0.0678085	0.0622374	0.0361687	0.0635043	0.01235	0.0185398
rs4676274	0.112507	0.103284	-0.0440081	0.0259358	0.0361703	0.0530643	-0.0559118	0.0400198	0.0642726	0.0613033	0.0373261	0.0625482	NA	NA
rs79182282	0.132358	0.0880296	0.0336508	0.0366864	0.0347582	0.0797326	0.0334937	0.0551615	-0.0250606	0.0931588	0.141823	0.096221	NA	NA
rs60240458	0.103615	0.0634907	-0.0438816	0.0261779	0.0372229	0.0535425	-0.0553977	0.0404418	0.0678085	0.0622374	0.0361687	0.0635043	NA	NA
rs17035474	0.174151	0.107263	0.0336394	0.0366865	0.0347363	0.0797335	0.0334888	0.0551611	-0.0250431	0.0931592	0.141838	0.0962197	-0.0233527	0.0262917
rs12616345	0.113181	0.0566508	-0.0321101	0.0266037	0.0367814	0.0535405	-0.0319931	0.0400965	0.0532368	0.0615312	0.0951826	0.0616987	NA	NA
rs58141337	-0.221982	0.132383	NA	NA	NA	NA	NA	NA	NA	NA	NA	NA	-0.0665259	0.0292918
rs11676579	0.153777	0.0591904	-0.0321101	0.0266037	0.0367814	0.0535405	-0.0319931	0.0400965	0.0532368	0.0615312	0.0951826	0.0616987	NA	NA
rs7589741	0.151221	0.0590704	-0.0275321	0.0266565	0.0539386	0.0540066	-0.0367866	0.0402484	0.0548476	0.0613157	0.092718	0.0616966	0.00140075	0.0153563
rs78009632	-0.41933	0.207333	NA	NA	NA	NA	NA	NA	NA	NA	NA	NA	NA	NA
rs79491357	0.17743	0.106308	0.0336473	0.0366933	0.0347238	0.0797453	0.0334768	0.0551719	-0.024252	0.0933719	0.14175	0.0962989	-0.0113782	0.0256791
rs112738495	0.133923	0.0878541	0.0336394	0.0366865	0.0347363	0.0797335	0.0334888	0.0551611	-0.0250431	0.0931592	0.141838	0.0962197	NA	NA
rs67450565	-0.129872	0.0565805	NA	NA	NA	NA	-0.000905963	0.048695	0.0720815	0.0736014	-0.196972	0.0737863	NA	NA
rs72939582	-0.221982	0.132383	NA	NA	NA	NA	NA	NA	NA	NA	NA	NA	-0.0674548	0.0293928
rs72939583	-0.211517	0.132341	NA	NA	NA	NA	NA	NA	-0.0308102	0.24277	0.0443413	0.265568	-0.0628409	0.0290961
rs17035479	0.134957	0.0880693	0.0336394	0.0366865	0.0347363	0.0797335	0.0334888	0.0551611	-0.0250431	0.0931592	0.141838	0.0962197	NA	NA
rs720979	-0.128899	0.0559513	0.0731848	0.0333783	-0.0586555	0.0689585	-0.000978762	0.0486899	0.0721004	0.0736121	-0.19697	0.0737966	0.0105369	0.0140652
rs720978	-0.1105	0.105017	0.0438394	0.0261217	-0.036834	0.0533739	0.0563547	0.0403707	-0.0664342	0.0620732	-0.0383228	0.0633795	NA	NA
rs10177690	-0.102564	0.0664158	0.00503945	0.0967699	-0.0854372	0.190061	0.0208684	0.129711	-0.0990433	0.197159	-0.14897	0.208591	-0.00643431	0.0163203
rs10177863	-0.130837	0.0564297	0.0732171	0.0333757	-0.0586555	0.0689585	-0.000971026	0.0486847	0.0720647	0.0736114	-0.196964	0.0737961	NA	NA
rs36080887	0.119765	0.158788	-0.0235512	0.0337464	-0.0107887	0.0670315	0.0645644	0.0509689	-0.189432	0.0813053	0.0708753	0.0877774	NA	NA
rs113831986	0.353902	0.24384	NA	NA	NA	NA	NA	NA	NA	NA	NA	NA	0.0332246	0.0586269
rs4676275	0.126735	0.0883234	0.0244161	0.0356035	0.0105735	0.0765879	0.0285462	0.0532755	-0.0177911	0.0819387	0.123879	0.0855783	NA	NA
rs12105750	0.319476	0.159441	NA	NA	NA	NA	NA	NA	NA	NA	NA	NA	NA	NA
rs12104977	0.27878	0.14423	NA	NA	NA	NA	NA	NA	-0.0464767	0.24347	0.0427699	0.266341	0.0156621	0.036734
rs4676276	-0.114517	0.0841685	0.0415686	0.0261039	-0.0368365	0.0533785	0.0591259	0.0403385	-0.067589	0.0621439	-0.0326749	0.0636133	NA	NA
rs78802815	0.184957	0.10861	0.0336657	0.0367146	0.0349155	0.0797645	0.0333718	0.0551973	-0.0256186	0.0932581	0.142086	0.0963222	NA	NA
rs73955546	-0.422054	0.207104	NA	NA	NA	NA	NA	NA	NA	NA	NA	NA	NA	NA
rs12464992	-0.0566699	0.136365	0.072281	0.0365455	-0.0610218	0.0772444	-0.0059487	0.0538528	0.0988837	0.0788699	-0.170267	0.0797806	0.0248911	0.0299739
rs7421851	-0.114691	0.0783837	0.0322105	0.0269096	-0.0533358	0.0544817	0.0535418	0.0420674	-0.0586104	0.0624999	-0.0431751	0.0645712	NA	NA
rs12473055	-0.0573238	0.144462	NA	NA	NA	NA	0.028692	0.055291	-0.0463147	0.0953497	0.151473	0.0986648	-0.0394766	0.0280781
rs72939586	-0.494842	0.174439	NA	NA	NA	NA	NA	NA	NA	NA	NA	NA	-0.0254096	0.0433137
rs116205725	0.42842	0.153321	NA	NA	NA	NA	NA	NA	NA	NA	NA	NA	NA	NA
rs80307994	0.285495	0.149851	-0.0425445	0.0608863	0.0440806	0.125672	-0.0158514	0.0912582	0.326598	0.164292	-0.0932126	0.188195	NA	NA
rs6715526	-0.0461883	0.136492	0.0632803	0.037253	-0.0616946	0.0774772	-0.00947447	0.0551693	0.0781759	0.0794883	-0.207715	0.080376	0.0251532	0.0300863
rs4619637	-0.128589	0.0572425	0.0211409	0.0270144	-0.0533177	0.0536005	0.0231895	0.0408796	-0.0757675	0.0621258	-0.115501	0.062536	NA	NA
rs12614506	0.0534952	0.108791	NA	NA	NA	NA	NA	NA	0.000927589	0.221432	-0.0912748	0.235653	-0.0149537	0.032205
rs112095093	0.0589358	0.0970014	NA	NA	NA	NA	NA	NA	NA	NA	NA	NA	NA	NA
rs10176655	-0.0255987	0.0597842	0.02126	0.0270154	-0.053318	0.0536004	0.0231895	0.0408796	-0.0759658	0.0621121	-0.115429	0.0625218	0.0230454	0.0143513
rs56663980	-0.487418	0.220608	NA	NA	NA	NA	NA	NA	NA	NA	NA	NA	-0.00785184	0.0434132
rs116512854	0.418548	0.155675	NA	NA	NA	NA	NA	NA	NA	NA	NA	NA	0.0680756	0.0680415
rs60116632	0.0546432	0.0923633	NA	NA	NA	NA	NA	NA	-0.0292816	0.242691	0.0425957	0.265478	-0.0145865	0.0278937
rs73955547	-0.410662	0.200034	NA	NA	NA	NA	NA	NA	NA	NA	NA	NA	0.0113994	0.0322139
rs13402256	-0.0803385	0.0585547	0.0614827	0.0347424	-0.0605898	0.0707585	-0.00662727	0.0506396	0.050761	0.0769863	-0.221155	0.0775781	0.00886599	0.0140555
rs115543213	-0.0275879	0.187378	NA	NA	NA	NA	NA	NA	NA	NA	NA	NA	-0.0149018	0.0487408
rs73955548	0.0670249	0.096211	NA	NA	NA	NA	NA	NA	NA	NA	NA	NA	NA	NA
rs13430554	-0.0723893	0.0596961	0.0548607	0.0355981	-0.0901539	0.0723045	-0.00729132	0.0530232	0.0770104	0.0758107	-0.207122	0.0772176	0.0127521	0.0147323
rs72939589	-0.0167961	0.175245	NA	NA	NA	NA	NA	NA	NA	NA	NA	NA	NA	NA
rs12470696	-0.0595861	0.0666222	0.0548607	0.0355981	-0.0901539	0.0723045	-0.00729132	0.0530232	0.0770104	0.0758107	-0.207122	0.0772176	0.0165603	0.0160778
rs79382823	0.0375784	0.091815	NA	NA	NA	NA	NA	NA	NA	NA	NA	NA	NA	NA
rs79552535	0.130133	0.0843577	NA	NA	NA	NA	NA	NA	NA	NA	NA	NA	-0.0231883	0.0313875
rs55844840	0.0491176	0.0562044	-0.0244434	0.0316857	-0.0283954	0.0634518	0.055822	0.0466574	-0.209061	0.0763478	0.034932	0.0815265	NA	NA
rs12470895	-0.00653465	0.0717724	0.0615761	0.0357739	-0.0619765	0.0728977	-0.0256883	0.0532598	0.0838691	0.077365	-0.217957	0.0782221	NA	NA
rs6731363	-0.00653465	0.0717724	0.0618428	0.0359911	-0.0620667	0.0732896	-0.0264267	0.0536391	0.08524	0.0782422	-0.222019	0.0791175	0.0261578	0.0172489
rs73955549	0.130616	0.0839561	NA	NA	NA	NA	NA	NA	NA	NA	NA	NA	-0.0231883	0.0313875
rs112999187	-0.000614437	0.0931564	NA	NA	NA	NA	NA	NA	NA	NA	NA	NA	0.0215037	0.0235691
rs34842377	0.133822	0.157619	-0.0292189	0.0339412	-0.039222	0.0672924	0.0591317	0.0510439	-0.202226	0.0827513	0.0732311	0.0896733	0.0584696	0.0332676
rs12472948	-0.0106799	0.0720476	0.0620426	0.0360006	-0.0620006	0.0733195	-0.0265386	0.0536525	0.0852346	0.0782446	-0.222026	0.0791202	0.0257863	0.0173086
rs6738796	-0.0649859	0.0664377	0.0521415	0.0356389	-0.0901574	0.0723038	-0.0180345	0.0530965	0.0769786	0.0758134	-0.207112	0.0772192	0.0170599	0.0160736
rs6710178	-0.0517672	0.0592653	0.0519924	0.0354301	-0.089775	0.0719346	-0.0174284	0.0527318	0.0759539	0.0750087	-0.203496	0.0763847	0.0231181	0.0148461
rs6754115	-0.027165	0.0843176	0.0397841	0.0272217	0.00661512	0.0547029	0.0478862	0.0429972	-0.0784516	0.0615436	-0.0910334	0.0628056	NA	NA
rs111501428	-0.0458504	0.28156	NA	NA	NA	NA	NA	NA	NA	NA	NA	NA	-0.00829956	0.0606417
rs114303621	0.0349919	0.243294	NA	NA	NA	NA	NA	NA	NA	NA	NA	NA	NA	NA
rs62152238	-0.0646064	0.0665876	0.0521551	0.0356419	-0.0899591	0.0723141	-0.0179631	0.0531046	0.0768764	0.0758223	-0.207117	0.0772238	NA	NA
rs4676278	-0.0513651	0.0997802	0.0399568	0.0274242	0.00615635	0.055062	0.048514	0.0433604	-0.0755859	0.0623595	-0.0977966	0.0635509	NA	NA
rs58309862	-0.0516037	0.0593876	0.0521551	0.0356419	-0.0899591	0.0723141	-0.0179631	0.0531046	0.0768764	0.0758223	-0.207117	0.0772238	0.0234004	0.0148706
rs73955550	0.00024748	0.0931653	NA	NA	NA	NA	NA	NA	NA	NA	NA	NA	0.0221024	0.0236142
rs57699027	-0.0516037	0.0593876	0.0521551	0.0356419	-0.0899591	0.0723141	-0.0179631	0.0531046	0.0768764	0.0758223	-0.207117	0.0772238	NA	NA
rs112737967	-0.283766	0.150119	NA	NA	NA	NA	NA	NA	NA	NA	NA	NA	-0.0240274	0.0321875
rs6725756	0.0502919	0.0559109	-0.0267369	0.0313886	-0.0332954	0.0623314	0.0496848	0.046669	-0.202086	0.0746197	0.0311225	0.0794839	NA	NA
rs114872416	-0.502033	0.240743	NA	NA	NA	NA	NA	NA	NA	NA	NA	NA	NA	NA
rs56716085	-0.00593138	0.0581412	-0.0295041	0.0316186	-0.0397507	0.0633006	0.0517954	0.0466131	-0.210134	0.0764149	0.0348583	0.081613	NA	NA
rs73955551	0.130207	0.0841859	NA	NA	NA	NA	NA	NA	NA	NA	NA	NA	-0.0238971	0.0312553
rs73955552	0.130572	0.0839721	NA	NA	NA	NA	NA	NA	NA	NA	NA	NA	-0.0238971	0.0312553
rs115772930	-0.215874	0.112692	NA	NA	NA	NA	NA	NA	NA	NA	NA	NA	-0.035734	0.0255164
rs114099646	-0.0563378	0.236898	NA	NA	NA	NA	NA	NA	NA	NA	NA	NA	NA	NA
rs7580010	-0.051678	0.059271	0.0542055	0.035867	-0.087797	0.0729634	-0.01748	0.0537339	0.0768764	0.0758223	-0.207117	0.0772238	NA	NA
rs35790050	-0.0626519	0.0663948	NA	NA	NA	NA	-0.0174821	0.0537333	0.0801411	0.0759287	-0.216648	0.0772482	NA	NA
rs34304043	-0.0655923	0.0667675	0.0541424	0.0358729	-0.087797	0.0729634	-0.01748	0.0537339	0.0768764	0.0758223	-0.207117	0.0772238	0.0183874	0.0160734
rs115280005	0.26239	0.131905	NA	NA	NA	NA	NA	NA	NA	NA	NA	NA	NA	NA
rs112065861	-0.242852	0.213469	NA	NA	NA	NA	NA	NA	NA	NA	NA	NA	NA	NA
rs116725773	0.0208135	0.243259	NA	NA	NA	NA	NA	NA	NA	NA	NA	NA	-0.0749004	0.0428394
rs13407916	-0.00323682	0.0581315	-0.0317147	0.0316516	-0.0364511	0.0631452	0.048887	0.0467673	-0.209174	0.0764508	0.0354525	0.0815872	NA	NA
rs10188547	0.0315684	0.118957	NA	NA	NA	NA	NA	NA	NA	NA	NA	NA	0.0338351	0.032564
rs11895865	-0.351851	0.193074	NA	NA	NA	NA	NA	NA	NA	NA	NA	NA	0.0345949	0.0424083
rs114451482	0.0130531	0.187263	NA	NA	NA	NA	NA	NA	NA	NA	NA	NA	-0.0426448	0.0504963
rs6753492	-0.0185762	0.0622945	-0.11422	0.113532	-0.111334	0.216415	NA	NA	0.0184554	0.188994	0.141524	0.193674	NA	NA
rs11897411	0.0536189	0.0721434	0.091382	0.0427708	-0.0695989	0.0835665	-0.0733676	0.0672478	0.0989	0.0871794	-0.26702	0.0896997	-0.000228361	0.0172332
rs113833686	-0.129251	0.114943	NA	NA	NA	NA	NA	NA	NA	NA	NA	NA	0.0332986	0.0372607
rs11903017	0.0550804	0.072007	0.0723948	0.0410438	-0.0777763	0.0808946	-0.0563284	0.0635065	0.13743	0.082301	-0.265748	0.0863678	0.00186975	0.0170273
rs7605312	-0.0400829	0.189434	NA	NA	NA	NA	NA	NA	NA	NA	NA	NA	0.029501	0.0304437
rs111491160	0.139996	0.106013	NA	NA	NA	NA	NA	NA	NA	NA	NA	NA	NA	NA
rs112467014	0.1322	0.211408	NA	NA	NA	NA	NA	NA	NA	NA	NA	NA	0.00725136	0.0521555
rs7591726	0.0550804	0.072007	0.0723948	0.0410438	-0.0777763	0.0808946	-0.0563284	0.0635065	0.13743	0.082301	-0.265748	0.0863678	NA	NA
rs72939594	-0.515192	0.174165	NA	NA	NA	NA	NA	NA	NA	NA	NA	NA	-0.0132135	0.0437224
rs73955553	-0.0104373	0.11719	NA	NA	NA	NA	NA	NA	NA	NA	NA	NA	-0.0585818	0.0299946
rs112898180	-0.00483459	0.0820699	NA	NA	NA	NA	NA	NA	NA	NA	NA	NA	0.0246666	0.0242686
rs13418725	0.112892	0.0653476	-0.0259844	0.0320758	-0.0342318	0.0657831	-0.00507625	0.047526	-0.170307	0.0758231	0.0459185	0.0804879	NA	NA
rs116175585	-0.108213	0.217362	NA	NA	NA	NA	NA	NA	NA	NA	NA	NA	-0.0227391	0.0440795
rs11888233	0.0472893	0.123924	NA	NA	NA	NA	NA	NA	NA	NA	NA	NA	0.0289923	0.0350588
rs73955554	-0.0125921	0.137128	NA	NA	NA	NA	NA	NA	NA	NA	NA	NA	-0.0327184	0.0414488
rs7595313	0.0604668	0.0711144	0.0719264	0.0407604	-0.0736199	0.080343	-0.0548395	0.0632192	0.13743	0.082301	-0.265748	0.0863678	0.00142209	0.0170235
rs115546017	0.13901	0.106112	NA	NA	NA	NA	NA	NA	NA	NA	NA	NA	NA	NA
rs115897765	-0.107423	0.217599	NA	NA	NA	NA	NA	NA	NA	NA	NA	NA	-0.020461	0.0436882
rs114523236	0.341691	0.158708	NA	NA	NA	NA	NA	NA	NA	NA	NA	NA	0.0292675	0.0680049
rs111761174	-0.184848	0.126522	NA	NA	NA	NA	NA	NA	NA	NA	NA	NA	0.0158661	0.042051
rs115826854	0.358658	0.162327	-0.0306213	0.0943024	-0.0678237	0.187804	0.0450628	0.125593	-0.0786481	0.189911	-0.235264	0.208242	-0.0229213	0.0397869
rs112511757	-0.00483459	0.0820699	NA	NA	NA	NA	NA	NA	NA	NA	NA	NA	0.0246666	0.0242686
rs61604917	-0.00482578	0.0820699	NA	NA	NA	NA	NA	NA	NA	NA	NA	NA	NA	NA
rs77871578	0.0589203	0.0713056	0.090118	0.0424617	-0.0664652	0.0828938	-0.0712951	0.0667863	0.0988893	0.0871786	-0.26699	0.089696	8.42912E-05	0.017112
rs113711723	0.139335	0.106106	NA	NA	NA	NA	NA	NA	NA	NA	NA	NA	-0.057112	0.0379567
rs114433428	-0.0447907	0.236036	NA	NA	NA	NA	NA	NA	NA	NA	NA	NA	-0.0785029	0.0420893
rs115198957	-0.0447907	0.236036	NA	NA	NA	NA	NA	NA	NA	NA	NA	NA	-0.0785029	0.0420893
rs73955555	-0.0274722	0.136677	NA	NA	NA	NA	NA	NA	NA	NA	NA	NA	NA	NA
rs114786608	-0.0447907	0.236036	NA	NA	NA	NA	NA	NA	NA	NA	NA	NA	NA	NA
rs7605935	0.0684701	0.0680631	0.0711001	0.0403931	-0.0748392	0.0795641	-0.0536561	0.0625223	0.13582	0.0812999	-0.262504	0.0852156	NA	NA
rs113160599	-0.000526583	0.0810352	NA	NA	NA	NA	NA	NA	NA	NA	NA	NA	0.0194241	0.0244186
rs55864056	-0.102284	0.0888656	-0.0384614	0.0284642	-0.0377339	0.0569038	0.0146435	0.0419216	0.0858587	0.0606198	0.0568945	0.0642443	NA	NA
rs112617950	0.138706	0.20359	NA	NA	NA	NA	NA	NA	NA	NA	NA	NA	0.00725136	0.0521555
rs13382656	-0.00152035	0.0806439	NA	NA	NA	NA	NA	NA	NA	NA	NA	NA	0.0213486	0.0244661
rs55843992	-0.0998359	0.0884035	-0.0386043	0.0282164	-0.0329216	0.0563695	0.0125477	0.0415172	0.0860317	0.0597331	0.0595255	0.063097	-0.00459988	0.0229224
rs11894512	0.0902761	0.0560998	0.0575912	0.0387997	-0.0950381	0.0766586	-0.050734	0.0612412	0.121115	0.0779679	-0.218073	0.0815802	-0.00309654	0.0144865
rs72824711	-0.0999666	0.0883799	-0.0385973	0.0282243	-0.0336334	0.056403	0.0128489	0.0415446	0.086018	0.0597334	0.0595272	0.0630975	-0.00336584	0.0228868
rs13417545	-0.0123708	0.253041	NA	NA	NA	NA	NA	NA	NA	NA	NA	NA	0.0773506	0.0588187
rs114979143	0.103963	0.261878	NA	NA	NA	NA	NA	NA	NA	NA	NA	NA	-0.0584208	0.0473329
rs11898400	0.110272	0.0615282	0.0710638	0.0410252	-0.0748176	0.0809088	-0.0563277	0.0638212	0.147962	0.0820751	-0.257541	0.0862385	NA	NA
rs62152244	-0.0956818	0.0875015	-0.0385973	0.0282243	-0.0336334	0.056403	0.0128489	0.0415446	0.086018	0.0597329	0.0595211	0.0630968	-0.00336584	0.0228868
rs28627874	-0.00183359	0.0799998	NA	NA	NA	NA	NA	NA	NA	NA	NA	NA	0.0194241	0.0244186
rs6716113	0.03444	0.0547615	-0.00648154	0.0262745	-0.0786124	0.0539691	-0.0106741	0.0389937	0.143915	0.0564147	-0.0580505	0.0583105	-0.00527292	0.0139291
rs6744875	0.0686128	0.0681383	0.0709707	0.0410234	-0.0748176	0.0809088	-0.0563517	0.0638154	0.137206	0.0822234	-0.265875	0.0863349	NA	NA
rs114238146	-0.222644	0.114961	NA	NA	NA	NA	NA	NA	NA	NA	NA	NA	-0.0156531	0.0361325
rs114791561	0.304743	0.156817	NA	NA	NA	NA	NA	NA	NA	NA	NA	NA	0.0292675	0.0680049
rs79519629	-0.0398142	0.118667	NA	NA	NA	NA	NA	NA	NA	NA	NA	NA	-0.0575166	0.0301144
rs10084409	-0.00171668	0.0801391	NA	NA	NA	NA	NA	NA	NA	NA	NA	NA	NA	NA
rs112322044	0.143678	0.100146	NA	NA	NA	NA	NA	NA	NA	NA	NA	NA	-0.0537708	0.0306638
rs6749211	0.0686603	0.0680602	0.0709707	0.0410234	-0.0748176	0.0809088	-0.0563517	0.0638154	0.137206	0.0822234	-0.265875	0.0863349	NA	NA
rs114663524	-0.192199	0.169207	NA	NA	NA	NA	NA	NA	NA	NA	NA	NA	NA	NA
rs74381932	0.143678	0.100146	NA	NA	NA	NA	NA	NA	NA	NA	NA	NA	-0.0537708	0.0306638
rs114140042	-0.165947	0.201364	NA	NA	NA	NA	NA	NA	NA	NA	NA	NA	NA	NA
rs111795107	0.143678	0.100146	NA	NA	NA	NA	NA	NA	NA	NA	NA	NA	-0.0537708	0.0306638
rs113817639	0.143678	0.100146	NA	NA	NA	NA	NA	NA	NA	NA	NA	NA	-0.0537708	0.0306638
rs34163577	-0.0962624	0.0874256	-0.0385973	0.0282243	-0.0336334	0.056403	0.0128489	0.0415446	0.086018	0.0597334	0.0595272	0.0630975	NA	NA
rs13406718	-0.0310375	0.0698628	NA	NA	NA	NA	NA	NA	NA	NA	NA	NA	NA	NA
rs11679309	-0.096704	0.0873998	-0.038364	0.0282223	-0.033406	0.0563992	0.0127768	0.0415455	0.0860098	0.0597325	0.0595215	0.0630966	-0.00336584	0.0228868
rs75281001	0.138236	0.10609	NA	NA	NA	NA	NA	NA	NA	NA	NA	NA	-0.0518223	0.0377149
rs116260060	-0.168429	0.222066	NA	NA	NA	NA	NA	NA	NA	NA	NA	NA	NA	NA
rs10166726	0.0594934	0.0685987	-0.0900965	0.125617	-0.116603	0.226381	NA	NA	-0.169455	0.187697	0.0407459	0.20168	0.0243556	0.0175779
rs112419537	0.143868	0.100287	NA	NA	NA	NA	NA	NA	NA	NA	NA	NA	-0.0537708	0.0306638
rs13388251	0.0198472	0.252484	NA	NA	NA	NA	NA	NA	NA	NA	NA	NA	NA	NA
rs72943372	-0.242272	0.113932	NA	NA	NA	NA	NA	NA	NA	NA	NA	NA	-0.0130817	0.0294601
rs13388798	-0.00101469	0.0801473	NA	NA	NA	NA	NA	NA	NA	NA	NA	NA	0.0194241	0.0244186
rs113518277	-0.169988	0.124325	NA	NA	NA	NA	NA	NA	NA	NA	NA	NA	0.0158661	0.042051
rs112531221	0.137416	0.106173	NA	NA	NA	NA	NA	NA	NA	NA	NA	NA	-0.0518223	0.0377149
rs111230656	-0.000512278	0.0801609	NA	NA	NA	NA	NA	NA	NA	NA	NA	NA	0.0194241	0.0244186
rs73955557	-0.0184257	0.139125	NA	NA	NA	NA	NA	NA	NA	NA	NA	NA	-0.0327184	0.0414488
rs112290131	0.142131	0.100228	NA	NA	NA	NA	NA	NA	NA	NA	NA	NA	-0.0537708	0.0306638
rs116168188	0.13812	0.265484	NA	NA	NA	NA	NA	NA	NA	NA	NA	NA	-0.0498145	0.0490925
rs75337100	0.0730753	0.0683249	0.0709707	0.0410234	-0.0748176	0.0809088	-0.0563517	0.0638154	0.137206	0.0822234	-0.265875	0.0863349	NA	NA
rs73955558	-0.0500198	0.117456	NA	NA	NA	NA	NA	NA	NA	NA	NA	NA	-0.05994	0.0306993
rs111621653	0.136977	0.106208	NA	NA	NA	NA	NA	NA	NA	NA	NA	NA	-0.0518223	0.0377149
rs55944430	-0.0499607	0.11748	NA	NA	NA	NA	NA	NA	NA	NA	NA	NA	-0.05994	0.0306993
rs114649097	-0.170911	0.199743	NA	NA	NA	NA	NA	NA	NA	NA	NA	NA	NA	NA
rs115224745	0.0705997	0.0681289	NA	NA	NA	NA	NA	NA	NA	NA	NA	NA	NA	NA
rs76797737	0.0770381	0.0669677	0.0557629	0.0395348	-0.0959783	0.0776648	-0.0586972	0.0627575	0.123907	0.0800097	-0.231466	0.0844706	-0.00430326	0.0164505
rs10192629	-0.136765	0.179509	NA	NA	NA	NA	NA	NA	NA	NA	NA	NA	-0.0220666	0.0473522
rs13399064	0.0963493	0.0559002	0.0561263	0.0388784	-0.0875315	0.077031	-0.0597922	0.061302	0.126548	0.0781679	-0.211571	0.0818722	-0.0032762	0.0144295
rs112239783	-0.000199633	0.0801587	NA	NA	NA	NA	NA	NA	NA	NA	NA	NA	0.0194241	0.0244186
rs11681179	-0.099547	0.0877446	-0.0378092	0.0283748	-0.0381009	0.0567379	0.0168828	0.0418308	0.0877434	0.0603687	0.0545172	0.0640244	-0.00336584	0.0228868
rs7574474	0.162532	0.0940585	NA	NA	NA	NA	NA	NA	NA	NA	NA	NA	0.0151375	0.025041
rs77356971	0.0912743	0.0558228	NA	NA	NA	NA	-0.0603185	0.0614865	0.126579	0.078332	-0.213379	0.0820215	NA	NA
rs111719323	0.0706085	0.0681301	0.0690959	0.0410206	-0.0670564	0.0809634	-0.0650837	0.0636587	0.142418	0.082191	-0.257878	0.086543	-0.00095657	0.0170223
rs111603355	0.141795	0.100238	NA	NA	NA	NA	NA	NA	NA	NA	NA	NA	-0.0537708	0.0306638
rs13408901	0.0459663	0.251126	NA	NA	NA	NA	NA	NA	NA	NA	NA	NA	0.0773506	0.0588187
rs13397395	0.000884249	0.0801177	NA	NA	NA	NA	NA	NA	NA	NA	NA	NA	0.0194241	0.0244186
rs7584905	0.0714319	0.0681205	0.0557629	0.0395348	-0.0959783	0.0776648	-0.0586972	0.0627575	0.123907	0.0800097	-0.231466	0.0844706	0.0013658	0.016961
rs111294622	0.140435	0.100245	NA	NA	NA	NA	NA	NA	NA	NA	NA	NA	-0.0537708	0.0306638
rs80153099	0.110891	0.0615829	0.0558362	0.0395366	-0.0959997	0.0776649	-0.0586744	0.0627631	0.134366	0.0799534	-0.224085	0.084446	-0.0133531	0.0159784
rs116026205	0.14118	0.100309	NA	NA	NA	NA	NA	NA	NA	NA	NA	NA	NA	NA
rs6725934	-0.0362138	0.0568928	-0.00698673	0.0265308	-0.0787507	0.0544338	-0.00973114	0.039473	0.145701	0.0570844	-0.0594253	0.0590133	-0.0261704	0.0140917
rs112172195	0.0707287	0.0681224	0.0709707	0.0410234	-0.0748176	0.0809088	-0.0563517	0.0638154	0.137206	0.0822234	-0.265875	0.0863349	0.000432776	0.0170183
rs6711134	0.139823	0.264401	NA	NA	NA	NA	NA	NA	NA	NA	NA	NA	-0.042487	0.0485267
rs13416273	0.0327284	0.0547314	0.0558184	0.0398357	-0.0924872	0.0785465	-0.0566302	0.062873	0.122142	0.0782386	-0.219428	0.0819148	-0.00408282	0.0141394
rs11677538	-0.098277	0.0873109	-0.0387373	0.0283452	-0.0409327	0.0564378	0.0184365	0.0417671	0.0767568	0.0592788	0.0597292	0.0626903	NA	NA
rs56129485	-0.0489704	0.134409	NA	NA	NA	NA	NA	NA	NA	NA	NA	NA	NA	NA
rs78772733	0.0707287	0.0681224	0.0685254	0.0418321	-0.0717731	0.0827866	-0.0618977	0.0654243	0.137549	0.0825107	-0.267875	0.0867023	0.000432776	0.0170183
rs77925721	0.0707249	0.0681231	0.0685254	0.0418321	-0.0717731	0.0827866	-0.0618977	0.0654243	0.137549	0.0825107	-0.267875	0.0867023	0.000432776	0.0170183
rs111330224	0.140451	0.100248	NA	NA	NA	NA	NA	NA	NA	NA	NA	NA	NA	NA
rs79898155	0.0707189	0.0681234	0.0685265	0.0418323	-0.0717744	0.0827871	-0.0618977	0.0654243	0.137549	0.0825107	-0.267875	0.0867023	0.000432776	0.0170183
rs72943374	-0.103241	0.0748956	NA	NA	NA	NA	NA	NA	NA	NA	NA	NA	0.0161363	0.021805
rs76530856	0.0709088	0.0681403	0.0685254	0.0418321	-0.0717731	0.0827866	-0.0618977	0.0654243	0.137549	0.0825107	-0.267875	0.0867023	NA	NA
rs113567624	0.0709088	0.0681403	0.0685254	0.0418321	-0.0717731	0.0827866	-0.0618977	0.0654243	0.137549	0.0825107	-0.267875	0.0867023	NA	NA
rs113394214	0.13983	0.100259	NA	NA	NA	NA	NA	NA	NA	NA	NA	NA	-0.0537708	0.0306638
rs114211567	-0.161331	0.199812	NA	NA	NA	NA	NA	NA	NA	NA	NA	NA	NA	NA
rs75231362	0.0709088	0.0681403	0.0685254	0.0418321	-0.0717731	0.0827866	-0.0618977	0.0654243	0.137549	0.0825107	-0.267875	0.0867023	0.000432776	0.0170183
rs79621920	0.0739078	0.0683002	0.0685254	0.0418321	-0.0717731	0.0827866	-0.0618977	0.0654243	0.137549	0.0825107	-0.267875	0.0867023	0.000432776	0.0170183
rs113309962	-0.159078	0.0843387	NA	NA	NA	NA	NA	NA	NA	NA	NA	NA	0.00369192	0.0249799
rs113042689	0.0709088	0.0681403	0.0685254	0.0418321	-0.0717731	0.0827866	-0.0618977	0.0654243	0.137549	0.0825107	-0.267875	0.0867023	0.000432776	0.0170183
rs11680644	-0.084251	0.0539627	-0.0422591	0.0260749	-0.0546806	0.0509838	0.00881762	0.0405119	0.00182304	0.062071	0.124194	0.0658318	NA	NA
rs78154522	0.139589	0.100264	NA	NA	NA	NA	NA	NA	NA	NA	NA	NA	-0.054902	0.0305371
rs113872086	0.139589	0.100264	NA	NA	NA	NA	NA	NA	NA	NA	NA	NA	-0.054902	0.0305371
rs115309436	-0.0507234	0.236395	NA	NA	NA	NA	NA	NA	NA	NA	NA	NA	-0.0859945	0.0439615
rs116824372	-0.0507234	0.236395	NA	NA	NA	NA	NA	NA	NA	NA	NA	NA	NA	NA
rs13424096	0.0693388	0.0833894	NA	NA	NA	NA	NA	NA	NA	NA	NA	NA	0.00648399	0.0204723
rs6726668	0.0962883	0.143183	-0.043734	0.0284047	-0.0547277	0.0562796	0.0264716	0.0417177	0.0711222	0.0589823	0.0592423	0.0622778	NA	NA
rs111624832	0.140966	0.100008	NA	NA	NA	NA	NA	NA	NA	NA	NA	NA	-0.0578283	0.0293991
rs6754974	-0.0743026	0.0532926	-0.0466039	0.02833	-0.0686224	0.0560285	0.0272926	0.041621	0.0696289	0.0588221	0.068794	0.0620832	NA	NA
rs113064384	0.139418	0.10001	NA	NA	NA	NA	NA	NA	NA	NA	NA	NA	-0.0578283	0.0293991
rs113637194	0.139418	0.10001	NA	NA	NA	NA	NA	NA	NA	NA	NA	NA	-0.0578283	0.0293991
rs115619141	-0.0507234	0.236395	NA	NA	NA	NA	NA	NA	NA	NA	NA	NA	-0.0859945	0.0439615
rs74810831	0.139476	0.100015	NA	NA	NA	NA	NA	NA	NA	NA	NA	NA	NA	NA
rs115278432	-0.611338	0.18746	NA	NA	NA	NA	NA	NA	NA	NA	NA	NA	0.0809869	0.0510598
rs111642014	0.132416	0.106417	NA	NA	NA	NA	NA	NA	NA	NA	NA	NA	-0.0518223	0.0377149
rs111906180	-0.0155168	0.0781143	NA	NA	NA	NA	NA	NA	NA	NA	NA	NA	-0.0424547	0.0234484
rs74847805	0.13933	0.100009	NA	NA	NA	NA	NA	NA	-0.00143553	0.246553	0.197412	0.270647	-0.0488459	0.028948
rs13427606	-0.0726199	0.0532513	-0.0467751	0.0283282	-0.0685874	0.0560131	0.0265154	0.0416188	0.0697447	0.0587958	0.0688205	0.0620664	-0.0295084	0.0144034
rs111499261	0.139418	0.10001	NA	NA	NA	NA	NA	NA	NA	NA	NA	NA	-0.0512575	0.029256
rs116426335	-0.105973	0.217864	NA	NA	NA	NA	NA	NA	NA	NA	NA	NA	NA	NA
rs72943378	-0.52153	0.167071	NA	NA	NA	NA	NA	NA	NA	NA	NA	NA	-0.00127492	0.0423457
rs6759154	0.139418	0.10001	NA	NA	NA	NA	NA	NA	NA	NA	NA	NA	-0.0567946	0.0295106
rs6730862	0.138179	0.100685	NA	NA	NA	NA	NA	NA	NA	NA	NA	NA	NA	NA
rs3936191	0.128714	0.0837616	-0.043734	0.0284047	-0.0547277	0.0562796	0.0264716	0.0417177	0.076937	0.058982	0.0623657	0.0620296	NA	NA
rs10604395	0.139418	0.10001	NA	NA	NA	NA	NA	NA	NA	NA	NA	NA	-0.0567946	0.0295106
rs115551072	0.139418	0.10001	NA	NA	NA	NA	NA	NA	NA	NA	NA	NA	-0.0567946	0.0295106
rs6731233	0.139418	0.10001	NA	NA	NA	NA	NA	NA	NA	NA	NA	NA	-0.0567946	0.0295106
rs112109973	0.139418	0.10001	NA	NA	NA	NA	NA	NA	NA	NA	NA	NA	-0.0567946	0.0295106
rs113239625	0.139418	0.10001	NA	NA	NA	NA	NA	NA	NA	NA	NA	NA	NA	NA
rs113062125	0.139875	0.0999072	NA	NA	NA	NA	NA	NA	NA	NA	NA	NA	NA	NA
rs116029671	0.00306506	0.143334	NA	NA	NA	NA	NA	NA	NA	NA	NA	NA	-0.0172906	0.0397736
rs113979888	0.139418	0.10001	NA	NA	NA	NA	NA	NA	NA	NA	NA	NA	NA	NA
rs12989532	-0.0967937	0.0869466	-0.0438156	0.0284018	-0.0548783	0.0562768	0.0264037	0.0417149	0.0706917	0.0589781	0.0592312	0.0622759	-0.0046495	0.0235862
rs112689606	0.138493	0.10021	NA	NA	NA	NA	NA	NA	NA	NA	NA	NA	-0.0512575	0.029256
rs113444086	0.138382	0.100208	NA	NA	NA	NA	NA	NA	-0.00143553	0.246553	0.197412	0.270647	-0.047778	0.0290533
rs112454824	0.138493	0.10021	NA	NA	NA	NA	NA	NA	NA	NA	NA	NA	NA	NA
rs10192569	-0.0716285	0.053103	-0.0486314	0.0281761	-0.059572	0.0560111	0.0232585	0.0411538	0.069228	0.0582145	0.0691345	0.0614539	-0.0302361	0.0143904
rs62152248	-0.123376	0.0806593	-0.0440462	0.0284523	-0.0551711	0.0563657	0.0261095	0.0418082	0.0716424	0.0591533	0.0611114	0.0624656	-0.0103294	0.0217036
rs113006869	0.138382	0.100208	NA	NA	NA	NA	NA	NA	-0.00143553	0.246553	0.197412	0.270647	-0.047778	0.0290533
rs113748948	0.0998004	0.0847954	NA	NA	NA	NA	NA	NA	0.000560673	0.246279	0.197635	0.270283	-0.0399281	0.0239902
rs111243437	0.0998004	0.0847954	NA	NA	NA	NA	NA	NA	0.000560673	0.246279	0.197635	0.270283	NA	NA
rs6742624	-0.123396	0.0805468	-0.0438156	0.0284018	-0.0548783	0.0562768	0.0264037	0.0417149	0.0706917	0.0589781	0.0592312	0.0622759	NA	NA
rs79701372	0.039089	0.120694	-0.0206751	0.0340118	-0.028251	0.0701803	-0.0201887	0.048879	-0.0971939	0.0803707	0.0578443	0.0858872	0.0448597	0.0268071
rs62152249	0.169683	0.13524	-0.043734	0.0284047	-0.0547277	0.0562796	0.0264716	0.0417177	0.0711222	0.0589823	0.0592423	0.0622778	0.0053813	0.0312075
rs114861505	0.12998	0.106264	NA	NA	NA	NA	NA	NA	NA	NA	NA	NA	-0.0518223	0.0377149
rs116020429	-0.00107804	0.142781	NA	NA	NA	NA	NA	NA	NA	NA	NA	NA	-0.0172906	0.0397736
rs113445454	0.0929668	0.0854122	NA	NA	NA	NA	NA	NA	0.00106722	0.24626	0.197527	0.270249	NA	NA
rs10196240	-0.0727685	0.0532318	-0.0434502	0.0284181	-0.0510753	0.056303	0.0263162	0.041597	0.0690044	0.0589465	0.0690291	0.0621744	-0.0296204	0.0143364
rs73955560	-0.0115517	0.139221	NA	NA	NA	NA	NA	NA	NA	NA	NA	NA	-0.042493	0.0421087
rs113522833	0.0929588	0.0854109	NA	NA	NA	NA	NA	NA	0.00106722	0.24626	0.197527	0.270249	NA	NA
rs4074382	0.00220644	0.142587	NA	NA	NA	NA	NA	NA	NA	NA	NA	NA	NA	NA
rs4074383	-0.0367414	0.0786285	NA	NA	NA	NA	NA	NA	NA	NA	NA	NA	-0.0294824	0.0213475
rs4074384	-0.0156492	0.0579583	-0.0450751	0.0284965	-0.0555067	0.0564714	0.0279956	0.0415366	0.0711092	0.0591644	0.0692388	0.062077	-0.0383097	0.0149883
rs4074385	0.0614478	0.0713401	0.0670839	0.0418979	-0.0727834	0.0829441	-0.0618643	0.0655838	0.137679	0.0825577	-0.268374	0.0867603	NA	NA
rs11681775	0.0635651	0.37754	0.0115112	0.0385635	-0.0856898	0.0789474	-0.00714979	0.0566383	-0.0258491	0.0880454	-0.048373	0.0957712	NA	NA
rs112437262	0.0906759	0.0852794	NA	NA	NA	NA	NA	NA	0.00106722	0.24626	0.197527	0.270249	NA	NA
rs11687726	-0.0960805	0.086861	-0.0338226	0.0286759	-0.0263255	0.0563718	0.0329236	0.0419314	0.0666357	0.0582174	0.0719138	0.0611255	-0.00829886	0.0238892
rs113295995	0.0906759	0.0852794	NA	NA	NA	NA	NA	NA	0.00106722	0.24626	0.197527	0.270249	-0.0351092	0.0240428
rs59384009	-0.522301	0.167279	NA	NA	NA	NA	NA	NA	NA	NA	NA	NA	-0.00606758	0.0427093
rs115222443	-0.174444	0.197801	NA	NA	NA	NA	NA	NA	NA	NA	NA	NA	-0.0381114	0.0504916
rs112747385	0.0897989	0.0852219	NA	NA	NA	NA	NA	NA	0.00106722	0.24626	0.197527	0.270249	-0.0351092	0.0240428
rs4676081	-0.0725437	0.0531233	-0.0366073	0.0287712	-0.0402405	0.056431	0.0340244	0.0421782	0.0676395	0.0589211	0.0825227	0.0617979	-0.0293077	0.0143417
rs113624702	0.0900598	0.0851498	NA	NA	NA	NA	NA	NA	NA	NA	NA	NA	-0.0373087	0.0241419
rs6730477	-0.0422159	0.0561632	-0.0257139	0.0268046	-0.0589327	0.0537116	0.00965302	0.0396326	0.126712	0.0564452	-0.0489777	0.0585386	NA	NA
rs3924034	-0.0791992	0.0587788	-0.0323124	0.0288033	-0.0209727	0.0565647	0.0322965	0.0424075	0.0667704	0.0590775	0.0725354	0.0623576	-0.00845284	0.0163482
rs77534046	0.0710611	0.0821752	NA	NA	NA	NA	NA	NA	NA	NA	NA	NA	-0.0595114	0.0222535
rs4676283	-0.0922959	0.0870603	-0.034078	0.0289047	-0.0254831	0.056785	0.0340261	0.042344	0.0675672	0.0587818	0.0714566	0.0617005	-0.00683509	0.0238429
rs116024091	-0.218473	0.185517	NA	NA	NA	NA	NA	NA	NA	NA	NA	NA	-0.0197878	0.0488416
rs111630980	0.07157	0.0821197	NA	NA	NA	NA	NA	NA	NA	NA	NA	NA	NA	NA
rs112507081	0.0658532	0.0839033	NA	NA	NA	NA	NA	NA	NA	NA	NA	NA	NA	NA
rs7560312	0.0894802	0.0589941	0.013583	0.0393007	-0.0779628	0.0743631	-0.0341095	0.0610513	0.0648128	0.0779249	-0.244366	0.0829324	NA	NA
rs6737952	-0.0986824	0.0856378	-0.0340888	0.0289052	-0.025479	0.0567885	0.0340261	0.042344	0.0675672	0.0587818	0.0714566	0.0617005	-0.00683509	0.0238429
rs61166017	-0.0480876	0.0779404	NA	NA	NA	NA	NA	NA	0.00276992	0.246022	0.197708	0.269931	-0.0485017	0.0216569
rs114163099	-0.218421	0.115171	NA	NA	NA	NA	NA	NA	NA	NA	NA	NA	-0.0156531	0.0361325
rs114565423	0.145531	0.106698	NA	NA	NA	NA	NA	NA	NA	NA	NA	NA	-0.0563769	0.0379554
rs57942764	-0.00942686	0.0745728	NA	NA	NA	NA	NA	NA	-0.00443327	0.194102	0.107536	0.206263	-0.0414339	0.0202026
rs113717253	0.154101	0.0967838	NA	NA	NA	NA	NA	NA	0.127918	0.29332	0.0650325	0.296401	-0.0340502	0.0305734
rs4327260	0.0427231	0.0706264	0.0141905	0.0409802	-0.0545666	0.0804626	-0.0508461	0.0633305	0.126371	0.0807581	-0.275376	0.0863871	-0.00399648	0.0164773
rs116179163	-0.368603	0.237953	NA	NA	NA	NA	NA	NA	NA	NA	NA	NA	-0.00439186	0.0394671
rs4305306	-0.0189472	0.066385	NA	NA	NA	NA	NA	NA	-0.00229719	0.193167	0.106411	0.205234	NA	NA
rs116696463	-0.0942398	0.111427	NA	NA	NA	NA	NA	NA	NA	NA	NA	NA	0.0329519	0.0372632
rs113935099	-0.0893038	0.111113	NA	NA	NA	NA	NA	NA	NA	NA	NA	NA	0.0329519	0.0372632
rs13419404	0.181224	0.229339	NA	NA	NA	NA	NA	NA	NA	NA	NA	NA	NA	NA
rs58907181	-0.016631	0.066123	NA	NA	NA	NA	NA	NA	0.00158891	0.197842	0.100075	0.210258	-0.0391323	0.0171766
rs59694179	-0.0164475	0.066073	NA	NA	NA	NA	NA	NA	0.00158891	0.197842	0.100075	0.210258	-0.0391323	0.0171766
rs112083966	-0.0918234	0.112021	NA	NA	NA	NA	NA	NA	NA	NA	NA	NA	0.0369126	0.0365615
rs59556642	0.069929	0.0687798	NA	NA	NA	NA	NA	NA	0.000538887	0.198025	0.0997582	0.210476	-0.0442336	0.0183055
rs73955562	-0.0166453	0.0661247	NA	NA	NA	NA	NA	NA	0.00158891	0.197842	0.100075	0.210258	-0.0391323	0.0171766
rs72943381	-0.0164431	0.0660726	NA	NA	NA	NA	NA	NA	0.00158891	0.197842	0.100075	0.210258	-0.0391323	0.0171766
rs7571725	0.0203794	0.0551298	0.0164902	0.0386382	-0.075667	0.0733619	-0.0375161	0.0603755	0.0610247	0.076326	-0.229752	0.080702	-0.0279418	0.0140303
rs111544388	0.24823	0.231879	NA	NA	NA	NA	NA	NA	NA	NA	NA	NA	0.00725136	0.0521555
rs115513685	0.0376271	0.177958	NA	NA	NA	NA	NA	NA	NA	NA	NA	NA	NA	NA
rs113778276	-0.179444	0.102664	NA	NA	NA	NA	NA	NA	NA	NA	NA	NA	NA	NA
rs116582863	0.189118	0.145943	NA	NA	NA	NA	NA	NA	NA	NA	NA	NA	0.0289118	0.0518128
rs112111998	0.146389	0.0967969	NA	NA	NA	NA	NA	NA	0.155342	0.312921	0.0471703	0.315311	-0.0340502	0.0305734
rs73955564	0.0808799	0.0713784	NA	NA	NA	NA	NA	NA	0.158311	0.310873	0.0497039	0.31326	-0.045678	0.0198278
rs72943383	-0.0214952	0.0666238	NA	NA	NA	NA	NA	NA	0.00158891	0.197842	0.100075	0.210258	-0.0391323	0.0171766
rs73955566	0.0600767	0.0693882	NA	NA	NA	NA	NA	NA	0.000483321	0.19799	0.0998355	0.21044	-0.0442336	0.0183055
rs73955567	-0.0355511	0.121576	NA	NA	NA	NA	NA	NA	-0.106094	0.256607	0.142055	0.283457	NA	NA
rs4676082	-0.012707	0.0555839	-0.01913	0.0270966	-0.049181	0.0548929	0.0141451	0.0399535	0.0964235	0.0563243	-0.063687	0.058848	-0.00108032	0.0138986
rs4676083	-0.0190626	0.0552257	-0.0230828	0.0271349	-0.0659951	0.0547568	0.0158992	0.0398617	0.0941936	0.0572455	-0.058865	0.0595427	-0.00651407	0.0138274
rs76707993	-0.0127561	0.055579	NA	NA	NA	NA	0.0141451	0.0399535	0.0964235	0.0563243	-0.063687	0.058848	-0.000175842	0.0139044
rs75498287	-0.0131434	0.0556637	NA	NA	NA	NA	0.0141451	0.0399535	0.0964235	0.0563243	-0.063687	0.058848	-0.000175842	0.0139044
rs76238119	-0.0134318	0.0556761	NA	NA	NA	NA	0.0141451	0.0399535	0.0964235	0.0563243	-0.063687	0.058848	-0.000175842	0.0139044
rs13426343	-0.0811712	0.0678463	NA	NA	NA	NA	NA	NA	NA	NA	NA	NA	-0.00802859	0.0186505
rs73955568	0.0202456	0.141622	NA	NA	NA	NA	NA	NA	NA	NA	NA	NA	-0.042493	0.0421087
rs7602250	-0.380139	0.239354	NA	NA	NA	NA	NA	NA	NA	NA	NA	NA	-0.00439186	0.0394671
rs6542819	-0.0259468	0.0561073	-0.01913	0.0270966	-0.049181	0.0548929	0.0141451	0.0399535	0.0964235	0.0563243	-0.063687	0.058848	-0.00459681	0.0139247
rs6542820	-0.0100494	0.055485	-0.01913	0.0270966	-0.049181	0.0548929	0.0141451	0.0399535	0.0964235	0.0563243	-0.063687	0.058848	-0.000175842	0.0139044
rs115572833	0.127739	0.115731	NA	NA	NA	NA	NA	NA	NA	NA	NA	NA	NA	NA
rs7602761	0.0585584	0.0685152	-0.0189888	0.0271044	-0.0490624	0.0549092	0.0143016	0.0399674	0.0970433	0.0563243	-0.063689	0.0588517	0.00560007	0.0152764
rs116082552	0.30399	0.246127	NA	NA	NA	NA	NA	NA	NA	NA	NA	NA	0.0516308	0.0622355
rs7566456	-0.0125639	0.0555684	-0.01913	0.0270966	-0.049181	0.0548929	0.0141451	0.0399535	0.0964235	0.0563243	-0.063687	0.058848	NA	NA
rs7605559	-0.0117252	0.0553866	-0.0192236	0.0268939	-0.0479787	0.0545391	0.013133	0.0395713	0.0952806	0.0557812	-0.0634035	0.0582908	NA	NA
rs7605467	-0.0106966	0.0559077	-0.0230828	0.0271349	-0.0659951	0.0547568	0.0158992	0.0398617	0.0939771	0.057235	-0.0588752	0.0595333	NA	NA
rs72409163	-0.0107358	0.0559305	NA	NA	NA	NA	NA	NA	NA	NA	NA	NA	NA	NA
rs35154454	-0.0107358	0.0559305	NA	NA	NA	NA	0.0212815	0.0398953	0.0961392	0.0564322	-0.0644845	0.0589413	-0.000175842	0.0139044
rs114152420	0.0394373	0.279852	-0.05512	0.0817646	-0.157003	0.161521	0.0484387	0.114164	-0.111998	0.159631	-0.0986632	0.178373	-0.0198408	0.0440136
rs76275362	0.178017	0.0913819	NA	NA	NA	NA	NA	NA	-0.0435466	0.244569	0.163553	0.276943	NA	NA
rs13404509	0.110789	0.13	NA	NA	NA	NA	NA	NA	NA	NA	NA	NA	NA	NA
rs10174250	-0.0157606	0.0618558	-0.0284203	0.0299568	-0.0799852	0.0621569	0.0306957	0.0444426	0.0819124	0.0743488	-0.0674434	0.0752265	-0.00424591	0.0156539
rs115721574	0.146446	0.176751	NA	NA	NA	NA	NA	NA	NA	NA	NA	NA	NA	NA
rs115365833	-0.249941	0.120864	NA	NA	NA	NA	NA	NA	NA	NA	NA	NA	0.0207796	0.0294513
rs114309586	-0.224281	0.116843	NA	NA	NA	NA	NA	NA	NA	NA	NA	NA	-0.0289707	0.0372345
rs114926003	-0.202005	0.182655	NA	NA	NA	NA	NA	NA	NA	NA	NA	NA	-0.102346	0.0520537
rs115189954	-0.411463	0.120445	NA	NA	NA	NA	NA	NA	NA	NA	NA	NA	0.0492391	0.0284934
rs10164959	0.0423782	0.0582391	-0.0375802	0.0264638	-0.0693099	0.053191	0.019466	0.0397004	0.0114542	0.0603949	0.0560508	0.0629747	NA	NA
rs72943387	-0.166141	0.111436	NA	NA	NA	NA	NA	NA	NA	NA	NA	NA	0.0605208	0.0320747
rs4355149	0.0413991	0.0582435	-0.0497153	0.0262338	-0.0749633	0.0528431	0.0245625	0.0392337	0.00958927	0.0615163	0.0462803	0.0643762	NA	NA
rs73955571	-0.122009	0.119298	NA	NA	NA	NA	NA	NA	NA	NA	NA	NA	-0.00694771	0.029247
rs3860481	0.0458386	0.0579453	-0.0447119	0.0256607	-0.0655466	0.0515955	0.0141111	0.0388945	0.0176474	0.0602213	0.0454726	0.0629144	-0.0194552	0.0143233
rs3860482	0.103545	0.0570431	-0.0402012	0.0254829	-0.0492737	0.0510543	0.0128628	0.0389239	0.024914	0.0599679	0.0380765	0.0626587	NA	NA
rs114884607	0.101473	0.109156	NA	NA	NA	NA	NA	NA	NA	NA	NA	NA	-0.0228895	0.0292052
rs3860483	0.0508803	0.0582457	-0.0451894	0.0258741	-0.065861	0.0519751	0.015266	0.0392747	0.0182311	0.0608063	0.0466709	0.0634743	NA	NA
rs4134384	0.106642	0.0573085	-0.0408649	0.0256871	-0.0494304	0.0514236	0.0136737	0.0392959	0.0246851	0.0605405	0.0392661	0.0632291	-0.00931687	0.0149742
rs4470370	0.0508803	0.0582457	-0.0451957	0.0258717	-0.065891	0.0519706	0.0152484	0.0392705	0.0182246	0.0608024	0.0466944	0.0634737	NA	NA
rs6759953	0.0509291	0.0582591	-0.0451957	0.0258717	-0.065891	0.0519706	0.0152484	0.0392705	0.0182246	0.0608024	0.0466944	0.0634737	NA	NA
rs72943391	-0.148142	0.11314	NA	NA	NA	NA	NA	NA	NA	NA	NA	NA	NA	NA
rs3936127	0.0508803	0.0582457	-0.0451957	0.0258717	-0.065891	0.0519706	0.0152484	0.0392705	0.0182246	0.0608024	0.0466944	0.0634737	-0.0192592	0.0142807
rs4676284	0.0508803	0.0582457	-0.0451957	0.0258717	-0.065891	0.0519706	0.0152484	0.0392705	0.0182246	0.0608024	0.0466944	0.0634737	-0.0192592	0.0142807
rs4676285	0.0508803	0.0582457	-0.0451957	0.0258717	-0.065891	0.0519706	0.0152484	0.0392705	0.0182246	0.0608024	0.0466944	0.0634737	NA	NA
rs6748333	0.0394598	0.0581854	-0.0451957	0.0258717	-0.065891	0.0519706	0.0152484	0.0392705	0.0182246	0.0608024	0.0466944	0.0634737	-0.0192592	0.0142807
rs6542821	0.0508803	0.0582457	-0.0452685	0.025877	-0.0658166	0.0519863	0.0151837	0.0392761	0.018209	0.0608126	0.0466785	0.0634846	NA	NA
rs6542822	0.0514736	0.0586722	-0.0452695	0.0258773	-0.0658233	0.0519871	0.0151772	0.0392763	0.0182601	0.060817	0.0466201	0.0634883	NA	NA
rs6749245	0.0546636	0.0584772	-0.0452685	0.025877	-0.0658166	0.0519863	0.0151837	0.0392761	0.018209	0.0608126	0.0466785	0.0634846	-0.0192592	0.0142807
rs78157949	0.0641183	0.0669176	0.00432397	0.0405877	-0.107896	0.0821561	-0.0307577	0.058305	-0.0965647	0.0951535	0.01229	0.104576	NA	NA
rs116661516	-0.33663	0.172287	NA	NA	NA	NA	NA	NA	NA	NA	NA	NA	NA	NA
rs4129774	0.0546636	0.0584772	-0.0452685	0.025877	-0.0658166	0.0519863	0.0151837	0.0392761	0.018209	0.0608126	0.0466785	0.0634846	-0.0192592	0.0142807
rs61472481	0.0558336	0.0682327	-0.00430737	0.0426826	-0.105102	0.0879974	-0.0359662	0.0596559	-0.120012	0.0955521	0.0395333	0.104844	NA	NA
rs116140838	-0.483999	0.168709	NA	NA	NA	NA	NA	NA	NA	NA	NA	NA	0.0735153	0.0396403
rs114570294	-0.21833	0.192596	NA	NA	NA	NA	NA	NA	NA	NA	NA	NA	NA	NA
rs55996823	-0.268332	0.0864764	NA	NA	NA	NA	NA	NA	NA	NA	NA	NA	0.0202419	0.0213552
rs58334501	-0.267098	0.0863991	NA	NA	NA	NA	NA	NA	NA	NA	NA	NA	0.0202419	0.0213552
rs114083918	0.238391	0.160724	NA	NA	NA	NA	NA	NA	NA	NA	NA	NA	0.0605687	0.0680477
rs11682815	0.149244	0.0849609	-0.0448878	0.0274313	-0.0148373	0.0541502	0.0306104	0.0402237	0.0678489	0.0583164	0.0236434	0.0617042	-0.0036524	0.0209977
rs116161841	-0.3366	0.172282	NA	NA	NA	NA	NA	NA	NA	NA	NA	NA	0.020923	0.0404017
rs60109390	-0.263738	0.152232	NA	NA	NA	NA	NA	NA	NA	NA	NA	NA	-0.0262002	0.0440831
rs13429221	-0.0422392	0.0746132	NA	NA	NA	NA	NA	NA	NA	NA	NA	NA	-0.0350028	0.0218917
rs11695700	0.15146	0.0854859	-0.0448878	0.0274313	-0.0148373	0.0541502	0.0306104	0.0402237	0.0678489	0.0583164	0.0236434	0.0617042	NA	NA
rs6732253	-0.0151063	0.0567824	-0.0137556	0.0418871	-0.142812	0.0859085	-0.0314229	0.0589458	-0.11882	0.0889716	0.051163	0.0978223	-0.0177522	0.0137054
rs6732348	-0.0966947	0.0697138	-0.0453161	0.0258842	-0.0657733	0.0520047	0.015043	0.0392813	0.0188089	0.0608671	0.046906	0.0635404	-0.0109701	0.0148201
rs115905197	0.101475	0.109583	NA	NA	NA	NA	NA	NA	NA	NA	NA	NA	-0.0177961	0.0321209
rs6719398	-0.0481965	0.062904	-0.0453039	0.0258815	-0.0658154	0.0519984	0.0151217	0.039277	0.0183717	0.0608222	0.0468021	0.0634918	NA	NA
rs115263020	-0.33663	0.172287	NA	NA	NA	NA	NA	NA	NA	NA	NA	NA	0.020923	0.0404017
rs114212891	-0.33663	0.172287	NA	NA	NA	NA	NA	NA	NA	NA	NA	NA	0.028911	0.0409648
rs12464315	-0.0894599	0.18434	0.056505	0.0449023	-0.10136	0.0892995	-0.0337058	0.0705998	0.127446	0.0857256	-0.256396	0.0924831	-0.0331474	0.0340135
rs116564313	-0.329569	0.174407	NA	NA	NA	NA	NA	NA	NA	NA	NA	NA	0.0222677	0.0400998
rs116543897	-0.212694	0.204024	NA	NA	NA	NA	NA	NA	NA	NA	NA	NA	NA	NA
rs72943393	-0.148327	0.110632	NA	NA	NA	NA	NA	NA	NA	NA	NA	NA	0.0605208	0.0320747
rs114435133	-0.489145	0.171209	NA	NA	NA	NA	NA	NA	NA	NA	NA	NA	0.0735153	0.0396403
rs72943394	0.024636	0.102256	NA	NA	NA	NA	NA	NA	NA	NA	NA	NA	-0.0461033	0.027005
rs79715686	0.0301596	0.127356	-0.00435078	0.0428643	-0.101935	0.0884645	-0.0377308	0.0598511	-0.130779	0.0976016	0.0606362	0.108012	NA	NA
rs4676084	0.20594	0.123605	-0.0443196	0.0276143	-0.0183552	0.0545035	0.0280222	0.0403765	0.065984	0.0586957	0.0215255	0.0618561	-0.00331595	0.0259339
rs11893154	-0.329569	0.174407	NA	NA	NA	NA	NA	NA	NA	NA	NA	NA	NA	NA
rs115280212	0.129393	0.190603	NA	NA	NA	NA	NA	NA	NA	NA	NA	NA	NA	NA
rs11887632	-0.0336262	0.101029	NA	NA	NA	NA	NA	NA	NA	NA	NA	NA	-0.00109936	0.0261834
rs4676286	-0.11016	0.0649359	-0.0450958	0.0258945	-0.0651062	0.052019	0.0146688	0.0392958	0.0191549	0.0609233	0.0470563	0.0635826	NA	NA
rs6716110	-0.0517587	0.0580441	NA	NA	NA	NA	NA	NA	NA	NA	NA	NA	0.000230103	0.0165568
rs114460565	-0.222471	0.195773	NA	NA	NA	NA	NA	NA	NA	NA	NA	NA	-0.102346	0.0520537
rs114558962	-0.327535	0.175379	NA	NA	NA	NA	NA	NA	NA	NA	NA	NA	0.020923	0.0404017
rs6747772	-0.107672	0.064845	-0.0450717	0.0258942	-0.0650246	0.0520182	0.0146739	0.0392954	0.0190898	0.0609103	0.0469264	0.0635715	NA	NA
rs6734704	-0.0897222	0.0689222	-0.0450735	0.025894	-0.0652351	0.0520167	0.0147352	0.0392955	0.0191601	0.0609158	0.0470549	0.0635749	-0.00608688	0.0150431
rs56914908	-0.0480297	0.057704	NA	NA	NA	NA	NA	NA	NA	NA	NA	NA	NA	NA
rs28369434	-0.0374415	0.0580158	NA	NA	NA	NA	NA	NA	NA	NA	NA	NA	0.00296986	0.0165327
rs73955573	-0.235149	0.150964	NA	NA	NA	NA	NA	NA	NA	NA	NA	NA	NA	NA
rs114266965	-0.306624	0.176368	NA	NA	NA	NA	NA	NA	-0.0569564	0.245523	0.15105	0.255117	0.0254693	0.0398051
rs71933882	-0.0702994	0.0564087	NA	NA	NA	NA	NA	NA	-0.057506	0.244826	0.153281	0.254455	NA	NA
rs114567171	0.126787	0.185648	NA	NA	NA	NA	NA	NA	NA	NA	NA	NA	0.00918037	0.0405355
rs58673209	-0.0729071	0.0632946	NA	NA	NA	NA	NA	NA	NA	NA	NA	NA	0.00699493	0.0195645
rs4676287	-0.0482793	0.0591663	-0.0557017	0.0265613	-0.0761123	0.0535281	0.0124952	0.0401093	0.00738907	0.0617795	0.0511581	0.0641327	-0.00176038	0.0139146
rs116327914	-0.50466	0.183019	NA	NA	NA	NA	NA	NA	NA	NA	NA	NA	0.0805775	0.0447982
rs10165592	0.0574364	0.0912217	NA	NA	NA	NA	NA	NA	NA	NA	NA	NA	-0.00263057	0.0253441
rs115669250	-0.362002	0.187277	NA	NA	NA	NA	NA	NA	NA	NA	NA	NA	0.0245939	0.0416684
rs115657722	0.0722255	0.102355	NA	NA	NA	NA	NA	NA	NA	NA	NA	NA	-0.00778854	0.025581
rs114031332	0.0745701	0.0885475	NA	NA	NA	NA	NA	NA	NA	NA	NA	NA	NA	NA
rs4309609	-0.0771564	0.0632654	NA	NA	NA	NA	NA	NA	NA	NA	NA	NA	0.0118652	0.0198904
rs72943399	-0.0766344	0.0631451	NA	NA	NA	NA	NA	NA	NA	NA	NA	NA	NA	NA
rs11884441	-0.109675	0.0614322	NA	NA	NA	NA	NA	NA	NA	NA	NA	NA	0.0116546	0.0184074
rs56728531	-0.0930473	0.119965	NA	NA	NA	NA	NA	NA	NA	NA	NA	NA	0.00068828	0.0289746
rs11885439	-0.117891	0.0614733	NA	NA	NA	NA	NA	NA	NA	NA	NA	NA	NA	NA
rs10181644	-0.0657816	0.0564054	NA	NA	NA	NA	NA	NA	-0.0570754	0.244851	0.154674	0.254507	0.00138502	0.0156947
rs58823117	-0.10056	0.0633809	NA	NA	NA	NA	NA	NA	NA	NA	NA	NA	0.00956325	0.0204869
rs10169560	0.0102996	0.0552632	-0.0224659	0.042146	-0.147268	0.086633	-0.0256124	0.0588541	-0.116994	0.0881048	0.0628232	0.0958956	NA	NA
rs4676085	-0.0039081	0.0561853	-0.0546382	0.0264068	-0.069922	0.0531929	0.0123057	0.0399717	0.0065699	0.0620866	0.0493571	0.0643446	-0.0180103	0.0140322
rs77191070	0.0960661	0.0718403	-0.00952122	0.0434082	-0.113801	0.0895966	-0.0378264	0.0599424	-0.126493	0.0946552	0.047535	0.103473	-0.0144674	0.0211911
rs4676288	-0.0980225	0.0612641	-0.0546879	0.0264194	-0.0697787	0.0532226	0.0122069	0.0399901	0.00726569	0.0621483	0.0493628	0.0644182	-0.0151448	0.014596
rs72945304	-0.0298711	0.0763973	NA	NA	NA	NA	NA	NA	NA	NA	NA	NA	0.0339631	0.0239832
rs67435166	-0.0104691	0.0563726	NA	NA	NA	NA	NA	NA	NA	NA	NA	NA	NA	NA
rs115979769	-0.222325	0.111993	NA	NA	NA	NA	NA	NA	NA	NA	NA	NA	NA	NA
rs10173239	-0.00294203	0.057119	-0.0546808	0.0264069	-0.0699502	0.0531928	0.0124247	0.0399761	0.00662529	0.062091	0.0492759	0.0643482	NA	NA
rs10185595	-0.0985885	0.0613066	-0.0564458	0.0265585	-0.0653991	0.0536943	0.00952592	0.0401341	0.00710471	0.0621863	0.0493287	0.0644537	-0.0154162	0.0145942
rs10175760	-0.00296147	0.0571208	-0.0546706	0.0264073	-0.069948	0.0531931	0.0124291	0.0399766	0.00661961	0.0620928	0.0492822	0.0643501	NA	NA
rs57825002	0.0294889	0.0553271	NA	NA	NA	NA	0.0151352	0.0403505	0.00234465	0.0625011	0.0483045	0.0647168	-0.028931	0.0140333
rs11123742	-0.0282589	0.0811526	-0.0558989	0.0276574	-0.0308571	0.054866	0.0294708	0.0403149	0.0579544	0.0605569	0.0297035	0.0634305	-0.0210908	0.0181055
rs6747329	-0.0980453	0.0610994	-0.0547203	0.0264157	-0.0698706	0.0532104	0.012327	0.0399932	0.00728141	0.0621467	0.0493574	0.0644165	NA	NA
rs11679322	-0.0322012	0.0812225	-0.0506562	0.0278263	-0.0156627	0.0551515	0.0250037	0.0406875	0.0619506	0.0608285	0.0205138	0.0635472	NA	NA
rs35876648	0.0227363	0.105642	-0.0506654	0.0278262	-0.0156486	0.0551513	0.0249989	0.0406875	0.0619406	0.060834	0.0204764	0.0635541	-0.0183607	0.0216151
rs11890176	0.0916074	0.0721856	-0.00952122	0.0434082	-0.113801	0.0895966	-0.0378264	0.0599424	-0.126493	0.0946552	0.047535	0.103473	NA	NA
rs114447352	-0.209779	0.100585	NA	NA	NA	NA	NA	NA	NA	NA	NA	NA	-0.00568324	0.0259069
rs73955575	-0.130996	0.0856862	NA	NA	NA	NA	NA	NA	NA	NA	NA	NA	NA	NA
rs72945307	-0.0275	0.0771525	NA	NA	NA	NA	NA	NA	NA	NA	NA	NA	NA	NA
rs114610812	-0.348213	0.188982	NA	NA	NA	NA	NA	NA	NA	NA	NA	NA	0.00848482	0.0432084
rs34276712	0.0298715	0.106067	-0.0507022	0.0278268	-0.0156534	0.0551545	0.0249876	0.0406883	0.0617792	0.0607908	0.0113759	0.0634307	NA	NA
rs72945308	-0.156274	0.112338	NA	NA	NA	NA	NA	NA	NA	NA	NA	NA	0.0660942	0.0322012
rs59333879	0.0970707	0.0720161	-0.00952734	0.0434086	-0.113691	0.0896019	-0.0379111	0.0599421	-0.126493	0.0946549	0.0475311	0.103473	-0.0100705	0.0201681
rs34200716	0.0298715	0.106067	-0.0507008	0.0278266	-0.0156637	0.0551542	0.0249891	0.0406879	0.0617859	0.0607904	0.0113764	0.0634302	-0.0157168	0.0215861
rs113509866	-0.21817	0.113535	NA	NA	NA	NA	NA	NA	NA	NA	NA	NA	-0.0393654	0.0370022
rs116798898	0.129186	0.228672	NA	NA	NA	NA	NA	NA	NA	NA	NA	NA	NA	NA
rs35555164	-0.0293142	0.0609399	-0.0507006	0.0278332	-0.0157709	0.0551711	0.0250187	0.0406934	0.0618683	0.0607949	0.0113843	0.0634348	0.010871	0.0158176
rs57006180	-0.0134728	0.0587625	-0.0230306	0.0421354	-0.146142	0.0866115	-0.0253943	0.058846	-0.117489	0.0881705	0.0622561	0.0959787	-0.0193037	0.0160247
rs61570085	-0.0271266	0.0684353	-0.0214486	0.0422407	-0.148104	0.0869074	-0.0262781	0.0589581	-0.119588	0.0901047	0.0537543	0.0981859	-0.0104531	0.0185086
rs79287302	-0.0342898	0.0679837	-0.0214486	0.0422407	-0.148104	0.0869074	-0.0262781	0.0589581	-0.119588	0.0901047	0.0537543	0.0981859	NA	NA
rs73955576	-0.107683	0.119878	NA	NA	NA	NA	NA	NA	-0.0470604	0.245632	0.150644	0.255439	NA	NA
rs73955577	-0.255432	0.150202	NA	NA	NA	NA	NA	NA	NA	NA	NA	NA	-0.0324462	0.0457361
rs115359910	-0.231363	0.11256	NA	NA	NA	NA	NA	NA	NA	NA	NA	NA	-0.00842682	0.0347955
rs34219503	0.162671	0.135713	-0.0503971	0.0277809	-0.0184563	0.0549071	0.0233773	0.0406858	0.0666941	0.0608515	0.000878176	0.0636025	0.00340021	0.0252968
rs116180161	0.105373	0.195049	NA	NA	NA	NA	NA	NA	NA	NA	NA	NA	NA	NA
rs11123744	0.0859861	0.0600561	0.00587493	0.0377633	0.0334724	0.0791469	0.0224404	0.0543314	-0.0222928	0.094104	-0.0296093	0.100798	NA	NA
rs6734521	-0.00766868	0.115014	-0.063302	0.0281265	-0.00468303	0.0552391	0.0356213	0.0415355	0.0619847	0.0616345	0.0293728	0.063634	NA	NA
rs13408607	0.0713418	0.0940588	-0.0102995	0.114793	-0.0618995	0.244315	-0.0951303	0.174889	-0.521166	0.260112	0.00840208	0.25909	NA	NA
rs72945309	-0.0229148	0.0662	NA	NA	NA	NA	NA	NA	NA	NA	NA	NA	0.00986991	0.0192865
rs72945311	-0.031713	0.0657375	NA	NA	NA	NA	NA	NA	NA	NA	NA	NA	NA	NA
rs114360583	0.186847	0.212164	NA	NA	NA	NA	NA	NA	NA	NA	NA	NA	-0.0149537	0.0481594
rs73955578	-0.107944	0.124356	NA	NA	NA	NA	NA	NA	NA	NA	NA	NA	-0.0146514	0.0318731
rs116099029	0.149061	0.163496	NA	NA	NA	NA	NA	NA	NA	NA	NA	NA	0.000608462	0.0358428
rs13422599	0.107343	0.0791287	-0.081422	0.0455167	-0.129238	0.0965078	-0.0991547	0.0647874	-0.260291	0.0977404	0.0758091	0.105837	NA	NA
rs4676289	0.0712174	0.0554062	-0.0405108	0.0268343	0.00726956	0.0561411	0.0694495	0.0390743	0.0950338	0.0617595	0.0121506	0.0631957	0.00802303	0.0141707
rs10190074	0.0878195	0.0946735	-0.010613	0.114803	-0.0601267	0.244354	-0.0954172	0.174943	-0.521026	0.260118	0.00821407	0.259096	-0.0264766	0.0228931
rs114440141	-0.23853	0.181379	NA	NA	NA	NA	NA	NA	NA	NA	NA	NA	-0.0415438	0.0406907
rs10168620	0.140677	0.126898	-0.0505383	0.0281629	-0.0817139	0.05965	0.0267057	0.0420062	0.0589086	0.0671458	-0.101354	0.0675474	NA	NA
rs10192463	0.109103	0.0888062	-0.0668274	0.0886376	-0.196339	0.177373	0.00288897	0.139303	-0.286495	0.182623	0.083974	0.186469	-0.0264649	0.0217814
rs10192643	0.08924	0.0616085	-0.0698227	0.0267005	-0.037784	0.0562852	0.0345908	0.0399892	-0.00899581	0.0633031	0.0410054	0.0646435	NA	NA
rs10168938	0.0529225	0.0725621	-0.0696573	0.026706	-0.0378074	0.0563014	0.0346017	0.0400116	-0.00894108	0.0633235	0.0411159	0.0646613	NA	NA
rs61536631	-0.00274903	0.126892	-0.0817634	0.0501704	-0.0916464	0.108793	-0.116763	0.0692069	-0.261539	0.119487	0.0790235	0.132267	NA	NA
rs111644461	-0.176237	0.164992	NA	NA	NA	NA	NA	NA	NA	NA	NA	NA	-0.0472486	0.0386516
rs6739259	0.0448155	0.154354	-0.0634254	0.0279643	-0.00178976	0.0550386	0.0351273	0.0413453	0.0598108	0.0616164	0.0283339	0.0635383	0.0103868	0.0267617
rs13413017	0.143521	0.0911583	-0.0682953	0.0878542	-0.193668	0.174975	0.00385988	0.137981	-0.283937	0.181671	0.0840512	0.185511	-0.0224684	0.0224479
rs6754584	0.0938428	0.0625767	-0.0697418	0.0266935	-0.0377145	0.0562659	0.0345899	0.0399889	-0.00899108	0.0633032	0.0409104	0.0646408	-0.00524582	0.0144118
rs28398348	0.143584	0.0914966	-0.0667551	0.0886423	-0.196211	0.177388	0.00288897	0.139303	-0.286495	0.182623	0.083974	0.186469	NA	NA
rs6714032	-0.00442008	0.126762	-0.082405	0.0498197	-0.0922342	0.108198	-0.116008	0.0686208	-0.261182	0.118856	0.0796064	0.131608	-0.0337083	0.0286552
rs59396398	0.00579046	0.0672335	NA	NA	NA	NA	NA	NA	NA	NA	NA	NA	NA	NA
rs28750069	0.143799	0.0914424	-0.0667551	0.0886423	-0.196211	0.177388	0.00288897	0.139303	-0.286495	0.182623	0.083974	0.186469	-0.0189296	0.0223843
rs114434440	0.133922	0.22901	NA	NA	NA	NA	NA	NA	NA	NA	NA	NA	NA	NA
rs3922817	0.107541	0.0626276	-0.0404169	0.0264036	0.00621682	0.0551205	0.0671879	0.0384601	0.0897425	0.0609958	0.0112136	0.0623916	0.00208097	0.0165079
rs35836876	0.0932034	0.0617511	NA	NA	NA	NA	0.0346826	0.0399406	-0.0100616	0.0632119	0.0413515	0.0645436	NA	NA
rs10181442	0.056496	0.103129	-0.0114804	0.114736	-0.0615916	0.244126	-0.0929853	0.174768	-0.523805	0.260483	0.00862255	0.259501	-0.0322767	0.024953
rs10193955	0.145494	0.0915404	-0.0667551	0.0886423	-0.196211	0.177388	0.00288897	0.139303	-0.286495	0.182623	0.083974	0.186469	-0.0189296	0.0223843
rs10181694	0.0564843	0.102932	-0.0114804	0.114736	-0.0615916	0.244126	-0.0929853	0.174768	-0.523805	0.260483	0.00862255	0.259501	NA	NA
rs10205046	0.0293185	0.196162	NA	NA	NA	NA	NA	NA	NA	NA	NA	NA	NA	NA
rs13400655	0.146754	0.0679174	-0.0668101	0.0886804	-0.196373	0.17723	0.0028215	0.13939	-0.28643	0.18267	0.0819982	0.186531	-0.0150784	0.0187277
rs11891448	-0.350977	0.189058	NA	NA	NA	NA	NA	NA	NA	NA	NA	NA	0.00848482	0.0432084
rs4284863	-0.0390522	0.0651184	NA	NA	NA	NA	NA	NA	NA	NA	NA	NA	0.0127442	0.0189025
rs11694493	0.0497028	0.0722979	-0.0700917	0.0266764	-0.0391008	0.0562344	0.0343603	0.039962	-0.013265	0.0629882	0.0370831	0.0642997	-0.00763393	0.0160027
rs13429531	0.111728	0.0884825	-0.0667551	0.0886423	-0.196211	0.177388	0.00288897	0.139303	-0.286495	0.182623	0.083974	0.186469	-0.0246288	0.0217277
rs115715217	-0.352095	0.188937	NA	NA	NA	NA	NA	NA	NA	NA	NA	NA	NA	NA
rs10185105	0.184822	0.0884215	-0.0667519	0.0886467	-0.196209	0.177402	0.00287505	0.139315	-0.286495	0.182623	0.083974	0.186469	-0.0231483	0.0218082
rs79293281	0.240488	0.197204	-0.0821487	0.0501228	-0.0919046	0.108855	-0.116822	0.0691102	-0.261053	0.120287	0.0797323	0.132803	-0.00327838	0.0413469
rs72945317	-0.0270381	0.126346	NA	NA	NA	NA	NA	NA	NA	NA	NA	NA	-0.0765237	0.0491069
rs4234110	0.0899696	0.0607478	-0.0699747	0.0265881	-0.037238	0.0559275	0.0346781	0.0399411	-0.0147131	0.062187	0.0365791	0.063523	-0.00396693	0.014412
rs4676086	0.0209227	0.0552641	-0.0618785	0.0262487	-0.018114	0.0548547	0.0341791	0.0397887	0.0200478	0.0627803	0.0272975	0.063921	NA	NA
rs11684909	0.0300398	0.0546244	-0.0616588	0.0261806	-0.0170999	0.0546089	0.0341791	0.0397887	0.0182075	0.0620831	0.026486	0.0632683	0.00634382	0.0138189
rs72945324	-0.001732	0.0667976	NA	NA	NA	NA	NA	NA	NA	NA	NA	NA	0.0146176	0.0203712
rs10188581	0.147238	0.0916757	-0.0667519	0.0886467	-0.196209	0.177402	0.00287505	0.139315	-0.286495	0.182623	0.083974	0.186469	NA	NA
rs76166883	-0.00460033	0.127024	-0.0820855	0.0501096	-0.0918473	0.108819	-0.116733	0.0690861	-0.261047	0.120297	0.0799171	0.132826	-0.0336193	0.028752
rs3924090	0.0209227	0.0552641	-0.0624403	0.0262953	-0.0193973	0.0548795	0.032551	0.0399093	0.0210061	0.062907	0.0277836	0.0640878	0.00378138	0.0136947
rs113829729	-0.00263139	0.0668287	NA	NA	NA	NA	NA	NA	NA	NA	NA	NA	0.0146176	0.0203712
rs6734407	-0.146527	0.323231	NA	NA	NA	NA	NA	NA	NA	NA	NA	NA	-0.0244379	0.0453267
rs10167617	0.090158	0.0606784	-0.0701691	0.0266585	-0.0386592	0.0561838	0.0346826	0.0399406	-0.013561	0.0629238	0.0375477	0.0642241	NA	NA
rs111353921	-0.239457	0.113691	NA	NA	NA	NA	NA	NA	NA	NA	NA	NA	NA	NA
rs61110963	-0.00446233	0.12676	-0.0820855	0.0501096	-0.0918473	0.108819	-0.116733	0.0690861	-0.261047	0.120297	0.0799171	0.132826	NA	NA
rs59358067	0.0212689	0.055237	NA	NA	NA	NA	0.0341791	0.0397887	0.0200478	0.0627803	0.0272975	0.063921	0.00414591	0.0137097
rs11123745	0.0212689	0.055237	-0.0618785	0.0262487	-0.018114	0.0548547	0.0341791	0.0397887	0.0200478	0.0627803	0.0272975	0.063921	0.00413276	0.0136933
rs78357376	0.149958	0.0997935	-0.0667519	0.0886467	-0.196209	0.177402	0.00287505	0.139315	-0.28751	0.182731	0.0840286	0.18659	NA	NA
rs10865028	0.074253	0.0595551	-0.0701691	0.0266585	-0.0386592	0.0561838	0.0346826	0.0399406	-0.0136474	0.0629275	0.0375475	0.0642299	NA	NA
rs11885206	-0.35165	0.188922	NA	NA	NA	NA	NA	NA	NA	NA	NA	NA	0.00848482	0.0432084
rs73955579	-0.0141673	0.0829121	0.0662594	0.0449394	-0.0910787	0.0909529	-0.030318	0.0694232	0.112549	0.0852741	-0.272138	0.0913156	-0.0126745	0.0196646
rs4676290	0.110553	0.058854	-0.0696153	0.026732	-0.0378545	0.0562754	0.0346968	0.040101	-0.0136474	0.0629275	0.0375475	0.0642299	NA	NA
rs10194685	0.0851301	0.102706	-0.0112365	0.114942	-0.0619839	0.244549	-0.0937877	0.175286	-0.523805	0.260483	0.00862255	0.259501	-0.0268065	0.0239251
rs114218509	0.129389	0.229593	NA	NA	NA	NA	NA	NA	NA	NA	NA	NA	-0.0114724	0.0590448
rs10194881	0.043322	0.091136	-0.0565564	0.0894762	-0.178309	0.17991	0.00244852	0.139874	-0.28751	0.182731	0.0840286	0.18659	-0.0153198	0.0214377
rs10195060	0.0567964	0.103091	-0.0111251	0.114949	-0.0619639	0.244576	-0.0938752	0.175303	-0.523805	0.260483	0.00862255	0.259501	NA	NA
rs10195144	0.112238	0.0610585	-0.0694848	0.0267384	-0.0380698	0.0563109	0.03514	0.040106	-0.0136474	0.0629275	0.0375475	0.0642299	NA	NA
rs114780728	0.0440898	0.246982	NA	NA	NA	NA	NA	NA	NA	NA	NA	NA	NA	NA
rs79298829	-0.0195976	0.136355	-0.0850763	0.0507631	-0.0899294	0.110043	-0.121211	0.0703887	-0.261047	0.120297	0.0799171	0.132826	-0.0253748	0.0292568
rs57668714	0.0260611	0.0630414	NA	NA	NA	NA	NA	NA	NA	NA	NA	NA	0.0164291	0.0201258
rs10171529	0.0851301	0.102706	-0.0109516	0.114948	-0.0626935	0.24457	-0.0937877	0.175286	-0.521742	0.260513	0.00993625	0.259607	-0.0268065	0.0239251
rs13001686	0.111627	0.0541647	-0.0625933	0.0263603	-0.0197532	0.0551456	0.0347008	0.0399587	0.0206635	0.0630352	0.0279966	0.0641132	0.00445725	0.0140256
rs59909605	-0.187787	0.104187	NA	NA	NA	NA	NA	NA	NA	NA	NA	NA	0.0725976	0.0302779
rs13028045	0.111793	0.0541724	-0.0625933	0.0263603	-0.0197532	0.0551456	0.0347008	0.0399587	0.0206635	0.0630352	0.0279966	0.0641132	NA	NA
rs6745464	0.124765	0.0568587	-0.0696744	0.0267374	-0.0379762	0.0563439	0.0349668	0.0400549	-0.0135535	0.0631477	0.0383582	0.0644198	NA	NA
rs115492106	-0.237439	0.11391	NA	NA	NA	NA	NA	NA	NA	NA	NA	NA	-0.00456733	0.0351704
rs28393093	0.0431712	0.0914632	-0.0554157	0.0898087	-0.18324	0.181012	0.00235456	0.139947	-0.29407	0.184075	0.0856542	0.187892	-0.0123373	0.0212622
rs11691186	0.0979568	0.0543715	-0.0626359	0.0263472	-0.0193437	0.0551056	0.0345441	0.0399246	0.0206641	0.0630356	0.0280044	0.0641137	0.00566257	0.0140929
rs111634635	-0.0392077	0.0935004	NA	NA	NA	NA	NA	NA	NA	NA	NA	NA	NA	NA
rs10201726	0.0417346	0.0907956	-0.0554157	0.0898087	-0.18324	0.181012	0.00235456	0.139947	-0.29407	0.184075	0.0856542	0.187892	-0.0123373	0.0212622
rs116142059	0.228543	0.212081	NA	NA	NA	NA	NA	NA	NA	NA	NA	NA	-0.0149537	0.0481594
rs72945388	-0.0137682	0.0755903	NA	NA	NA	NA	NA	NA	NA	NA	NA	NA	0.0297374	0.0216786
rs4676291	0.0871104	0.151032	-0.0651881	0.0281288	-0.00651513	0.0553726	0.037079	0.0417357	0.0529801	0.0623961	0.0289437	0.0641665	0.0106995	0.0268238
rs115141933	-0.363168	0.269057	NA	NA	NA	NA	NA	NA	NA	NA	NA	NA	-0.0484244	0.0422818
rs10202313	0.0624128	0.104331	-0.0107122	0.114967	-0.0623957	0.244643	-0.0940495	0.175337	-0.521742	0.260513	0.00993625	0.259607	-0.0345489	0.0250049
rs10202141	0.113213	0.0567136	-0.0703883	0.0263817	-0.0372988	0.0555667	0.0319654	0.039517	-0.0147661	0.0621965	0.0365806	0.0635349	-0.00492643	0.0141832
rs115161329	0.226045	0.212001	NA	NA	NA	NA	NA	NA	NA	NA	NA	NA	-0.0230371	0.0498535
rs5833332	-0.140699	0.0651254	NA	NA	NA	NA	-0.0711456	0.0393959	-0.0820149	0.0622905	-0.0161729	0.0636272	-0.0072459	0.0169268
rs4596009	0.0868878	0.084328	0.0725691	0.028081	0.025002	0.0553225	-0.0383093	0.0416245	-0.0453641	0.0624275	-0.0317355	0.0642664	NA	NA
rs13429024	-0.0877517	0.10699	-0.00888252	0.115081	-0.0606432	0.244942	-0.103267	0.175539	-0.509454	0.260384	0.00544479	0.25979	-0.0667902	0.0272522
rs78909019	-0.102312	0.0958803	-0.0819483	0.0515153	-0.091296	0.112658	-0.135991	0.0715533	-0.247408	0.122965	0.0550386	0.134151	NA	NA
rs72945391	-0.186976	0.111099	NA	NA	NA	NA	NA	NA	NA	NA	NA	NA	0.0730829	0.0324075
rs80121857	-0.100988	0.0958044	-0.0754238	0.0513444	-0.0991791	0.112406	-0.122582	0.0715505	-0.258141	0.120295	0.0813956	0.131071	NA	NA
rs13429344	-0.111929	0.10679	NA	NA	NA	NA	NA	NA	NA	NA	NA	NA	-0.0346926	0.0258199
rs11678029	-0.0607358	0.155151	0.0689466	0.0281197	0.0206628	0.0559159	-0.0196388	0.0414013	-0.0427185	0.0623383	-0.00760989	0.064145	NA	NA
rs72945393	0.0333149	0.0757191	NA	NA	NA	NA	NA	NA	NA	NA	NA	NA	0.00665697	0.0220835
rs13382576	0.019807	0.057579	0.0727876	0.0268223	0.0454173	0.0572475	-0.0131376	0.0404491	-0.00127243	0.0636063	-0.00793516	0.0653374	NA	NA
rs56901107	0.0624026	0.0706245	-0.0885721	0.050818	-0.160244	0.109143	-0.131353	0.0703735	-0.196814	0.120698	0.0480905	0.130057	-0.00485836	0.0192736
rs114146224	-0.363701	0.177528	NA	NA	NA	NA	NA	NA	NA	NA	NA	NA	0.0357068	0.044736
rs114459595	-0.363701	0.177528	NA	NA	NA	NA	NA	NA	NA	NA	NA	NA	0.0357068	0.044736
rs72945394	0.0561101	0.0738274	NA	NA	NA	NA	NA	NA	NA	NA	NA	NA	NA	NA
rs6743315	-0.0904984	0.142451	0.0993571	0.0275315	0.0485267	0.0571856	0.0409048	0.0415763	0.0189682	0.0626113	-0.0204779	0.0643403	NA	NA
rs73955582	-0.24437	0.103659	NA	NA	NA	NA	NA	NA	NA	NA	NA	NA	-0.0184994	0.0241442
rs114924531	0.00105815	0.250509	NA	NA	NA	NA	NA	NA	NA	NA	NA	NA	NA	NA
rs73955583	0.15235	0.144023	NA	NA	NA	NA	NA	NA	NA	NA	NA	NA	NA	NA
rs114513007	-0.362575	0.177865	NA	NA	NA	NA	NA	NA	NA	NA	NA	NA	0.0357068	0.044736
rs114548348	-0.362575	0.177865	NA	NA	NA	NA	NA	NA	NA	NA	NA	NA	NA	NA
rs73955584	-0.120033	0.089033	NA	NA	NA	NA	NA	NA	NA	NA	NA	NA	-0.0279826	0.0196462
rs55818317	-0.0602673	0.0820841	0.0677773	0.0270301	0.0491406	0.0577209	-0.0154417	0.0407359	-0.000689	0.0643711	-0.0160047	0.0660546	NA	NA
rs13407755	-0.151563	0.110425	0.230482	0.0841505	-0.0218905	0.181379	0.100323	0.115796	0.0995544	0.162753	0.0132786	0.182149	0.0594031	0.028676
rs77450065	-0.120033	0.089033	NA	NA	NA	NA	NA	NA	NA	NA	NA	NA	-0.0279826	0.0196462
rs113142997	-0.116725	0.0885675	NA	NA	NA	NA	NA	NA	NA	NA	NA	NA	NA	NA
rs13410519	-0.104135	0.0707046	NA	NA	NA	NA	NA	NA	NA	NA	NA	NA	NA	NA
rs6542823	0.161833	0.0793933	0.00809036	0.0452474	0.0382064	0.0974246	0.0998223	0.0668102	0.0650485	0.127036	-0.0624311	0.132312	NA	NA
rs114469204	-0.461994	0.196545	NA	NA	NA	NA	NA	NA	NA	NA	NA	NA	NA	NA
rs112153298	0.380767	0.206503	NA	NA	NA	NA	NA	NA	NA	NA	NA	NA	-0.0466775	0.0659016
rs114803298	-0.114602	0.126639	NA	NA	NA	NA	NA	NA	NA	NA	NA	NA	0.0140867	0.0284819
rs72945397	0.0261302	0.0859142	0.0943705	0.0763503	0.0274006	0.146808	0.0694228	0.11155	0.0186207	0.155018	-0.150986	0.161843	NA	NA
rs66987393	0.0228693	0.0649612	NA	NA	NA	NA	0.0911442	0.0719086	-0.0213766	0.113254	0.382056	0.118821	-0.022712	0.0155025
rs73955586	-0.241277	0.166379	NA	NA	NA	NA	NA	NA	NA	NA	NA	NA	-0.0648351	0.044374
rs11898585	0.0651468	0.0576762	-0.0466211	0.0278393	-0.116921	0.0556551	-0.00279466	0.0421129	0.0385957	0.0645287	0.0799177	0.0668607	0.0163704	0.0135951
rs11887779	-0.344645	0.17937	NA	NA	NA	NA	NA	NA	NA	NA	NA	NA	0.0437583	0.0423102
rs115740562	-0.0691057	0.228205	NA	NA	NA	NA	NA	NA	NA	NA	NA	NA	NA	NA
rs116179903	-0.0190137	0.0992746	NA	NA	NA	NA	NA	NA	NA	NA	NA	NA	NA	NA
rs114711547	-0.272714	0.181877	NA	NA	NA	NA	NA	NA	NA	NA	NA	NA	-0.0614776	0.0355243
rs73955587	-0.0771166	0.0674117	NA	NA	NA	NA	-0.329081	0.193015	NA	NA	NA	NA	NA	NA
rs12621304	-0.0291847	0.0578721	0.035198	0.0267658	0.113851	0.0534036	-0.00675735	0.0410698	-0.0269593	0.0608028	-0.0666064	0.0633946	0.0190106	0.014278
rs116728429	-0.0165327	0.0990046	NA	NA	NA	NA	NA	NA	NA	NA	NA	NA	-0.0253723	0.0331401
rs7561741	-0.029672	0.0578648	0.0351118	0.0267595	0.113743	0.0533834	-0.00673226	0.0410629	-0.0266252	0.0605044	-0.0721186	0.063225	0.0197978	0.0143251
rs116401621	-0.0691057	0.228205	NA	NA	NA	NA	NA	NA	NA	NA	NA	NA	NA	NA
rs115921680	0.178336	0.19794	-0.0216165	0.0836579	0.0981971	0.170658	-0.0997528	0.108779	-0.202864	0.183461	-0.248914	0.207351	-0.0489958	0.0457134
rs7371275	-0.029672	0.0578648	0.035112	0.02676	0.113751	0.053385	-0.00673226	0.0410629	-0.0266252	0.0605044	-0.0721186	0.063225	0.0197978	0.0143251
rs6752962	-0.0165222	0.0990023	NA	NA	NA	NA	NA	NA	NA	NA	NA	NA	-0.024947	0.0329748
rs6724248	-0.0165327	0.0990046	NA	NA	NA	NA	NA	NA	NA	NA	NA	NA	-0.024947	0.0329748
rs6753163	-0.337728	0.172678	NA	NA	NA	NA	NA	NA	NA	NA	NA	NA	NA	NA
rs7368869	-0.0296881	0.0578646	0.0350996	0.0267593	0.113741	0.053383	-0.00674968	0.0410627	-0.026638	0.0605041	-0.0721182	0.0632245	NA	NA
rs56060408	0.149338	0.090792	-0.0704971	0.0562208	0.019106	0.121967	0.0967343	0.0840103	0.103458	0.153533	-0.00526196	0.157399	0.00932042	0.0238322
rs10207608	-0.027655	0.0572472	0.0332681	0.026304	0.112601	0.0522763	-0.00763365	0.0404815	-0.0271659	0.0595431	-0.0720757	0.0622159	0.0102519	0.0149075
rs11694187	0.14434	0.0898593	-0.070522	0.0562223	0.0192193	0.121969	0.0968728	0.0840128	0.103445	0.15354	-0.00510563	0.15741	NA	NA
rs116494267	-0.631691	0.237923	NA	NA	NA	NA	NA	NA	NA	NA	NA	NA	NA	NA
rs7605405	-0.0519435	0.0589953	0.0535501	0.0267447	0.112606	0.0566557	-0.0146506	0.0397916	-0.0202308	0.0598426	-0.0472774	0.0627528	0.0143426	0.0141476
rs7608806	-0.0884734	0.0572839	0.0522427	0.0269964	0.125292	0.0569314	-0.0283062	0.0400145	-0.0421739	0.0601101	-0.0706323	0.0629558	NA	NA
rs57070943	-0.0651108	0.0587757	NA	NA	NA	NA	-0.130002	0.111441	-0.26553	0.179898	-0.0617625	0.203291	NA	NA
rs7608829	-0.0046042	0.0615454	0.0536651	0.0267656	0.11219	0.0566943	-0.0147024	0.0398069	-0.0206805	0.0598789	-0.0474522	0.0628146	NA	NA
rs10176336	-0.0850067	0.0637407	0.0352311	0.026762	0.113685	0.0533695	-0.00725233	0.0410771	-0.0235274	0.0606789	-0.0750783	0.0633952	NA	NA
rs11679264	0.0176545	0.0643171	-0.0698436	0.0561881	0.0190968	0.121729	0.0947772	0.0840586	0.1235	0.15302	-0.0207037	0.156656	-0.0150185	0.0163689
rs11904631	-0.434905	0.155769	NA	NA	NA	NA	NA	NA	NA	NA	NA	NA	NA	NA
rs11695901	0.145324	0.0905555	-0.0704947	0.0562213	0.0190928	0.121969	0.0967526	0.0840117	0.103458	0.153533	-0.00526196	0.157399	0.00989654	0.0235747
rs4076501	-0.0699228	0.0811344	0.0368011	0.0268965	0.118178	0.0537965	-0.0100982	0.0410922	-0.0256	0.0613683	-0.0793182	0.0640368	NA	NA
rs13432829	-0.0218389	0.0982832	NA	NA	NA	NA	NA	NA	NA	NA	NA	NA	-0.024947	0.0329748
rs116698963	-0.34161	0.172536	NA	NA	NA	NA	NA	NA	NA	NA	NA	NA	-0.0271508	0.029848
rs116812762	-0.427483	0.155781	NA	NA	NA	NA	NA	NA	NA	NA	NA	NA	NA	NA
rs60433005	0.0180435	0.0627289	-0.0698436	0.0561881	0.0190968	0.121729	0.0947772	0.0840586	0.1235	0.15302	-0.0207037	0.156656	NA	NA
rs58399658	-0.109508	0.0886925	NA	NA	NA	NA	NA	NA	NA	NA	NA	NA	NA	NA
rs10197129	-0.0218389	0.0982832	NA	NA	NA	NA	NA	NA	NA	NA	NA	NA	NA	NA
rs72947104	-0.247366	0.1506	NA	NA	NA	NA	NA	NA	NA	NA	NA	NA	0.0616051	0.0448095
rs115507796	-0.32912	0.172678	NA	NA	NA	NA	NA	NA	NA	NA	NA	NA	-0.0514258	0.0309503
rs73953104	-0.149785	0.0849938	NA	NA	NA	NA	NA	NA	NA	NA	NA	NA	-0.0146277	0.0216652
rs6542824	0.0580579	0.0568998	0.0364141	0.026289	0.101789	0.0529124	0.00700015	0.0402724	-0.00480251	0.059664	-0.0488589	0.0627661	0.0195701	0.0138264
rs6542825	0.00805261	0.0616394	0.045646	0.0275325	0.100491	0.0576472	-0.00307301	0.0411302	-0.0135895	0.0622124	-0.055936	0.065519	0.0220099	0.0147801
rs72824750	-0.121926	0.0611622	NA	NA	NA	NA	NA	NA	NA	NA	NA	NA	NA	NA
rs7368572	-0.17937	0.0681661	0.0457042	0.0276233	0.103819	0.0573835	-0.0115283	0.0413989	-0.0381971	0.061229	-0.0511984	0.0645439	-0.00788871	0.0171249
rs115974880	-0.0832687	0.219238	NA	NA	NA	NA	NA	NA	NA	NA	NA	NA	NA	NA
rs73953106	-0.234031	0.166471	NA	NA	NA	NA	NA	NA	NA	NA	NA	NA	NA	NA
rs114595583	-0.0300787	0.215232	NA	NA	NA	NA	NA	NA	NA	NA	NA	NA	-0.0497125	0.0649378
rs7600011	-0.0120309	0.0558578	0.0546332	0.0268454	0.106914	0.0567868	-0.0154044	0.0398644	-0.0252371	0.0601324	-0.055954	0.0630607	NA	NA
rs11901112	-0.0248591	0.0679117	-0.0117768	0.0788215	0.112236	0.160269	-0.12058	0.106284	-0.189524	0.168363	-0.213193	0.186404	NA	NA
rs74613696	-0.0183917	0.174743	-0.0209671	0.0431478	-0.0210742	0.0914457	0.0928846	0.065647	0.0836147	0.123809	-0.030234	0.128304	0.0106242	0.0432298
rs3924213	-0.056274	0.0739618	0.0382255	0.0268297	0.0706812	0.0563409	0.0033646	0.0390424	-0.00729701	0.0595741	-0.0065541	0.0626444	0.00867356	0.0158093
rs10206756	0.017211	0.107545	NA	NA	NA	NA	NA	NA	NA	NA	NA	NA	0.0716742	0.0297798
rs10183061	0.0294207	0.0579996	0.0372831	0.027982	0.0597737	0.0554391	0.0439644	0.0410657	0.0165275	0.0627707	-0.0110461	0.0665713	0.0104404	0.0145278
rs76667113	-0.107813	0.149668	-0.0224664	0.0827479	0.0979451	0.170019	-0.105724	0.107488	-0.215528	0.183499	-0.235266	0.207444	-0.0361146	0.0258053
rs72947110	0.0181769	0.107447	NA	NA	NA	NA	NA	NA	NA	NA	NA	NA	0.0707065	0.0290031
rs115979331	-0.106997	0.208298	NA	NA	NA	NA	NA	NA	NA	NA	NA	NA	NA	NA
rs7568694	-0.0548122	0.130527	-0.0127227	0.0394082	-0.00129729	0.0830496	0.0470363	0.0582249	-0.0103416	0.107886	-0.0900059	0.111442	-0.0407375	0.02332
rs115508091	-0.10704	0.208306	NA	NA	NA	NA	NA	NA	NA	NA	NA	NA	NA	NA
rs114503991	-0.319272	0.174751	NA	NA	NA	NA	NA	NA	NA	NA	NA	NA	NA	NA
rs114691378	0.00158896	0.185558	NA	NA	NA	NA	NA	NA	NA	NA	NA	NA	-0.00708114	0.0427632
rs10165947	-0.0230159	0.0812785	-0.0131942	0.0396809	0.0061876	0.0836151	0.0481277	0.058627	-0.0108639	0.108433	-0.091686	0.112028	-0.00660157	0.0191794
rs7558217	-0.0809553	0.0745862	0.0370663	0.0268613	0.0710581	0.0566012	0.0045682	0.0390429	-0.00379438	0.0593887	-0.00703468	0.0626021	0.00849072	0.0158313
rs10178517	0.0323898	0.101298	-0.0095757	0.0433294	-0.0209021	0.091423	0.101397	0.0659805	0.0835344	0.123763	-0.0303604	0.128266	0.0377859	0.0253813
rs10166251	0.0186861	0.107932	NA	NA	NA	NA	NA	NA	NA	NA	NA	NA	NA	NA
rs6542826	-0.066234	0.0730564	0.0361209	0.0279407	0.0602804	0.0554781	0.0441729	0.0410571	0.0172413	0.0626369	-0.0160299	0.0663827	0.00206403	0.0152895
rs115732835	-0.33819	0.171742	NA	NA	NA	NA	NA	NA	NA	NA	NA	NA	-0.0568863	0.0333044
rs13387368	-0.0914896	0.0630363	NA	NA	NA	NA	NA	NA	NA	NA	NA	NA	NA	NA
rs13387401	0.0792239	0.0860581	NA	NA	NA	NA	NA	NA	NA	NA	NA	NA	0.0345147	0.0232196
rs114440131	-0.335948	0.179707	NA	NA	NA	NA	NA	NA	NA	NA	NA	NA	NA	NA
rs13387626	-0.0220702	0.0979056	NA	NA	NA	NA	NA	NA	NA	NA	NA	NA	NA	NA
rs111796688	-0.173213	0.1111	NA	NA	NA	NA	NA	NA	NA	NA	NA	NA	-0.00893584	0.0328075
rs6714592	-0.022133	0.0978709	NA	NA	NA	NA	NA	NA	NA	NA	NA	NA	NA	NA
rs6714868	-0.0187979	0.0970657	NA	NA	NA	NA	NA	NA	NA	NA	NA	NA	-0.0165616	0.0326865
rs112797264	-0.173071	0.111069	NA	NA	NA	NA	NA	NA	NA	NA	NA	NA	-0.00893584	0.0328075
rs73953107	0.116387	0.0881753	NA	NA	NA	NA	NA	NA	NA	NA	NA	NA	0.0139788	0.0238768
rs116246349	-0.0756858	0.302783	NA	NA	NA	NA	NA	NA	NA	NA	NA	NA	NA	NA
rs73953108	0.116154	0.0881778	NA	NA	NA	NA	NA	NA	NA	NA	NA	NA	0.0088805	0.0237536
rs115433426	-0.0846196	0.217958	NA	NA	NA	NA	NA	NA	NA	NA	NA	NA	NA	NA
rs72947113	0.0599082	0.0577674	NA	NA	NA	NA	NA	NA	NA	NA	NA	NA	NA	NA
rs7569622	-0.0221035	0.0978029	NA	NA	NA	NA	NA	NA	NA	NA	NA	NA	NA	NA
rs114698374	0.124011	0.126427	NA	NA	NA	NA	NA	NA	NA	NA	NA	NA	-0.0347169	0.034064
rs116645381	-0.107355	0.208332	NA	NA	NA	NA	NA	NA	NA	NA	NA	NA	NA	NA
rs114220493	-0.107355	0.208332	NA	NA	NA	NA	NA	NA	NA	NA	NA	NA	NA	NA
rs116362679	0.124011	0.126427	NA	NA	NA	NA	NA	NA	NA	NA	NA	NA	-0.0347169	0.034064
rs58807707	0.0368464	0.0539932	NA	NA	NA	NA	NA	NA	NA	NA	NA	NA	0.02084	0.0144411
rs113554228	0.0339857	0.107116	NA	NA	NA	NA	NA	NA	NA	NA	NA	NA	0.0708818	0.029286
rs73953109	0.116435	0.0880218	NA	NA	NA	NA	NA	NA	NA	NA	NA	NA	0.0088805	0.0237536
rs115864876	-0.0728032	0.0927217	NA	NA	NA	NA	NA	NA	NA	NA	NA	NA	NA	NA
rs7370446	-0.049744	0.0719529	0.0359389	0.0272032	0.0463996	0.0537788	0.0383808	0.0401869	0.00419351	0.0609814	-0.0163025	0.0647219	0.00361459	0.0153894
rs7369523	-0.0415777	0.121091	0.0495557	0.0271165	0.115592	0.0570235	-0.0215528	0.0395607	-0.0825565	0.0612366	0.0321003	0.0628729	NA	NA
rs73953110	0.0062498	0.0738373	NA	NA	NA	NA	NA	NA	NA	NA	NA	NA	0.00299152	0.0200581
rs7573886	0.125079	0.117727	NA	NA	NA	NA	NA	NA	NA	NA	NA	NA	NA	NA
rs114934664	-0.0845978	0.217941	NA	NA	NA	NA	NA	NA	NA	NA	NA	NA	NA	NA
rs6419563	-0.0759022	0.0563146	0.037346	0.0285807	0.0605544	0.0563412	0.0267225	0.0429531	-0.0256072	0.0639203	-0.0433993	0.0664129	NA	NA
rs114953550	-0.084311	0.218098	NA	NA	NA	NA	NA	NA	NA	NA	NA	NA	NA	NA
rs10178043	0.0836418	0.0676878	-0.0103255	0.0532426	-0.074068	0.105121	0.12765	0.0827965	0.0567687	0.143613	-0.138675	0.147955	0.023538	0.0191171
rs12328017	-0.0302993	0.0670987	0.0370133	0.0285867	0.0609066	0.0563514	0.026722	0.0429544	-0.0255568	0.0639251	-0.0434094	0.0664175	NA	NA
rs115718927	0.11244	0.126526	NA	NA	NA	NA	NA	NA	NA	NA	NA	NA	-0.0347169	0.034064
rs7587339	-0.0227673	0.0597482	-0.0203715	0.0829746	0.0860642	0.170538	-0.107501	0.107901	-0.20219	0.174773	-0.15994	0.194926	-0.0111941	0.0158234
rs6542827	-0.0302152	0.0673514	0.0378967	0.0286223	0.0633696	0.0564192	0.0278382	0.042977	-0.0246365	0.0639497	-0.0448277	0.0664167	NA	NA
rs11892434	-0.0252806	0.0988082	NA	NA	NA	NA	NA	NA	NA	NA	NA	NA	0.0115776	0.029984
rs10171859	0.0389429	0.106845	NA	NA	NA	NA	NA	NA	NA	NA	NA	NA	NA	NA
rs10172271	0.0466436	0.0691492	NA	NA	NA	NA	NA	NA	NA	NA	NA	NA	NA	NA
rs10195703	0.0372904	0.106424	NA	NA	NA	NA	NA	NA	NA	NA	NA	NA	0.0707065	0.0290031
rs116146735	-0.101091	0.189853	NA	NA	NA	NA	NA	NA	NA	NA	NA	NA	NA	NA
rs7568486	0.0510933	0.0678576	-0.00410107	0.0491688	-0.0597745	0.0972275	0.087957	0.0756106	0.062272	0.134617	-0.139484	0.139217	NA	NA
rs13393569	-0.0125402	0.0944271	NA	NA	NA	NA	NA	NA	NA	NA	NA	NA	-0.0151035	0.0323991
rs114604190	0.0319996	0.251568	NA	NA	NA	NA	NA	NA	NA	NA	NA	NA	NA	NA
rs73953111	-0.211382	0.171076	NA	NA	NA	NA	NA	NA	NA	NA	NA	NA	-0.0559837	0.0431767
rs6542828	-0.0572297	0.0735948	0.0376394	0.0266878	0.0714651	0.0546642	0.00909025	0.0393137	-0.00773376	0.0592649	0.00145546	0.0625891	0.0065617	0.0158402
rs116546237	-0.0737766	0.2334	NA	NA	NA	NA	NA	NA	NA	NA	NA	NA	NA	NA
rs12105669	0.0115918	0.0734716	NA	NA	NA	NA	NA	NA	NA	NA	NA	NA	0.00299152	0.0200581
rs35306950	-0.0442008	0.068977	NA	NA	NA	NA	0.0272657	0.0432267	-0.0245348	0.0641965	-0.0448155	0.0666808	NA	NA
rs114274128	-0.0207448	0.0971822	NA	NA	NA	NA	NA	NA	NA	NA	NA	NA	-0.0158115	0.0329792
rs6542829	-0.0635184	0.0737195	0.0376929	0.0266872	0.0714514	0.0546616	0.00910165	0.0393142	-0.00773431	0.0592674	0.00146524	0.0625922	NA	NA
rs112466728	0.456282	0.314708	NA	NA	NA	NA	NA	NA	NA	NA	NA	NA	NA	NA
rs10178711	0.0712693	0.0823787	-0.0112625	0.0532469	-0.0754692	0.105119	0.127077	0.0827946	0.0567687	0.143613	-0.138675	0.147955	0.0178587	0.0215262
rs6542830	-0.0634812	0.0737243	0.0376302	0.0266882	0.071522	0.0546645	0.00910165	0.0393142	-0.00773431	0.0592674	0.00146524	0.0625922	NA	NA
rs113142709	-0.150162	0.109618	NA	NA	NA	NA	NA	NA	NA	NA	NA	NA	-0.00893584	0.0328075
rs72947117	0.091628	0.11046	NA	NA	NA	NA	NA	NA	NA	NA	NA	NA	0.00627277	0.0380334
rs73953112	0.112619	0.0880169	NA	NA	NA	NA	NA	NA	NA	NA	NA	NA	NA	NA
rs10205142	0.0382373	0.10643	NA	NA	NA	NA	NA	NA	NA	NA	NA	NA	0.0707065	0.0290031
rs116639128	-0.0173973	0.0927356	NA	NA	NA	NA	NA	NA	NA	NA	NA	NA	-0.0151035	0.0323991
rs13426372	0.0242541	0.0542373	-0.0110489	0.0532803	-0.0755718	0.105114	0.127054	0.0827949	0.0494364	0.139338	-0.103932	0.142679	0.0169363	0.0144078
rs73953113	0.0112379	0.0734279	NA	NA	NA	NA	NA	NA	NA	NA	NA	NA	0.00299152	0.0200581
rs115168153	-0.0840409	0.218245	NA	NA	NA	NA	NA	NA	NA	NA	NA	NA	NA	NA
rs111680544	-0.107937	0.208307	NA	NA	NA	NA	NA	NA	NA	NA	NA	NA	NA	NA
rs10185657	0.0437054	0.0551195	-0.0110489	0.0532803	-0.0755718	0.105114	0.127054	0.0827949	0.0494051	0.139342	-0.103944	0.142684	NA	NA
rs116454259	-0.0737766	0.2334	NA	NA	NA	NA	NA	NA	NA	NA	NA	NA	NA	NA
rs115853706	-0.0737766	0.2334	NA	NA	NA	NA	NA	NA	NA	NA	NA	NA	NA	NA
rs13408371	0.0569078	0.0550522	NA	NA	NA	NA	NA	NA	NA	NA	NA	NA	0.0168798	0.0149736
rs113529805	-0.149204	0.109463	NA	NA	NA	NA	NA	NA	NA	NA	NA	NA	NA	NA
rs116710892	-0.0840409	0.218245	NA	NA	NA	NA	NA	NA	NA	NA	NA	NA	NA	NA
rs72947121	0.0718944	0.10994	NA	NA	NA	NA	NA	NA	NA	NA	NA	NA	0.0275003	0.0338916
rs112568962	0.0712768	0.174477	NA	NA	NA	NA	NA	NA	NA	NA	NA	NA	NA	NA
rs13411554	-0.0169553	0.0924909	NA	NA	NA	NA	NA	NA	NA	NA	NA	NA	NA	NA
rs13411394	-0.0169553	0.0924909	NA	NA	NA	NA	NA	NA	NA	NA	NA	NA	NA	NA
rs13411596	-0.0194809	0.0964161	NA	NA	NA	NA	NA	NA	NA	NA	NA	NA	NA	NA
rs13412224	0.0565376	0.0551645	NA	NA	NA	NA	NA	NA	NA	NA	NA	NA	0.0168798	0.0149736
rs13412231	0.0703498	0.0855076	NA	NA	NA	NA	NA	NA	NA	NA	NA	NA	0.0280318	0.0228355
rs35545612	-0.0727834	0.074597	NA	NA	NA	NA	0.0117719	0.0392981	-0.00689726	0.0592845	-0.000834098	0.0625642	0.00478105	0.0161067
rs11688086	-0.0274618	0.0650587	0.0383994	0.0277776	0.0572981	0.0549341	0.04327	0.0409572	0.00201324	0.0619334	-0.0234062	0.0655457	NA	NA
rs34554071	-0.0611471	0.122548	0.050173	0.0281603	0.120597	0.0593057	-0.0218119	0.0408838	-0.0962469	0.0630996	0.0220113	0.0647504	NA	NA
rs73953114	-0.0281434	0.0646117	NA	NA	NA	NA	NA	NA	NA	NA	NA	NA	NA	NA
rs73953115	0.112333	0.0885264	NA	NA	NA	NA	NA	NA	NA	NA	NA	NA	NA	NA
rs112653708	-0.00463909	0.132951	NA	NA	NA	NA	NA	NA	NA	NA	NA	NA	-0.0341546	0.0539828
rs73953116	-0.0168662	0.0607801	NA	NA	NA	NA	NA	NA	NA	NA	NA	NA	0.00692469	0.0172922
rs112402740	-0.149431	0.109452	NA	NA	NA	NA	NA	NA	NA	NA	NA	NA	-0.00893584	0.0328075
rs114109148	-0.0840409	0.218245	NA	NA	NA	NA	NA	NA	NA	NA	NA	NA	NA	NA
rs116402145	-0.337881	0.171939	NA	NA	NA	NA	NA	NA	NA	NA	NA	NA	-0.0559306	0.0329883
rs13403108	0.0726001	0.0856782	NA	NA	NA	NA	NA	NA	NA	NA	NA	NA	0.0280318	0.0228355
rs115702508	0.0448648	0.0754912	NA	NA	NA	NA	NA	NA	NA	NA	NA	NA	0.0179579	0.0203875
rs74953427	-0.111976	0.155151	-0.0215814	0.0831555	0.0866522	0.171159	-0.107819	0.108059	-0.219263	0.184997	-0.239306	0.209049	-0.0434087	0.0273224
rs61438307	-0.0207008	0.0670713	NA	NA	NA	NA	NA	NA	NA	NA	NA	NA	0.0112113	0.0179275
rs12712032	-0.0260774	0.0655142	0.0390549	0.0277401	0.0572509	0.054845	0.0441166	0.0408995	0.00272522	0.0618475	-0.0231497	0.0654729	NA	NA
rs112532967	-0.00493607	0.132971	NA	NA	NA	NA	NA	NA	NA	NA	NA	NA	-0.0341546	0.0539828
rs114348333	-0.0306546	0.0924107	NA	NA	NA	NA	NA	NA	NA	NA	NA	NA	-0.0151035	0.0323991
rs7586354	-0.338323	0.171984	NA	NA	NA	NA	NA	NA	NA	NA	NA	NA	-0.0559306	0.0329883
rs7600602	-0.0398607	0.0689612	0.0369693	0.0280061	0.0677872	0.0550966	0.0304905	0.0419753	-0.0230138	0.0623706	-0.0466846	0.0647913	0.0043227	0.0170038
rs7562870	0.0615119	0.0634988	-0.0128263	0.0545318	-0.0711187	0.10806	0.161089	0.0851734	-0.00607814	0.154523	-0.144367	0.156244	0.020676	0.0188817
rs13388833	0.0619933	0.0635781	-0.0128263	0.0545318	-0.0711187	0.10806	0.161089	0.0851734	-0.00607814	0.154523	-0.144367	0.156244	0.0200496	0.0188866
rs11897187	-0.020813	0.067055	NA	NA	NA	NA	NA	NA	NA	NA	NA	NA	0.0112113	0.0179275
rs114575870	-0.0840409	0.218245	NA	NA	NA	NA	NA	NA	NA	NA	NA	NA	NA	NA
rs114942559	-0.0358138	0.0911158	NA	NA	NA	NA	NA	NA	NA	NA	NA	NA	-0.0151035	0.0323991
rs73953118	-0.0208463	0.0670549	NA	NA	NA	NA	NA	NA	NA	NA	NA	NA	0.0112113	0.0179275
rs111279408	-0.0208463	0.0670549	NA	NA	NA	NA	NA	NA	NA	NA	NA	NA	0.00964969	0.0179892
rs10200361	0.0581519	0.105753	NA	NA	NA	NA	NA	NA	NA	NA	NA	NA	NA	NA
rs73953119	-0.212897	0.170872	NA	NA	NA	NA	NA	NA	NA	NA	NA	NA	NA	NA
rs113222748	-0.147819	0.109683	NA	NA	NA	NA	NA	NA	NA	NA	NA	NA	-0.00893584	0.0328075
rs113479875	0.09396	0.110164	NA	NA	NA	NA	NA	NA	NA	NA	NA	NA	0.00627277	0.0380334
rs72947128	-0.0504815	0.141218	NA	NA	NA	NA	NA	NA	NA	NA	NA	NA	-0.03392	0.038471
rs115235209	-0.0840007	0.218248	NA	NA	NA	NA	NA	NA	NA	NA	NA	NA	NA	NA
rs114118286	-0.149254	0.214045	NA	NA	NA	NA	NA	NA	NA	NA	NA	NA	0.00345089	0.0564557
rs7425730	-0.0280949	0.0546661	0.0407593	0.0265837	0.0764812	0.0544489	0.00628344	0.0390465	0.00491008	0.0596455	0.00386347	0.0630645	NA	NA
rs112068124	-0.147819	0.109683	NA	NA	NA	NA	NA	NA	NA	NA	NA	NA	-0.00893584	0.0328075
rs116298231	-0.149137	0.214243	NA	NA	NA	NA	NA	NA	NA	NA	NA	NA	0.00345089	0.0564557
rs7605170	-0.308118	0.187878	NA	NA	NA	NA	NA	NA	NA	NA	NA	NA	-0.109637	0.052051
rs112018135	0.0204055	0.105445	NA	NA	NA	NA	NA	NA	NA	NA	NA	NA	0.00627277	0.0380334
rs6542831	-0.0483188	0.0562048	0.0407593	0.0265837	0.0764812	0.0544489	0.00628344	0.0390465	0.00491008	0.0596455	0.00386347	0.0630645	0.0138861	0.0142398
rs72947129	0.0942057	0.110102	NA	NA	NA	NA	NA	NA	NA	NA	NA	NA	0.00627277	0.0380334
rs114954782	-0.112676	0.224221	NA	NA	NA	NA	NA	NA	NA	NA	NA	NA	NA	NA
rs115517564	0.0131097	0.190121	NA	NA	NA	NA	NA	NA	NA	NA	NA	NA	0.0176055	0.0466619
rs13416499	-0.0481292	0.0892356	NA	NA	NA	NA	NA	NA	NA	NA	NA	NA	-0.0151035	0.0323991
rs73953121	-0.0217077	0.067126	NA	NA	NA	NA	NA	NA	NA	NA	NA	NA	0.0128076	0.0179451
rs115976980	-0.149923	0.214664	NA	NA	NA	NA	NA	NA	NA	NA	NA	NA	NA	NA
rs7424652	0.0650593	0.101096	-0.0128978	0.0541027	-0.0715947	0.107252	0.159344	0.0844398	-0.00408171	0.153288	-0.139726	0.154936	0.0469455	0.0269913
rs7419404	-0.0624158	0.073976	0.0406729	0.0265841	0.0769828	0.0544514	0.00628344	0.0390465	0.00523742	0.0594878	-0.00166408	0.0627864	NA	NA
rs113013107	0.0957978	0.0984497	NA	NA	NA	NA	NA	NA	NA	NA	NA	NA	NA	NA
rs11899775	0.0422907	0.0760432	NA	NA	NA	NA	NA	NA	NA	NA	NA	NA	0.0218489	0.0204832
rs114609880	-0.107261	0.208422	NA	NA	NA	NA	NA	NA	NA	NA	NA	NA	NA	NA
rs11900909	0.0421687	0.0760359	NA	NA	NA	NA	NA	NA	NA	NA	NA	NA	NA	NA
rs11680908	0.0461151	0.0742658	-0.0272089	0.0538796	-0.0864775	0.10683	0.149396	0.0831226	0.0187018	0.153771	-0.131914	0.155178	0.0343919	0.0220817
rs115195650	-0.0469633	0.0886456	NA	NA	NA	NA	NA	NA	NA	NA	NA	NA	NA	NA
rs11692143	0.0661164	0.100075	-0.0270263	0.0538873	-0.0867396	0.106841	0.14924	0.0831303	0.0184213	0.153753	-0.128807	0.155086	0.0442234	0.0258426
rs6542832	0.0166301	0.056547	0.0392353	0.0259902	0.0758761	0.0531235	0.00660571	0.0381921	0.00318353	0.0580343	0.00226214	0.0613857	NA	NA
rs114736115	-0.150907	0.215151	NA	NA	NA	NA	NA	NA	NA	NA	NA	NA	0.00345089	0.0564557
rs115309581	-0.107217	0.208461	NA	NA	NA	NA	NA	NA	NA	NA	NA	NA	NA	NA
rs114250471	-0.115898	0.225591	NA	NA	NA	NA	NA	NA	NA	NA	NA	NA	NA	NA
rs7371677	-0.0801848	0.0731747	0.0410852	0.0265829	0.0778571	0.0544399	0.00627885	0.0390465	0.00523002	0.0594553	-0.00125281	0.0627348	NA	NA
rs13396758	0.048254	0.0745717	-0.213002	0.0976036	-0.0984455	0.20185	0.243867	0.139268	-0.0919702	0.278442	-0.360386	0.267059	0.0418692	0.0233272
rs11680260	-0.0173065	0.0614888	0.0408856	0.0266292	0.0776054	0.0545525	0.00578866	0.0391051	0.00485092	0.059522	0.00152767	0.0628959	0.0156238	0.0144289
rs115512047	0.190489	0.196009	NA	NA	NA	NA	NA	NA	NA	NA	NA	NA	-0.0093646	0.0365042
rs11685400	-0.00120509	0.05438	0.0408524	0.0266319	0.077623	0.0545597	0.00581952	0.0391079	0.00490165	0.0595188	0.00200436	0.0628997	NA	NA
rs73953122	0.0417872	0.0760133	NA	NA	NA	NA	NA	NA	NA	NA	NA	NA	0.0229382	0.0202293
rs13383960	-0.0468958	0.0886452	NA	NA	NA	NA	NA	NA	NA	NA	NA	NA	NA	NA
rs111732003	0.175082	0.110813	NA	NA	NA	NA	NA	NA	NA	NA	NA	NA	-0.0311003	0.0321144
rs11674736	-0.0718445	0.0757804	0.0411001	0.0265842	0.0779386	0.0544409	0.00633432	0.0390489	0.00522124	0.0594569	-0.00125336	0.0627373	0.00235944	0.0159694
rs11681615	-0.0611617	0.0769023	0.0411421	0.0265975	0.0776177	0.0544824	0.00653502	0.0390622	0.00526987	0.0594854	-0.00132857	0.0627616	0.000290675	0.0159248
rs13387929	0.0635822	0.106922	NA	NA	NA	NA	NA	NA	NA	NA	NA	NA	0.066132	0.0299891
rs71959767	-0.0398579	0.0871938	NA	NA	NA	NA	NA	NA	NA	NA	NA	NA	-0.00935097	0.0292982
rs13415971	0.0379661	0.0561318	NA	NA	NA	NA	NA	NA	NA	NA	NA	NA	0.00485135	0.0158229
rs13391003	-0.0468441	0.0886395	NA	NA	NA	NA	NA	NA	NA	NA	NA	NA	-0.0153834	0.0317249
rs13391142	0.0669745	0.102569	-0.213002	0.0976036	-0.0984455	0.20185	0.243867	0.139268	-0.0919702	0.278442	-0.360386	0.267059	0.0650387	0.028657
rs79737259	-0.0409136	0.162391	-0.0274015	0.0854378	0.0824181	0.17696	-0.112091	0.110697	-0.340793	0.209405	-0.369698	0.233183	-0.0538983	0.0301478
rs13391558	0.0356584	0.0559953	NA	NA	NA	NA	NA	NA	NA	NA	NA	NA	NA	NA
rs10175977	0.063393	0.107019	NA	NA	NA	NA	NA	NA	NA	NA	NA	NA	NA	NA
rs7369295	-0.0682203	0.0752484	0.0411001	0.0265842	0.0779386	0.0544409	0.00633432	0.0390489	0.0051509	0.0594582	-0.00141512	0.0627435	NA	NA
rs60411846	0.0930151	0.109617	NA	NA	NA	NA	NA	NA	NA	NA	NA	NA	NA	NA
rs60618981	0.0930151	0.109617	NA	NA	NA	NA	NA	NA	NA	NA	NA	NA	0.00627277	0.0380334
rs112638765	-0.139724	0.0997498	NA	NA	NA	NA	NA	NA	NA	NA	NA	NA	0.000849739	0.0314082
rs61202729	0.0814073	0.0759664	-0.229061	0.0994698	-0.120103	0.20473	0.245581	0.141784	-0.096251	0.284468	-0.37407	0.273122	NA	NA
rs78654081	0.0453416	0.0760622	NA	NA	NA	NA	NA	NA	NA	NA	NA	NA	0.0229382	0.0202293
rs112885642	-0.139904	0.0997529	NA	NA	NA	NA	NA	NA	NA	NA	NA	NA	0.000849739	0.0314082
rs72457591	0.0684033	0.0767761	NA	NA	NA	NA	0.245581	0.141784	-0.096251	0.284468	-0.37407	0.273122	NA	NA
rs72947133	-0.0280022	0.14435	NA	NA	NA	NA	NA	NA	NA	NA	NA	NA	-0.0623265	0.0509396
rs11680752	-0.0735819	0.0758429	0.0398008	0.0265975	0.081349	0.0543746	0.00723541	0.038981	0.00575071	0.0594689	-0.00306343	0.0627395	0.00235944	0.0159694
rs116646466	-0.115648	0.226344	NA	NA	NA	NA	NA	NA	NA	NA	NA	NA	NA	NA
rs72947137	0.0814335	0.0759707	-0.23123	0.0994602	-0.122084	0.204745	0.245249	0.141774	-0.100001	0.284484	-0.339028	0.27326	NA	NA
rs72947138	0.0670171	0.10258	-0.23123	0.0994602	-0.122084	0.204745	0.245249	0.141774	-0.100001	0.284484	-0.339028	0.27326	0.0650387	0.028657
rs10164762	0.0294381	0.0551103	NA	NA	NA	NA	NA	NA	NA	NA	NA	NA	0.00144019	0.0156156
rs115082446	-0.251046	0.171914	NA	NA	NA	NA	NA	NA	NA	NA	NA	NA	-0.0568863	0.0333044
rs114030834	0.0599255	0.20768	NA	NA	NA	NA	NA	NA	NA	NA	NA	NA	NA	NA
rs114583825	0.0702718	0.107175	NA	NA	NA	NA	NA	NA	NA	NA	NA	NA	-0.0229595	0.0287283
rs112893492	-0.137874	0.0999991	NA	NA	NA	NA	NA	NA	NA	NA	NA	NA	0.00312122	0.0312805
rs6705524	0.139258	0.118047	NA	NA	NA	NA	NA	NA	NA	NA	NA	NA	-0.0315524	0.0330362
rs73953123	0.0514777	0.0743483	NA	NA	NA	NA	NA	NA	NA	NA	NA	NA	NA	NA
rs12611654	0.00188575	0.0741107	0.040352	0.0267284	0.0798129	0.0548231	0.00651998	0.0392379	0.00649063	0.0595507	-0.00310957	0.0628263	0.00388368	0.0158905
rs115136400	0.205626	0.118204	NA	NA	NA	NA	NA	NA	NA	NA	NA	NA	-0.0181399	0.0281208
rs13399562	0.045459	0.055979	-0.229333	0.0995377	-0.110401	0.204873	0.245242	0.141867	-0.0580821	0.250311	-0.212764	0.242451	NA	NA
rs55736161	0.118278	0.0891274	NA	NA	NA	NA	NA	NA	NA	NA	NA	NA	0.00555094	0.0233394
rs13000417	-0.0184354	0.0666158	0.0245129	0.0272221	0.0733661	0.0544565	0.0276578	0.0403788	0.0029294	0.0605832	-0.0183639	0.0643942	NA	NA
rs116553935	-0.251046	0.171914	NA	NA	NA	NA	NA	NA	NA	NA	NA	NA	-0.0569728	0.0334767
rs10184158	-0.0870047	0.0657031	NA	NA	NA	NA	NA	NA	NA	NA	NA	NA	0.000407305	0.0207272
rs7369007	-0.0735	0.0776408	0.0379665	0.0259506	0.0799148	0.0528978	0.00831374	0.038074	0.00386872	0.0580215	-0.00227821	0.0612791	0.00259411	0.0162244
rs10172054	-0.0353548	0.0754289	NA	NA	NA	NA	NA	NA	NA	NA	NA	NA	-0.00171549	0.0256863
rs72947142	0.0886789	0.10779	NA	NA	NA	NA	NA	NA	NA	NA	NA	NA	0.00991057	0.0382847
rs6718336	-0.0514523	0.0954547	NA	NA	NA	NA	NA	NA	NA	NA	NA	NA	-0.00670933	0.0321824
rs72949160	0.0521043	0.0633026	-0.22879	0.0995159	-0.121103	0.204812	0.244441	0.141824	-0.0771201	0.250243	-0.215427	0.24252	0.0354037	0.0168746
rs115457624	-0.232194	0.245879	NA	NA	NA	NA	NA	NA	NA	NA	NA	NA	-0.00193095	0.0366021
rs76553841	0.137631	0.118131	NA	NA	NA	NA	NA	NA	NA	NA	NA	NA	NA	NA
rs80175085	0.137653	0.118172	NA	NA	NA	NA	NA	NA	NA	NA	NA	NA	NA	NA
rs7369739	0.0637243	0.223497	-0.00150761	0.0353272	-0.0398334	0.0734537	0.0372918	0.0504818	0.148054	0.0754191	-0.0264272	0.0797775	-0.00064809	0.0341999
rs62154204	-0.029785	0.0638081	0.0398476	0.0265984	0.0834229	0.0543828	0.00732831	0.0389821	0.00568201	0.059518	-0.00292326	0.0627636	0.00725678	0.0151067
rs72949161	0.0772357	0.103228	-0.22904	0.0994708	-0.120139	0.204731	0.245581	0.141784	-0.096372	0.284467	-0.374456	0.273119	0.07111	0.0287238
rs72949162	0.0527223	0.0632534	-0.228811	0.0995152	-0.121067	0.204812	0.244441	0.141824	-0.0771201	0.250243	-0.215427	0.24252	0.0354911	0.0168679
rs35701215	-0.00964857	0.0781245	NA	NA	NA	NA	NA	NA	NA	NA	NA	NA	0.018438	0.0194093
rs114046621	0.139184	0.118405	NA	NA	NA	NA	NA	NA	NA	NA	NA	NA	NA	NA
rs79950702	0.0621551	0.312567	-0.229017	0.0994536	-0.119442	0.204717	0.24556	0.141786	-0.0967504	0.284931	-0.37582	0.273519	NA	NA
rs115240058	-0.0511771	0.0955382	NA	NA	NA	NA	NA	NA	NA	NA	NA	NA	-0.00670933	0.0321824
rs10779901	0.00036614	0.0663554	NA	NA	NA	NA	0.027338	0.0404275	0.00398567	0.06083	-0.0171027	0.0646657	NA	NA
rs11894426	-0.0430065	0.0570478	-0.225698	0.0994505	-0.115117	0.204305	0.247125	0.141927	-0.0502173	0.249872	-0.218127	0.242014	0.00833498	0.0156071
rs11894388	0.0421841	0.0617915	-0.225221	0.0996338	-0.118193	0.20489	0.246234	0.141861	-0.077484	0.24973	-0.216086	0.24209	0.0370846	0.0165886
rs73953129	0.0937714	0.0854662	NA	NA	NA	NA	NA	NA	NA	NA	NA	NA	0.0103969	0.0219081
rs13408309	0.039639	0.0626626	-0.225221	0.0996338	-0.118193	0.20489	0.246234	0.141861	-0.077484	0.24973	-0.216086	0.24209	NA	NA
rs115031375	0.137041	0.127786	NA	NA	NA	NA	NA	NA	NA	NA	NA	NA	-0.0355356	0.0326528
rs13411278	0.0421582	0.0537179	-0.223918	0.0995545	-0.110954	0.204429	0.248825	0.142013	-0.0531391	0.249836	-0.217687	0.241953	NA	NA
rs112511982	0.099964	0.106917	NA	NA	NA	NA	NA	NA	NA	NA	NA	NA	0.00991057	0.0382847
rs10195017	-0.0326109	0.0767865	NA	NA	NA	NA	NA	NA	NA	NA	NA	NA	-0.00884561	0.0269889
rs112203915	-0.133743	0.0996404	NA	NA	NA	NA	NA	NA	NA	NA	NA	NA	0.00150622	0.0308992
rs73953130	0.0936837	0.0854775	NA	NA	NA	NA	NA	NA	NA	NA	NA	NA	0.0112937	0.0219383
rs35367934	-0.0811975	0.0826015	0.0451495	0.0278486	0.0931003	0.0577093	0.00502505	0.0408796	0.000334701	0.0616412	0.00972875	0.0645766	0.00101337	0.0166855
rs35407481	-0.0815584	0.0826029	0.0451495	0.0278486	0.0931003	0.0577093	0.00502505	0.0408796	0.000334701	0.0616412	0.00972875	0.0645766	NA	NA
rs61363407	0.0995458	0.106876	NA	NA	NA	NA	NA	NA	NA	NA	NA	NA	0.00991057	0.0382847
rs13402940	-0.00646523	0.0834606	NA	NA	NA	NA	NA	NA	NA	NA	NA	NA	NA	NA
rs7369864	0.016369	0.0615316	0.0294051	0.0286585	0.0866683	0.0580875	0.0276962	0.042406	-0.000625492	0.0631176	-0.00498419	0.0666426	NA	NA
rs12616791	-0.0332375	0.0657061	0.0451274	0.0278517	0.0932196	0.0577137	0.00512271	0.0408811	0.000635858	0.0616669	0.00926166	0.0646131	0.00840657	0.0154485
rs7370133	-0.267949	0.137311	0.00286926	0.036078	-0.0177555	0.0743655	0.0438934	0.0518026	0.146522	0.0758549	-0.0032257	0.0799606	-0.010558	0.0247342
rs114613619	-0.0135831	0.145914	-0.0295971	0.092453	0.101595	0.192154	-0.115317	0.120514	-0.378811	0.231431	-0.446272	0.258874	-0.0572451	0.029827
rs115743948	-0.0555334	0.267218	NA	NA	NA	NA	NA	NA	NA	NA	NA	NA	NA	NA
rs115272129	0.163045	0.146908	NA	NA	NA	NA	NA	NA	NA	NA	NA	NA	-0.0213588	0.0449412
rs58780767	0.0635376	0.0711608	-0.247866	0.106009	-0.119688	0.219488	0.262681	0.146911	-0.0661091	0.258511	-0.217706	0.250842	0.0279318	0.0182645
rs114642390	-0.272624	0.178726	NA	NA	NA	NA	NA	NA	NA	NA	NA	NA	0.0357068	0.044736
rs116148886	0.146819	0.119305	NA	NA	NA	NA	NA	NA	NA	NA	NA	NA	-0.0318864	0.0322242
rs34087472	0.0318058	0.0734832	0.034284	0.0301962	0.0840482	0.061241	0.0095971	0.0453803	-0.0283678	0.0643468	-0.0240073	0.0669346	NA	NA
rs35935106	0.030653	0.0583685	0.035352	0.0292759	0.0706776	0.059987	0.0234197	0.0431932	1.15E-05	0.0639305	0.00568423	0.0673808	NA	NA
rs72949168	0.0739556	0.100251	NA	NA	NA	NA	NA	NA	NA	NA	NA	NA	0.0241826	0.035847
rs115514615	0.214786	0.32221	-0.253607	0.105998	-0.120074	0.218981	0.260319	0.147214	-0.0751352	0.328108	-0.469815	0.311363	NA	NA
rs73953132	0.0687823	0.0992778	NA	NA	NA	NA	NA	NA	NA	NA	NA	NA	-0.0143595	0.0230551
rs72949169	-0.215475	0.0899932	NA	NA	NA	NA	NA	NA	NA	NA	NA	NA	0.0144754	0.0241535
rs116547832	-0.251786	0.142445	NA	NA	NA	NA	NA	NA	NA	NA	NA	NA	-0.00795465	0.0257645
rs115509253	-0.0662261	0.229974	NA	NA	NA	NA	NA	NA	NA	NA	NA	NA	NA	NA
rs79919793	0.154193	0.118388	0.0693279	0.0640522	0.0237581	0.12818	0.0642674	0.111818	-0.114953	0.169837	-0.233941	0.171311	NA	NA
rs111418125	-0.0622068	0.28402	NA	NA	NA	NA	NA	NA	NA	NA	NA	NA	-0.0928353	0.069713
rs9646952	0.128399	0.0711998	0.0226807	0.030116	0.0829093	0.0621702	-0.0105722	0.042364	-0.0928387	0.0697483	0.0740011	0.0702933	0.0116861	0.0171099
rs114996603	-0.217195	0.243498	NA	NA	NA	NA	NA	NA	NA	NA	NA	NA	NA	NA
rs72949170	-0.0620495	0.26596	NA	NA	NA	NA	NA	NA	NA	NA	NA	NA	0.0037208	0.0463773
rs56800383	-0.110659	0.0618539	-0.0538335	0.0584074	-0.0390427	0.122253	0.083888	0.0850323	-0.0923709	0.126407	-0.234652	0.128411	-0.0287274	0.0158553
rs115171345	-0.047983	0.27211	NA	NA	NA	NA	NA	NA	NA	NA	NA	NA	NA	NA
rs114168148	-0.303691	0.171661	NA	NA	NA	NA	NA	NA	NA	NA	NA	NA	-0.0349089	0.0319145
rs115587069	-0.291114	0.203091	NA	NA	NA	NA	NA	NA	NA	NA	NA	NA	-0.000431476	0.0469153
rs36145904	0.0698351	0.0580417	0.0174153	0.0319068	-0.015341	0.0641592	0.0175634	0.0478237	0.0960714	0.0748019	0.108986	0.0768574	NA	NA
rs36186537	0.175075	0.0787814	NA	NA	NA	NA	0.075766	0.0831881	-0.068543	0.135229	-0.0905195	0.148052	0.0253402	0.0187105
rs36195012	0.00593109	0.0583379	0.00561477	0.0301396	-0.010452	0.0617072	-0.0182215	0.044005	0.0916835	0.0657662	0.101948	0.068742	NA	NA
rs36187564	0.295724	0.245324	0.0784367	0.056276	0.017065	0.113524	-0.0163051	0.0937884	-0.143288	0.155516	-0.241489	0.157507	-0.065475	0.0559898
rs36180347	-0.124835	0.0746222	0.0778713	0.0563195	0.0158158	0.113629	-0.0159134	0.093862	-0.146538	0.155541	-0.239357	0.157487	-0.0183885	0.0194121
rs36179922	-0.187069	0.0786461	NA	NA	NA	NA	NA	NA	NA	NA	NA	NA	NA	NA
rs36134863	-0.213631	0.0837457	0.0215271	0.0421166	-0.0543639	0.0909054	-0.0515534	0.0594331	0.0662938	0.0913245	0.132538	0.0951711	NA	NA
rs74217152	-0.00227318	0.0582373	0.00830436	0.0300133	-0.0100813	0.0616658	-0.0198963	0.043831	0.0915184	0.066192	0.107718	0.0689178	NA	NA
rs36145675	0.0861986	0.0669868	-0.0184319	0.0302447	0.0101298	0.061814	0.00170124	0.0435739	-0.0677611	0.0661396	-0.0441334	0.0699461	NA	NA
rs36152807	0.123538	0.0737575	-0.0183908	0.0302409	0.0101298	0.061814	0.00148828	0.0435684	-0.0677625	0.0661391	-0.0441257	0.0699458	0.00307312	0.0172568
rs36128165	0.123538	0.0737575	-0.0183908	0.0302409	0.0101298	0.061814	0.00148828	0.0435684	-0.0677625	0.0661391	-0.0441257	0.0699458	NA	NA
rs36130570	0.123581	0.0737605	-0.0183809	0.0302409	0.0101366	0.0618144	0.00149469	0.043568	-0.0677318	0.0661405	-0.0440862	0.0699461	NA	NA
rs36142841	0.123581	0.0737605	-0.0183809	0.0302409	0.0101366	0.0618144	0.00149469	0.043568	-0.0677318	0.0661405	-0.0440862	0.0699461	NA	NA
rs36197836	0.123581	0.0737605	-0.0183809	0.0302409	0.0101366	0.0618144	0.00149469	0.043568	-0.0677318	0.0661405	-0.0440862	0.0699461	NA	NA
rs36177449	0.121461	0.073664	-0.0183704	0.0302384	0.0100907	0.0618148	0.00148376	0.0435669	-0.0677265	0.0661408	-0.0440979	0.0699449	0.00407163	0.0172596
rs36170889	0.123581	0.0737605	-0.0183809	0.0302409	0.0101366	0.0618144	0.00149469	0.043568	-0.0677318	0.0661405	-0.0440862	0.0699461	NA	NA
rs36180021	-0.191892	0.0724638	0.0730477	0.0550712	0.0264343	0.111249	-0.0490641	0.0911339	-0.173117	0.153344	-0.258893	0.155256	-0.0100323	0.0194795
rs74222047	0.103695	0.0730918	-0.0182997	0.0301037	0.010721	0.0615154	0.00141965	0.0433934	-0.0667967	0.0660377	-0.0442296	0.0698447	0.00359133	0.0171055
rs74204843	0.123395	0.0737487	-0.0179737	0.0300088	0.0105034	0.0613968	0.00220401	0.0432299	-0.067391	0.0660019	-0.0428177	0.06981	NA	NA
rs36184060	0.0533002	0.0670362	NA	NA	NA	NA	-0.00745611	0.0396713	-0.0809127	0.0636408	-0.055873	0.0661699	NA	NA
rs36172188	0.123502	0.0737407	-0.0179797	0.0300032	0.0106115	0.0613838	0.00225199	0.0432216	-0.065761	0.065954	-0.0427352	0.0697601	NA	NA
rs36188332	0.123461	0.0737426	NA	NA	NA	NA	0.00225157	0.0432218	-0.0657663	0.0659542	-0.0427421	0.0697603	NA	NA
rs74216344	0.12354	0.0737416	-0.0179357	0.0299897	0.0107204	0.0613596	0.00227443	0.0432008	-0.0652913	0.0659397	-0.0423729	0.069753	NA	NA
rs36146996	0.158041	0.08071	-0.0177597	0.0399218	0.0646575	0.08584	0.063255	0.056335	-0.0676641	0.0862525	-0.0952087	0.0897999	NA	NA
rs36179089	-0.197972	0.219236	-0.0126118	0.0378308	-0.0339335	0.0757202	-0.0556331	0.054505	-0.0548414	0.09629	0.0315764	0.101451	NA	NA
rs36154417	0.123513	0.0737397	-0.0179381	0.0299975	0.0106687	0.0613803	0.00227893	0.0432084	-0.0653401	0.0659453	-0.0422183	0.0697609	NA	NA
rs36167937	0.123518	0.0737405	-0.0179589	0.0299891	0.01072	0.0613587	0.00223557	0.0432	-0.0652861	0.065938	-0.0423719	0.069752	0.00341056	0.0172549
rs36179256	0.123518	0.0737405	-0.0179589	0.0299891	0.01072	0.0613587	0.00223557	0.0432	-0.0652861	0.065938	-0.0423719	0.069752	0.00341056	0.0172549
rs36186861	0.123518	0.0737405	-0.0179589	0.0299891	0.01072	0.0613587	0.00223557	0.0432	-0.0652861	0.065938	-0.0423719	0.069752	0.00341056	0.0172549
rs36174542	0.123518	0.0737405	-0.0177689	0.0300046	0.0106446	0.0613963	0.00226844	0.0432153	-0.0652967	0.0659426	-0.0426032	0.0697583	NA	NA
rs36128011	-0.0280773	0.0573474	-0.0195146	0.0261638	-0.137711	0.0533696	-0.00563587	0.0382038	-0.116162	0.0592521	-0.0503243	0.0625366	NA	NA
rs36135065	-0.0194206	0.0571442	-0.0194771	0.0261686	-0.137802	0.0533768	-0.00564844	0.0382083	-0.115933	0.0595902	-0.051787	0.0627748	NA	NA
rs36133315	0.123518	0.0737405	-0.0179589	0.0299891	0.01072	0.0613587	0.00223557	0.0432	-0.0652861	0.065938	-0.0423719	0.069752	0.00341056	0.0172549
rs36129872	-0.0228199	0.0571152	-0.0195164	0.0261627	-0.137741	0.0533663	-0.00566512	0.0382023	-0.115846	0.059542	-0.0520918	0.0627235	-0.021227	0.0136785
rs36197726	0.123954	0.0737457	-0.0179589	0.0299891	0.01072	0.0613587	0.00223557	0.0432	-0.0652861	0.065938	-0.0423719	0.069752	NA	NA
rs36182108	0.104059	0.0730853	-0.0179051	0.0299878	0.0106584	0.0613545	0.00220092	0.0431984	-0.0652989	0.0659396	-0.0423814	0.069753	NA	NA
rs36195352	0.116809	0.0760119	-0.0128917	0.0298514	0.0202961	0.0612522	-0.0144096	0.042971	-0.0762472	0.0670242	-0.0382927	0.0706915	NA	NA
rs76367730	0.0248852	0.071457	-0.0401941	0.0351253	-0.268887	0.0697173	0.00188938	0.0521052	-0.0738206	0.0842933	0.0518752	0.0893927	-0.0236336	0.0196626
rs28410095	0.123684	0.0730673	-0.0186137	0.0293495	0.00999358	0.0598318	0.00391235	0.0423595	-0.0605036	0.0646755	-0.0418415	0.0684978	NA	NA
rs28698979	0.123638	0.0736301	-0.0181783	0.0300181	0.0103627	0.0614117	0.00212983	0.0432618	-0.0651209	0.0659562	-0.0422148	0.0697759	0.00341056	0.0172549
rs28529023	0.123594	0.0736346	-0.0179589	0.0299891	0.01072	0.0613587	0.00223557	0.0432	-0.0652861	0.065938	-0.0423719	0.069752	NA	NA
rs28437391	0.123524	0.0736332	-0.0180658	0.0299971	0.0107325	0.0613627	0.00222228	0.0432155	-0.0652769	0.0659582	-0.0424079	0.069772	NA	NA
rs28495926	0.123524	0.0736332	-0.0179589	0.0299891	0.01072	0.0613587	0.00223557	0.0432	-0.0652861	0.065938	-0.0423719	0.069752	0.00341056	0.0172549
rs28537820	0.125519	0.0736824	-0.0185935	0.0300746	0.00976091	0.0615481	0.000494593	0.0433591	-0.0667371	0.0664206	-0.0448285	0.0703002	NA	NA
rs28603341	0.130274	0.0637922	-0.0186402	0.0300787	0.00976091	0.0615481	0.000716183	0.043365	-0.0667342	0.0664216	-0.0448441	0.0703009	NA	NA
rs113857717	0.0864343	0.0985445	NA	NA	NA	NA	NA	NA	NA	NA	NA	NA	-0.0147526	0.0258024
rs13401755	-0.0952481	0.0555101	-0.00817005	0.0304659	-0.197929	0.06162	-0.0107732	0.0460143	-0.0993725	0.074844	-0.0283059	0.0782038	-0.0207274	0.0140167
rs10171167	-0.0937505	0.0552035	-0.0102214	0.0299739	-0.194468	0.0605775	-0.0123629	0.0452972	-0.0982811	0.0737928	-0.0259503	0.0771616	-0.0202885	0.0140031
rs13401959	-0.0937505	0.0552035	-0.00817005	0.0304659	-0.197929	0.06162	-0.0107732	0.0460143	-0.0993725	0.074844	-0.0283059	0.0782038	NA	NA
rs111421698	0.0542789	0.0677569	NA	NA	NA	NA	0.551461	0.177548	NA	NA	NA	NA	-0.0127834	0.0166407
rs12616439	-0.188396	0.218188	-0.012652	0.0377272	-0.0340903	0.0755733	-0.0556193	0.0543696	-0.0583964	0.0972316	0.0259604	0.102503	-0.032406	0.042055
rs10171282	-0.213666	0.0675905	-0.00927106	0.0266067	-0.15782	0.0530397	-0.0638886	0.0387384	-0.102365	0.0649468	0.0102663	0.0683332	-0.0241851	0.0169719
rs12614336	-0.219759	0.229691	-0.0200433	0.11196	-0.153886	0.261284	0.164288	0.150042	-0.083361	0.260671	0.222747	0.29854	NA	NA
rs111565950	-0.328525	0.261079	NA	NA	NA	NA	NA	NA	NA	NA	NA	NA	NA	NA
rs12613362	-0.188618	0.218654	-0.012274	0.0377752	-0.0343962	0.0756433	-0.055462	0.0544399	-0.0594187	0.097495	0.0230175	0.10285	-0.0244766	0.0431651
rs114001743	0.210022	0.218885	NA	NA	NA	NA	NA	NA	NA	NA	NA	NA	0.0172756	0.0620923
rs55646538	-0.0953138	0.054376	-0.0136356	0.0268423	-0.168712	0.053783	-0.0364046	0.0391188	-0.104604	0.065757	-0.0114233	0.0689486	NA	NA
rs12233021	-0.0948062	0.0549583	-0.0136098	0.0268455	-0.168719	0.0537825	-0.0365999	0.0391244	-0.104621	0.0657554	-0.0114196	0.0689471	-0.0171085	0.0144158
rs12232952	-0.0956577	0.055252	-0.0136098	0.0268455	-0.168719	0.0537825	-0.0365999	0.0391244	-0.104621	0.0657554	-0.0114196	0.0689471	-0.0171085	0.0144158
rs116409561	-0.311866	0.165031	NA	NA	NA	NA	NA	NA	NA	NA	NA	NA	-0.0611017	0.0480339
rs11889829	-0.193122	0.0704194	-0.00269835	0.030992	-0.187949	0.0621114	-0.0492513	0.0472885	-0.104789	0.0761053	-0.00262701	0.0798007	-0.0222413	0.0179809
rs9712339	-0.0798934	0.0549853	-0.0141321	0.0268424	-0.167745	0.0537804	-0.0365288	0.0391301	-0.104504	0.0657713	-0.0113993	0.0689626	NA	NA
rs115822273	-0.302451	0.090539	NA	NA	NA	NA	NA	NA	NA	NA	NA	NA	NA	NA
rs72949172	-0.0213906	0.0902742	NA	NA	NA	NA	NA	NA	NA	NA	NA	NA	0.0127358	0.0277242
rs111825107	0.35798	0.169083	NA	NA	NA	NA	NA	NA	NA	NA	NA	NA	0.0178543	0.0478798
rs9711184	-0.187833	0.0701098	-0.00270429	0.030992	-0.187949	0.0621114	-0.0492388	0.0472888	-0.102534	0.0761413	-0.00498425	0.0798234	-0.0169325	0.0173332
rs116516119	-0.307527	0.0907004	NA	NA	NA	NA	NA	NA	NA	NA	NA	NA	0.00513341	0.0243181
rs34973135	0.110824	0.0816472	-0.017222	0.0401639	0.0635184	0.086372	0.0613148	0.0567929	-0.0733849	0.0859967	-0.0561056	0.0896504	0.00851075	0.0184383
rs34758765	0.0768219	0.077278	-0.0161967	0.0401688	0.0644823	0.0863471	0.0613449	0.0567922	-0.0733207	0.0859892	-0.0562161	0.0896433	0.00887605	0.0181451
rs9330318	0.0616379	0.0903132	-0.0119137	0.0378483	-0.0323821	0.0757566	-0.05458	0.054557	-0.0579261	0.097307	0.0183904	0.102904	NA	NA
rs115499926	0.000336882	0.0946889	NA	NA	NA	NA	NA	NA	NA	NA	NA	NA	-0.0141711	0.0260737
rs9330319	-0.108802	0.0628575	-0.0106126	0.0271196	-0.150124	0.054135	-0.0620861	0.0397543	-0.0918526	0.0674843	0.00681256	0.070582	-0.0188893	0.0156658
rs9330322	-0.279284	0.0748739	0.0170497	0.0331992	-0.0165192	0.0662351	-0.0606651	0.0493456	-0.0961122	0.0833721	-0.0654105	0.0872957	-0.00831655	0.0185905
rs72949175	0.21809	0.0778045	NA	NA	NA	NA	NA	NA	NA	NA	NA	NA	-0.00353997	0.0207374
rs74481076	-0.219714	0.22958	-0.0191499	0.112125	-0.153916	0.261291	0.165074	0.1503	-0.0832695	0.260675	0.222969	0.298544	NA	NA
rs9751122	-0.0464614	0.122486	NA	NA	NA	NA	NA	NA	NA	NA	NA	NA	-0.02608	0.0295032
rs9286348	-0.112266	0.0599785	0.00286638	0.0278245	-0.167652	0.055237	-0.0458704	0.040948	-0.0924604	0.0694319	0.0203479	0.0721903	-0.023778	0.0148377
rs114589320	-0.457114	0.243659	NA	NA	NA	NA	NA	NA	NA	NA	NA	NA	NA	NA
rs113999883	0.0144862	0.0958812	NA	NA	NA	NA	NA	NA	NA	NA	NA	NA	NA	NA
rs115236741	-0.302911	0.0876705	NA	NA	NA	NA	NA	NA	NA	NA	NA	NA	NA	NA
rs115899621	-0.050754	0.297946	NA	NA	NA	NA	NA	NA	NA	NA	NA	NA	NA	NA
rs114110701	-0.303465	0.110529	NA	NA	NA	NA	NA	NA	NA	NA	NA	NA	NA	NA
rs112064426	0.0695014	0.107376	NA	NA	NA	NA	NA	NA	NA	NA	NA	NA	0.0274573	0.0282613
rs115794160	0.0815275	0.218403	NA	NA	NA	NA	NA	NA	NA	NA	NA	NA	-0.0511744	0.0379639
rs56869114	0.0481119	0.10981	NA	NA	NA	NA	NA	NA	NA	NA	NA	NA	-0.0179906	0.0442553
rs115463806	-0.0288326	0.123882	NA	NA	NA	NA	NA	NA	NA	NA	NA	NA	NA	NA
rs56080211	0.422679	0.330207	-0.0575703	0.0590336	-0.197115	0.116836	-0.21826	0.0858584	0.0794957	0.154058	0.130913	0.166583	NA	NA
rs34248247	0.00311674	0.0601722	0.00843278	0.0594641	-0.36229	0.117348	0.0205124	0.0934449	-0.0719241	0.152348	-0.160016	0.16126	NA	NA
rs11680126	-0.0387309	0.0593693	0.0033499	0.0326132	-0.0924228	0.0649958	0.00132637	0.048023	-0.0305488	0.0736498	-0.0961421	0.0755378	NA	NA
rs72949177	0.0685093	0.108325	NA	NA	NA	NA	NA	NA	NA	NA	NA	NA	-0.00886627	0.0248163
rs71662090	0.131482	0.105794	NA	NA	NA	NA	0.00253096	0.0435993	-0.0262043	0.0660358	0.097336	0.0686679	NA	NA
rs13399880	0.0704072	0.108152	NA	NA	NA	NA	NA	NA	NA	NA	NA	NA	NA	NA
rs113745996	0.195997	0.0837887	0.0268441	0.0724788	0.0464124	0.143272	-0.0849057	0.108117	0.0755745	0.154729	0.0919485	0.149493	0.0268506	0.0192115
rs9330325	-0.0946067	0.0596791	0.00463223	0.0332164	-0.0948829	0.0659996	0.00283374	0.0490584	-0.0337692	0.075494	-0.0963341	0.0774198	0.0210626	0.0141727
rs71425251	-0.0354113	0.118212	0.00793717	0.055484	-0.317855	0.108445	0.00611069	0.0857103	-0.136608	0.141296	-0.136759	0.148473	NA	NA
rs9751290	0.0467402	0.0863765	-0.0567214	0.0818687	0.00774672	0.161279	-0.018918	0.123551	0.0920231	0.170315	0.0450189	0.159192	0.0338429	0.0207185
rs72949182	-0.277734	0.174394	NA	NA	NA	NA	NA	NA	NA	NA	NA	NA	NA	NA
rs9330326	-0.305519	0.246235	0.0187343	0.0424987	0.0371103	0.0907415	-0.00583284	0.0621224	-0.0352521	0.0943342	-0.101091	0.0974962	-0.0150526	0.0415622
rs76121817	0.105734	0.144123	-0.0336995	0.0304402	-0.162037	0.0622456	0.0057148	0.0438746	-0.0309215	0.0669798	0.0944767	0.0692749	3.86076E-05	0.0316007
rs9330327	-0.206406	0.0793607	0.0180623	0.0419793	0.028773	0.0900399	-0.0079726	0.060903	-0.0257256	0.092564	-0.0858022	0.0954946	-0.00461177	0.0209373
rs34919866	-0.00391656	0.0612989	-0.00406089	0.0546378	-0.317726	0.10649	0.0196189	0.0847486	-0.105573	0.136886	-0.151463	0.143674	-0.000336169	0.0169415
rs76063523	0.0143083	0.130035	-0.0329287	0.0300774	-0.167828	0.0617518	0.00304657	0.0429921	-0.0206639	0.0642294	0.10159	0.0664463	-0.00185097	0.0318904
rs72949185	-0.280533	0.174416	NA	NA	NA	NA	NA	NA	NA	NA	NA	NA	0.0213181	0.0368794
rs9678951	0.0570034	0.0893711	NA	NA	NA	NA	NA	NA	NA	NA	NA	NA	0.0427898	0.0216029
rs9798478	0.480173	0.258179	-0.0091893	0.0561709	-0.329807	0.109607	0.0264572	0.0863837	-0.116878	0.139623	-0.139282	0.146812	NA	NA
rs76041363	0.0824232	0.144076	-0.0341596	0.0300799	-0.167606	0.061746	0.00569046	0.0429922	-0.0254051	0.0641561	0.100951	0.0663627	NA	NA
rs11265638	0.129239	0.103844	-0.00928861	0.0563539	-0.330786	0.109906	0.0271825	0.0865791	-0.117003	0.139919	-0.140567	0.147171	-0.0158152	0.0241531
rs114269348	0.331965	0.198023	NA	NA	NA	NA	NA	NA	NA	NA	NA	NA	NA	NA
rs9750451	0.125676	0.0781911	-0.0430511	0.08183	0.0103776	0.160066	-0.0526699	0.123572	0.102756	0.162328	0.0168301	0.152549	0.0317855	0.0182769
rs34337102	-0.00546558	0.0605594	-0.00445469	0.0545078	-0.317576	0.106313	0.020694	0.0844062	-0.105009	0.136859	-0.151596	0.143637	-0.00227987	0.0169067
rs73953140	-0.0180026	0.0870064	NA	NA	NA	NA	NA	NA	NA	NA	NA	NA	0.0112514	0.0322994
rs9330310	0.0964234	0.0617556	-0.0238508	0.0262158	-0.210373	0.0505171	0.0147158	0.0379225	-0.0347581	0.0589755	0.0440197	0.0598523	0.0101221	0.0147551
rs9286346	0.0763928	0.0666219	-0.0215034	0.0282998	-0.163284	0.0570668	0.013327	0.0404073	-0.0348999	0.061305	0.0737758	0.0635529	NA	NA
rs10185681	-0.152724	0.0576957	-0.00419586	0.0371046	-0.0725427	0.0760527	-0.0134663	0.0521904	0.0207383	0.0855635	-0.0918544	0.0882821	NA	NA
rs11690225	0.124706	0.151434	-0.0336126	0.0310936	-0.197333	0.0639017	0.00535852	0.0447513	-0.0370168	0.0670606	0.100162	0.0690609	NA	NA
rs11889989	-0.0871987	0.0771732	-0.0160819	0.0257948	-0.208993	0.0507626	0.00509932	0.0376097	-0.0397478	0.0603543	0.0150123	0.0615814	0.0194511	0.0163323
rs72949187	-0.279799	0.172491	NA	NA	NA	NA	NA	NA	NA	NA	NA	NA	0.0213181	0.0368794
rs58299134	-0.279799	0.172491	NA	NA	NA	NA	NA	NA	NA	NA	NA	NA	NA	NA
rs35067919	-0.0189057	0.0608119	-0.0143739	0.0556973	-0.335102	0.108355	-0.00239751	0.0861441	-0.0509798	0.140009	-0.123997	0.146417	NA	NA
rs9752603	0.0564667	0.0878297	NA	NA	NA	NA	NA	NA	NA	NA	NA	NA	NA	NA
rs71425254	0.0355602	0.128442	-0.010034	0.0552171	-0.315569	0.107148	-0.00638439	0.0855753	-0.0569728	0.141221	-0.109087	0.14769	NA	NA
rs77529150	0.320484	0.198844	NA	NA	NA	NA	NA	NA	NA	NA	NA	NA	NA	NA
rs116167885	0.364878	0.153775	NA	NA	NA	NA	NA	NA	NA	NA	NA	NA	-0.0198571	0.0310062
rs9751748	0.0793947	0.097258	NA	NA	NA	NA	NA	NA	NA	NA	NA	NA	-0.00552911	0.0242525
rs78510976	0.0991478	0.143518	-0.0326389	0.030028	-0.167795	0.0616714	0.00202992	0.0429115	-0.0254363	0.0641268	0.100903	0.0663298	NA	NA
rs111392044	0.016783	0.126344	NA	NA	NA	NA	NA	NA	NA	NA	NA	NA	0.00129628	0.0321156
rs116379041	-0.0504666	0.212999	NA	NA	NA	NA	NA	NA	NA	NA	NA	NA	0.0364028	0.0511848
rs9751995	-0.211777	0.0787878	0.0179174	0.0421317	0.0117963	0.0904761	-0.0198128	0.0610944	-0.0255386	0.0928397	-0.1125	0.0959652	-0.00912388	0.0214289
rs76834890	0.0202171	0.0831251	-0.0422248	0.0813598	0.014746	0.158679	-0.0527138	0.123572	0.0959736	0.164656	0.0117152	0.154455	0.048093	0.0208685
rs9751647	-0.215138	0.0765024	0.0179599	0.0421316	0.0117661	0.0904729	-0.0197551	0.0610943	-0.0255233	0.0928393	-0.112441	0.0959644	-0.0171413	0.0208763
rs9751648	0.0168613	0.0603259	-0.00426141	0.0471688	0.155328	0.0916499	-0.126871	0.0691669	0.0946189	0.1171	0.0297039	0.128742	NA	NA
rs9752241	-0.314003	0.268138	0.017935	0.0421385	0.0118004	0.090487	-0.019849	0.0611041	-0.0256453	0.0928691	-0.112451	0.0959995	-0.0107596	0.0422929
rs79669047	0.0881722	0.0857135	-0.0340762	0.0292035	-0.148212	0.0593374	0.00328608	0.0420565	-0.0264723	0.0631188	0.0962242	0.0653292	-0.00668616	0.0224897
rs115365078	0.267767	0.270632	NA	NA	NA	NA	NA	NA	NA	NA	NA	NA	NA	NA
rs10210352	0.0923949	0.0583355	0.0187226	0.0259674	0.163608	0.0520999	-0.0338485	0.0385176	0.0571895	0.0589091	-0.0313959	0.060881	NA	NA
rs10221803	0.09432	0.0581729	0.016966	0.0257219	0.160723	0.0516076	-0.0352013	0.03799	0.0576143	0.0580384	-0.0312364	0.0600377	NA	NA
rs77593632	-0.207682	0.0784328	NA	NA	NA	NA	NA	NA	NA	NA	NA	NA	NA	NA
rs77932327	0.0890798	0.142305	-0.0254863	0.0301761	-0.154751	0.0617042	0.00758467	0.0433076	-0.026703	0.0648195	0.0914804	0.0669391	-0.0160007	0.0305583
rs13416064	0.0499478	0.139632	NA	NA	NA	NA	NA	NA	NA	NA	NA	NA	NA	NA
rs73953141	0.0453268	0.107416	NA	NA	NA	NA	NA	NA	NA	NA	NA	NA	NA	NA
rs116060520	0.072485	0.114659	NA	NA	NA	NA	NA	NA	NA	NA	NA	NA	NA	NA
rs9679433	0.0441909	0.060952	0.0127509	0.0259723	0.153286	0.0522776	-0.0352719	0.0382333	0.0543247	0.0586414	-0.0259325	0.0606935	NA	NA
rs9749668	0.0442251	0.0610312	0.0122734	0.0258123	0.153025	0.0519335	-0.0351882	0.0379884	0.0544387	0.058103	-0.0255639	0.0601519	NA	NA
rs9750315	0.0440921	0.0610137	0.0127509	0.0259723	0.153286	0.0522776	-0.0352719	0.0382333	0.0543247	0.0586414	-0.0259325	0.0606935	NA	NA
rs13385504	0.0847617	0.116678	0.0588766	0.0633824	-0.142088	0.135398	0.0677474	0.0893058	-0.117552	0.150701	-0.108642	0.154175	-0.00449951	0.0241054
rs13430378	-0.00684688	0.0564131	-0.0145368	0.037113	0.165479	0.0727927	-0.113789	0.0541597	0.107159	0.0891953	0.0647312	0.0936197	0.0104188	0.0138458
rs13430561	-8.11E-05	0.0563236	-0.0145384	0.0371117	0.165467	0.0727874	-0.113792	0.0541571	0.10792	0.0892023	0.0647027	0.0936347	NA	NA
rs9330311	-0.0923269	0.0568705	0.0161627	0.0273899	0.194847	0.0532163	-0.0627058	0.0399203	0.0586105	0.0586272	-0.0430359	0.0610022	0.0215888	0.0141316
rs9798472	0.0320885	0.080526	-0.0398284	0.0816322	0.00808553	0.159711	-0.0588698	0.123357	0.0950993	0.162918	0.00629396	0.153002	0.0531974	0.0203363
rs72949195	-0.00810046	0.0959786	0.056035	0.0622003	-0.139435	0.130527	0.0725191	0.0870342	-0.140562	0.149948	-0.10635	0.153753	0.0015657	0.0202001
rs78966383	-0.0084842	0.0959585	NA	NA	NA	NA	0.0724492	0.0869888	-0.140469	0.149864	-0.106251	0.153682	0.0015657	0.0202001
rs72949197	-0.00835143	0.0958127	0.0560025	0.0621752	-0.139435	0.130492	0.0724786	0.0869887	-0.13948	0.149879	-0.106493	0.1537	NA	NA
rs77175421	-0.00578044	0.0962274	0.0559935	0.0621751	-0.139435	0.130492	0.0724492	0.0869888	-0.140469	0.149864	-0.106251	0.153682	NA	NA
rs72949199	-0.0196296	0.0953831	0.0498701	0.0658224	-0.171062	0.138755	0.0796826	0.0918733	-0.134168	0.153054	-0.109682	0.155363	NA	NA
rs11692886	0.138851	0.0987689	-0.0253788	0.0295413	-0.159459	0.0605466	0.0117188	0.0424707	-0.0379071	0.0624008	0.0809407	0.0652459	-0.0130004	0.0247954
rs35531839	-0.0102906	0.058334	0.00574338	0.0466227	0.14848	0.0909738	-0.119179	0.0678478	0.096582	0.115914	0.0440826	0.126988	NA	NA
rs76570876	-0.0168148	0.0996296	0.0625844	0.0629314	-0.138492	0.126658	0.0858926	0.089148	-0.155957	0.147986	-0.0996655	0.152776	NA	NA
rs72949201	-0.0143496	0.0957504	0.087892	0.0696175	-0.152694	0.141987	0.0959128	0.0958642	-0.221866	0.150227	-0.0732215	0.158484	-0.00021996	0.0202842
rs9677119	-0.00726992	0.0566615	-0.0205709	0.0389918	0.15795	0.0764841	-0.125009	0.0568952	0.121123	0.0918191	0.0663916	0.0961246	NA	NA
rs72951003	-0.0244318	0.1028	NA	NA	NA	NA	NA	NA	NA	NA	NA	NA	NA	NA
rs13410569	-0.0324808	0.102922	NA	NA	NA	NA	NA	NA	NA	NA	NA	NA	-0.0107241	0.0220261
rs11265637	-0.015041	0.0963765	0.0867791	0.0688883	-0.151567	0.140621	0.0959198	0.0946524	-0.219552	0.148456	-0.0721502	0.156613	NA	NA
rs9678532	-0.298469	0.207039	NA	NA	NA	NA	NA	NA	NA	NA	NA	NA	-0.00809214	0.0451966
rs72824772	-0.0527467	0.128374	0.0091909	0.0443158	0.139664	0.0852343	-0.120658	0.0658046	0.0589228	0.114991	0.0625654	0.121058	NA	NA
rs13418791	-0.0324808	0.102922	NA	NA	NA	NA	NA	NA	NA	NA	NA	NA	NA	NA
rs9798372	-0.0587834	0.0554956	-0.0227049	0.038694	0.156111	0.0756916	-0.12654	0.0564656	0.11787	0.0904003	0.071846	0.0947062	NA	NA
rs113168856	0.153191	0.0955594	NA	NA	NA	NA	NA	NA	NA	NA	NA	NA	-0.00847848	0.0223653
rs72951006	-0.0324808	0.102922	NA	NA	NA	NA	NA	NA	NA	NA	NA	NA	-0.0107241	0.0220261
rs72951007	-0.0324808	0.102922	NA	NA	NA	NA	NA	NA	NA	NA	NA	NA	-0.0107241	0.0220261
rs72951010	-0.0324808	0.102922	NA	NA	NA	NA	NA	NA	NA	NA	NA	NA	NA	NA
rs12612457	0.153286	0.0918052	NA	NA	NA	NA	0.0932728	0.0997501	-0.207088	0.148567	-0.0781503	0.156233	0.00340322	0.0207176
rs112808970	-0.0324808	0.102922	NA	NA	NA	NA	NA	NA	NA	NA	NA	NA	-0.0107241	0.0220261
rs113089413	-0.0324808	0.102922	NA	NA	NA	NA	NA	NA	NA	NA	NA	NA	NA	NA
rs112916621	-0.0324808	0.102922	NA	NA	NA	NA	NA	NA	NA	NA	NA	NA	-0.0107241	0.0220261
rs113012715	-0.210392	0.166114	NA	NA	NA	NA	NA	NA	NA	NA	NA	NA	0.00950306	0.0359632
rs72951017	-0.0324808	0.102922	NA	NA	NA	NA	NA	NA	NA	NA	NA	NA	-0.0112889	0.0220589
rs72936474	-0.0324808	0.102922	NA	NA	NA	NA	NA	NA	NA	NA	NA	NA	-0.0107241	0.0220261
rs72936475	-0.0324808	0.102922	NA	NA	NA	NA	NA	NA	NA	NA	NA	NA	-0.0107241	0.0220261
rs72936476	-0.0324808	0.102922	NA	NA	NA	NA	NA	NA	NA	NA	NA	NA	-0.0107241	0.0220261
rs115532475	-0.0324808	0.102922	NA	NA	NA	NA	NA	NA	NA	NA	NA	NA	-0.0107241	0.0220261
rs114311273	-0.0324808	0.102922	NA	NA	NA	NA	NA	NA	NA	NA	NA	NA	-0.0107241	0.0220261
rs111392483	-0.0324808	0.102922	NA	NA	NA	NA	NA	NA	NA	NA	NA	NA	-0.0107241	0.0220261
rs72936477	-0.0324808	0.102922	NA	NA	NA	NA	NA	NA	NA	NA	NA	NA	NA	NA
rs72936479	-0.0324808	0.102922	NA	NA	NA	NA	NA	NA	NA	NA	NA	NA	NA	NA
rs12719999	-0.286115	0.266508	0.0274884	0.041662	0.0297799	0.0901431	-0.0190167	0.0600438	-0.0147702	0.0919478	-0.101078	0.0949075	-0.0122599	0.0409129
rs112287970	0.153268	0.0957048	NA	NA	NA	NA	NA	NA	NA	NA	NA	NA	NA	NA
rs111473389	-0.0324808	0.102922	NA	NA	NA	NA	NA	NA	NA	NA	NA	NA	-0.0107241	0.0220261
rs113094252	-0.0324808	0.102922	NA	NA	NA	NA	NA	NA	NA	NA	NA	NA	-0.0107241	0.0220261
rs112161645	-0.0329103	0.102918	NA	NA	NA	NA	NA	NA	NA	NA	NA	NA	NA	NA
rs113698860	-0.0324808	0.102922	NA	NA	NA	NA	NA	NA	NA	NA	NA	NA	NA	NA
rs72936482	-0.0356415	0.103081	NA	NA	NA	NA	NA	NA	NA	NA	NA	NA	-0.0107241	0.0220261
rs13418274	-0.035642	0.10308	NA	NA	NA	NA	NA	NA	NA	NA	NA	NA	NA	NA
rs12720000	-0.041162	0.108276	0.00168324	0.0266318	0.188182	0.0531319	-0.0493858	0.0383666	0.0762018	0.0593066	0.00107575	0.0614605	NA	NA
rs10205396	-0.0356415	0.103081	NA	NA	NA	NA	NA	NA	NA	NA	NA	NA	-0.0107241	0.0220261
rs10211151	0.0524179	0.0553665	0.0879861	0.0696301	-0.152533	0.141872	0.0960695	0.0958874	-0.209464	0.148164	-0.0777027	0.155793	-0.00934007	0.0138965
rs10172287	-0.0356415	0.103081	NA	NA	NA	NA	NA	NA	NA	NA	NA	NA	NA	NA
rs10211233	0.0524179	0.0553665	0.0879861	0.0696301	-0.152533	0.141872	0.0960695	0.0958874	-0.209464	0.148164	-0.0777027	0.155793	-0.00967359	0.0139039
rs10172301	-0.0356415	0.103081	NA	NA	NA	NA	NA	NA	NA	NA	NA	NA	-0.0107241	0.0220261
rs112117664	0.0588268	0.0746326	NA	NA	NA	NA	NA	NA	NA	NA	NA	NA	NA	NA
rs10166566	-0.0356415	0.103081	NA	NA	NA	NA	NA	NA	NA	NA	NA	NA	NA	NA
rs113418271	0.157317	0.0958044	NA	NA	NA	NA	NA	NA	NA	NA	NA	NA	NA	NA
rs10200930	-0.0356642	0.103083	NA	NA	NA	NA	NA	NA	NA	NA	NA	NA	NA	NA
rs9330312	-0.0193467	0.0673736	-0.000836377	0.0264315	0.187663	0.0531846	-0.0573094	0.0386238	0.0872121	0.0586122	0.00350927	0.060715	NA	NA
rs9712242	-0.0683425	0.103095	0.00301072	0.0266069	0.187156	0.0531269	-0.05029	0.0382947	0.0779211	0.059251	0.00211551	0.061401	NA	NA
rs9679159	0.0215561	0.0617135	NA	NA	NA	NA	NA	NA	NA	NA	NA	NA	NA	NA
rs10175240	0.0752412	0.0738783	NA	NA	NA	NA	NA	NA	NA	NA	NA	NA	-0.00935159	0.0163411
rs10167019	0.0724214	0.0740248	NA	NA	NA	NA	NA	NA	NA	NA	NA	NA	-0.00582078	0.0162072
rs9710744	0.168372	0.0672572	-0.0126714	0.0315602	0.0635271	0.0639064	-0.0479594	0.0455347	0.0400664	0.0780701	0.101661	0.0796344	NA	NA
rs9711994	-0.00362776	0.0681504	0.00242671	0.0264726	0.186598	0.0528749	-0.0503349	0.0380614	0.0796113	0.0583995	0.00113119	0.0604666	NA	NA
rs116032344	-0.0787654	0.195498	NA	NA	NA	NA	NA	NA	NA	NA	NA	NA	-0.0738708	0.048568
rs12329194	0.0745695	0.0739068	NA	NA	NA	NA	NA	NA	NA	NA	NA	NA	NA	NA
rs115576088	0.0257674	0.0786491	NA	NA	NA	NA	NA	NA	NA	NA	NA	NA	0.0506769	0.0205336
rs10204534	0.0754257	0.0738656	NA	NA	NA	NA	NA	NA	NA	NA	NA	NA	-0.0107063	0.0163412
rs10204747	0.0756428	0.0737654	NA	NA	NA	NA	NA	NA	NA	NA	NA	NA	-0.0104267	0.0163378
rs112048119	-0.00698402	0.233314	NA	NA	NA	NA	NA	NA	NA	NA	NA	NA	NA	NA
rs10167471	0.0754304	0.0738662	NA	NA	NA	NA	NA	NA	NA	NA	NA	NA	-0.0104267	0.0163378
rs113302293	-0.218879	0.164866	NA	NA	NA	NA	NA	NA	NA	NA	NA	NA	0.00950306	0.0359632
rs9330313	-0.212229	0.078579	0.0274866	0.0416616	0.0297785	0.0901415	-0.0190121	0.060044	-0.0147628	0.0919484	-0.101074	0.0949078	-0.00849701	0.0213967
rs10173608	0.0756428	0.0737654	NA	NA	NA	NA	NA	NA	NA	NA	NA	NA	-0.0104267	0.0163378
rs72936493	-0.21872	0.1649	NA	NA	NA	NA	NA	NA	NA	NA	NA	NA	0.00462103	0.0355706
rs116570570	0.0734043	0.123375	NA	NA	NA	NA	NA	NA	NA	NA	NA	NA	0.0471864	0.0351665
rs112372004	0.0801323	0.132071	NA	NA	NA	NA	NA	NA	NA	NA	NA	NA	-0.0189379	0.0271118
rs112090543	0.140549	0.0801586	NA	NA	NA	NA	NA	NA	NA	NA	NA	NA	-0.0150369	0.0175744
rs59557804	0.0402989	0.0623819	NA	NA	NA	NA	NA	NA	NA	NA	NA	NA	NA	NA
rs13006297	-0.10036	0.0705373	0.00955046	0.0443727	0.139908	0.0853155	-0.121144	0.0658734	0.0540634	0.113401	0.0680066	0.119645	0.0188397	0.0156849
rs72936494	0.140374	0.0789813	NA	NA	NA	NA	NA	NA	NA	NA	NA	NA	NA	NA
rs72936495	0.140563	0.0801563	NA	NA	NA	NA	NA	NA	NA	NA	NA	NA	NA	NA
rs13395490	0.141252	0.0789682	NA	NA	NA	NA	NA	NA	NA	NA	NA	NA	-0.0107381	0.0174629
rs112819481	0.159571	0.0957848	NA	NA	NA	NA	NA	NA	NA	NA	NA	NA	-0.00847848	0.0223653
rs116515464	-0.260598	0.138738	NA	NA	NA	NA	NA	NA	NA	NA	NA	NA	NA	NA
rs13395787	0.141459	0.0801445	NA	NA	NA	NA	NA	NA	NA	NA	NA	NA	NA	NA
rs13389765	0.141459	0.0801445	NA	NA	NA	NA	NA	NA	NA	NA	NA	NA	-0.0143712	0.0175943
rs13395871	0.141459	0.0801445	NA	NA	NA	NA	NA	NA	NA	NA	NA	NA	-0.0143712	0.0175943
rs13404670	0.141459	0.0801445	NA	NA	NA	NA	NA	NA	NA	NA	NA	NA	-0.0143712	0.0175943
rs9330315	-0.680783	0.342275	0.0366289	0.0386552	-0.0277403	0.0872701	-0.0165731	0.0561538	-0.0758802	0.0907547	-0.0833035	0.0941268	NA	NA
rs13396079	0.141351	0.0800184	NA	NA	NA	NA	NA	NA	NA	NA	NA	NA	-0.0143712	0.0175943
rs113701793	0.141459	0.0801445	NA	NA	NA	NA	NA	NA	NA	NA	NA	NA	-0.0143712	0.0175943
rs113814122	0.141459	0.0801445	NA	NA	NA	NA	NA	NA	NA	NA	NA	NA	-0.0143712	0.0175943
rs116765158	-0.187908	0.156744	0.0886215	0.0697814	-0.14965	0.142092	0.0968777	0.0961242	-0.228869	0.151822	-0.0731677	0.160196	0.0143901	0.0306317
rs114583571	0.141459	0.0801445	NA	NA	NA	NA	NA	NA	NA	NA	NA	NA	-0.0143712	0.0175943
rs77869544	0.0470958	0.107507	NA	NA	NA	NA	NA	NA	NA	NA	NA	NA	NA	NA
rs11888149	0.141459	0.0801445	NA	NA	NA	NA	NA	NA	NA	NA	NA	NA	-0.0143712	0.0175943
rs11884841	0.144512	0.0800886	NA	NA	NA	NA	NA	NA	NA	NA	NA	NA	NA	NA
rs11894479	0.141459	0.0801445	NA	NA	NA	NA	NA	NA	NA	NA	NA	NA	NA	NA
rs11884851	0.141459	0.0801445	NA	NA	NA	NA	NA	NA	NA	NA	NA	NA	-0.0143712	0.0175943
rs112498465	0.141459	0.0801445	NA	NA	NA	NA	NA	NA	NA	NA	NA	NA	-0.0143712	0.0175943
rs111492691	-0.0425448	0.27764	0.0471087	0.0685253	0.028489	0.157222	-0.0908714	0.0936829	0.0525038	0.15496	0.328574	0.173576	0.00768652	0.0575348
rs115554071	0.138748	0.0798989	NA	NA	NA	NA	NA	NA	NA	NA	NA	NA	-0.0143712	0.0175943
rs115885260	0.138748	0.0798989	NA	NA	NA	NA	NA	NA	NA	NA	NA	NA	NA	NA
rs114569854	0.138748	0.0798989	NA	NA	NA	NA	NA	NA	NA	NA	NA	NA	NA	NA
rs12998808	-0.0499546	0.0680407	0.0166279	0.02802	0.19276	0.0557911	-0.0681115	0.0404639	0.0545906	0.0575906	-0.0317642	0.0602716	NA	NA
rs13396884	0.139252	0.0799259	NA	NA	NA	NA	NA	NA	NA	NA	NA	NA	-0.0143712	0.0175943
rs13389084	0.139252	0.0799259	NA	NA	NA	NA	NA	NA	NA	NA	NA	NA	NA	NA
rs13397096	0.139252	0.0799259	NA	NA	NA	NA	NA	NA	NA	NA	NA	NA	-0.0143712	0.0175943
rs112909950	-0.186165	0.156662	0.0886215	0.0697814	-0.14965	0.142092	0.0968777	0.0961242	-0.228869	0.151822	-0.0731677	0.160196	0.0143901	0.0306317
rs58059801	0.139179	0.0787782	NA	NA	NA	NA	NA	NA	NA	NA	NA	NA	-0.0107381	0.0174629
rs111712785	0.139252	0.0799259	NA	NA	NA	NA	NA	NA	NA	NA	NA	NA	-0.0143712	0.0175943
rs59314495	0.139252	0.0799259	NA	NA	NA	NA	NA	NA	NA	NA	NA	NA	-0.0143712	0.0175943
rs61411380	0.139252	0.0799259	NA	NA	NA	NA	NA	NA	NA	NA	NA	NA	NA	NA
rs9330316	0.0239394	0.0624484	-0.0148357	0.0287595	-0.132898	0.0575608	0.0261847	0.0411798	-0.0435756	0.060781	0.0519172	0.0638024	NA	NA
rs10439549	0.139252	0.0799259	NA	NA	NA	NA	NA	NA	NA	NA	NA	NA	-0.0143712	0.0175943
rs10439550	0.139252	0.0799259	NA	NA	NA	NA	NA	NA	NA	NA	NA	NA	-0.0143712	0.0175943
rs10439551	0.139252	0.0799259	NA	NA	NA	NA	NA	NA	NA	NA	NA	NA	-0.0109677	0.0175551
rs10439552	0.0804131	0.13185	NA	NA	NA	NA	NA	NA	NA	NA	NA	NA	NA	NA
rs10439553	0.141333	0.080081	NA	NA	NA	NA	NA	NA	NA	NA	NA	NA	-0.0143712	0.0175943
rs13400816	0.141333	0.080081	NA	NA	NA	NA	NA	NA	NA	NA	NA	NA	-0.0143712	0.0175943
rs9330317	-0.0199692	0.0596576	0.0100091	0.0444269	0.140184	0.0853756	-0.119997	0.0659944	0.0618237	0.115149	0.0675348	0.121143	NA	NA
rs13384628	0.141333	0.080081	NA	NA	NA	NA	NA	NA	NA	NA	NA	NA	-0.0132565	0.017615
rs112690171	0.00478175	0.0774377	NA	NA	NA	NA	NA	NA	NA	NA	NA	NA	0.0526524	0.0204841
rs13384720	0.141315	0.0800823	NA	NA	NA	NA	NA	NA	NA	NA	NA	NA	NA	NA
rs114026794	-0.00371789	0.22404	NA	NA	NA	NA	NA	NA	NA	NA	NA	NA	0.0564385	0.0518515
rs112774603	0.00478175	0.0774377	NA	NA	NA	NA	NA	NA	NA	NA	NA	NA	0.0526524	0.0204841
rs79757743	0.161693	0.102241	-0.0303914	0.0300162	-0.11584	0.0606537	0.00407325	0.0433517	-0.00838918	0.0620423	0.0662938	0.0648411	NA	NA
rs114982092	0.126793	0.186648	NA	NA	NA	NA	NA	NA	NA	NA	NA	NA	NA	NA
rs10207090	0.140111	0.0800911	NA	NA	NA	NA	NA	NA	NA	NA	NA	NA	-0.00985017	0.017575
rs111475494	0.140391	0.0800843	NA	NA	NA	NA	NA	NA	NA	NA	NA	NA	NA	NA
rs61243694	0.326795	0.244344	NA	NA	NA	NA	NA	NA	NA	NA	NA	NA	0.0265732	0.0374444
rs10181166	0.141333	0.080081	NA	NA	NA	NA	NA	NA	NA	NA	NA	NA	NA	NA
rs10173039	0.141333	0.080081	NA	NA	NA	NA	NA	NA	NA	NA	NA	NA	-0.00985017	0.017575
rs10181171	0.141333	0.080081	NA	NA	NA	NA	NA	NA	NA	NA	NA	NA	-0.0114494	0.0175864
rs10173153	0.0305254	0.143316	NA	NA	NA	NA	NA	NA	NA	NA	NA	NA	-0.015794	0.0272674
rs113497478	0.16735	0.0971549	NA	NA	NA	NA	NA	NA	NA	NA	NA	NA	-0.0073481	0.0224347
rs10175581	0.141333	0.080081	NA	NA	NA	NA	NA	NA	NA	NA	NA	NA	NA	NA
rs10183741	0.141333	0.080081	NA	NA	NA	NA	NA	NA	NA	NA	NA	NA	-0.0132565	0.017615
rs9678113	-0.197787	0.0791372	0.0355402	0.0382992	-0.0266413	0.086215	-0.0143505	0.055963	-0.0731612	0.0906508	-0.0797909	0.0938568	NA	NA
rs3934873	-0.165358	0.0689688	0.0182591	0.0279186	0.184712	0.0555815	-0.0679465	0.0404255	0.0549436	0.0582622	-0.0280989	0.0609842	-0.00956418	0.0154877
rs10184198	0.134842	0.0801914	NA	NA	NA	NA	NA	NA	NA	NA	NA	NA	-0.00985017	0.017575
rs9286347	0.00962163	0.138827	0.0029215	0.0266284	0.183185	0.0534481	-0.0482116	0.0384737	0.0805271	0.059764	0.00307549	0.061914	0.00333823	0.021784
rs10184400	0.0754375	0.132326	NA	NA	NA	NA	NA	NA	NA	NA	NA	NA	-0.0204409	0.0269626
rs72938233	-0.187356	0.156417	0.0880296	0.0699941	-0.148762	0.142258	0.0976716	0.0964996	-0.23492	0.153062	-0.0733097	0.161478	NA	NA
rs73953146	0.326795	0.244344	NA	NA	NA	NA	NA	NA	NA	NA	NA	NA	0.0265732	0.0374444
rs112671173	0.168351	0.0971456	NA	NA	NA	NA	NA	NA	NA	NA	NA	NA	-0.0073481	0.0224347
rs114345637	0.175985	0.203017	NA	NA	NA	NA	NA	NA	NA	NA	NA	NA	NA	NA
rs35955221	-0.019145	0.0595807	0.0100681	0.0444247	0.14017	0.0853736	-0.119911	0.0659915	0.0617874	0.115154	0.0675381	0.121147	NA	NA
rs35120088	-0.0189914	0.0595763	0.0100681	0.0444247	0.14017	0.0853736	-0.119911	0.0659915	0.0617874	0.115154	0.0675381	0.121147	0.0139545	0.0151054
rs35392016	-0.0228791	0.0596072	0.0100681	0.0444247	0.14017	0.0853736	-0.119911	0.0659915	0.0617874	0.115154	0.0675381	0.121147	NA	NA
rs9330320	0.158781	0.06881	-0.0156738	0.0279605	-0.185046	0.0556538	0.0702883	0.040471	-0.0557585	0.058283	0.0286242	0.0610394	NA	NA
rs9330321	0.0233125	0.059005	-0.00585939	0.044119	-0.137953	0.0844997	0.123738	0.0655956	-0.062512	0.113835	-0.0682082	0.119646	-0.0164168	0.0150811
rs9798179	0.0204256	0.0594202	-0.00580517	0.0442335	-0.138241	0.0848386	0.123738	0.0655956	-0.0622355	0.11443	-0.0686879	0.120459	-0.0170495	0.0151116
rs114911891	-0.0834024	0.306506	NA	NA	NA	NA	NA	NA	NA	NA	NA	NA	NA	NA
rs3923006	0.166198	0.069948	-0.0193456	0.0273739	-0.182316	0.0548366	0.0577958	0.0389696	-0.0469487	0.0573491	0.0300996	0.0592634	0.0118751	0.0157992
rs13339826	0.14959	0.0924141	NA	NA	NA	NA	NA	NA	NA	NA	NA	NA	-0.00139928	0.0220008
rs13412327	0.0326481	0.0574777	-0.00580517	0.0442335	-0.138241	0.0848386	0.123738	0.0655956	-0.0621606	0.114442	-0.0686469	0.120465	-0.0174375	0.0141583
rs112711078	-0.260006	0.111732	NA	NA	NA	NA	NA	NA	NA	NA	NA	NA	-0.00411636	0.0284761
rs9750931	0.0348967	0.0588762	-0.00900122	0.0447448	-0.15115	0.0865241	0.123738	0.0655956	-0.0621606	0.114442	-0.0686469	0.120465	-0.0183081	0.0149863
rs111833087	0.169684	0.124865	NA	NA	NA	NA	NA	NA	NA	NA	NA	NA	NA	NA
rs9330324	0.0657135	0.0589458	NA	NA	NA	NA	NA	NA	NA	NA	NA	NA	0.0168593	0.0140994
rs116479291	0.174504	0.204741	NA	NA	NA	NA	NA	NA	NA	NA	NA	NA	-0.0278408	0.0490159
rs116272676	0.127202	0.0978782	NA	NA	NA	NA	NA	NA	NA	NA	NA	NA	NA	NA
rs9752350	0.107308	0.147955	NA	NA	NA	NA	NA	NA	NA	NA	NA	NA	NA	NA
rs115402560	0.0133374	0.11997	NA	NA	NA	NA	NA	NA	NA	NA	NA	NA	-0.0455702	0.0352959
rs9751601	0.0233359	0.061282	NA	NA	NA	NA	NA	NA	NA	NA	NA	NA	NA	NA
rs9677670	-0.0259756	0.106489	NA	NA	NA	NA	NA	NA	NA	NA	NA	NA	-0.011113	0.0195541
rs9750479	0.0802769	0.0878382	NA	NA	NA	NA	NA	NA	NA	NA	NA	NA	-0.0071688	0.0210848
rs9752531	0.0465062	0.0603157	NA	NA	NA	NA	NA	NA	NA	NA	NA	NA	-0.0151763	0.0155486
rs113306801	-0.242653	0.108511	NA	NA	NA	NA	NA	NA	NA	NA	NA	NA	-0.00462723	0.0285673
rs35223862	0.0465126	0.0603159	NA	NA	NA	NA	NA	NA	NA	NA	NA	NA	NA	NA
rs72938234	-0.187633	0.156506	NA	NA	NA	NA	NA	NA	NA	NA	NA	NA	0.0143901	0.0306317
rs116099984	0.332015	0.234063	NA	NA	NA	NA	NA	NA	NA	NA	NA	NA	NA	NA
rs116358139	0.0265273	0.072465	NA	NA	NA	NA	NA	NA	NA	NA	NA	NA	-0.0295814	0.0214301
rs9751717	0.112862	0.150821	NA	NA	NA	NA	NA	NA	NA	NA	NA	NA	-0.00535489	0.0323117
rs115110464	-0.0653502	0.189217	NA	NA	NA	NA	NA	NA	NA	NA	NA	NA	-0.0738708	0.048568
rs115796462	0.258634	0.269728	NA	NA	NA	NA	NA	NA	NA	NA	NA	NA	-0.00520411	0.0593875
rs10195867	0.0616541	0.0574507	NA	NA	NA	NA	NA	NA	NA	NA	NA	NA	-0.0206517	0.0143952
rs112141977	-0.0653157	0.189208	NA	NA	NA	NA	NA	NA	NA	NA	NA	NA	NA	NA
rs61354480	-0.187377	0.156408	NA	NA	NA	NA	NA	NA	NA	NA	NA	NA	0.0143901	0.0306317
rs114342997	-0.296431	0.189158	NA	NA	NA	NA	NA	NA	NA	NA	NA	NA	-0.0676265	0.0501684
rs112093750	-0.242344	0.108241	NA	NA	NA	NA	NA	NA	NA	NA	NA	NA	-0.00462723	0.0285673
rs73953149	0.00510668	0.0751535	NA	NA	NA	NA	NA	NA	NA	NA	NA	NA	0.0508652	0.0198531
rs55794045	0.0471297	0.060339	NA	NA	NA	NA	NA	NA	NA	NA	NA	NA	NA	NA
rs34314327	0.0475259	0.0603354	NA	NA	NA	NA	NA	NA	NA	NA	NA	NA	-0.0151763	0.0155486
rs60665845	0.00528012	0.0751318	NA	NA	NA	NA	NA	NA	NA	NA	NA	NA	0.0508652	0.0198531
rs11541143	0.149315	0.0691433	NA	NA	NA	NA	NA	NA	NA	NA	NA	NA	0.017111	0.0152821
rs57040076	0.00528012	0.0751318	NA	NA	NA	NA	NA	NA	NA	NA	NA	NA	0.0508652	0.0198531
rs113334353	0.0858593	0.100069	NA	NA	NA	NA	NA	NA	NA	NA	NA	NA	0.037624	0.024298
rs6735752	0.105966	0.150945	NA	NA	NA	NA	NA	NA	NA	NA	NA	NA	-0.00535489	0.0323117
rs115494128	-0.178247	0.212726	NA	NA	NA	NA	NA	NA	NA	NA	NA	NA	0.0264961	0.06145
rs114422687	0.127522	0.186535	NA	NA	NA	NA	NA	NA	NA	NA	NA	NA	NA	NA
rs28553892	0.0646218	0.0892699	NA	NA	NA	NA	NA	NA	NA	NA	NA	NA	-0.0180717	0.0223022
rs10496431	-0.187633	0.156506	NA	NA	NA	NA	NA	NA	NA	NA	NA	NA	NA	NA
rs67564962	0.14928	0.0681822	NA	NA	NA	NA	NA	NA	NA	NA	NA	NA	NA	NA
rs58012425	0.0257006	0.0611314	NA	NA	NA	NA	NA	NA	NA	NA	NA	NA	NA	NA
rs28728215	0.152369	0.0697626	NA	NA	NA	NA	NA	NA	NA	NA	NA	NA	NA	NA
rs28567471	0.091172	0.0603487	NA	NA	NA	NA	NA	NA	NA	NA	NA	NA	0.0100183	0.0143849
rs28583991	0.152369	0.0697626	NA	NA	NA	NA	NA	NA	NA	NA	NA	NA	0.0146685	0.0153515
rs6718038	-0.0131396	0.108508	NA	NA	NA	NA	NA	NA	NA	NA	NA	NA	NA	NA
rs7593495	0.0367516	0.0728003	NA	NA	NA	NA	NA	NA	NA	NA	NA	NA	-0.0260091	0.0217612
rs28721931	0.0497047	0.145676	NA	NA	NA	NA	NA	NA	NA	NA	NA	NA	-0.015794	0.0272674
rs62151677	0.117127	0.209566	NA	NA	NA	NA	NA	NA	NA	NA	NA	NA	NA	NA
rs72938241	-0.187893	0.156506	NA	NA	NA	NA	NA	NA	NA	NA	NA	NA	NA	NA
rs28464093	0.0279027	0.100776	NA	NA	NA	NA	NA	NA	NA	NA	NA	NA	NA	NA
rs28654387	0.105719	0.0819225	NA	NA	NA	NA	NA	NA	NA	NA	NA	NA	NA	NA
rs6752531	0.04983	0.0633132	NA	NA	NA	NA	NA	NA	NA	NA	NA	NA	0.0343155	0.0169826
rs114305089	-0.0656985	0.188996	NA	NA	NA	NA	NA	NA	NA	NA	NA	NA	-0.0738708	0.048568
rs28379697	0.00127686	0.109966	NA	NA	NA	NA	NA	NA	NA	NA	NA	NA	-0.0094441	0.0196366
rs114990759	0.313766	0.255396	NA	NA	NA	NA	NA	NA	NA	NA	NA	NA	NA	NA
rs111774403	0.0680182	0.132935	NA	NA	NA	NA	NA	NA	NA	NA	NA	NA	-0.0189379	0.0271118
rs116025669	0.0458679	0.16958	NA	NA	NA	NA	NA	NA	NA	NA	NA	NA	NA	NA
rs72938243	0.0681565	0.132997	NA	NA	NA	NA	NA	NA	NA	NA	NA	NA	-0.0189379	0.0271118
rs115608312	0.0458679	0.16958	NA	NA	NA	NA	NA	NA	NA	NA	NA	NA	NA	NA
rs113163838	0.0854134	0.104892	NA	NA	NA	NA	NA	NA	NA	NA	NA	NA	NA	NA
rs4953760	0.0870221	0.0598441	NA	NA	NA	NA	NA	NA	NA	NA	NA	NA	0.0089944	0.0143547
rs4953721	0.0821377	0.0564992	NA	NA	NA	NA	NA	NA	NA	NA	NA	NA	-0.0162727	0.014517
rs2060401	0.00633305	0.0743667	NA	NA	NA	NA	NA	NA	NA	NA	NA	NA	NA	NA
rs28551687	0.015548	0.0564002	NA	NA	NA	NA	NA	NA	NA	NA	NA	NA	NA	NA
rs28585452	0.0787593	0.147808	NA	NA	NA	NA	NA	NA	NA	NA	NA	NA	NA	NA
rs72938245	-0.22111	0.164353	NA	NA	NA	NA	NA	NA	NA	NA	NA	NA	0.00950306	0.0359632
rs34557890	0.0686923	0.0582435	NA	NA	NA	NA	NA	NA	NA	NA	NA	NA	0.0138293	0.0141111
rs28520382	0.206257	0.0798341	NA	NA	NA	NA	NA	NA	NA	NA	NA	NA	NA	NA
rs111486365	0.168217	0.123675	NA	NA	NA	NA	NA	NA	NA	NA	NA	NA	0.00442737	0.02874
rs72824788	0.0560665	0.0599176	NA	NA	NA	NA	NA	NA	NA	NA	NA	NA	NA	NA
rs60099402	-0.00801854	0.0731204	NA	NA	NA	NA	NA	NA	NA	NA	NA	NA	0.0469958	0.0195719
rs72938247	0.0217749	0.143783	NA	NA	NA	NA	NA	NA	NA	NA	NA	NA	NA	NA
rs6745809	0.161531	0.0705251	NA	NA	NA	NA	NA	NA	NA	NA	NA	NA	0.00696152	0.0159063
rs767628	0.0172982	0.0600393	NA	NA	NA	NA	NA	NA	NA	NA	NA	NA	0.0325432	0.015652
rs114910149	-0.0354723	0.217782	NA	NA	NA	NA	NA	NA	NA	NA	NA	NA	0.0196562	0.0589001
rs56402128	0.0684346	0.0582506	NA	NA	NA	NA	NA	NA	NA	NA	NA	NA	0.0157038	0.0140856
rs56364682	0.0686925	0.0582217	NA	NA	NA	NA	NA	NA	NA	NA	NA	NA	NA	NA
rs78149012	-0.18776	0.156482	NA	NA	NA	NA	NA	NA	NA	NA	NA	NA	0.0130267	0.0307568
rs113379786	-0.259006	0.10979	NA	NA	NA	NA	NA	NA	NA	NA	NA	NA	0.00449249	0.0290582
rs58031484	0.0561889	0.0600545	NA	NA	NA	NA	NA	NA	NA	NA	NA	NA	-0.0177602	0.0155129
rs6731879	0.0866312	0.223862	NA	NA	NA	NA	NA	NA	NA	NA	NA	NA	-0.0043781	0.0440844
rs28440810	0.085363	0.104876	NA	NA	NA	NA	NA	NA	NA	NA	NA	NA	0.022487	0.0291197
rs6732116	0.20518	0.0795898	NA	NA	NA	NA	NA	NA	NA	NA	NA	NA	NA	NA
rs61633348	-0.22111	0.164353	NA	NA	NA	NA	NA	NA	NA	NA	NA	NA	0.00950306	0.0359632
rs72938251	0.0677074	0.0751892	NA	NA	NA	NA	NA	NA	NA	NA	NA	NA	NA	NA
rs116719735	0.048437	0.0940593	NA	NA	NA	NA	NA	NA	NA	NA	NA	NA	0.0289572	0.0506921
rs28544318	0.172505	0.0721837	NA	NA	NA	NA	NA	NA	NA	NA	NA	NA	NA	NA
rs116512989	0.0947136	0.208217	NA	NA	NA	NA	NA	NA	NA	NA	NA	NA	-0.0278408	0.0490159
rs113307559	0.0853603	0.104876	NA	NA	NA	NA	NA	NA	NA	NA	NA	NA	NA	NA
rs73953161	0.05169	0.0713936	NA	NA	NA	NA	NA	NA	NA	NA	NA	NA	-0.0128926	0.019367
rs990967	0.312319	0.269008	NA	NA	NA	NA	NA	NA	NA	NA	NA	NA	NA	NA
rs76516018	-0.18776	0.156482	NA	NA	NA	NA	NA	NA	NA	NA	NA	NA	0.0130267	0.0307568
rs77644067	0.133986	0.0980039	NA	NA	NA	NA	NA	NA	NA	NA	NA	NA	NA	NA
rs28374561	0.0680755	0.133005	NA	NA	NA	NA	NA	NA	NA	NA	NA	NA	NA	NA
rs72938253	-0.18776	0.156482	NA	NA	NA	NA	NA	NA	NA	NA	NA	NA	0.0130267	0.0307568
rs115567141	-0.0762363	0.109536	NA	NA	NA	NA	NA	NA	NA	NA	NA	NA	NA	NA
rs56195919	0.0334343	0.0686574	NA	NA	NA	NA	NA	NA	NA	NA	NA	NA	-0.0154743	0.0183931
rs61215808	0.0171992	0.0601737	NA	NA	NA	NA	NA	NA	NA	NA	NA	NA	0.0325432	0.015652
rs56710907	0.0223514	0.0727186	NA	NA	NA	NA	NA	NA	NA	NA	NA	NA	NA	NA
rs10496432	0.0562185	0.0600585	NA	NA	NA	NA	NA	NA	NA	NA	NA	NA	-0.0177602	0.0155129
rs72938256	-0.18776	0.156482	NA	NA	NA	NA	NA	NA	NA	NA	NA	NA	0.0130267	0.0307568
rs113794292	0.0853435	0.100026	NA	NA	NA	NA	NA	NA	NA	NA	NA	NA	0.0320859	0.0281079
rs717188	-0.18776	0.156482	NA	NA	NA	NA	NA	NA	NA	NA	NA	NA	0.0130267	0.0307568
rs717189	0.116603	0.15004	NA	NA	NA	NA	NA	NA	NA	NA	NA	NA	NA	NA
rs114657950	-0.280048	0.243213	NA	NA	NA	NA	NA	NA	NA	NA	NA	NA	-0.0670117	0.0514889
rs2060402	0.0687144	0.0582413	NA	NA	NA	NA	NA	NA	NA	NA	NA	NA	NA	NA
rs2060403	0.143387	0.0697518	NA	NA	NA	NA	NA	NA	NA	NA	NA	NA	0.0135174	0.0153364
rs28369323	0.0170985	0.0602006	NA	NA	NA	NA	NA	NA	NA	NA	NA	NA	0.0347281	0.0155405
rs62151680	0.152261	0.217757	NA	NA	NA	NA	NA	NA	NA	NA	NA	NA	NA	NA
rs6716287	0.0172318	0.0602065	NA	NA	NA	NA	NA	NA	NA	NA	NA	NA	0.0347281	0.0155405
rs111452745	0.10773	0.101169	NA	NA	NA	NA	NA	NA	NA	NA	NA	NA	-0.0019902	0.0241441
rs4953782	0.0560621	0.0600679	NA	NA	NA	NA	NA	NA	NA	NA	NA	NA	-0.0177602	0.0155129
rs66789315	0.0560621	0.0600679	NA	NA	NA	NA	NA	NA	NA	NA	NA	NA	NA	NA
rs72938267	-0.187388	0.156412	NA	NA	NA	NA	NA	NA	NA	NA	NA	NA	0.0130267	0.0307568
rs4953784	0.160858	0.0706376	NA	NA	NA	NA	NA	NA	NA	NA	NA	NA	0.00696152	0.0159063
rs4953729	0.0560621	0.0600679	NA	NA	NA	NA	NA	NA	NA	NA	NA	NA	-0.0166668	0.0155128
rs4953730	0.0500768	0.0618325	NA	NA	NA	NA	NA	NA	NA	NA	NA	NA	NA	NA
rs28372574	0.0677083	0.0751854	NA	NA	NA	NA	NA	NA	NA	NA	NA	NA	NA	NA
rs72938271	0.0175258	0.0602294	NA	NA	NA	NA	NA	NA	NA	NA	NA	NA	NA	NA
rs78662481	-0.187832	0.156535	NA	NA	NA	NA	NA	NA	NA	NA	NA	NA	0.0130267	0.0307568
rs28570680	0.0560444	0.0600701	NA	NA	NA	NA	NA	NA	NA	NA	NA	NA	NA	NA
rs28463150	0.100986	0.0815534	NA	NA	NA	NA	NA	NA	NA	NA	NA	NA	-0.00500908	0.0182072
rs114858065	-0.0656985	0.188996	NA	NA	NA	NA	NA	NA	NA	NA	NA	NA	NA	NA
rs116596683	-0.324468	0.219883	NA	NA	NA	NA	NA	NA	NA	NA	NA	NA	NA	NA
rs72938273	-0.187832	0.156535	NA	NA	NA	NA	NA	NA	NA	NA	NA	NA	NA	NA
rs28615410	0.068717	0.0582429	NA	NA	NA	NA	NA	NA	NA	NA	NA	NA	NA	NA
rs28603269	0.0681688	0.133045	NA	NA	NA	NA	NA	NA	NA	NA	NA	NA	-0.0189379	0.0271118
rs7565483	0.0560444	0.0600701	NA	NA	NA	NA	NA	NA	NA	NA	NA	NA	-0.0177602	0.0155129
rs28718793	0.0218498	0.143837	NA	NA	NA	NA	NA	NA	NA	NA	NA	NA	-0.015794	0.0272674
rs112739610	-0.260794	0.180566	NA	NA	NA	NA	NA	NA	NA	NA	NA	NA	NA	NA
rs7577865	0.0560444	0.0600701	NA	NA	NA	NA	NA	NA	NA	NA	NA	NA	NA	NA
rs116030689	0.317993	0.227286	NA	NA	NA	NA	NA	NA	NA	NA	NA	NA	NA	NA
rs113462837	-0.187832	0.156535	NA	NA	NA	NA	NA	NA	NA	NA	NA	NA	NA	NA
rs4953788	0.0385297	0.0597887	NA	NA	NA	NA	NA	NA	NA	NA	NA	NA	-0.0229197	0.015203
rs66476717	0.204931	0.0799138	NA	NA	NA	NA	NA	NA	NA	NA	NA	NA	NA	NA
rs2903537	0.202662	0.0801183	NA	NA	NA	NA	NA	NA	NA	NA	NA	NA	NA	NA
rs112381646	0.0681688	0.133045	NA	NA	NA	NA	NA	NA	NA	NA	NA	NA	NA	NA
rs6725792	0.0560444	0.0600701	NA	NA	NA	NA	NA	NA	NA	NA	NA	NA	-0.0177602	0.0155129
rs6709945	0.0560444	0.0600701	NA	NA	NA	NA	NA	NA	NA	NA	NA	NA	-0.0184393	0.0155476
rs6719215	0.0560444	0.0600701	NA	NA	NA	NA	NA	NA	NA	NA	NA	NA	-0.0177602	0.0155129
rs7423621	0.053169	0.0759842	NA	NA	NA	NA	NA	NA	NA	NA	NA	NA	-0.0040304	0.0183586
rs34311530	0.0560444	0.0600701	NA	NA	NA	NA	NA	NA	NA	NA	NA	NA	-0.0177602	0.0155129
rs72824796	0.0559141	0.060068	NA	NA	NA	NA	NA	NA	NA	NA	NA	NA	NA	NA
rs34821058	0.0559599	0.0600683	NA	NA	NA	NA	NA	NA	NA	NA	NA	NA	NA	NA
rs28658552	0.0681688	0.133045	NA	NA	NA	NA	NA	NA	NA	NA	NA	NA	-0.0189379	0.0271118
rs61054424	0.0218498	0.143837	NA	NA	NA	NA	NA	NA	NA	NA	NA	NA	-0.015794	0.0272674
rs7596172	0.0703314	0.058477	NA	NA	NA	NA	NA	NA	NA	NA	NA	NA	NA	NA
rs115676528	-0.18897	0.120384	NA	NA	NA	NA	NA	NA	NA	NA	NA	NA	-0.0120855	0.0613244
rs114084301	-0.322566	0.219437	NA	NA	NA	NA	NA	NA	NA	NA	NA	NA	0.0233923	0.046745
rs111791981	0.0218498	0.143837	NA	NA	NA	NA	NA	NA	NA	NA	NA	NA	NA	NA
rs111595475	0.0218498	0.143837	NA	NA	NA	NA	NA	NA	NA	NA	NA	NA	-0.015794	0.0272674
rs6751928	0.0532608	0.0759943	NA	NA	NA	NA	NA	NA	NA	NA	NA	NA	NA	NA
rs59328146	-0.188244	0.156837	NA	NA	NA	NA	NA	NA	NA	NA	NA	NA	0.0130267	0.0307568
rs115889576	0.0222218	0.0727231	NA	NA	NA	NA	NA	NA	NA	NA	NA	NA	-0.0248699	0.0215866
rs6735816	0.033124	0.112619	NA	NA	NA	NA	NA	NA	NA	NA	NA	NA	NA	NA
rs6594037	0.0687814	0.0582498	NA	NA	NA	NA	NA	NA	NA	NA	NA	NA	NA	NA
rs114343735	-0.0924554	0.185788	NA	NA	NA	NA	NA	NA	NA	NA	NA	NA	-0.0451111	0.0442677
rs72938283	0.065901	0.133094	NA	NA	NA	NA	NA	NA	NA	NA	NA	NA	-0.0189379	0.0271118
rs3213866	0.0559599	0.0600683	NA	NA	NA	NA	NA	NA	NA	NA	NA	NA	-0.0184393	0.0155476
rs114417153	-0.322566	0.219437	NA	NA	NA	NA	NA	NA	NA	NA	NA	NA	NA	NA
rs74397261	-0.220733	0.164304	NA	NA	NA	NA	NA	NA	NA	NA	NA	NA	NA	NA
rs73953167	-0.00819038	0.073193	NA	NA	NA	NA	NA	NA	NA	NA	NA	NA	0.0469958	0.0195719
rs892464	0.0172152	0.060173	NA	NA	NA	NA	NA	NA	NA	NA	NA	NA	0.0325432	0.015652
rs56822430	-0.0907533	0.185645	NA	NA	NA	NA	NA	NA	NA	NA	NA	NA	-0.0451111	0.0442677
rs116357738	-0.0542247	0.171934	NA	NA	NA	NA	NA	NA	NA	NA	NA	NA	-0.0498053	0.0538942
rs56794190	0.0559532	0.0600673	NA	NA	NA	NA	NA	NA	NA	NA	NA	NA	-0.0177602	0.0155129
rs59681015	0.0224179	0.0726535	NA	NA	NA	NA	NA	NA	NA	NA	NA	NA	-0.0248699	0.0215866
rs114901833	-0.293731	0.245906	NA	NA	NA	NA	NA	NA	NA	NA	NA	NA	-0.102653	0.055092
rs28425740	0.0159093	0.217114	NA	NA	NA	NA	NA	NA	NA	NA	NA	NA	NA	NA
rs1808722	0.0492866	0.0630688	NA	NA	NA	NA	NA	NA	NA	NA	NA	NA	NA	NA
rs72824800	0.0368709	0.105094	NA	NA	NA	NA	NA	NA	NA	NA	NA	NA	-0.0247047	0.023939
rs112496963	-0.188543	0.156858	NA	NA	NA	NA	NA	NA	NA	NA	NA	NA	0.0130267	0.0307568
rs28853417	0.124959	0.150684	NA	NA	NA	NA	NA	NA	NA	NA	NA	NA	NA	NA
rs75122482	-0.00819038	0.073193	NA	NA	NA	NA	NA	NA	NA	NA	NA	NA	0.0469958	0.0195719
rs34517320	0.0559532	0.0600673	NA	NA	NA	NA	NA	NA	NA	NA	NA	NA	NA	NA
rs72824802	0.0475616	0.0616557	NA	NA	NA	NA	NA	NA	NA	NA	NA	NA	NA	NA
rs112462060	0.0854851	0.104886	NA	NA	NA	NA	NA	NA	NA	NA	NA	NA	0.022487	0.0291197
rs60524887	-0.188304	0.156881	NA	NA	NA	NA	NA	NA	NA	NA	NA	NA	0.0130267	0.0307568
rs113992410	-0.259006	0.10979	NA	NA	NA	NA	NA	NA	NA	NA	NA	NA	0.00449249	0.0290582
rs28639612	0.0681092	0.133054	NA	NA	NA	NA	NA	NA	NA	NA	NA	NA	-0.0224501	0.0269528
rs753492	0.0558918	0.060071	NA	NA	NA	NA	NA	NA	NA	NA	NA	NA	-0.0177602	0.0155129
rs892460	0.161021	0.0706243	NA	NA	NA	NA	NA	NA	NA	NA	NA	NA	NA	NA
rs2018352	0.161021	0.0706243	NA	NA	NA	NA	NA	NA	NA	NA	NA	NA	NA	NA
rs4482487	0.0558918	0.060071	NA	NA	NA	NA	NA	NA	NA	NA	NA	NA	-0.0177602	0.0155129
rs28707057	0.021773	0.143849	NA	NA	NA	NA	NA	NA	NA	NA	NA	NA	NA	NA
rs28361394	0.021773	0.143849	NA	NA	NA	NA	NA	NA	NA	NA	NA	NA	NA	NA
rs6594041	0.0173861	0.0601431	NA	NA	NA	NA	NA	NA	NA	NA	NA	NA	0.0325432	0.015652
rs73953168	0.00438122	0.0742149	NA	NA	NA	NA	NA	NA	NA	NA	NA	NA	NA	NA
rs68117640	0.067726	0.0583274	NA	NA	NA	NA	NA	NA	NA	NA	NA	NA	NA	NA
rs114643816	-0.00803332	0.0731198	NA	NA	NA	NA	NA	NA	NA	NA	NA	NA	0.0469958	0.0195719
rs75796648	0.183789	0.125292	NA	NA	NA	NA	NA	NA	NA	NA	NA	NA	NA	NA
rs116098073	-0.186561	0.223745	NA	NA	NA	NA	NA	NA	NA	NA	NA	NA	NA	NA
rs28699105	0.0712967	0.075379	NA	NA	NA	NA	NA	NA	NA	NA	NA	NA	-0.0122295	0.0171696
rs28624186	0.0226362	0.0827395	NA	NA	NA	NA	NA	NA	NA	NA	NA	NA	NA	NA
rs747445	0.143721	0.0697413	NA	NA	NA	NA	NA	NA	NA	NA	NA	NA	NA	NA
rs73953169	-0.0839743	0.0741981	NA	NA	NA	NA	NA	NA	NA	NA	NA	NA	-0.0196532	0.0188283
rs7590230	0.206058	0.129439	NA	NA	NA	NA	NA	NA	NA	NA	NA	NA	0.00207245	0.0254743
rs77699264	0.0381008	0.0686239	NA	NA	NA	NA	NA	NA	NA	NA	NA	NA	NA	NA
rs1811388	0.0718325	0.0608752	NA	NA	NA	NA	NA	NA	NA	NA	NA	NA	-0.0161931	0.0155169
rs35226309	-0.000709559	0.109841	NA	NA	NA	NA	NA	NA	NA	NA	NA	NA	-0.0094441	0.0196366
rs78584142	0.150304	0.144547	NA	NA	NA	NA	NA	NA	NA	NA	NA	NA	-0.00694867	0.0319715
rs28588372	0.0175554	0.0600251	NA	NA	NA	NA	NA	NA	NA	NA	NA	NA	0.0320291	0.0157276
rs2867277	0.0174689	0.0601308	NA	NA	NA	NA	NA	NA	NA	NA	NA	NA	0.0320291	0.0157276
rs114300369	-0.320833	0.21906	NA	NA	NA	NA	NA	NA	NA	NA	NA	NA	0.0233923	0.046745
rs9653602	-0.00777285	0.109096	NA	NA	NA	NA	NA	NA	NA	NA	NA	NA	NA	NA
rs61548546	0.0174655	0.0601312	NA	NA	NA	NA	NA	NA	NA	NA	NA	NA	0.0320291	0.0157276
rs919941	0.0689735	0.0582759	NA	NA	NA	NA	NA	NA	NA	NA	NA	NA	NA	NA
rs115929974	-0.0630916	0.197656	NA	NA	NA	NA	NA	NA	NA	NA	NA	NA	-0.0738708	0.048568
rs73953171	0.355316	0.257327	NA	NA	NA	NA	NA	NA	NA	NA	NA	NA	0.0388909	0.0409082
rs4953839	0.0735996	0.0755483	NA	NA	NA	NA	NA	NA	NA	NA	NA	NA	-0.0113579	0.0173042
rs115393424	-0.12027	0.198697	NA	NA	NA	NA	NA	NA	NA	NA	NA	NA	NA	NA
rs34441132	0.0553959	0.0600732	NA	NA	NA	NA	NA	NA	NA	NA	NA	NA	NA	NA
rs113830640	-0.259009	0.109744	NA	NA	NA	NA	NA	NA	NA	NA	NA	NA	0.00449249	0.0290582
rs67271832	0.0553967	0.0600732	NA	NA	NA	NA	NA	NA	NA	NA	NA	NA	NA	NA
rs111566351	0.11343	0.101605	NA	NA	NA	NA	NA	NA	NA	NA	NA	NA	-0.00141249	0.0239085
rs112450144	0.102717	0.0950561	NA	NA	NA	NA	NA	NA	NA	NA	NA	NA	0.00027009	0.0236812
rs28477948	0.342716	0.271428	NA	NA	NA	NA	NA	NA	NA	NA	NA	NA	NA	NA
rs72826806	-0.000750583	0.109929	NA	NA	NA	NA	NA	NA	NA	NA	NA	NA	NA	NA
rs112124758	0.0186383	0.060081	NA	NA	NA	NA	NA	NA	NA	NA	NA	NA	NA	NA
rs112932744	-0.22111	0.164353	NA	NA	NA	NA	NA	NA	NA	NA	NA	NA	NA	NA
rs113520112	0.117904	0.101757	NA	NA	NA	NA	NA	NA	NA	NA	NA	NA	NA	NA
rs72938290	-0.189246	0.158326	NA	NA	NA	NA	NA	NA	NA	NA	NA	NA	NA	NA
rs114498818	0.0400851	0.0911294	NA	NA	NA	NA	NA	NA	NA	NA	NA	NA	0.00306438	0.0454417
rs6760478	0.0186383	0.060081	NA	NA	NA	NA	NA	NA	NA	NA	NA	NA	NA	NA
rs6723295	0.0695338	0.0581908	NA	NA	NA	NA	NA	NA	NA	NA	NA	NA	NA	NA
rs78474012	-0.0688975	0.11462	NA	NA	NA	NA	NA	NA	NA	NA	NA	NA	0.057655	0.0300117
rs78575363	0.211774	0.0799198	NA	NA	NA	NA	NA	NA	NA	NA	NA	NA	NA	NA
rs2043462	0.0695338	0.0581908	NA	NA	NA	NA	NA	NA	NA	NA	NA	NA	0.0137512	0.0140924
rs58958362	-0.187959	0.15871	NA	NA	NA	NA	NA	NA	NA	NA	NA	NA	0.0137349	0.0306345
rs10496433	0.182366	0.123598	NA	NA	NA	NA	NA	NA	NA	NA	NA	NA	0.00471389	0.0295225
rs4953843	0.0695103	0.0581912	NA	NA	NA	NA	NA	NA	NA	NA	NA	NA	NA	NA
rs4953844	0.385435	0.270745	NA	NA	NA	NA	NA	NA	NA	NA	NA	NA	NA	NA
rs1036318	0.0512895	0.059933	NA	NA	NA	NA	NA	NA	NA	NA	NA	NA	NA	NA
rs67886290	0.00632434	0.0629187	NA	NA	NA	NA	NA	NA	NA	NA	NA	NA	NA	NA
rs6713646	0.14677	0.098314	NA	NA	NA	NA	NA	NA	NA	NA	NA	NA	-0.00516826	0.0275658
rs61398276	-0.189038	0.158306	NA	NA	NA	NA	NA	NA	NA	NA	NA	NA	0.0137349	0.0306345
rs111935831	0.113589	0.081645	NA	NA	NA	NA	NA	NA	NA	NA	NA	NA	-0.00348218	0.0178718
rs7568492	0.123494	0.147638	NA	NA	NA	NA	NA	NA	NA	NA	NA	NA	-0.0122394	0.0327559
rs35550721	0.0233382	0.105737	NA	NA	NA	NA	NA	NA	NA	NA	NA	NA	NA	NA
rs28812293	0.387843	0.26256	NA	NA	NA	NA	NA	NA	NA	NA	NA	NA	NA	NA
rs75361978	-0.0875587	0.182963	NA	NA	NA	NA	NA	NA	NA	NA	NA	NA	-0.0451111	0.0442677
rs28800201	0.13452	0.0977714	NA	NA	NA	NA	NA	NA	NA	NA	NA	NA	NA	NA
rs7572991	0.0507125	0.0629497	NA	NA	NA	NA	NA	NA	NA	NA	NA	NA	0.0309778	0.0170788
rs56360441	0.041133	0.068088	NA	NA	NA	NA	NA	NA	NA	NA	NA	NA	-0.0154743	0.0183931
rs6751785	0.0553391	0.059785	NA	NA	NA	NA	NA	NA	NA	NA	NA	NA	NA	NA
rs6594046	0.0550782	0.0597766	NA	NA	NA	NA	NA	NA	NA	NA	NA	NA	NA	NA
rs3829700	0.167178	0.0702953	NA	NA	NA	NA	NA	NA	NA	NA	NA	NA	NA	NA
rs7579996	0.0450171	0.0839694	NA	NA	NA	NA	NA	NA	NA	NA	NA	NA	0.00178952	0.0210018
rs114226290	-0.00607876	0.0733297	NA	NA	NA	NA	NA	NA	NA	NA	NA	NA	0.0516144	0.0196254
rs7603756	0.114998	0.146301	NA	NA	NA	NA	NA	NA	NA	NA	NA	NA	NA	NA
rs115676768	0.0381612	0.218957	NA	NA	NA	NA	NA	NA	NA	NA	NA	NA	0.0393155	0.054371
rs72938294	0.0261181	0.142497	NA	NA	NA	NA	NA	NA	NA	NA	NA	NA	-0.0161522	0.0271905
rs74868086	0.105581	0.104472	NA	NA	NA	NA	NA	NA	NA	NA	NA	NA	0.0231794	0.0283575
rs1560884	0.0163963	0.0611031	NA	NA	NA	NA	NA	NA	NA	NA	NA	NA	NA	NA
rs76992194	0.105581	0.104472	NA	NA	NA	NA	NA	NA	NA	NA	NA	NA	NA	NA
rs4953847	0.0547079	0.0597621	NA	NA	NA	NA	NA	NA	NA	NA	NA	NA	-0.0140144	0.0155276
rs4953848	0.0547079	0.0597621	NA	NA	NA	NA	NA	NA	NA	NA	NA	NA	-0.0140144	0.0155276
rs4953849	0.0550353	0.059689	NA	NA	NA	NA	NA	NA	NA	NA	NA	NA	-0.0166196	0.0155225
rs4953850	0.168821	0.070096	NA	NA	NA	NA	NA	NA	NA	NA	NA	NA	NA	NA
rs116040486	0.0261153	0.142435	NA	NA	NA	NA	NA	NA	NA	NA	NA	NA	-0.0161522	0.0271905
rs6726252	0.0663456	0.0581873	NA	NA	NA	NA	NA	NA	NA	NA	NA	NA	NA	NA
rs6594049	0.0689814	0.0580453	NA	NA	NA	NA	NA	NA	NA	NA	NA	NA	NA	NA
rs6594050	0.0550353	0.059689	NA	NA	NA	NA	NA	NA	NA	NA	NA	NA	-0.0166196	0.0155225
rs72938300	-0.220733	0.164304	NA	NA	NA	NA	NA	NA	NA	NA	NA	NA	0.00950306	0.0359632
rs1046645	0.133507	0.0977563	NA	NA	NA	NA	NA	NA	NA	NA	NA	NA	-0.000825583	0.0273201
rs77125936	0.00466215	0.160996	NA	NA	NA	NA	NA	NA	NA	NA	NA	NA	-0.0519364	0.0312866
rs113001438	0.101465	0.10471	NA	NA	NA	NA	NA	NA	NA	NA	NA	NA	0.0259224	0.0282383
rs73953934	0.0608781	0.0711076	NA	NA	NA	NA	NA	NA	NA	NA	NA	NA	-0.0118673	0.0193529
rs6748632	0.163892	0.069347	NA	NA	NA	NA	NA	NA	NA	NA	NA	NA	NA	NA
rs34111852	0.0548888	0.059783	NA	NA	NA	NA	NA	NA	NA	NA	NA	NA	NA	NA
rs6705280	0.061965	0.071188	NA	NA	NA	NA	NA	NA	NA	NA	NA	NA	-0.0103227	0.0193026
rs6705503	0.0137619	0.061075	NA	NA	NA	NA	NA	NA	NA	NA	NA	NA	0.0380817	0.0158036
rs6737736	0.0548468	0.0597865	NA	NA	NA	NA	NA	NA	NA	NA	NA	NA	-0.0140144	0.0155276
rs3890108	-0.036517	0.206163	NA	NA	NA	NA	NA	NA	NA	NA	NA	NA	0.0364028	0.0511848
rs7590182	-0.0338984	0.0792697	NA	NA	NA	NA	NA	NA	NA	NA	NA	NA	0.0567653	0.0204103
rs72940203	-0.186318	0.157517	NA	NA	NA	NA	NA	NA	NA	NA	NA	NA	NA	NA
rs28622442	0.120885	0.0612061	NA	NA	NA	NA	NA	NA	NA	NA	NA	NA	0.0143543	0.0143468
rs111634292	0.0807017	0.103292	NA	NA	NA	NA	NA	NA	NA	NA	NA	NA	0.0197717	0.0286895
rs111786654	0.0923727	0.13373	NA	NA	NA	NA	NA	NA	NA	NA	NA	NA	-0.0111062	0.0267342
rs61449947	-0.190096	0.157732	NA	NA	NA	NA	NA	NA	NA	NA	NA	NA	0.00416568	0.0311285
rs10496434	0.0906949	0.0730053	NA	NA	NA	NA	NA	NA	NA	NA	NA	NA	NA	NA
rs7568799	-0.00450603	0.0610935	NA	NA	NA	NA	NA	NA	NA	NA	NA	NA	0.0284436	0.0155001
rs919942	0.0305522	0.0636411	NA	NA	NA	NA	NA	NA	NA	NA	NA	NA	NA	NA
rs76159401	-0.174486	0.139381	NA	NA	NA	NA	NA	NA	NA	NA	NA	NA	0.0659384	0.0334764
rs111574097	0.174475	0.123296	NA	NA	NA	NA	NA	NA	NA	NA	NA	NA	NA	NA
rs28478647	0.223384	0.205669	NA	NA	NA	NA	NA	NA	NA	NA	NA	NA	NA	NA
rs74991284	-0.042651	0.0746261	NA	NA	NA	NA	NA	NA	NA	NA	NA	NA	NA	NA
rs4953852	0.0931871	0.0939149	NA	NA	NA	NA	NA	NA	NA	NA	NA	NA	0.0128552	0.0227322
rs28696274	0.055158	0.0598147	NA	NA	NA	NA	NA	NA	NA	NA	NA	NA	-0.0166196	0.0155225
rs112520760	0.0797922	0.1034	NA	NA	NA	NA	NA	NA	NA	NA	NA	NA	0.0259224	0.0282383
rs28740980	0.0560168	0.0887699	NA	NA	NA	NA	NA	NA	NA	NA	NA	NA	NA	NA
rs111939525	0.0931937	0.0942044	NA	NA	NA	NA	NA	NA	NA	NA	NA	NA	0.0180212	0.0224641
rs2060404	0.0560265	0.088506	NA	NA	NA	NA	NA	NA	NA	NA	NA	NA	-0.0186052	0.0169748
rs60978762	0.071133	0.13202	NA	NA	NA	NA	NA	NA	NA	NA	NA	NA	NA	NA
rs59185208	-0.187338	0.157752	NA	NA	NA	NA	NA	NA	NA	NA	NA	NA	0.00416568	0.0311285
rs113879748	0.0261181	0.142497	NA	NA	NA	NA	NA	NA	NA	NA	NA	NA	-0.0161522	0.0271905
rs28444652	0.0656405	0.0888351	NA	NA	NA	NA	NA	NA	NA	NA	NA	NA	-0.0186052	0.0169748
rs73953935	-0.037765	0.0791202	NA	NA	NA	NA	NA	NA	NA	NA	NA	NA	0.0567653	0.0204103
rs4953853	0.0552149	0.0598727	NA	NA	NA	NA	NA	NA	NA	NA	NA	NA	NA	NA
rs115207022	0.321081	0.225056	NA	NA	NA	NA	NA	NA	NA	NA	NA	NA	NA	NA
rs114452313	-0.330459	0.217566	NA	NA	NA	NA	NA	NA	NA	NA	NA	NA	0.0233923	0.046745
rs112988447	0.0697191	0.132311	NA	NA	NA	NA	NA	NA	NA	NA	NA	NA	-0.019275	0.0270364
rs28639770	0.0559783	0.0888632	NA	NA	NA	NA	NA	NA	NA	NA	NA	NA	-0.0186052	0.0169748
rs28634501	0.169814	0.0759154	NA	NA	NA	NA	NA	NA	NA	NA	NA	NA	NA	NA
rs9677631	0.134954	0.0978211	NA	NA	NA	NA	NA	NA	NA	NA	NA	NA	NA	NA
rs730988	-0.190264	0.158313	NA	NA	NA	NA	NA	NA	NA	NA	NA	NA	0.00416568	0.0311285
rs2014730	0.0258129	0.0786438	NA	NA	NA	NA	NA	NA	NA	NA	NA	NA	-0.0123888	0.0194821
rs726901	0.134954	0.0978211	NA	NA	NA	NA	NA	NA	NA	NA	NA	NA	NA	NA
rs72940214	-0.190264	0.158313	NA	NA	NA	NA	NA	NA	NA	NA	NA	NA	0.00416568	0.0311285
rs28528136	0.0288066	0.131247	NA	NA	NA	NA	NA	NA	NA	NA	NA	NA	NA	NA
rs58360057	-0.190264	0.158313	NA	NA	NA	NA	NA	NA	NA	NA	NA	NA	NA	NA
rs9653603	0.0746264	0.08241	NA	NA	NA	NA	NA	NA	NA	NA	NA	NA	NA	NA
rs9653604	0.0546458	0.0890856	NA	NA	NA	NA	NA	NA	NA	NA	NA	NA	NA	NA
rs9653605	0.0699379	0.133247	NA	NA	NA	NA	NA	NA	NA	NA	NA	NA	-0.0226423	0.0268858
rs116478207	-0.18742	0.118302	NA	NA	NA	NA	NA	NA	NA	NA	NA	NA	-0.0120855	0.0613244
rs59858824	-0.191451	0.11758	NA	NA	NA	NA	NA	NA	NA	NA	NA	NA	NA	NA
rs72940218	0.0257478	0.0787496	NA	NA	NA	NA	NA	NA	NA	NA	NA	NA	-0.0124747	0.0195009
rs28719784	0.108364	0.145695	NA	NA	NA	NA	NA	NA	NA	NA	NA	NA	-0.00718072	0.0321189
rs28721314	0.0284754	0.113553	NA	NA	NA	NA	NA	NA	NA	NA	NA	NA	NA	NA
rs6760577	0.057032	0.0609319	NA	NA	NA	NA	NA	NA	NA	NA	NA	NA	-0.0156322	0.0159508
rs78171224	0.0164436	0.0653167	NA	NA	NA	NA	NA	NA	NA	NA	NA	NA	0.0360486	0.0153778
rs1836211	0.0216938	0.0800828	NA	NA	NA	NA	NA	NA	NA	NA	NA	NA	-0.0108196	0.019552
rs1434168	0.168192	0.0765054	NA	NA	NA	NA	NA	NA	NA	NA	NA	NA	NA	NA
rs28581222	0.0700763	0.135683	NA	NA	NA	NA	NA	NA	NA	NA	NA	NA	-0.0166312	0.0273539
rs61049649	0.0216938	0.0800828	NA	NA	NA	NA	NA	NA	NA	NA	NA	NA	NA	NA
rs71973050	0.0216938	0.0800828	NA	NA	NA	NA	NA	NA	NA	NA	NA	NA	NA	NA
rs61428642	0.0216934	0.0800958	NA	NA	NA	NA	NA	NA	NA	NA	NA	NA	-0.0114706	0.0196474
rs60272411	0.0152404	0.0809846	NA	NA	NA	NA	NA	NA	NA	NA	NA	NA	NA	NA
rs28526306	0.00529028	0.183919	NA	NA	NA	NA	NA	NA	NA	NA	NA	NA	-0.00522212	0.0375591
rs114420403	-0.326007	0.216829	NA	NA	NA	NA	NA	NA	NA	NA	NA	NA	0.0233923	0.046745
rs28613553	0.0216938	0.0800828	NA	NA	NA	NA	NA	NA	NA	NA	NA	NA	NA	NA
rs113726196	-0.223431	0.164759	NA	NA	NA	NA	NA	NA	NA	NA	NA	NA	0.00950306	0.0359632
rs34672176	0.0381337	0.0654899	NA	NA	NA	NA	NA	NA	NA	NA	NA	NA	NA	NA
rs28513618	0.0235169	0.0791931	NA	NA	NA	NA	NA	NA	NA	NA	NA	NA	-0.0128142	0.0195699
rs28441405	0.0894475	0.0559828	NA	NA	NA	NA	NA	NA	NA	NA	NA	NA	NA	NA
rs115452190	-0.0304071	0.186466	NA	NA	NA	NA	NA	NA	NA	NA	NA	NA	-0.0738708	0.048568
rs72940226	0.0278285	0.143792	NA	NA	NA	NA	NA	NA	NA	NA	NA	NA	-0.0130985	0.0281587
rs115507844	0.075387	0.206873	NA	NA	NA	NA	NA	NA	NA	NA	NA	NA	-0.0350988	0.0495851
rs28445980	0.0616261	0.0610258	NA	NA	NA	NA	NA	NA	NA	NA	NA	NA	NA	NA
rs28612440	0.0485653	0.0564082	NA	NA	NA	NA	NA	NA	NA	NA	NA	NA	-0.00673187	0.0147876
rs77682819	0.00125958	0.180913	NA	NA	NA	NA	NA	NA	NA	NA	NA	NA	NA	NA
rs76394468	0.0614028	0.10877	NA	NA	NA	NA	NA	NA	NA	NA	NA	NA	-0.0165149	0.0287157
rs112013257	0.0618113	0.108945	NA	NA	NA	NA	NA	NA	NA	NA	NA	NA	-0.0165149	0.0287157
rs28856964	0.0484085	0.0569379	NA	NA	NA	NA	NA	NA	NA	NA	NA	NA	NA	NA
rs28893257	0.0695059	0.0568523	NA	NA	NA	NA	NA	NA	NA	NA	NA	NA	-0.00021909	0.014764
rs28832910	0.0695059	0.0568523	NA	NA	NA	NA	NA	NA	NA	NA	NA	NA	-0.000415922	0.0147571
rs28513171	0.188066	0.0947488	NA	NA	NA	NA	NA	NA	NA	NA	NA	NA	NA	NA
rs6594051	0.188066	0.0947488	NA	NA	NA	NA	NA	NA	NA	NA	NA	NA	-0.00423045	0.0233026
rs6594052	0.191282	0.0943653	NA	NA	NA	NA	NA	NA	NA	NA	NA	NA	NA	NA
rs6594053	0.0456692	0.056233	NA	NA	NA	NA	NA	NA	NA	NA	NA	NA	-0.00595524	0.0148433
rs59781978	0.0121568	0.145653	NA	NA	NA	NA	NA	NA	NA	NA	NA	NA	-0.00771232	0.029801
rs1434167	0.0262312	0.0560861	NA	NA	NA	NA	NA	NA	NA	NA	NA	NA	NA	NA
rs116388605	0.0494594	0.136145	NA	NA	NA	NA	NA	NA	NA	NA	NA	NA	0.047843	0.0380516
rs72940230	-0.303901	0.162788	NA	NA	NA	NA	NA	NA	NA	NA	NA	NA	0.00103325	0.0319555
rs6594054	0.0450355	0.0563366	NA	NA	NA	NA	NA	NA	NA	NA	NA	NA	-0.00595524	0.0148433
rs2903697	-0.0537645	0.0915287	NA	NA	NA	NA	NA	NA	NA	NA	NA	NA	NA	NA
rs2867909	-0.0538521	0.0915303	NA	NA	NA	NA	NA	NA	NA	NA	NA	NA	-0.0120353	0.0220354
rs2867910	-0.054136	0.0913996	NA	NA	NA	NA	NA	NA	NA	NA	NA	NA	-0.0120353	0.0220354
rs4312506	0.024308	0.0563271	NA	NA	NA	NA	NA	NA	NA	NA	NA	NA	-0.00885241	0.014113
rs72826816	0.0450355	0.0563365	NA	NA	NA	NA	NA	NA	NA	NA	NA	NA	NA	NA
rs72940234	-0.304404	0.162453	NA	NA	NA	NA	NA	NA	NA	NA	NA	NA	0.00103325	0.0319555
rs72826817	0.0450357	0.0563366	NA	NA	NA	NA	NA	NA	NA	NA	NA	NA	-0.00432185	0.0148303
rs58226255	-0.0248982	0.0752331	NA	NA	NA	NA	NA	NA	NA	NA	NA	NA	NA	NA
rs75797699	0.0619954	0.0615588	NA	NA	NA	NA	NA	NA	NA	NA	NA	NA	0.00624175	0.0166185
rs28464477	-0.0374133	0.093069	NA	NA	NA	NA	NA	NA	NA	NA	NA	NA	-0.0120353	0.0220354
rs59747127	-0.0116303	0.185214	NA	NA	NA	NA	NA	NA	NA	NA	NA	NA	-0.0738708	0.048568
rs28719680	0.043332	0.0564486	NA	NA	NA	NA	NA	NA	NA	NA	NA	NA	NA	NA
rs28593153	0.088607	0.0776568	NA	NA	NA	NA	NA	NA	NA	NA	NA	NA	-0.0289785	0.0159802
rs112966267	0.0231787	0.139481	NA	NA	NA	NA	NA	NA	NA	NA	NA	NA	NA	NA
rs114898416	0.062892	0.20646	NA	NA	NA	NA	NA	NA	NA	NA	NA	NA	NA	NA
rs56288075	0.0274978	0.0560894	NA	NA	NA	NA	NA	NA	NA	NA	NA	NA	-0.00885241	0.014113
rs56265736	0.0424449	0.0564442	NA	NA	NA	NA	NA	NA	NA	NA	NA	NA	-0.00432185	0.0148303
rs114800209	0.425369	0.242323	NA	NA	NA	NA	NA	NA	NA	NA	NA	NA	-0.0392769	0.0382197
rs28408258	0.0880103	0.0577319	NA	NA	NA	NA	NA	NA	NA	NA	NA	NA	NA	NA
rs28686807	0.091296	0.0610332	NA	NA	NA	NA	NA	NA	NA	NA	NA	NA	NA	NA
rs111666992	0.0558333	0.105343	NA	NA	NA	NA	NA	NA	NA	NA	NA	NA	0.0169081	0.0282995
rs28702947	0.0952934	0.0858347	NA	NA	NA	NA	NA	NA	NA	NA	NA	NA	NA	NA
rs4953854	0.0310077	0.0608411	NA	NA	NA	NA	NA	NA	NA	NA	NA	NA	NA	NA
rs4953855	0.0818052	0.0776252	NA	NA	NA	NA	NA	NA	NA	NA	NA	NA	-0.0256896	0.0160154
rs4953856	0.0815349	0.0779426	NA	NA	NA	NA	NA	NA	NA	NA	NA	NA	-0.0256896	0.0160154
rs66826592	0.235843	0.084689	NA	NA	NA	NA	NA	NA	NA	NA	NA	NA	NA	NA
rs115374647	0.0917842	0.142557	NA	NA	NA	NA	NA	NA	NA	NA	NA	NA	0.0189535	0.0569206
rs7580778	0.237713	0.0842905	NA	NA	NA	NA	NA	NA	NA	NA	NA	NA	-0.00329802	0.0193563
rs116662714	0.0457364	0.0914629	NA	NA	NA	NA	NA	NA	NA	NA	NA	NA	-0.00980818	0.0445777
rs28576601	0.00383533	0.142739	NA	NA	NA	NA	NA	NA	NA	NA	NA	NA	-0.0213945	0.0282789
rs57258846	0.114497	0.092742	NA	NA	NA	NA	NA	NA	NA	NA	NA	NA	NA	NA
rs55847635	0.117879	0.0577949	NA	NA	NA	NA	NA	NA	NA	NA	NA	NA	NA	NA
rs4953758	0.122882	0.126713	NA	NA	NA	NA	NA	NA	NA	NA	NA	NA	NA	NA
rs4953759	0.122909	0.12673	NA	NA	NA	NA	NA	NA	NA	NA	NA	NA	-0.00731967	0.0316865
rs4953857	0.0965971	0.0577075	NA	NA	NA	NA	NA	NA	NA	NA	NA	NA	NA	NA
rs113974056	-0.328747	0.17379	NA	NA	NA	NA	NA	NA	NA	NA	NA	NA	0.00697316	0.0374285
rs75141772	-0.0223607	0.0700693	NA	NA	NA	NA	NA	NA	NA	NA	NA	NA	NA	NA
rs112507327	0.235838	0.0846557	NA	NA	NA	NA	NA	NA	NA	NA	NA	NA	NA	NA
rs73953937	0.389995	0.228288	NA	NA	NA	NA	NA	NA	NA	NA	NA	NA	0.0237251	0.0385091
rs73953895	-0.138636	0.114079	NA	NA	NA	NA	NA	NA	NA	NA	NA	NA	NA	NA
rs1368949	0.035215	0.0832327	NA	NA	NA	NA	NA	NA	NA	NA	NA	NA	0.0135977	0.01919
rs1368948	0.10751	0.113487	NA	NA	NA	NA	NA	NA	NA	NA	NA	NA	0.0119345	0.0282411
rs62151704	0.0249446	0.0669597	NA	NA	NA	NA	NA	NA	NA	NA	NA	NA	NA	NA
rs111937795	-0.197473	0.11565	NA	NA	NA	NA	NA	NA	NA	NA	NA	NA	-0.0142587	0.0309438
rs72940242	-0.0684567	0.102685	NA	NA	NA	NA	NA	NA	NA	NA	NA	NA	-0.0236611	0.0243437
rs34812819	0.0349342	0.101396	NA	NA	NA	NA	NA	NA	NA	NA	NA	NA	0.0170776	0.0251296
rs28464899	0.0341405	0.056179	NA	NA	NA	NA	NA	NA	NA	NA	NA	NA	NA	NA
rs28630495	0.0125267	0.114782	NA	NA	NA	NA	NA	NA	NA	NA	NA	NA	0.01476	0.023551
rs34542643	-0.0031988	0.111665	NA	NA	NA	NA	NA	NA	NA	NA	NA	NA	0.01476	0.023551
rs59724818	-0.034688	0.108626	NA	NA	NA	NA	NA	NA	NA	NA	NA	NA	NA	NA
rs34335066	-0.0357692	0.113615	NA	NA	NA	NA	NA	NA	NA	NA	NA	NA	NA	NA
rs6756791	-0.0147082	0.0576448	NA	NA	NA	NA	NA	NA	NA	NA	NA	NA	NA	NA
rs67706289	-0.0330452	0.114333	NA	NA	NA	NA	NA	NA	NA	NA	NA	NA	0.0219132	0.0267997
rs112758904	0.0936657	0.0727405	NA	NA	NA	NA	NA	NA	NA	NA	NA	NA	0.0358337	0.0221014
rs72940245	0.545145	0.232148	NA	NA	NA	NA	NA	NA	NA	NA	NA	NA	-0.0349871	0.0393351
rs73953896	0.259419	0.242401	NA	NA	NA	NA	NA	NA	NA	NA	NA	NA	NA	NA
rs28571763	0.0288183	0.0561724	NA	NA	NA	NA	NA	NA	NA	NA	NA	NA	NA	NA
rs28505331	0.0746583	0.069708	NA	NA	NA	NA	NA	NA	NA	NA	NA	NA	NA	NA
rs35501036	-0.0383592	0.113983	NA	NA	NA	NA	NA	NA	NA	NA	NA	NA	0.0219132	0.0267997
rs72940247	0.413617	0.219323	NA	NA	NA	NA	NA	NA	NA	NA	NA	NA	-0.0427478	0.037557
rs28650132	0.0258413	0.100979	NA	NA	NA	NA	NA	NA	NA	NA	NA	NA	NA	NA
rs28506001	0.0467143	0.0812558	NA	NA	NA	NA	NA	NA	NA	NA	NA	NA	-0.00540072	0.0172516
rs7609020	0.0464449	0.0838341	NA	NA	NA	NA	NA	NA	NA	NA	NA	NA	-0.00685237	0.0173921
rs7593375	0.075412	0.0886328	NA	NA	NA	NA	NA	NA	NA	NA	NA	NA	0.0280334	0.0210787
rs67594167	0.0464772	0.0838366	NA	NA	NA	NA	NA	NA	NA	NA	NA	NA	-0.00685237	0.0173921
rs114491065	0.0863879	0.0901444	NA	NA	NA	NA	NA	NA	NA	NA	NA	NA	-0.00635123	0.0417523
rs114884790	-0.0216683	0.142741	NA	NA	NA	NA	NA	NA	NA	NA	NA	NA	0.0444534	0.0378025
rs74778784	0.184689	0.188968	NA	NA	NA	NA	NA	NA	NA	NA	NA	NA	0.0439055	0.0360601
rs112498629	-0.0921523	0.106336	NA	NA	NA	NA	NA	NA	NA	NA	NA	NA	-0.0189951	0.0259705
rs34401811	-0.0412378	0.114987	NA	NA	NA	NA	NA	NA	NA	NA	NA	NA	0.0232605	0.0268813
rs114776525	-0.0494079	0.11809	NA	NA	NA	NA	NA	NA	NA	NA	NA	NA	NA	NA
rs113402194	0.184613	0.189125	NA	NA	NA	NA	NA	NA	NA	NA	NA	NA	NA	NA
rs36063879	-0.0422547	0.122673	NA	NA	NA	NA	NA	NA	NA	NA	NA	NA	NA	NA
rs28620414	0.0452527	0.137991	NA	NA	NA	NA	NA	NA	NA	NA	NA	NA	-0.061619	0.038684
rs28742905	0.0451331	0.137958	NA	NA	NA	NA	NA	NA	NA	NA	NA	NA	-0.061619	0.038684
rs28480208	0.0725584	0.0951051	NA	NA	NA	NA	NA	NA	NA	NA	NA	NA	-0.0347288	0.0231671
rs28656162	0.0847579	0.124102	NA	NA	NA	NA	NA	NA	NA	NA	NA	NA	NA	NA
rs28636565	-0.0359903	0.116707	NA	NA	NA	NA	NA	NA	NA	NA	NA	NA	0.0180059	0.0290453
rs114269860	0.286895	0.341566	NA	NA	NA	NA	NA	NA	NA	NA	NA	NA	-0.0413165	0.0494425
rs7559149	-0.112859	0.0614804	NA	NA	NA	NA	NA	NA	NA	NA	NA	NA	-0.0196457	0.0159973
rs115851038	-0.383338	0.246763	NA	NA	NA	NA	NA	NA	NA	NA	NA	NA	NA	NA
rs116230850	-0.0327146	0.195444	NA	NA	NA	NA	NA	NA	NA	NA	NA	NA	NA	NA
rs115408090	0.0231276	0.100395	NA	NA	NA	NA	NA	NA	NA	NA	NA	NA	0.00932591	0.0287469
rs72940253	-0.28798	0.144075	NA	NA	NA	NA	NA	NA	NA	NA	NA	NA	0.0266485	0.0350731
rs114543921	0.074228	0.0902342	NA	NA	NA	NA	NA	NA	NA	NA	NA	NA	-0.00635123	0.0417523
rs28502749	0.0741786	0.0741761	NA	NA	NA	NA	NA	NA	NA	NA	NA	NA	0.00786158	0.020885
rs115448066	-0.0825869	0.192374	NA	NA	NA	NA	NA	NA	NA	NA	NA	NA	-0.0236235	0.04652
rs28575741	0.175947	0.0774539	NA	NA	NA	NA	NA	NA	NA	NA	NA	NA	-0.010016	0.0167792
rs7571544	0.0971003	0.134249	NA	NA	NA	NA	NA	NA	NA	NA	NA	NA	0.0165234	0.028359
rs114932658	-0.382981	0.246662	NA	NA	NA	NA	NA	NA	NA	NA	NA	NA	0.0644813	0.0616429
rs1808717	0.113147	0.0908591	NA	NA	NA	NA	NA	NA	NA	NA	NA	NA	NA	NA
rs116018636	0.197118	0.359746	NA	NA	NA	NA	NA	NA	NA	NA	NA	NA	NA	NA
rs111552938	-0.108626	0.0614048	NA	NA	NA	NA	NA	NA	NA	NA	NA	NA	-0.0206053	0.0159032
rs28626622	-0.0343475	0.116426	NA	NA	NA	NA	NA	NA	NA	NA	NA	NA	0.0180059	0.0290453
rs7562434	-0.0624811	0.0765104	NA	NA	NA	NA	NA	NA	NA	NA	NA	NA	NA	NA
rs28549324	-0.00892786	0.113481	NA	NA	NA	NA	NA	NA	NA	NA	NA	NA	0.0180059	0.0290453
rs28702429	-0.187732	0.0767938	NA	NA	NA	NA	NA	NA	NA	NA	NA	NA	0.0103417	0.0170881
rs28627141	0.0752019	0.137439	NA	NA	NA	NA	NA	NA	NA	NA	NA	NA	0.0165234	0.028359
rs114836231	0.0437934	0.231373	NA	NA	NA	NA	NA	NA	NA	NA	NA	NA	NA	NA
rs28465268	0.13063	0.082763	NA	NA	NA	NA	NA	NA	NA	NA	NA	NA	NA	NA
rs73953898	0.110777	0.0910675	NA	NA	NA	NA	NA	NA	NA	NA	NA	NA	0.0489337	0.0206633
rs115205967	0.0888403	0.0943592	NA	NA	NA	NA	NA	NA	NA	NA	NA	NA	NA	NA
rs62151705	0.366241	0.315067	NA	NA	NA	NA	NA	NA	NA	NA	NA	NA	NA	NA
rs28602359	-0.14332	0.057466	NA	NA	NA	NA	NA	NA	NA	NA	NA	NA	0.0225075	0.0147412
rs115244219	0.115251	0.354131	NA	NA	NA	NA	NA	NA	NA	NA	NA	NA	NA	NA
rs76894101	0.22495	0.19558	NA	NA	NA	NA	NA	NA	NA	NA	NA	NA	0.0413639	0.0376582
rs4608525	-0.10431	0.0686897	NA	NA	NA	NA	NA	NA	NA	NA	NA	NA	0.00513494	0.0154669
rs112979002	-0.132318	0.0639158	NA	NA	NA	NA	NA	NA	NA	NA	NA	NA	-0.00598212	0.0166835
rs111860168	-0.1666	0.118466	NA	NA	NA	NA	NA	NA	NA	NA	NA	NA	-0.019876	0.0221167
rs28495653	0.122279	0.12683	NA	NA	NA	NA	NA	NA	NA	NA	NA	NA	-0.0172181	0.0276576
rs6759857	-0.0783252	0.0743598	NA	NA	NA	NA	NA	NA	NA	NA	NA	NA	0.00618939	0.0162797
rs6719697	-0.077853	0.0743012	NA	NA	NA	NA	NA	NA	NA	NA	NA	NA	NA	NA
rs6723152	-0.077853	0.0743012	NA	NA	NA	NA	NA	NA	NA	NA	NA	NA	NA	NA
rs4953761	0.0638902	0.0913125	NA	NA	NA	NA	NA	NA	NA	NA	NA	NA	NA	NA
rs116359934	0.0393602	0.17721	NA	NA	NA	NA	NA	NA	NA	NA	NA	NA	0.00775694	0.0574543
rs112490515	-0.250919	0.111806	NA	NA	NA	NA	NA	NA	NA	NA	NA	NA	-0.00270934	0.0240306
rs115145618	0.0393602	0.17721	NA	NA	NA	NA	NA	NA	NA	NA	NA	NA	0.00775694	0.0574543
rs6710561	-0.120963	0.0592282	NA	NA	NA	NA	NA	NA	NA	NA	NA	NA	-0.00774786	0.0142115
rs79730026	0.00708509	0.0722332	NA	NA	NA	NA	NA	NA	NA	NA	NA	NA	0.000854113	0.0188172
rs6711056	-0.119254	0.0586542	NA	NA	NA	NA	NA	NA	NA	NA	NA	NA	-0.00737648	0.0142141
rs114639133	0.0517405	0.173938	NA	NA	NA	NA	NA	NA	NA	NA	NA	NA	0.00775694	0.0574543
rs55714032	0.0828454	0.0819437	NA	NA	NA	NA	NA	NA	NA	NA	NA	NA	NA	NA
rs2867911	0.0134877	0.0671138	NA	NA	NA	NA	NA	NA	NA	NA	NA	NA	-3.47299E-05	0.0172012
rs111915819	0.185637	0.12671	NA	NA	NA	NA	NA	NA	NA	NA	NA	NA	0.0376611	0.0353093
rs116455879	0.0501019	0.134909	NA	NA	NA	NA	NA	NA	NA	NA	NA	NA	NA	NA
rs28575120	0.0774413	0.0871029	NA	NA	NA	NA	NA	NA	NA	NA	NA	NA	0.0157023	0.0201839
rs74805476	-0.0123479	0.176068	NA	NA	NA	NA	NA	NA	NA	NA	NA	NA	-0.00841564	0.0351089
rs919943	0.0770085	0.0865382	NA	NA	NA	NA	NA	NA	NA	NA	NA	NA	NA	NA
rs113567670	0.165043	0.342028	NA	NA	NA	NA	NA	NA	NA	NA	NA	NA	NA	NA
rs115230190	0.0359221	0.140483	NA	NA	NA	NA	NA	NA	NA	NA	NA	NA	NA	NA
rs116612941	-0.0211295	0.136115	NA	NA	NA	NA	NA	NA	NA	NA	NA	NA	0.015199	0.032745
rs4953722	0.0906343	0.084881	NA	NA	NA	NA	NA	NA	NA	NA	NA	NA	NA	NA
rs71682885	-0.114937	0.0605901	NA	NA	NA	NA	NA	NA	NA	NA	NA	NA	NA	NA
rs4953762	-0.0426848	0.140757	NA	NA	NA	NA	NA	NA	NA	NA	NA	NA	NA	NA
rs115361577	0.05141	0.133551	NA	NA	NA	NA	NA	NA	NA	NA	NA	NA	0.0205111	0.0435876
rs4953763	-0.0777641	0.0793385	NA	NA	NA	NA	NA	NA	NA	NA	NA	NA	NA	NA
rs66532276	-0.137272	0.0630754	NA	NA	NA	NA	NA	NA	NA	NA	NA	NA	NA	NA
rs113715348	-0.0242982	0.108885	NA	NA	NA	NA	NA	NA	NA	NA	NA	NA	NA	NA
rs72826839	0.431869	0.320406	NA	NA	NA	NA	NA	NA	NA	NA	NA	NA	-0.0207806	0.0436171
rs7568045	-0.0166041	0.179999	NA	NA	NA	NA	NA	NA	NA	NA	NA	NA	-0.00841564	0.0351089
rs115778168	-0.0291889	0.137254	NA	NA	NA	NA	NA	NA	NA	NA	NA	NA	0.00739438	0.0333648
rs72940264	-0.401555	0.176212	NA	NA	NA	NA	NA	NA	NA	NA	NA	NA	NA	NA
rs6594036	0.00468304	0.116971	NA	NA	NA	NA	NA	NA	NA	NA	NA	NA	NA	NA
rs58705212	-0.126987	0.0979396	NA	NA	NA	NA	NA	NA	NA	NA	NA	NA	0.00211068	0.0211882
rs4953764	-0.076188	0.0797425	NA	NA	NA	NA	NA	NA	NA	NA	NA	NA	NA	NA
rs1036316	0.0790258	0.0875645	NA	NA	NA	NA	NA	NA	NA	NA	NA	NA	NA	NA
rs7575793	0.0532434	0.132644	NA	NA	NA	NA	NA	NA	NA	NA	NA	NA	0.0205111	0.0435876
rs116618020	-0.038934	0.13993	NA	NA	NA	NA	NA	NA	NA	NA	NA	NA	NA	NA
rs60422565	-0.12689	0.0980279	NA	NA	NA	NA	NA	NA	NA	NA	NA	NA	0.00216287	0.0214324
rs116141859	-0.00699212	0.12123	NA	NA	NA	NA	NA	NA	NA	NA	NA	NA	0.051314	0.0370624
rs115710606	0.0878028	0.220383	NA	NA	NA	NA	NA	NA	NA	NA	NA	NA	NA	NA
rs7591413	0.0763938	0.0762885	NA	NA	NA	NA	NA	NA	NA	NA	NA	NA	0.0120209	0.0169352
rs114986283	0.0945046	0.150104	NA	NA	NA	NA	NA	NA	NA	NA	NA	NA	NA	NA
rs114142059	0.0202342	0.102529	NA	NA	NA	NA	NA	NA	NA	NA	NA	NA	0.0131624	0.0225358
rs115219416	0.0976512	0.107273	NA	NA	NA	NA	NA	NA	NA	NA	NA	NA	NA	NA
rs76959421	0.145707	0.238393	NA	NA	NA	NA	NA	NA	NA	NA	NA	NA	NA	NA
rs2077466	0.000282252	0.0669996	NA	NA	NA	NA	NA	NA	NA	NA	NA	NA	0.00297371	0.0156106
rs6740643	0.0118089	0.139298	NA	NA	NA	NA	NA	NA	NA	NA	NA	NA	-0.0128367	0.0285243
rs13029553	0.100942	0.0986369	NA	NA	NA	NA	NA	NA	NA	NA	NA	NA	NA	NA
rs35256433	-0.0299597	0.0871165	NA	NA	NA	NA	NA	NA	NA	NA	NA	NA	0.00441076	0.0196285
rs115334920	0.134081	0.259966	NA	NA	NA	NA	NA	NA	NA	NA	NA	NA	NA	NA
rs11694695	0.0959622	0.0950593	NA	NA	NA	NA	NA	NA	NA	NA	NA	NA	0.00486445	0.0214957
rs7606406	0.0983918	0.136004	NA	NA	NA	NA	NA	NA	NA	NA	NA	NA	NA	NA
rs7606872	0.0143837	0.144122	NA	NA	NA	NA	NA	NA	NA	NA	NA	NA	-0.0128367	0.0285243
rs1010840	0.0871184	0.0941582	NA	NA	NA	NA	NA	NA	NA	NA	NA	NA	0.00486445	0.0214957
rs12719068	0.0902569	0.129299	NA	NA	NA	NA	NA	NA	NA	NA	NA	NA	0.052558	0.0334246
rs115560384	0.0424101	0.130274	NA	NA	NA	NA	NA	NA	NA	NA	NA	NA	0.0639689	0.0361679
rs114492322	0.0421443	0.129673	NA	NA	NA	NA	NA	NA	NA	NA	NA	NA	0.0639689	0.0361679
rs115094885	0.0424101	0.130274	NA	NA	NA	NA	NA	NA	NA	NA	NA	NA	0.0639689	0.0361679
rs114025738	-0.141059	0.202703	NA	NA	NA	NA	NA	NA	NA	NA	NA	NA	NA	NA
rs12719069	0.0143752	0.144437	NA	NA	NA	NA	NA	NA	NA	NA	NA	NA	NA	NA
rs12719070	0.0143752	0.144437	NA	NA	NA	NA	NA	NA	NA	NA	NA	NA	NA	NA
rs34205087	0.324035	0.347761	NA	NA	NA	NA	NA	NA	NA	NA	NA	NA	NA	NA
rs7600969	-0.00523032	0.0976995	NA	NA	NA	NA	NA	NA	NA	NA	NA	NA	NA	NA
rs115089458	0.0963545	0.132695	NA	NA	NA	NA	NA	NA	NA	NA	NA	NA	0.0695858	0.034574
rs11691252	0.0886236	0.0957598	NA	NA	NA	NA	NA	NA	NA	NA	NA	NA	0.00020341	0.0209959
rs56692968	-0.0921263	0.0893879	NA	NA	NA	NA	NA	NA	NA	NA	NA	NA	-0.0236154	0.0229987
rs114273597	-0.160058	0.203859	NA	NA	NA	NA	NA	NA	NA	NA	NA	NA	NA	NA
rs115148334	-0.180274	0.126949	NA	NA	NA	NA	NA	NA	NA	NA	NA	NA	-0.0332768	0.0234624
rs115843349	-0.130939	0.121919	NA	NA	NA	NA	NA	NA	NA	NA	NA	NA	-0.0309271	0.0233542
rs114406931	-0.180274	0.126949	NA	NA	NA	NA	NA	NA	NA	NA	NA	NA	-0.0368133	0.0236251
rs11689053	0.0891922	0.0718117	NA	NA	NA	NA	NA	NA	NA	NA	NA	NA	0.0121147	0.0169287
rs11695804	0.0894874	0.0718526	NA	NA	NA	NA	NA	NA	NA	NA	NA	NA	0.0121147	0.0169287
rs28568662	0.615739	0.692873	NA	NA	NA	NA	NA	NA	NA	NA	NA	NA	NA	NA
rs55849383	0.175745	0.123727	NA	NA	NA	NA	NA	NA	NA	NA	NA	NA	NA	NA
rs28406930	0.269426	0.171643	NA	NA	NA	NA	NA	NA	NA	NA	NA	NA	NA	NA
rs112173101	0.0206311	0.135772	NA	NA	NA	NA	NA	NA	NA	NA	NA	NA	-0.00575148	0.0325721
rs58533102	0.0295687	0.183711	NA	NA	NA	NA	NA	NA	NA	NA	NA	NA	-0.0261403	0.0307628
rs111663469	-0.0608947	0.244973	NA	NA	NA	NA	NA	NA	NA	NA	NA	NA	-0.0367716	0.0566258
rs7560066	-0.0992078	0.064285	NA	NA	NA	NA	NA	NA	NA	NA	NA	NA	0.00802027	0.0155775
rs79571312	-0.0352221	0.105711	NA	NA	NA	NA	NA	NA	NA	NA	NA	NA	0.0115036	0.0289721
rs114927917	0.283087	0.322097	NA	NA	NA	NA	NA	NA	NA	NA	NA	NA	NA	NA
rs111260446	0.0699945	0.150071	NA	NA	NA	NA	NA	NA	NA	NA	NA	NA	0.0241475	0.04015
rs7601026	-0.0454787	0.0566581	NA	NA	NA	NA	NA	NA	NA	NA	NA	NA	0.00905002	0.0138497
rs4953765	-0.161614	0.0850409	NA	NA	NA	NA	NA	NA	NA	NA	NA	NA	NA	NA
rs72826849	0.204251	0.13702	NA	NA	NA	NA	NA	NA	NA	NA	NA	NA	NA	NA
rs1808718	-0.00419756	0.0623091	NA	NA	NA	NA	NA	NA	NA	NA	NA	NA	NA	NA
rs1808719	0.105612	0.0634762	NA	NA	NA	NA	NA	NA	NA	NA	NA	NA	NA	NA
rs6712847	0.131188	0.0688546	NA	NA	NA	NA	NA	NA	NA	NA	NA	NA	NA	NA
rs6716518	-0.0160878	0.0720659	NA	NA	NA	NA	NA	NA	NA	NA	NA	NA	NA	NA
rs10204545	0.128622	0.0806697	NA	NA	NA	NA	NA	NA	NA	NA	NA	NA	NA	NA
rs55885399	0.189494	0.136538	NA	NA	NA	NA	NA	NA	NA	NA	NA	NA	0.0184239	0.0272357
rs77748764	0.125753	0.235884	NA	NA	NA	NA	NA	NA	NA	NA	NA	NA	-0.000875868	0.0358048
rs1808720	0.0946563	0.155369	NA	NA	NA	NA	NA	NA	NA	NA	NA	NA	-0.0342045	0.0256111
rs1808721	0.0946563	0.155369	NA	NA	NA	NA	NA	NA	NA	NA	NA	NA	-0.0342045	0.0256111
rs2867913	0.04991	0.114448	NA	NA	NA	NA	NA	NA	NA	NA	NA	NA	NA	NA
rs115672884	-0.319022	0.205278	NA	NA	NA	NA	NA	NA	NA	NA	NA	NA	0.0602085	0.046188
rs72940275	-0.157099	0.131871	NA	NA	NA	NA	NA	NA	NA	NA	NA	NA	0.00671677	0.0273919
rs115200195	0.32278	0.309522	NA	NA	NA	NA	NA	NA	NA	NA	NA	NA	0.0251636	0.0547744
rs3973566	0.0309163	0.103083	NA	NA	NA	NA	NA	NA	NA	NA	NA	NA	0.0330584	0.0191586
rs56093119	0.040662	0.069342	NA	NA	NA	NA	NA	NA	NA	NA	NA	NA	0.0203211	0.0160691
rs72940276	0.166459	0.179067	NA	NA	NA	NA	NA	NA	NA	NA	NA	NA	0.00955253	0.0316766
rs115083393	-0.121459	0.253326	NA	NA	NA	NA	NA	NA	NA	NA	NA	NA	0.00153052	0.0507172
rs72826851	0.0892876	0.0725707	NA	NA	NA	NA	NA	NA	NA	NA	NA	NA	NA	NA
rs13390863	0.00395817	0.0750365	NA	NA	NA	NA	NA	NA	NA	NA	NA	NA	0.00114152	0.0193229
rs56329260	-0.0694894	0.0972621	NA	NA	NA	NA	NA	NA	NA	NA	NA	NA	NA	NA
rs34504560	-0.0577731	0.0982224	NA	NA	NA	NA	NA	NA	NA	NA	NA	NA	-0.0148868	0.0199843
rs2099402	-0.0173464	0.0677728	NA	NA	NA	NA	NA	NA	NA	NA	NA	NA	NA	NA
rs6761416	-0.0572693	0.155334	NA	NA	NA	NA	NA	NA	NA	NA	NA	NA	NA	NA
rs116979752	0.262306	0.517274	NA	NA	NA	NA	NA	NA	NA	NA	NA	NA	NA	NA
rs6754964	0.0302581	0.0621767	NA	NA	NA	NA	NA	NA	NA	NA	NA	NA	-0.00299843	0.0142466
rs2004112	0.00129801	0.0727211	NA	NA	NA	NA	NA	NA	NA	NA	NA	NA	0.0169128	0.0184244
rs4953766	0.0141833	0.0659618	NA	NA	NA	NA	NA	NA	NA	NA	NA	NA	NA	NA
rs13010450	-0.0529945	0.0969821	NA	NA	NA	NA	NA	NA	NA	NA	NA	NA	-0.0141958	0.0202218
rs4953723	0.0452974	0.178399	NA	NA	NA	NA	NA	NA	NA	NA	NA	NA	NA	NA
rs116090001	-0.33415	0.190986	NA	NA	NA	NA	NA	NA	NA	NA	NA	NA	0.0208517	0.0353399
