IFN_IL.1RA IFN_IL.7 IFN_GRO.alpha IFN_IL.8 IFN_IP.10 IFN_MCP.1 IFN_MIP.1.alpha IFN_MIP.1.beta IFN_SDF.1.alpha IFN_RANTES IFN_IL.13 IFN_IL.1.beta IFN_IL.2 IFN_IL.6 IFN_TNF.alpha IFN_IL.18 IFN_IL.10 IFN_IL.21 IFN_IL.22 IFN_LIF IFN_BDNF IFN_PDGF.BB IFN_PIGF.1 IFN_bNGF IFN_VEGF.A IFN_HGF IFN_Leptin IFN_IDO sex age geno LIMS1.ifn RNA.pc1 RNA.pc2 RNA.pc3 RNA.pc4 RNA.pc5 RNA.pc6 RNA.pc7 RNA.pc8 RNA.pc9 RNA.pc10 RNA.pc11 RNA.pc12 RNA.pc13 RNA.pc14 RNA.pc15 RNA.pc16 RNA.pc17 RNA.pc18 RNA.pc19 RNA.pc20 RNA.pc21 RNA.pc22 RNA.pc23 RNA.pc24 RNA.pc25
0.814454522 0.686643051 0.988154632 -0.524400513 0.313571967 -0.524400513 -0.258633067 -0.106413557 -0.723475575 0.711260092 -1.818645593 0.128239826 -0.395725296 -1.014498746 2.085355566 0.869423773 0.68788465 -0.35434957 -0.863695653 -0.446588205 1.635039267 -1.48154449 1.113937215 0.447767518 -0.662435268 -1.608652683 -0.967421566 0.049169379 1 38 0 9.940793847 -56.91505205 -60.40190244 -39.29556093 -6.091956428 -0.291513332 -17.82518246 11.71312225 25.37116367 26.09474704 -39.96864455 -25.29559107 42.13183218 -20.29696415 -6.134821095 22.76565155 -0.867864836 2.968188158 12.53422404 8.799023897 -18.20913415 2.798096552 -13.43068926 -4.78789256 4.908454513 -1.063864877
0.536176266 0.927154825 -1.281551566 -0.115949825 -0.524400513 -0.940543641 -0.380325642 0.855712431 0.68788465 -0.415240161 0.607966223 1.48154449 1.869606647 1.128143645 -0.988154632 -0.589455798 0.061931623 0.170767252 -0.686643051 0.988154632 -0.115949825 -0.20607197 -0.092971849 0.311919055 1.281551566 -1.128143645 -0.025580629 0.19788217 2 50 0 10.36052485 -73.01600284 -20.1046695 8.781480769 20.33553507 35.10589631 -54.32169666 -43.27144871 -29.44514038 22.09002846 -3.884896915 -9.201006758 -29.47248557 -16.8730607 -3.306134752 -17.54179067 20.14911472 16.42955218 11.09777399 19.10474814 1.881436353 8.126773525 -21.7510294 -4.497652103 -6.934788401 0.732044682
-0.380325642 -0.502402223 -0.75378157 -0.085072957 0 -1.122762298 1.140117653 0.155352778 -0.927154825 1.329529107 1.364488748 -0.077203649 -0.366106357 -0.927154825 1.88950996 -0.077203649 -1.608652683 -0.14798711 -0.595178533 0.988154632 -0.18001237 0.314572292 2.318757971 -0.19788217 -0.293381232 0 -0.202525183 0.872902819 2 49 0 9.856216084 31.54082228 -3.707935604 -66.26975737 5.661087417 21.53401811 72.18371908 -28.75279276 32.55595892 19.9905448 -1.501023615 30.68439386 -11.73472127 -44.11153645 -4.885174749 -11.37239674 -21.87737075 0.756471471 -15.25750167 -6.314214518 -2.143175523 26.41310106 -3.473864749 8.119126976 -0.363294764 6.266100077
1.324957689 -1.952764915 -0.421391277 -0.346704194 0.347261247 -1.403412636 0.723475575 0.313571967 -0.990286919 0.923143931 0.711260092 -0.721522284 1.099374065 0.273309407 -0.049169379 -1.253904984 0.635007185 -1.768825039 0.239981204 -0.482248215 0.635007185 0.038573075 -0.940543641 -0.313571967 -1.768825039 -0.102490508 0.723475575 0.273309407 1 48 0 10.10117569 -8.237889472 -54.20405302 42.42891955 -13.07562274 -31.95879808 -50.0579672 13.75043518 -7.971216741 -0.82440557 -21.45500835 -6.950147315 -10.87449764 5.987107352 17.45165355 11.78389269 -32.38653354 -6.55977752 5.114202759 -0.036081577 7.30640635 3.310678248 -5.321412407 -2.891165301 -9.916760772 22.6217362
-1.324957689 0.108523744 1.871870731 -0.517312153 0.761842777 0.872902819 -0.170767252 0.589455798 -0.62668735 1.403412636 -0.253347103 0.477995987 -1.491605982 0.536176266 1.159742045 1.049131398 -0.927154825 2.423196195 1.654434726 2.38151947 0.313571967 -1.786155561 0.380325642 -0.615141105 -0.703921789 -0.988154632 -0.638609618 1.48154449 2 40 0 10.182117 -79.13391066 -23.01615682 -32.53873456 -38.9126196 -17.44330107 -5.201367811 -17.66887966 -50.20776864 -55.25911559 -15.58345567 -4.731058232 -3.141075492 3.60317731 4.427753527 3.133146033 24.17102445 -12.00255259 -22.54194572 -2.717512017 -12.69915676 6.516525272 17.35746023 -14.86603399 2.332469951 0.768106964
-0.457851931 0.742759799 -1.768825039 -0.927154825 0.038573075 0.346704194 -1.281551566 -1.88950996 -0.038573075 1.018075715 -1.541986299 -1.993983606 0.615141105 0.477995987 0.480644432 -0.366106357 -0.513154662 0.096558615 0.202525183 -0.482248215 -0.351130835 -0.480644432 1.198379702 0.723885875 0.347261247 -0.477995987 -1.225627238 -1.768825039 1 35 0 9.878161104 9.650951031 -54.73463049 23.41428436 4.078447901 67.12820218 -26.16339569 -15.13617116 23.70025264 6.883484017 -24.57798312 6.493782999 -32.00703848 35.19410766 16.46261106 -4.87576907 4.743699235 -9.455426816 -5.931105555 22.88062166 -4.977798656 -8.34142313 17.87730963 7.419817656 -13.39621682 -6.152390159
0.077203649 -0.686643051 0.863695653 -0.413811248 1.071486768 -0.43850955 1.491605982 -0.257736636 2.318757971 0.814454522 0.879167718 1.715754984 -0.395725296 0.589455798 -1.683348264 -0.395725296 0.62668735 1.635039267 -0.524400513 1.868241655 -0.635007185 0.736315917 0.658519951 0.820792088 1.023392193 0.596231765 2.423196195 -0.380325642 2 53 0 9.355552956 48.08846502 -28.34315802 -23.3846954 -40.67488546 -21.6594416 -7.460995904 -0.591154677 -25.43853227 3.711784481 9.425843981 -14.21863341 -10.66064783 -16.69462882 -5.541210782 16.20006504 3.378583582 -17.40425226 -11.00732732 -8.342900804 -11.70817587 6.004903799 -8.297143269 16.83852017 22.8344523 17.29502506
0 1.723789988 1.768825039 -1.062220505 -0.282216147 0.273309407 -1.281551566 1.430608769 0.154870923 -0.285174828 -0.437790082 1.113937215 0.430727299 0.621177626 -0.313571967 -0.195722227 0.477995987 0.155352778 -0.273309407 -1.014498746 0.311919055 1.238080336 -1.48154449 1.311599883 -0.869423773 1.140117653 1.140117653 -1.128143645 2 20 0 9.599191587 59.73422463 6.228295706 17.54888072 28.99248695 17.59020264 -30.91487273 -13.3636166 -25.29545707 -20.88310232 18.11404313 34.79563967 3.629652393 40.33433299 25.07946727 9.573798493 -0.575175171 -11.95534247 -4.941659278 7.774450267 18.99953141 -6.827337703 -17.16185048 -2.109168897 12.45433371 17.16613446
2.085355566 0.049169379 -0.314572292 0.480644432 0.923143931 0.517312153 -0.589455798 -1.541986299 0.258633067 -0.757117298 -0.314572292 2.318757971 1.198379702 0 0.90145408 1.48154449 -0.346704194 -0.988154632 -0.459111852 0.194028142 1.020076233 -1.993983606 0.421391277 -1.551885366 1.122762298 0.154074467 -0.927154825 -0.077203649 2 20 0 9.987975759 -57.83830975 63.93752066 10.01071923 26.07939144 -16.18858743 5.896966801 -33.9538285 -13.87094235 -31.79759689 21.91440472 -18.51149353 -5.55835617 -12.05663197 -25.32507547 -33.34265781 23.76539115 57.05048083 -5.468440254 5.667429843 0.891499836 -17.17993146 24.63142603 -10.23882837 8.748408862 -4.895287566
1.868241655 -0.447767518 0.258633067 0.19788217 1.491605982 -1.321182026 0.170767252 0.546655569 1.993983606 -0.092971849 -0.482248215 0.351130835 -0.330872572 -1.48154449 0 -1.768825039 -0.253347103 0.085072957 0.021610546 -0.248275093 -1.198379702 -1.35170224 -0.919135522 0.806849691 -0.380325642 -0.553024091 1.993983606 -1.122762298 1 43 0 9.450335856 19.75978236 74.07238724 2.578985637 -38.71492145 44.30657196 27.35623326 -4.089367657 16.8684867 3.559203817 -4.961641784 23.84508266 10.25726282 -14.45090318 12.78304978 -5.449366188 46.12611033 -4.245171024 -2.64044392 -5.922161425 5.62427029 10.33596905 24.96368218 0.060405841 -5.24650812 -17.35154537
-0.257736636 1.292805229 -1.374679694 1.608652683 -0.311919055 -0.35434957 -0.042498014 -1.608652683 0.703921789 -1.321182026 -0.841621234 0.897915184 -1.373839467 0.077203649 -0.096558615 1.654434726 0.565948822 -1.253904984 1.214675721 -0.096558615 0.024577261 2.085355566 -0.218344771 -0.28471556 -1.214675721 0.785605288 -1.198379702 0.282216147 2 43 0 10.3775554 89.77193845 -51.58060208 -22.27074966 -100.7663146 -5.871699217 25.59672523 -29.67192212 -58.26781641 -10.69361701 20.43784504 -23.70079835 -4.898829816 13.0007043 -14.31793056 -30.16721918 -16.44500408 16.82513612 1.928538821 11.36804626 -19.2742786 1.047837987 -28.58451979 -19.46657352 2.738955794 -0.773791601
0.711260092 -0.174416101 0.127802736 1.321182026 -0.437790082 0.477995987 0.869423773 1.128143645 2.423196195 -0.447767518 -1.087257384 0.195722227 -0.115949825 0.744142742 0.449513565 0.395725296 -0.038573075 0.096558615 -0.28471556 0.108523744 -0.098457992 -0.684234404 1.140117653 -0.154870923 -0.596231765 -1.430608769 -0.202525183 0.711260092 1 26 0 9.770788785 53.91186971 31.89490285 38.44753219 33.21512805 -21.98484645 -35.26556509 -39.11842469 13.39706139 11.17988162 -13.28774231 24.90096528 2.434986036 -9.062460442 4.781547838 14.7866394 3.379089294 -26.41886148 -15.15311581 -30.18505912 -20.71249737 20.59304208 16.01068111 -14.15661863 -2.542262388 -15.90001091
-0.233485258 0.480644432 0.457851931 0.29930691 0.596231765 -0.366106357 1.608652683 0.517312153 -0.421391277 0.967421566 -0.019282951 -0.524400513 -0.366106357 0.366106357 0.085072957 0.820792088 -0.106413557 -0.447767518 0.29930691 0.589455798 -0.042498014 -0.686643051 -0.62668735 -0.658519951 0.615141105 -1.113937215 -0.19788217 0.030950969 2 50 0 9.446128501 -92.41307716 -58.66825499 -33.55154895 24.22935025 -15.18762072 5.384689718 -0.491753075 56.25303694 -11.53939576 -15.86049981 -21.14649302 -58.16498054 12.27242608 -19.35426254 -15.50947198 -5.274690536 10.69349927 -4.987549624 12.31766413 -0.168237098 14.31723437 -3.820290038 1.189601522 11.76434714 0.678085922
-0.301921554 0.14798711 -0.859924779 1.140117653 0.703921789 -0.170767252 -1.608652683 1.465233793 -0.524400513 -0.149250552 -0.817236822 -1.067570524 0.524400513 0.480644432 0.233485258 -1.281551566 -0.723475575 0.927154825 0.038573075 -0.992430321 -0.662435268 0.869423773 -0.615141105 -0.967421566 0.828464649 1.138523478 -1.635039267 0.570074085 1 22 0 9.470979879 -27.29127027 -60.4699447 -7.242718255 36.48151068 43.06959469 -9.516793422 0.502494395 22.35171308 -7.75014579 13.08555508 4.75274855 21.50091494 6.18228605 -10.24026763 -2.589282635 13.36637676 14.80621475 -39.90585655 26.54795373 -0.166486281 1.611909444 -0.835629756 26.5735816 -13.22878089 20.44483083
-0.723475575 -0.785605288 -1.113937215 -0.480644432 -0.828464649 -1.654434726 -0.325109711 -0.990286919 -1.198379702 0.583848813 0.311919055 -0.380325642 0.820792088 0.517312153 0.480644432 -0.940543641 0.282216147 -1.993983606 -1.159742045 -0.621177626 -0.273309407 0.273309407 -1.465233793 0.28471556 0.703921789 0.534175181 1.593218818 -0.615141105 2 35 0 9.806558347 52.3186948 -12.62830597 -18.33802396 -64.51320704 -2.315255234 4.817767476 10.6079664 31.82079783 -7.834553937 3.851705023 -59.26484545 44.89398864 9.288434878 -34.66608568 -2.449184874 2.625075223 7.983079861 4.444704971 2.038130848 17.42308252 2.335447662 -11.63415176 -5.558095344 2.071361272 10.29131966
1.714593654 0.662435268 -1.993983606 -0.077203649 -1.321182026 1.113937215 -1.138523478 0.596231765 -0.115949825 1.281551566 0.701872595 1.48154449 -0.919135522 0.313571967 0.661214792 -1.35170224 -1.88950996 -1.35170224 0.174416101 0.049169379 -0.988154632 -0.524400513 0.723475575 -1.635039267 -0.791638608 0.828464649 -0.415240161 -0.967421566 2 26 0 10.07698657 -76.74169562 20.2003609 -47.40136694 -37.22415583 37.56481481 15.80218897 -44.79835594 -17.67245267 -23.93542949 6.830789549 49.03308307 -5.761677451 -16.99697994 10.40184933 -16.99455636 -12.68939206 -2.672484232 14.10162456 8.394759379 -1.150953407 -7.395938569 6.753217649 15.3585666 -29.800979 15.7100645
-0.513154662 -0.570074085 2.085355566 -1.329529107 -0.273309407 1.403412636 1.071486768 0.248275093 -1.321182026 -0.721522284 1.683348264 -0.285174828 -0.330872572 -0.313571967 0.266150301 0.273309407 1.871870731 0.863695653 0.863695653 0.421391277 0.102490508 0.658519951 0.127802736 0.172880833 0.571145181 1.281551566 -0.025580629 -0.154870923 2 23 0 9.892183197 -17.50483361 16.84603481 -75.64364357 -10.72728046 3.404842389 34.17996887 -10.6713855 -31.85064815 -11.81978833 1.893930157 12.88080126 16.19745225 2.458512077 1.144724816 11.9573254 6.977594383 -5.618292092 -6.367853827 9.044285681 -18.16933551 -8.398035663 8.678224796 1.296449051 -4.688585872 16.84615009
0.477995987 1.871870731 -0.366106357 0.761842777 1.281551566 -0.346704194 1.560490269 0.127802736 -1.281551566 -1.324957689 -0.897915184 -0.019282951 -1.159742045 -0.376027366 0.43850955 0.814454522 -1.157878604 -0.658519951 1.714593654 0.786845099 -1.560490269 0.721522284 -0.380325642 -1.683348264 -0.583848813 0.061931623 -0.589455798 1.122762298 1 40 0 9.441410308 -145.6989965 -53.57697555 -19.5169175 -13.15404161 0.501731345 49.40692093 -14.569411 23.75238178 2.005081353 16.46264572 3.756319354 25.36034792 -52.57655518 -33.48691962 -7.071196072 5.917219911 -0.645320746 -5.125671266 -4.208092557 7.419032461 -14.5317275 -0.012898757 -6.658646515 -3.471457157 2.659809516
0.589455798 0.711260092 -0.524400513 -1.635039267 -0.186756121 -0.347261247 -1.321182026 0.62668735 -0.395725296 0.366106357 -0.967421566 0.519448129 0.233485258 -0.194028142 0.923143931 0.108255396 0.333891362 -0.638609618 -0.686643051 0.025580629 -1.238080336 -0.380325642 -0.030950969 -0.62668735 -0.293381232 -1.560490269 0.723475575 -0.596231765 1 30 0 9.918011323 -12.35810265 8.389004492 -31.57026073 -25.11432648 -26.42747583 -6.474161925 -8.149994744 -8.346271086 -31.49580845 13.08408382 -30.08135601 19.97233029 -4.232293008 9.544734884 -4.316199127 -13.0797164 0.964532424 -1.452722297 19.28354331 2.480899075 -9.573302284 -8.235015596 15.04190867 6.616259836 -14.92785367
0.927154825 0.363743733 -0.897915184 2.502106473 0.583848813 -0.313571967 -1.225627238 0.524400513 -0.313571967 -0.513154662 -1.868241655 1.486091569 -1.020076233 -0.711260092 -1.541986299 -0.841621234 -0.62668735 -0.403915973 -0.940543641 0.194028142 -0.457851931 -1.374679694 0.662435268 -0.638609618 1.044408795 0.421391277 -0.415240161 -1.253904984 2 18 0 10.39047545 73.9844974 -73.36209979 -23.50746813 7.377731158 -27.83848833 10.80344793 6.387049453 12.87789044 4.147449547 -10.7283359 32.8041772 -4.045965279 -7.118811009 25.599414 -14.74910719 31.55820489 -14.0669344 14.97720456 8.238267162 3.158681218 -17.02748931 -8.467212123 -9.132076377 7.503613909 1.639319881
-0.62668735 0.459111852 0.628904218 -1.188674189 0.154870923 -0.863695653 -1.188674189 -0.29930691 -0.872902819 -0.202525183 -0.253347103 -1.786155561 -0.172880833 -0.437790082 -0.363743733 -0.154074467 0.940543641 2.423196195 -0.571145181 1.608652683 -0.711260092 -0.919135522 -0.258633067 0.791638608 -0.311919055 -0.863695653 -0.638609618 -0.127802736 1 34 0 9.832506023 -21.16697966 -7.574410218 -14.74097262 -6.475453916 -12.11082044 30.80125082 0.210662702 13.05448931 -19.11008753 -17.45589181 -31.69869932 22.28296215 -15.53305063 22.87906946 8.047190163 -0.839498861 -1.835535131 -28.14843324 11.42790853 -6.375780556 -3.878986711 11.0682395 -38.56281242 -7.148534048 -0.923048139
-1.654434726 -0.447767518 -0.447767518 -0.35434957 0.155352778 -0.186756121 0.413811248 0.869423773 1.608652683 0.791638608 0.29930691 0.397012796 0.279760815 1.214675721 1.723789988 0.064872066 0.872902819 0.536176266 1.993983606 -0.096558615 0.990286919 1.993983606 -0.351130835 0.841621234 -0.869423773 1.403412636 1.714593654 -1.768825039 2 22 0 9.900011036 11.33399983 3.895594883 -27.12142095 -54.3839233 -14.8153341 -38.98015531 10.13707113 19.74482781 -33.19819715 28.47068483 0.802071764 7.713014813 27.92278222 22.04323866 -21.42292326 -38.78094913 -8.644337418 -6.186131296 2.643324035 -19.28064388 7.754752553 -18.81036918 19.88227526 -13.85160418 -5.332346816
-0.135384736 -0.077442409 0.233485258 -1.321182026 -1.723789988 -1.723789988 1.018075715 -0.077203649 0.437790082 1.491605982 1.326677507 0.376027366 -0.115949825 0.513154662 -0.301921554 0.098457992 -0.723475575 -0.293381232 -0.502402223 -0.293381232 -1.214675721 1.225627238 0.273309407 -0.638609618 0.051178011 -0.513154662 -0.313571967 0.482248215 2 47 0 9.347111404 11.28257694 -34.02385068 -31.40927 -11.42431015 7.332073798 11.29023169 -8.51748592 -11.05978749 -25.10422477 -28.45387324 25.05620396 -18.37487867 0.245092763 41.69630987 3.429333777 -24.9233558 12.24873588 21.92279051 -12.07925199 -14.44448918 18.18159461 -11.10554671 0.344000589 -14.74361901 12.34184621
2.423196195 -1.683348264 -1.723789988 0.049169379 0.313571967 -1.430608769 0.785605288 -1.321182026 -0.570074085 -0.721522284 0.524400513 -0.437790082 0.464938765 1.48154449 -1.100334419 0.480644432 -0.524400513 -0.232272293 2.246197536 0.437790082 0.369353294 0.536176266 -1.593218818 -1.018075715 0.233485258 2.423196195 1.025590291 0.154870923 2 33 0 9.271182516 -65.23891747 21.54234314 -58.75275516 54.37331689 -20.25131103 -14.86739787 9.550320775 -44.97792218 13.20510046 -10.16555245 -7.776459235 -3.933034857 22.36901811 2.453145228 29.48301943 3.533066292 -0.19672777 10.04072877 -15.37262728 -25.15730651 -10.9807804 -3.24967612 -15.42588633 -5.652377602 9.370190263
1.198379702 -0.27370189 0.785605288 -0.68788465 1.374679694 0.664808728 -1.635039267 -0.35434957 0.257736636 -0.662435268 0.393598416 -0.721522284 -0.684234404 -0.248275093 0.447767518 0.927154825 -1.952764915 -1.281551566 1.945422591 -0.992430321 -0.967421566 -1.723789988 0.257736636 0.29930691 0.513154662 0.437790082 0.346704194 0.077203649 2 25 0 9.825593195 25.07463793 -4.357240957 1.442883838 -38.63362669 18.11402137 67.67773346 0.086105561 9.885563783 -25.16373157 0.473856012 -9.238676773 -3.799628832 -4.674733879 3.835053048 60.07246024 4.387351003 3.760571135 -1.489527809 -5.489789273 1.449287095 -49.34990574 -14.65890439 2.264348431 -9.365917707 10.98369234
-0.785605288 0.202525183 -0.061931623 -0.658519951 -0.534175181 1.560490269 0.761842777 -0.273309407 0.628904218 1.560490269 2.38151947 -0.967421566 0.338888302 0.313571967 -0.662435268 -0.115949825 0.509831534 -0.124101933 -1.326677507 0.592006622 -0.102490508 -0.403915973 -0.553024091 1.089661982 1.138523478 -1.993983606 -0.827130206 -0.569184749 1 27 0 9.777282347 -68.07266091 1.041865525 -27.98391408 2.627776204 92.98095081 5.246097897 -11.24943535 -45.68754635 25.0838415 0.030360691 -8.671984839 -4.847974314 20.8685553 16.71379419 -5.454598049 4.381831611 -4.305989268 -10.92260272 -5.74248393 -2.55115919 26.24892992 -3.591727843 9.20618296 7.109202927 26.05539567
2.318757971 -0.723475575 -1.238080336 -0.049169379 -2.085355566 -0.250152864 -0.967421566 0.14798711 0.092971849 0.042498014 1.324957689 0.333891362 -1.020076233 1.329529107 0.096558615 -0.662435268 0.346704194 0.35434957 0.67448975 -0.638609618 0.744142742 0.569184749 1.062220505 0.35434957 -0.480644432 -0.051178011 0.293381232 0.447767518 2 18 0 10.63591197 34.29439904 -32.85368392 -5.976005321 14.51281452 19.3862054 -36.12922121 -19.56554428 -29.02652317 -47.20424005 -1.068569073 -19.73275946 -0.878007946 9.650561008 -3.486594954 4.232307197 -7.470544805 3.62285541 7.689375729 -11.86044927 34.03617926 10.60904549 6.95250538 18.4508131 -18.9673351 -6.557226684
0.482248215 0.62668735 2.333768575 -0.233485258 0.615141105 0.155352778 0.990286919 -0.477995987 -0.703921789 -0.233485258 0.711260092 0.073791274 0.279760815 0.376027366 -0.517312153 -0.988154632 -1.122762298 1.140117653 -0.380325642 -0.662435268 -0.077203649 1.138523478 0.392193489 -1.018075715 -1.430608769 -0.369353294 0.077203649 1.188674189 2 23 0 9.788274161 79.84285006 2.19488594 9.191407845 2.9333459 57.65935931 -2.109467045 -20.62847044 7.170907391 20.39059193 -12.13253162 8.583136857 -2.364107218 -22.40023323 -14.7345683 -1.687542862 2.262326287 0.996174429 16.96576148 14.12837154 17.43138643 -0.493193519 -8.223844173 -1.77298165 -0.234678739 4.500480018
-0.589455798 -0.174416101 -0.115949825 -1.198379702 0.872902819 1.48154449 -0.102490508 -0.723885875 0.524400513 -0.534175181 -0.253347103 0.333891362 0.279760815 -0.239981204 -0.480644432 -0.721522284 0.464938765 0.377391944 -0.102490508 -1.014498746 -0.589455798 -0.62668735 -0.395725296 0.233485258 -0.513154662 1.635039267 -0.897915184 -0.988154632 1 46 0 9.777066693 33.69420638 -26.53479917 -52.01235083 -32.58467759 44.79927534 -3.389128865 -14.06296818 -21.54616212 3.299837127 -16.22809604 34.69597449 -17.68249318 2.379669768 -1.265580904 16.16488751 15.60672736 -10.45431839 -16.79066928 0.158834814 -3.981369449 2.796969525 7.012888199 12.78705937 -20.95167732 -1.970573685
0.250152864 0.374957187 -1.128143645 0.051178011 1.113937215 0.14798711 0.124101933 -1.023392193 0.115949825 0.437790082 0.186756121 -0.711260092 -0.172880833 -0.791638608 0.213715106 0.927154825 -0.897915184 -0.570074085 0.535082815 -0.482248215 0.314572292 1.281551566 -0.257736636 0.128239826 1.05307266 0.214049476 0.253347103 0.596231765 1 40 0 10.31801803 -5.555412903 -18.9994975 0.767838891 -56.06031405 -6.935719279 4.334579763 -74.55806916 -32.95440227 -14.54627017 -22.92839887 -27.87476152 12.51572563 19.20905311 27.59654994 10.6594283 16.89297206 -16.14885055 35.12316836 -18.46756271 15.06760132 -8.004805404 -2.154515376 -1.086554974 -1.705475647 12.6363546
1.993983606 -0.992430321 -0.218344771 -0.596231765 0.658519951 0.744142742 0.437790082 0.546655569 -0.583848813 0.127802736 1.768825039 1.138523478 -0.330872572 -0.096558615 1.05307266 2.333768575 -0.019282951 -1.426076872 -0.872902819 -0.638609618 0.75378157 0.421391277 -1.23889438 -0.761842777 0.077203649 -0.664808728 1.415702094 1.35170224 1 23 0 10.3022034 37.82876155 92.97822937 28.79647185 -48.24384543 -21.46192642 -19.86178753 -13.01915563 -1.509547364 -31.58136644 -20.54666444 -24.36289766 -25.3881456 -13.1564761 -13.67568471 10.07257357 14.43170038 12.24102786 6.89155628 11.22798637 6.30607897 16.04900266 -4.164575088 -58.28183558 -9.015056307 -12.32441154
-2.085355566 1.374679694 -1.768825039 1.128143645 -0.615141105 0.098457992 0 0.273309407 0.154074467 -1.654434726 -0.569575695 1.007435601 0.279760815 -0.030950969 1.714593654 0.911429786 -0.351130835 0.967421566 -0.239981204 -0.621177626 -0.872902819 0.459111852 0.607966223 0.154870923 -1.952764915 -0.923143931 0.253347103 -0.703921789 1 25 0 9.787577385 73.89105423 14.93174969 39.15922463 26.81958765 -23.726115 25.10396338 -24.2935044 26.00069815 9.572028321 -27.26934065 13.37503252 0.760421449 -9.224718095 -23.72978133 -12.41706092 25.84623567 -1.116798426 -7.864360152 13.7100821 -2.908566975 -18.55830766 1.512064487 -30.36895733 -23.73482304 -3.155584953
1.253904984 -0.437790082 -0.392193489 0.395725296 -0.923143931 1.140117653 0.14798711 0.154074467 0.869423773 -1.560490269 1.198379702 1.128143645 0.279760815 -0.879167718 -0.250152864 1.608652683 -1.05307266 -0.29930691 -0.024577261 0.038573075 1.491605982 0.761842777 0.869423773 0.124101933 -0.19788217 -0.869423773 1.48154449 -0.990286919 2 50 0 9.926994025 -79.09897145 -33.20144997 48.70681008 -7.715410908 42.44113768 18.7276767 -2.623992522 19.11302484 -33.12867084 -4.048428911 1.960091403 -14.71707021 -50.84844312 7.99073819 -0.211614525 36.17407267 27.33678932 21.32474691 10.47891165 6.77444726 -0.449750053 12.35854373 -21.14715226 1.349619702 -8.167916894
-0.43850955 0.742759799 -0.313571967 -1.018075715 0.569184749 -1.225627238 0.115949825 0.477995987 0.711260092 -1.430608769 1.486091569 0.988154632 0.524400513 0.711260092 -0.106413557 1.35170224 0.186756121 0.092971849 0.592006622 -0.449513565 -0.509831534 -0.115949825 0.828464649 0.944669591 -0.89170883 -0.233485258 1.965272419 0.102490508 2 23 0 9.90356412 -29.67276259 -26.74338438 26.5170551 -0.446515095 -7.71654432 70.01117393 71.09992447 4.279915374 77.63013978 16.02752184 10.02156018 12.55614122 -2.806155568 -23.45551445 1.949118397 24.10406051 11.8095937 12.31247884 0.859534522 -28.64069469 10.05988492 -6.621357888 10.97137856 15.70597504 -7.698590841
-0.480644432 1.608652683 -0.744142742 -0.635007185 1.35170224 0.077203649 0.174416101 -0.115949825 0.569184749 -0.863695653 -0.258633067 -0.565948822 -1.373839467 -1.608652683 -0.096558615 -0.333891362 0.233485258 -0.313571967 0.828464649 -0.662435268 1.329529107 -0.098457992 -1.723789988 0.457851931 -1.723789988 1.88950996 0.253347103 0.042498014 2 33 0 10.08103994 -17.94896951 -27.3527839 14.6528929 -11.22136053 83.1842067 -32.20155975 -1.403277294 4.780888556 35.96559905 1.03781716 -4.603406193 5.966861008 9.535536401 -14.20878911 -10.1165629 3.546860813 56.2381694 -6.844643342 -1.306894055 -27.7505029 -13.33225571 1.881900516 -6.49461031 3.446131424 -11.03140579
-1.140117653 -0.785605288 -0.485786363 1.281551566 -0.233485258 2.318757971 1.122762298 -0.589455798 -0.061931623 1.768825039 0.172880833 0.285174828 0.279760815 -0.273309407 0.213715106 -0.380325642 0.085072957 0.347261247 -1.868241655 0.376027366 -1.608652683 1.714593654 -0.814454522 0.967421566 -0.485786363 -0.872902819 0.736315917 0.664808728 1 32 0 10.14825987 -56.32683664 44.84262955 10.33243308 27.5249682 4.436404914 27.88907246 -31.50451717 -10.9318301 5.546958728 16.66366173 15.96662283 -16.58481283 4.747468746 42.56450385 -10.88091844 8.973542494 -30.4981116 3.812688055 11.6098929 10.18791727 31.36974642 -24.28958922 -9.020953995 -0.676726949 4.171457831
0.380325642 -0.927154825 0.635007185 -1.05307266 -1.868241655 0.534175181 0.988154632 -1.188674189 -1.324957689 0.662435268 0.313571967 1.324957689 1.374679694 -0.477995987 -1.723789988 1.871870731 -0.380325642 -0.764709674 0.758292557 0.827130206 -0.658519951 -1.321182026 -1.281551566 -0.482248215 0 -0.019282951 -0.202525183 -0.662435268 1 35 0 9.514383279 10.68910475 -56.55398401 36.02470812 24.74502451 -28.90171882 55.10683718 -19.46685217 -4.225703867 -21.16266693 -16.57860123 -0.651295479 4.428805085 3.286352042 -8.250090779 -6.073267184 6.147839205 -20.91532261 6.590031025 37.38591138 24.38685667 -13.6966322 15.90368899 -1.915228859 11.42109435 -29.01418405
0.524400513 -1.326677507 -1.05307266 0.351130835 1.593218818 -0.030950969 -1.140117653 -0.536176266 -0.814454522 0.459111852 1.238080336 0.307292571 -1.491605982 1.238080336 0.380325642 0.077203649 0.662435268 -0.366106357 1.364488748 0.729792154 1.188674189 -1.768825039 1.608652683 1.48154449 0.742759799 -0.569184749 0.761842777 -1.374679694 2 45 0 9.865602876 -18.49692841 36.20011858 26.65284239 -7.424025316 -61.86320193 9.699552035 42.73960471 -29.32570988 13.74037981 -26.63491337 13.07609743 37.7306028 17.04455717 30.96870519 -25.39101089 21.64498482 12.33232229 -21.4780352 7.506958407 1.410861866 43.56471853 -18.18206991 16.59338182 -22.83272067 -6.767416819
1.128143645 0.599229868 -0.62668735 1.225627238 -0.235836786 0.723475575 0.814454522 -0.592006622 0.761842777 1.88950996 0.541395085 0.437790082 -1.373839467 0.569184749 0.661214792 1.05307266 0.139710299 -0.314572292 0.202525183 0.376027366 1.35170224 -0.038573075 -1.486091569 1.374679694 -1.018075715 -0.785605288 1.48154449 -0.214049476 2 24 0 9.150274771 17.74653689 106.4093385 60.98519343 -31.9514636 -23.41218266 -19.74152467 -8.020748548 31.78129153 -6.133383495 17.94970466 -2.995777665 -17.02986552 11.32273871 -41.1144339 12.15557207 12.37822491 -14.06985893 -8.202992435 -15.14743735 -24.85996547 -4.390774567 18.7019865 -2.023397924 -5.977421217 -14.59278196
0.421391277 0.592006622 -0.257736636 -0.940543641 -0.482248215 2.085355566 -0.19788217 -1.288618168 -0.664808728 1.198379702 -0.615141105 1.35170224 1.225627238 -0.67448975 0.096558615 0.351130835 -1.540425005 -0.841621234 0.786845099 1.715754984 -0.194028142 -1.238080336 0.506871623 -0.89170883 0.061931623 -1.329529107 -1.198379702 1.128143645 2 21 0 10.46331127 59.68947369 36.82215827 -77.87396049 39.28064193 -30.0423929 18.88904401 -13.00589013 22.19864389 2.835763114 28.08961259 45.46327666 -16.00725973 -10.04248995 28.68834257 6.768720234 -14.26803683 -12.32462237 4.553515345 7.345440257 -19.10256607 -3.451046331 -11.62717768 -2.401704485 -27.46763705 0.72449032
1.593218818 0.449513565 1.05307266 -0.155352778 0.115949825 -1.05307266 -1.062220505 1.714593654 -0.457851931 0.89170883 1.715754984 0.615141105 -0.509831534 1.198379702 1.465233793 2.423196195 -0.421391277 -1.071486768 -1.129657221 0.351130835 0.430727299 -0.174416101 0.077203649 0.29930691 -0.063771035 1.214675721 -0.897915184 -1.138523478 1 26 0 8.867496526 8.957233951 3.207932902 -17.61532771 -16.11906571 21.221985 24.44797359 -103.7256913 -24.47239629 -33.45365274 15.20451748 -20.08107461 41.03352055 17.92079932 7.028574933 -42.96988929 -23.71424589 -29.38842167 -7.370615668 -11.267823 16.60154866 1.18565969 13.44284791 2.899418817 -7.269512999 5.01557047
0.791638608 -0.689996993 -0.194028142 1.993983606 1.188674189 -1.993983606 0.174416101 0.43850955 2.502106473 0.154870923 0.592006622 1.993983606 0.430727299 -0.869423773 0.502402223 0.030950969 -0.374957187 0 -0.20607197 -0.449513565 0.273309407 0.553024091 -0.570074085 -0.108523744 0.311919055 -1.374679694 -1.198379702 -0.346704194 1 23 0 9.866167612 -81.042168 -26.29922992 -55.10628882 28.47545368 -0.402943663 33.30829728 97.82403032 -15.02640009 -6.318874167 24.85659884 15.71523036 16.67314467 21.81299018 -11.0396175 -27.51753838 -2.800518163 -13.77841411 14.52775062 9.33612744 8.971333069 6.273850587 -20.18822759 7.320837988 3.357298565 3.246729033
0.038573075 -0.437790082 0.615141105 0.098457992 -1.560490269 1.635039267 -0.092971849 0.787876017 -0.127802736 0.19788217 1.05307266 0.721522284 0.213715106 0.422837544 0.480644432 1.363136466 1.465233793 1.214675721 2.423196195 0.729792154 1.868241655 0.282216147 -0.314572292 1.871870731 -0.395725296 -0.403915973 1.768825039 1.768825039 1 20 0 10.12984323 -14.8393482 -40.79142789 41.0050017 10.78730632 -21.59574322 11.37023924 -11.52782102 24.58696887 7.428262964 11.42579013 11.29517738 -15.65401641 -17.22773882 24.95144942 12.70994971 6.328561827 -13.09614734 -27.81200807 10.13859012 31.73094168 18.64368586 -17.04141662 1.058182608 -1.219893054 -17.26889338
0.628904218 -0.123184771 -0.301921554 1.654434726 0.664808728 -0.380325642 -0.127802736 -0.658519951 -0.923143931 0.872902819 -1.186831433 -0.711260092 1.092735829 1.593218818 0.232272293 0.544340915 0.024577261 -1.491605982 1.049131398 -0.988154632 -0.313571967 0.351130835 -0.829574037 -0.787422666 0.257736636 0.988154632 -0.480644432 0.061931623 2 34 1 9.995890996 -46.46074909 -64.63299868 -79.95669419 19.44047037 37.59353688 -4.970503227 13.29342029 19.33482265 -46.03140627 -41.67986987 33.36706102 -12.77176086 13.38632752 -0.501974357 11.17186774 5.108224678 -30.52298534 8.358270428 1.040032261 2.082399431 20.53637774 -3.317138186 -25.05196164 -13.43233915 2.601779266
1.768825039 -0.301921554 1.868241655 -0.589455798 1.714593654 -0.049169379 1.281551566 0.030950969 -0.366106357 0 1.364488748 -1.186831433 -0.395725296 -0.273309407 1.635039267 -1.129657221 -1.326677507 -0.48531773 -0.202525183 0.827130206 -1.868241655 0.115949825 0 0.872902819 -0.202525183 -0.485786363 -1.198379702 0.077203649 1 42 0.05 9.705762654 -7.674864885 -19.32514027 -60.25128225 -8.761973304 33.70120175 32.37760369 10.69858168 23.03027123 28.41406173 -24.98249099 -8.403007639 -47.05569097 -3.654886751 3.501707823 21.92737341 -4.701847197 -11.4794975 -0.553516409 2.354584231 13.78497582 -17.39296187 -3.673036317 30.94043999 -24.85987712 7.936110443
-0.170767252 -1.993983606 0.380325642 -0.115949825 -0.155352778 -0.589455798 -1.253904984 1.871870731 -0.273309407 -1.868241655 -0.218344771 -0.927154825 1.374679694 -0.988154632 -0.363743733 -0.791638608 0.128239826 1.868241655 -0.077203649 0.827130206 -0.761842777 -1.188674189 0.940543641 -1.05307266 0.571145181 1.714593654 1.025590291 -0.258633067 1 24 0 10.06115413 53.18290066 -9.249792047 53.40559085 0.259248462 26.27879298 -15.70414094 -16.76815617 24.90812228 -2.220185477 -16.00171885 -11.28230899 -4.934921141 6.377806021 5.894012255 -23.17537861 -18.76547059 3.678495347 -9.504545994 -3.022080162 7.064022763 -5.476421847 -0.139570179 -7.745039939 9.293866958 -12.82661856
-1.993983606 -0.506871623 -0.785605288 0.967421566 -0.988154632 -1.465233793 -0.869423773 1.768825039 -0.098457992 1.253904984 0.077203649 -0.645630749 1.635039267 -0.154870923 -0.015473632 1.326677507 -0.596231765 -1.062220505 0.506871623 2.085355566 0.988154632 0.558839611 -0.311919055 -1.288618168 -1.198379702 0.14798711 -1.225627238 -1.635039267 1 28 0 9.815577609 -13.09092057 -23.37480046 4.441093209 -5.476143933 62.99407508 -27.52451341 -49.92815505 -13.28106422 -20.96762279 0.940488009 6.670453942 -41.75438356 -18.62622485 17.04559483 6.227820105 -14.96344822 -2.007816929 11.57882858 -18.96556281 -1.027649502 7.761811509 10.38323382 10.28751428 6.467597754 19.30780492
0.761842777 0.785605288 1.35170224 0.124101933 -0.791638608 -0.395725296 1.723789988 1.608652683 -1.654434726 -0.273309407 0.015473632 -0.847795761 -0.395725296 -0.638609618 -0.077203649 1.993983606 0.019282951 0.135384736 0.077442409 -0.248275093 0.077442409 -0.421391277 0.820792088 -0.330872572 -0.988154632 -0.273309407 0.662435268 0.988154632 2 24 0 10.34556971 -43.12335271 12.6559623 -57.20030354 1.513449947 -25.17784305 -12.27037465 0.249267786 15.61014807 30.33956366 10.30232754 49.40841287 -12.69375553 -7.555096927 14.17370262 25.99235 10.29859806 -39.67946841 -3.832544187 -15.25160713 4.065578623 -5.288630382 24.41483657 -5.300422126 -3.130122812 -7.686156465
1.871870731 0.025580629 0.19788217 0.092971849 -0.927154825 0.62668735 -0.923143931 -1.635039267 0.397012796 -0.077203649 -0.827130206 2.085355566 0.213715106 -0.155352778 -0.415240161 -0.569575695 1.198379702 0.377391944 2.333768575 0.847795761 0.038573075 -1.48154449 1.635039267 -1.018075715 0.051178011 1.486091569 -0.827130206 0.092971849 1 20 0 10.07584777 -45.4068986 51.52143797 23.42575922 16.69761573 -23.88958194 -56.26082207 -33.25845931 30.71237599 -21.1033983 21.46125836 1.284893469 -5.225388468 -15.42032069 7.61502267 -9.708174326 20.91860885 -7.472298349 29.84651638 5.631804581 -24.24877882 -11.35850396 4.24837261 21.23035774 -1.256276648 -2.446133989
-0.863695653 1.122762298 -0.154870923 0.480644432 0.35434957 -1.871870731 -0.096558615 -1.560490269 1.198379702 -0.413811248 1.635039267 -1.608652683 1.868241655 -0.615141105 -1.020076233 0.662435268 0.855712431 1.491605982 0.313571967 -0.130018583 -0.872902819 0.430727299 -0.723885875 -0.038573075 0.115949825 0.085072957 -0.057877565 1.723789988 2 31 0 10.14529248 51.10130477 22.83739562 21.05903522 -34.2429991 -29.69780931 -23.75466016 39.93669371 26.88339872 9.166011185 -3.502946987 28.66594534 0.448012036 -18.95502086 10.32911964 1.84628223 -9.226596644 1.22701253 19.9132571 1.159272529 -6.03229958 -7.78340178 20.18539591 -3.894233652 12.47078385 3.708782274
0 1.16283129 1.48154449 0.301921554 1.952764915 -0.872902819 -0.421391277 -0.814454522 -0.658519951 -0.248275093 -0.293381232 -0.814454522 -1.869606647 -1.05307266 0.449513565 1.05307266 -0.761842777 0.662435268 -0.366106357 1.768825039 0.369353294 -0.761842777 0.711260092 0.395725296 -0.711260092 0.351130835 0.248275093 0.919135522 2 34 0 10.39732128 -36.81358028 12.4208772 -40.59594769 -14.21187492 -93.97125098 31.6121133 -12.91478017 26.19164306 16.61777124 -15.96349664 -14.48890473 4.426028335 4.001135384 11.5821572 0.335096146 -5.670302888 -21.96268175 -7.620941243 -8.937360481 -28.98778802 9.074502693 5.957782735 16.31189253 11.83983056 -12.29642303
0.437790082 1.768825039 1.049131398 -0.990286919 2.502106473 0.214049476 0.20607197 0.154870923 0.155352778 1.868241655 1.364488748 0.628904218 0.464938765 1.715754984 -0.863695653 -1.421496695 -1.05307266 0.202525183 0.785605288 1.326677507 0.35434957 0.569184749 1.018075715 -0.787422666 -0.257736636 -0.194028142 0.253347103 -0.194028142 1 24 0 10.47973668 70.38460547 -35.80640025 -4.56558294 14.81817301 41.5264377 8.360614387 8.484184497 -8.59739105 -16.98314453 4.418883069 -0.631178041 7.229591057 -3.140409318 25.90674951 40.47811495 -4.611005826 3.294087233 2.170873885 7.720270543 14.04749741 4.758630567 -7.108634059 3.19988938 3.196000057 4.153711699
-1.868241655 0.599229868 0.437790082 -0.20607197 -0.395725296 1.993983606 -0.943003696 0.744142742 -0.480644432 -0.485786363 0.592006622 -0.595178533 -1.020076233 -0.35434957 0.057877565 0.988154632 -0.869423773 1.062220505 -0.957209469 0.927154825 0.279760815 2.502106473 0.313571967 0.311919055 0.192363314 -0.814454522 -0.202525183 -1.329529107 2 21 0 9.596354338 -66.46743448 25.94607814 18.58698722 -26.68181526 58.08567296 -1.466084707 -14.18279156 -38.11703977 -14.63428182 23.19369629 11.79775452 -2.283814757 -7.896113366 9.994869512 -10.12373311 -12.08161175 -15.15089158 -11.2820216 -4.529633321 -0.364886225 -5.867567944 12.47199467 -25.50283113 6.633515907 27.54659844
1.018075715 -0.313571967 0.030950969 1.465233793 -0.990286919 -0.988154632 0.174416101 -0.347261247 0.038573075 -0.967421566 -1.089661982 0.863695653 0.464938765 0.689996993 -0.517312153 0.313571967 -0.571145181 -0.558839611 1.768825039 -0.248275093 -0.019282951 -0.569184749 -1.868241655 -0.477995987 1.403412636 0.293381232 0.855712431 -1.363136466 2 52 0 9.69615924 -20.72137601 21.7481129 1.039226511 9.607978397 -30.23612128 44.00863193 -3.118483313 -9.494609166 12.01573873 -11.08323451 11.63281642 21.78010311 -1.330797507 -21.9326642 -39.05632845 -11.32321127 22.32447549 -0.406359122 1.026960655 -12.34877093 5.291766664 0.923732901 -21.0950568 -3.586968516 -17.87700609
1.635039267 -0.430727299 0.14798711 0.75378157 0.20607197 -0.662435268 -0.502402223 0.988154632 -0.662435268 -1.122762298 -0.437790082 0.038573075 -0.366106357 1.993983606 -1.321182026 0.218344771 -0.194028142 1.768825039 -1.113937215 -0.981125996 1.18179227 -0.828464649 0.480644432 0.35434957 0.480644432 1.871870731 0.077203649 2.387808898 1 24 0 10.10059376 34.00953533 16.48304236 -42.67876181 7.052757869 27.35212447 -7.530115847 25.43392367 -50.87313627 24.79711713 -0.006030884 18.93992101 -19.66795297 18.33673138 5.68866833 12.14760526 20.49073019 16.04463794 -14.83292494 -7.13816631 10.16989682 -1.000802458 23.80847804 -8.89986494 15.90813005 -9.109665272
0.447767518 0.787876017 1.374679694 -0.258633067 1.05307266 0.154074467 -0.374957187 0.68788465 -0.248275093 0.615141105 -1.714593654 1.281551566 2.423196195 -0.457851931 -1.374679694 1.122762298 1.128143645 -1.363136466 -0.729792154 -0.988154632 -1.35170224 -0.990286919 0.859924779 -1.215598434 -0.869423773 -1.768825039 -0.313571967 0.395725296 1 25 0 10.01192329 -26.71882082 155.4420354 19.23239316 3.367321256 -22.47640357 -15.38690138 25.1146347 -14.17472469 -1.242543722 5.543552965 -33.70017421 2.053799768 -9.457203371 -5.337341177 -23.39329897 7.112926162 -18.83420169 22.14628338 -0.997734364 4.89236413 11.87747715 2.146668542 -16.18175641 7.131660398 11.4756679
-0.35434957 -1.786155561 0.869423773 -0.536176266 1.88950996 0.485786363 0.570074085 0.233485258 0.273309407 -1.214675721 0.761842777 -0.565948822 -0.057877565 1.768825039 1.18179227 1.551885366 0.457851931 -0.990286919 0.869423773 1.871870731 1.993983606 0.841621234 -0.485786363 -0.477995987 2.423196195 1.48154449 -0.415240161 1.023392193 1 53 0 10.15774207 68.15726327 -29.66615584 10.16820404 11.46404091 -60.19956369 -35.44937967 5.933126381 29.05629908 -35.78767693 38.12189416 12.34623967 -28.74534694 23.72568022 -11.34225912 19.48306547 -1.220837798 5.523138856 -15.18717174 18.01976563 0.769328509 1.596134405 15.34083642 -8.776511952 -1.573016618 -6.738787061
-0.14798711 2.333768575 -1.465233793 -0.761842777 -0.115949825 0.863695653 0.828464649 -1.128143645 1.140117653 -0.967421566 1.05307266 -0.437790082 0.430727299 1.253904984 -0.29930691 -1.122762298 0.689996993 0.154870923 0.077203649 -0.638609618 1.714593654 0.841621234 -1.635039267 0.233485258 -1.281551566 0.35434957 0.363743733 0.615141105 2 21 0 9.319908983 40.61556059 15.7695065 -103.5154387 -13.18310053 -42.92993484 42.35522761 -0.59795684 -11.71060885 -27.39776766 -4.468627026 5.290748777 -29.98706663 25.63348504 -25.43993524 -13.38314585 7.281569356 -22.88139088 6.486224554 15.27576509 -20.87579672 -12.75678052 0.479782976 -18.38153667 -9.142133166 10.65607492
-0.967421566 -0.301921554 1.198379702 1.05307266 1.253904984 -0.392193489 0.485786363 1.868241655 -0.374957187 -0.051178011 0.89170883 0.477995987 1.092735829 -0.89170883 0.569184749 -0.124101933 -0.374957187 0.524400513 1.020076233 -1.608652683 -1.092735829 1.018075715 2.502106473 0.124101933 0.75378157 0.513154662 0.855712431 -1.593218818 1 19 0 9.711653126 76.88157282 -62.55927224 58.14379973 11.92336472 74.02311565 -0.404869148 -10.63514353 -19.37760364 25.38472306 7.010532253 -15.93254375 20.12072194 17.56051083 -11.39783885 0.229300819 -11.41773274 -25.78223522 2.49775286 -4.320586278 18.27401495 -1.0350716 4.094785309 0.270025517 1.576648104 4.036279419
1.952764915 1.007435601 -0.742759799 0.485786363 -1.253904984 -1.486091569 -1.374679694 0.273309407 -0.988154632 0.098457992 -1.214675721 -1.067570524 1.374679694 2.502106473 0.690633454 0.513154662 -1.05307266 1.993983606 1.220640349 0.988154632 0.380325642 0.744142742 0.416665521 0.333891362 0.115949825 1.329529107 1.446103593 0.258633067 2 53 0 9.213989893 -81.80884243 -47.17521444 5.948870735 9.856575517 -21.6358079 -0.355223419 -13.04133934 18.37430687 -31.46361963 4.926120149 5.411430421 2.223011938 -0.650730269 18.76038231 -11.19952041 12.34506536 12.98086557 -2.995710074 -23.31812191 -10.58938893 -1.794120726 3.963681379 -22.91413149 17.66130365 3.311109119
0 -1.48154449 -0.761842777 0.346704194 -0.092971849 0.115949825 0.43850955 -0.957209469 -0.311919055 -1.253904984 -0.841621234 -1.198379702 -1.020076233 -0.863695653 0.154870923 0.115949825 1.122762298 -1.871870731 -0.399323067 0.376027366 1.281551566 -1.608652683 1.48154449 -0.195722227 0.89108913 1.324957689 -0.202525183 0.869423773 1 43 0 9.583953682 -21.58771859 -11.26130774 34.96924117 26.96304677 -5.605057237 16.90048314 22.90910416 22.36686368 -16.27923218 -8.59605737 -14.77367691 19.08257887 -14.74992554 1.293158629 -10.30943657 -21.1361327 -21.99590704 17.0869971 -19.66914683 20.02875974 38.42923291 7.930500723 -8.177197358 10.36339899 -7.370875686
-0.421391277 0.459111852 0.346704194 -0.615141105 -1.198379702 0.19788217 0.330872572 0.313571967 -1.05307266 0.596231765 0.494873164 -0.380325642 -1.020076233 0.711260092 0.855712431 -1.868241655 -1.492404178 0 -0.723475575 -0.992430321 -1.140117653 -1.281551566 1.281551566 -1.281551566 -0.658519951 -1.05307266 0.346704194 0.29930691 1 30 0 9.644676676 64.78745441 64.34331971 27.41999577 -0.410139306 0.150297511 -52.04894225 -41.65227765 16.49469361 -15.20897462 33.60280748 -10.72879074 -25.23076983 -3.287849674 16.96771635 -3.413711037 -2.335239111 14.73992685 -0.345606544 5.481463388 -2.029077494 -4.387761765 17.95825712 7.018035667 8.329130427 -11.76254696
-0.517312153 -0.992430321 0.524400513 0.313571967 -0.421391277 0.061931623 0.635007185 -1.329529107 0.233485258 0.35434957 0.239981204 -0.437790082 0.841621234 0.064872066 0.541395085 -0.092971849 0.025580629 -0.102490508 -0.869423773 -1.628361407 -1.113937215 0.194028142 0.553024091 1.238080336 1.871870731 -0.437790082 0.480644432 -0.273309407 2 25 0 10.26166889 0.681838482 -167.4825338 60.00873005 14.3257809 4.844075618 -7.768926732 -26.38952112 38.6445782 7.847611101 18.71664914 -11.7088116 -0.3161593 1.284732007 32.49231714 -0.039795907 -1.47687231 -3.100953131 -2.894168541 1.827383768 -2.006232225 -4.379249779 -3.431902775 6.029888615 3.400996848 6.467656488
-1.403412636 -0.447767518 -1.593218818 1.88950996 -1.113937215 -1.635039267 -0.338888302 2.387808898 0.030950969 1.238080336 -1.089661982 2.423196195 -0.330872572 -0.67448975 -0.415240161 -0.761842777 -0.421391277 0.927154825 1.608652683 -0.130018583 2.423196195 -0.485786363 1.128143645 -0.446588205 0.62668735 2.318757971 -0.967421566 -0.814454522 1 20 0 10.13995148 -27.87804217 30.01742132 38.24059935 10.86920199 -4.935399896 55.82697113 15.74968567 -16.74354188 -5.438537865 8.984473001 -8.017716833 -2.598061867 18.74415515 -1.18940547 23.63315095 -10.8454494 28.18402859 -3.17644503 -11.32280681 1.556641348 -9.629547826 2.962868619 12.79925809 -2.409742261 -13.79172917
0.872902819 0.943003696 -0.248275093 0.115949825 -0.628904218 -0.628904218 0.127802736 0 0.62668735 1.140117653 -1.326677507 -1.311599883 -0.928899492 0.154870923 -1.650868485 1.326677507 0.403915973 -0.988154632 -0.502402223 -0.992430321 -1.635039267 -0.570074085 -0.096558615 1.159742045 -0.723475575 -1.225627238 -0.967421566 0.761842777 1 39 0 9.78884071 -124.5170483 18.02647636 -48.26314495 46.5910519 -26.78171711 26.47323037 34.54664551 -60.38488627 -9.649139427 12.29132464 -17.30727047 4.568177519 29.63304147 -5.554967635 9.903199694 -7.6975612 -8.478959789 -19.33607557 -3.421711211 -22.84237074 7.773321857 2.769192608 -6.248459296 -4.537410625 -6.233427119
0.662435268 -0.301921554 -0.569184749 -0.524400513 0.115949825 0.689996993 0.62668735 0.855712431 1.871870731 0.392193489 -0.19788217 0.757117298 0.615141105 -0.154074467 0.850473786 -0.621177626 1.492404178 -0.75378157 0.513154662 0.057877565 0.170767252 -0.063771035 0.919135522 1.465233793 -0.413811248 1.35170224 0.89108913 -1.122762298 2 25 0 9.444110876 47.01110328 48.0005229 5.198410397 40.6417398 67.78962581 -5.617215136 19.74325996 7.338356164 27.2016887 23.17718453 22.55980935 -10.37903658 16.51148489 -6.498349788 0.255348068 -3.94412037 24.8961398 -32.92962607 -24.06394032 2.341328691 12.05107022 -8.627973687 16.72399869 -0.339088925 -8.259936217
-0.814454522 1.952764915 0.761842777 0.662435268 0.154074467 1.723789988 -0.233485258 -0.273309407 -0.785605288 -1.48154449 0.541395085 -1.288618168 1.198379702 -1.945422591 -0.301921554 -1.198379702 -0.234219194 -0.077203649 0.494873164 -1.628361407 -0.223007831 -1.88950996 -0.073791274 -0.108523744 -0.313571967 0.194028142 -1.225627238 -0.115949825 1 27 0 10.07569433 -13.92418917 -12.02568303 -28.22410674 7.239127551 25.87826842 25.27439574 -19.10862717 8.991149723 5.784226657 11.352096 -41.11953717 -8.062100489 -33.36897872 -19.06729704 -3.227696441 -13.9067494 6.937101464 -22.88406861 7.99859381 13.87855585 -18.25783501 9.130467712 3.38467259 8.05728278 13.90823212
-0.20607197 -1.326677507 -0.480644432 -0.480644432 -1.465233793 1.062220505 1.993983606 1.05307266 0.273309407 -0.480644432 -0.363743733 1.051337852 -0.928899492 -0.049169379 -0.480644432 -1.049131398 0.583848813 -0.042498014 -1.871870731 0.827130206 0.799968905 -0.213715106 -0.413811248 -0.638609618 0.89108913 1.281551566 -1.225627238 0.248275093 1 39 0 9.675120383 -15.96643427 22.661588 -34.38194522 0.58766027 -32.403473 -10.26291029 50.29594227 21.73427554 12.49898671 25.86319942 -0.793027172 1.643347566 -4.144004886 -14.80207729 -5.590528488 -23.94011767 2.516170522 -7.372033908 38.00864105 -8.915437698 2.756246166 -12.41737886 -12.1512085 -0.528865093 5.148456499
-0.416665521 0.279760815 -0.711260092 -1.35170224 -0.869423773 -0.14798711 -1.654434726 -0.814454522 -0.761842777 -1.198379702 -0.218344771 0.940543641 -0.395725296 -0.589455798 0.791638608 0.615141105 -1.768825039 1.403412636 1.220640349 -0.096558615 -0.814454522 0.956176539 0.233485258 -0.477995987 2.318757971 0.413811248 -1.683348264 1.608652683 2 27 0 10.2398499 87.90602507 97.61272188 37.59823139 50.21232279 -2.038448289 -2.139782817 35.29895143 14.86415388 -13.89360674 3.80317717 6.545180688 -23.97751569 11.73440266 -1.832614707 5.562660768 -12.99387483 23.46915207 5.528294887 4.386433842 5.013712603 -29.17758241 3.771278204 -0.867804064 -25.20957628 16.30105321
-0.75378157 1.05307266 1.214675721 -1.140117653 0.927154825 -0.301921554 -0.347261247 -0.194028142 0.664808728 0.820792088 0.377391944 -0.967421566 0.524400513 -0.403915973 -0.744142742 -0.253347103 -1.486091569 0.102490508 -1.608652683 0.194028142 -0.477995987 -0.127802736 0.791638608 0.869423773 0.534175181 0.366106357 -0.967421566 1.486091569 2 50 0 9.249813258 21.62525701 -11.61469177 9.826274492 -6.446139821 2.277076581 29.83885358 -8.153774986 -13.0243015 12.68277688 -1.585539214 14.60259394 21.86520772 -22.40500855 -9.547238764 -22.90200473 -22.26526735 -7.227774034 -8.019115442 -12.52235585 -24.06942031 12.05206219 -19.6303427 -9.542511098 3.981378349 6.642925484
0.859924779 1.329529107 1.062220505 0 -0.258633067 0.248275093 -0.395725296 -0.628904218 -0.351130835 -0.257736636 -0.841621234 0.307292571 1.214675721 0.098457992 -0.135384736 0.658519951 0.524400513 0.923143931 2.423196195 0.589455798 -0.051178011 0.233485258 0.744142742 0.988154632 0.380325642 1.430608769 -0.897915184 -1.225627238 2 32 0 10.44413752 115.5843655 -35.91205601 -15.04967948 4.071693383 -34.3621626 12.61719151 29.83320771 -9.521603455 -1.77260816 23.60764907 -12.48088829 20.90883557 -10.43390261 -14.79897581 14.21293098 -3.101978362 -7.690243908 -15.18322067 -1.31014509 -15.52236501 -13.8846944 4.599984072 0.932315829 17.84611891 -26.05843697
1.049131398 -0.123184771 -0.14798711 1.608652683 -0.967421566 0.115949825 0.524400513 -0.346704194 0.313571967 -0.711260092 0.186756121 -0.077203649 -0.919135522 -0.787876017 0.073791274 -1.16283129 0.366106357 -0.524400513 -0.686643051 -1.593218818 0.194028142 -0.609228667 -0.214049476 -1.871870731 0.421391277 -0.154074467 0.363743733 -1.05307266 1 24 0 10.02915096 92.10885117 -11.07788744 21.13294771 47.56602899 -4.575905357 -73.78255245 30.60055336 -5.61601429 9.722160633 1.919316684 12.84211145 3.082688189 -30.43535272 -6.655745387 8.712197931 -19.10940543 0.36236253 4.223657715 -37.38060429 -10.71177386 -0.7189779 -7.957621225 -0.675861884 4.451322324 -20.61603463
0.194028142 0.108523744 0.820792088 -1.225627238 -0.927154825 0.927154825 -0.872902819 0.480644432 -0.534175181 1.608652683 -0.195722227 -0.18001237 -0.366106357 0.664808728 1.48154449 0.457851931 -1.35170224 -0.019282951 -0.194028142 0.380325642 0.139710299 -0.154870923 1.403412636 1.683348264 0.689996993 -0.019282951 -0.827130206 0.723475575 2 24 0 9.926483746 -15.18236624 -6.641643313 -16.2559724 5.972634495 -19.37054142 27.73176687 -28.49911644 6.376016872 20.25715757 -16.47264138 -9.830313302 9.629952943 0.314716139 -11.0385874 -9.098842997 9.654898999 -0.146642367 6.27219424 -13.13109193 32.63856511 7.090016094 -4.160823238 -6.347868254 6.573111442 -19.17543224
0.194028142 -0.301921554 -1.159742045 0.482248215 -0.395725296 0.250152864 0 1.374679694 -0.814454522 -1.128143645 0.239981204 -0.446588205 -0.509831534 -0.967421566 -0.829574037 -1.48154449 -0.139710299 1.35170224 1.020076233 0.589455798 0.485786363 -0.662435268 -0.686643051 0.35434957 -1.608652683 -1.635039267 1.198379702 -1.281551566 1 27 0 10.15697854 -48.00896453 29.34440453 -69.63532885 -18.3520783 9.744480342 74.10393375 40.29825624 4.58297301 19.67945434 0.987908643 23.61478231 12.10422741 -28.18645724 41.56612125 9.510485952 -14.70248202 -14.00505094 -8.138217367 14.79137488 -5.053844167 -18.97948198 -4.576351102 -5.415269958 -13.00141928 -8.139507087
-1.071486768 -0.194028142 -0.092971849 -2.085355566 1.324957689 -0.085072957 1.023392193 -1.35170224 -0.030950969 -1.768825039 0.89170883 -1.374679694 -0.541395085 0.282216147 -1.486091569 -0.194028142 0.967421566 0.596231765 0.513154662 0.761842777 1.007435601 0.477995987 -0.761842777 2.38151947 -0.988154632 -0.233485258 -0.570074085 0 2 40 0 10.36914835 57.09171589 -10.83784722 -34.97113618 -7.450209534 -0.696298973 4.40689326 -13.54153063 -59.66792933 39.36828216 3.400679756 33.66337568 -50.73999365 6.501584083 5.59047527 2.344830013 -0.854304666 -6.101190853 11.72014588 7.429859069 1.357498998 1.72371387 -0.828527294 10.48476502 26.44903047 21.74334885
1.403412636 -0.592006622 -1.288618168 -1.993983606 -0.085072957 0.814454522 -1.374679694 0.115949825 0.990286919 -0.596231765 2.318757971 -0.638609618 0.213715106 0.927154825 0.449513565 -0.869423773 0.061931623 1.465233793 -0.67448975 -0.108523744 1.993983606 -0.223007831 -1.140117653 1.214675721 0.273309407 -0.250152864 0.395725296 0.127802736 2 31 0 10.33094351 -49.23152067 77.38593653 -5.462663757 -53.89610708 -43.54446899 -13.13033386 28.78393712 -0.144095265 13.3188488 15.78930847 8.650554057 6.483187287 -18.30567401 -35.28079306 -20.77235997 19.77300442 -6.761146879 6.928691372 -16.39598135 -24.68813096 -1.255521035 8.860644387 22.33660105 -3.842083792 12.44853837
1.88950996 0.599229868 0.038573075 0.664808728 -0.536176266 -1.952764915 -0.325109711 0.437790082 -0.480644432 1.128143645 -1.544575486 0.351130835 -0.395725296 1.871870731 -0.68788465 -0.477995987 -0.098457992 -0.301921554 -0.513154662 -0.293381232 0.194028142 0.459111852 0.154074467 1.608652683 -0.096558615 -0.366106357 0.569184749 -0.569184749 1 31 0 9.103848275 -16.23710344 -21.6373897 31.23972197 36.26874458 -5.319170056 29.35761408 -5.7874533 -18.54536032 -23.74123699 -51.60859679 -24.4252222 -22.90950062 -2.410025979 -3.399399523 -34.19309342 -43.11906607 -8.997252381 8.653065498 8.207395197 -29.20822352 -7.053339849 -9.229214692 0.650585862 9.461702328 -25.52071893
2.502106473 -1.238080336 0.723475575 -0.967421566 0.395725296 1.374679694 -0.689996993 0.170767252 -0.940543641 0 0.690633454 2.423196195 0.430727299 -1.122762298 0.085072957 0.967421566 -0.102490508 -0.855712431 1.198379702 -0.395725296 -1.128143645 1.198379702 -0.102490508 0.546655569 1.48154449 -0.820792088 -0.897915184 -0.250152864 1 20 0 9.597612734 -0.15306603 34.55629807 32.90133053 23.90399738 10.42138415 74.60253671 -0.763592565 -66.09505863 22.52469419 21.20439063 11.93287641 -12.33134753 3.979402546 -6.195060473 10.98925985 35.76665294 -12.28527607 24.32029588 -23.33241832 -10.26617438 2.257471297 -12.26422267 18.70833193 12.15587431 -12.85718388
1.140117653 0.686643051 0.194028142 1.714593654 -0.29930691 0.628904218 2.502106473 -0.124101933 1.560490269 -0.18001237 1.16283129 -0.869423773 -0.928899492 0.90145408 0.661214792 0.863695653 1.608652683 1.281551566 1.446103593 -0.638609618 0 0.635007185 -0.346704194 -1.551885366 0.723475575 0.115949825 0.077203649 0.820792088 1 41 0 10.05006308 -22.44348841 -14.65478159 43.31847921 -77.88005052 -30.69230581 12.08749793 -72.67907886 7.630161531 -17.51489792 41.12623869 -8.007025011 4.474440763 2.468765516 3.597406125 3.395178296 14.71311544 -4.478150224 -16.93733465 -8.815802627 -9.742167635 14.74649298 12.17349738 -1.998519437 31.27243428 -2.371610499
-0.927154825 1.465233793 0.967421566 0.744142742 0.030950969 0 -0.194028142 -1.140117653 0.437790082 -0.480644432 1.714593654 -0.638609618 -1.759861028 0.195722227 0.266150301 1.023392193 0.940543641 -1.492404178 -0.154870923 -0.395725296 0.437790082 0.664808728 -0.233485258 2.423196195 0.051178011 0.68788465 -1.35170224 -1.281551566 2 42 0 9.822397165 107.6487564 108.5004985 7.707987163 -3.808730024 -3.265643375 -17.85296747 -2.806113646 -23.39653161 14.29964401 -27.84649244 -30.85480498 11.71958417 -5.68700999 -4.517173207 9.151571082 5.374054521 11.67790288 -28.61985115 6.474981664 -4.719516462 3.79742739 -10.48133726 18.18841181 2.173613668 -15.52850452
-0.233485258 0.077203649 -0.395725296 0.20607197 -0.102490508 -1.238080336 -0.257736636 -1.198379702 0.457851931 0.513154662 1.044408795 -0.35434957 0.464938765 0.615141105 -0.62668735 0.250152864 1.025590291 0.049169379 -0.820792088 0.025580629 0.723475575 0.596231765 -1.654434726 0.723885875 0.583848813 0.799968905 0.077203649 1.871870731 1 50 0 9.551184358 53.35555513 -56.15102145 60.76369801 -45.49050699 -20.4693629 39.34122513 -17.09038027 10.2551754 -22.11799752 29.41696276 -13.64290154 21.25474734 -22.81839626 10.6826793 13.82544806 0.472713828 -24.5619775 10.56219837 7.441788836 4.273841808 4.407023852 6.432755241 11.83654166 9.580515803 12.42195496
0.214049476 -1.415702094 1.324957689 0.662435268 -0.038573075 -1.324957689 0.085072957 -0.711260092 0.43850955 0.534175181 0.135384736 -0.077203649 -0.509831534 -0.785605288 -1.465233793 0.102490508 0.397012796 -0.477995987 -0.638609618 0.108523744 -0.703921789 -0.273309407 -1.018075715 1.768825039 -0.170767252 0.658519951 -0.827130206 0.085072957 1 48 0 10.10592142 -50.79625893 -11.89621839 48.12937299 21.85138614 2.855946661 -5.592574811 2.829350406 -8.643252548 20.08401669 14.2254544 10.87056722 -20.12381873 -17.55126072 17.81913413 -9.996855979 12.05688462 -3.578130237 -23.55301927 -22.40186729 1.931315667 -5.044111051 -6.989723133 -21.35094066 -12.946273 5.149378162
0.20607197 -0.723475575 -0.872902819 0.988154632 0.711260092 1.871870731 -0.038573075 1.48154449 -0.257736636 -0.149250552 -0.841621234 1.253904984 -1.020076233 -1.374679694 1.281551566 -1.403412636 -0.723475575 -0.250152864 0.89170883 -1.23889438 -0.038573075 -0.690633454 -1.35170224 0.234219194 -1.430608769 -0.092971849 -0.202525183 1.768825039 2 53 0 9.905897841 -6.952401773 -1.300100047 63.24845084 19.73137718 -21.4737929 29.19461481 17.86457065 -35.0954306 2.498594445 26.02354703 -21.09799871 40.25294915 -22.84810427 -3.623008755 19.77869535 0.432330366 8.535758687 -14.84178617 1.531611285 16.78256005 23.14788648 -6.515652734 9.368356867 -8.19799547 0.875790806
0.615141105 0.742759799 0.919135522 1.023392193 -1.049131398 0.092971849 -1.087257384 0.869423773 -0.43850955 -0.098457992 0.430727299 0.351130835 -0.509831534 2.423196195 2.387808898 0.480644432 0.395725296 -0.799968905 -0.817236822 1.608652683 0.27370189 0.988154632 -1.48154449 -0.333891362 1.214675721 -0.589455798 -0.589455798 0.301921554 1 23 0 9.780216076 27.20293177 1.536921511 -56.21476251 4.257944729 58.03750615 -34.14450677 -21.18520547 26.31313892 -12.33891763 18.33532095 23.11269184 -12.35414561 -6.178003706 -42.82812694 -7.652131329 28.39184428 1.125132637 16.56487502 8.035179967 5.562910958 -8.920252745 -25.82502628 -1.223922593 3.50800294 4.635059292
0.742759799 -0.711260092 -1.214675721 1.768825039 0.589455798 0.480644432 0.715053038 -0.570074085 -0.374957187 1.35170224 -0.524400513 1.281551566 0.464938765 0 1.373839467 -1.945422591 -0.502402223 0.20607197 2.246197536 -0.988154632 -0.499703382 -1.993983606 -0.172880833 0.686643051 1.560490269 -0.301921554 -0.202525183 -0.628904218 1 54 1 9.219475089 75.03833347 67.62335591 -45.02452915 11.29066851 80.59376327 -26.81156835 2.418889778 10.90620126 47.02669694 8.887318489 -13.23868127 10.85449462 3.112138032 27.62084089 0.167669267 18.37325927 35.09904719 -8.132069751 -4.411284584 -24.91955288 2.318076453 -13.39235726 7.936188396 3.184507928 -10.88197627
0.927154825 1.759861028 0.711260092 -0.194028142 -0.872902819 -0.859924779 1.062220505 1.768825039 -0.258633067 -0.787876017 -0.940543641 1.483539859 -0.509831534 -0.430727299 1.188674189 -0.703921789 0.437790082 0.057877565 -0.333891362 0.592006622 1.952764915 0.828464649 0.395725296 -1.426076872 1.198379702 0.742759799 1.723789988 -0.124101933 2 21 0 9.059872558 37.34947609 68.22308039 -26.44093833 -11.77433185 -4.213423077 -30.49020479 33.73134328 25.64765022 28.89421958 -25.87609398 28.74577347 -3.878996072 9.110236272 -22.69677807 -13.73149056 -0.415866232 -11.33856525 7.674410522 2.591625028 29.3986227 -11.24795381 -2.616538893 15.50568994 10.64167346 12.11618924
0.233485258 -1.05307266 -0.628904218 -0.038573075 0.570074085 -1.128143645 -0.524400513 0.863695653 -1.253904984 1.225627238 0.064872066 -0.711260092 -0.509831534 0.470593522 0.690633454 0.628904218 -0.35434957 -1.635039267 1.129657221 0.589455798 0.038573075 1.593218818 0.024577261 0.314572292 0.711260092 -1.868241655 -0.057877565 -1.321182026 2 40 0 10.82683774 -6.213669986 -3.404040567 0.11390899 -37.37812035 5.826446123 -38.61080568 20.99474797 29.13797451 21.1461368 -17.64107495 16.5011711 -22.67433305 30.51220917 28.86830892 -15.54333421 12.77315587 -16.82951901 -4.397240078 23.71241304 -12.24557575 -7.42257932 1.125680592 -7.355325872 6.444954317 2.970378746
-0.628904218 0.742759799 -1.23889438 -0.250152864 -1.138523478 -1.018075715 -0.761842777 1.593218818 -0.038573075 0.311919055 1.16283129 -0.18001237 0.464938765 -0.689996993 0.499703382 0 0.27370189 -0.558839611 0.872902819 -0.482248215 -0.744142742 -1.159742045 -0.990286919 0.403915973 1.238080336 1.05307266 -0.638609618 0.785605288 2 30 0 9.578174729 70.1119623 4.141883901 58.0502049 -38.94692915 -43.44730764 -10.23840575 -0.455665778 -16.47266428 -15.32967079 23.16109262 4.868099992 -36.10546334 -24.20304594 1.08010042 16.75254794 -20.17791474 -2.714742885 7.034795049 -8.740553112 -60.17385068 -4.830326191 -18.56681766 10.15958195 -3.023388756 -4.484110466
0.051178011 0.363743733 -0.346704194 1.993983606 -0.761842777 -0.967421566 0.744142742 -0.301921554 0.049169379 -1.88950996 -0.195722227 -0.380325642 -0.115949825 0.628904218 -1.159742045 -0.250152864 1.281551566 -0.248275093 0.313571967 0.589455798 1.18179227 -0.589455798 1.329529107 -1.215598434 -0.502402223 -1.321182026 -0.293381232 -1.560490269 2 31 0 9.452119042 -31.81454759 -42.68692425 -49.78945822 10.94942442 38.49783862 -29.95865306 -31.06348296 -73.38461009 -9.517218889 -3.656719753 -25.93890902 -34.81114087 -30.70412604 -8.635877988 -25.26134398 -17.27033386 2.409523569 8.070721254 -3.040544013 6.434502872 15.56901593 -4.400933862 -18.9027199 -2.777477921 0.39273456
1.062220505 -0.301921554 -0.820792088 -1.198379702 0.092971849 -1.329529107 1.868241655 -0.638609618 0 1.214675721 -0.615141105 -1.635039267 0.464938765 -0.524400513 -0.615141105 0.744142742 -0.956176539 0.872902819 -2.085355566 -0.957209469 -0.524400513 -1.049131398 -1.23889438 0 0.524400513 0 0.841621234 -1.868241655 2 45 0 9.931358927 -34.01206667 -35.80749663 26.64526629 20.49119756 68.22197574 -54.76792646 5.963752036 -18.22569775 9.58920478 -18.41280055 -15.04085295 -17.08269846 -8.11469132 38.21685755 -23.61633196 18.17609776 15.10037956 -11.31719543 15.13889055 -2.40798472 -9.7584483 -5.748848451 -28.74410877 1.095999234 27.59447871
1.05307266 -0.686643051 -0.967421566 -1.324957689 0.380325642 -0.248275093 0.049169379 0.662435268 0.89108913 0.346704194 -0.194028142 2.333768575 -1.7412906 -0.662435268 1.025590291 0.154870923 -0.447767518 1.238080336 1.020076233 0.025580629 0.662435268 0.524400513 1.188674189 -0.638609618 -1.092735829 0.038573075 0.723475575 0.75378157 1 34 1 9.428973165 -61.97971997 6.284040376 -75.3614794 35.82558438 -30.29288201 -1.476139305 -23.58374394 -52.98175975 14.39280885 -41.30309518 7.084666628 -14.344593 -5.226642891 -5.476753028 20.94067492 17.83236476 -6.764431073 23.23632909 -13.26381232 -3.213280824 -18.53240038 4.860404161 -17.38958163 2.667029242 4.999946664
-1.05307266 1.198379702 0.990286919 -0.785605288 -0.988154632 -1.48154449 -0.482248215 -1.430608769 -0.313571967 0.635007185 -1.768825039 -0.721522284 1.092735829 1.608652683 0.589455798 -1.551885366 -1.465233793 -1.198379702 -0.154870923 -0.449513565 -0.35434957 0.785605288 -0.569184749 -0.62668735 1.281551566 0.988154632 0.363743733 -0.480644432 2 28 0 10.04976112 -35.88315524 48.25565283 37.65269323 -54.84856285 -64.93788134 -53.2580638 -41.82062704 1.243533329 -27.874401 -25.52805412 18.92053296 4.201493986 -15.18788517 -22.29031119 24.54867996 -0.692749586 3.463766931 7.358669695 -11.85637747 3.462799182 -18.98913132 8.801486813 60.33937083 10.74518655 5.875937039
-1.198379702 0.449513565 0.872902819 -0.313571967 -0.030950969 0.988154632 0.403915973 -0.761842777 -0.565948822 -0.571145181 1.608652683 -1.869606647 0.464938765 0.723475575 0.787876017 -0.744142742 1.486091569 0.257736636 1.020076233 -0.130018583 -0.154870923 -0.301921554 -0.863695653 0.151843534 -0.102490508 1.608652683 0.927154825 -0.524400513 1 36 0 9.049790785 -37.56634396 -46.02745092 -5.603139076 17.32332939 26.33086178 -18.34346512 -7.251175581 -6.640817517 61.2640469 15.0062382 -7.084607923 2.549332384 -2.6013221 -24.17636441 -31.74069303 5.914378752 5.71225739 -6.552400949 -1.245744255 -30.34656229 34.11110231 -5.80053671 -6.285142357 -23.54177335 -7.772485622
1.374679694 0.077203649 0.480644432 -0.030950969 -0.480644432 0.513154662 0.967421566 -0.689996993 1.868241655 1.321182026 0.049169379 -0.293381232 -0.366106357 -1.714593654 1.067570524 0.314572292 -0.061931623 0.395725296 -0.380325642 0.729792154 0.546655569 -1.140117653 -1.238080336 -0.785605288 0.592006622 -0.940543641 -1.198379702 0.314572292 2 39 0 10.01822503 17.6106529 46.26235138 12.66114313 11.8617237 46.28581086 -52.4124706 -4.353561732 22.85467604 -12.91101443 12.50251885 -5.379285709 -5.92176061 23.39823243 -12.52064892 14.21800916 28.0492208 6.836284635 -6.40291877 5.821973236 -3.637593276 -2.059289321 30.9347634 -8.314722473 4.148511297 -5.610197103
-1.723789988 1.540425005 0.615141105 -0.457851931 -0.170767252 0.89108913 -1.329529107 1.35170224 -1.122762298 -0.347261247 -0.366106357 0.502402223 0.213715106 -0.096558615 0.333891362 1.421496695 -0.502402223 0.828464649 0.967421566 -0.019282951 2.333768575 0.416665521 1.023392193 1.220640349 -0.517312153 1.062220505 -0.638609618 0.194028142 2 19 0 9.388134032 -34.6798778 17.90468122 15.74958561 -33.51873795 45.17985025 76.75855354 -8.399848834 -10.95889241 11.48231705 -17.64884527 31.63281801 2.748526637 -5.888144386 -23.90563884 19.5352294 18.79626648 29.30548005 -0.508084644 11.38031286 1.375511124 6.487019846 -4.507204086 -5.143512863 1.240195834 10.62564745
0.635007185 0.927154825 -0.664808728 -1.768825039 -1.329529107 0.042498014 -0.194028142 0.311919055 0.583848813 0.313571967 -1.993983606 -1.067570524 -0.524400513 0.154074467 -0.506871623 -0.064872066 -0.186756121 2.318757971 0.174416101 -0.096558615 1.281551566 -0.333891362 1.05307266 1.564726471 0.990286919 1.993983606 -0.057877565 -1.05307266 2 25 0 9.235833901 -25.76695193 -79.38616651 38.46636073 -13.0782865 41.08579104 -64.51511944 -50.92456938 31.25028832 -25.09419075 -17.57082537 -35.58627513 -5.292439389 9.320556058 -1.206175396 23.3629036 -7.584875206 1.974077703 -3.537160519 -58.20629064 27.41987405 -16.1753972 -23.3344253 -9.560777684 6.558761389 11.59957599
0.092971849 -0.447767518 1.635039267 -0.869423773 -0.077203649 1.321182026 -0.68788465 0.35434957 -0.437790082 -0.046435725 0.494873164 0.073791274 1.214675721 1.486091569 -0.170767252 -0.787422666 -0.662435268 0.135384736 1.159742045 -0.957209469 -1.593218818 -0.721522284 -1.214675721 0.927154825 0.927154825 0.524400513 -0.967421566 0.742759799 2 56 0 9.778184614 65.9542192 30.99581387 -0.078904873 -75.69584757 -16.01353814 3.177876045 4.568166963 0.229749621 10.65325509 18.85479368 16.85958255 -29.74005594 -16.61505618 -29.12829909 25.85167545 -21.22370323 -20.78018639 3.880840395 -21.69776783 24.30914573 -10.90241653 5.721657053 8.03962635 10.83937102 -4.708609857
-0.194028142 -1.188674189 -0.988154632 0.711260092 -0.761842777 0.791638608 -0.771048869 0.509831534 0.869423773 0.314572292 -1.486091569 -1.067570524 -0.366106357 0.108523744 -0.253347103 0.313571967 -1.654434726 0.583848813 0.266150301 -1.374679694 -0.940543641 -0.282216147 1.214675721 -0.477995987 -2.085355566 1.188674189 0.346704194 -1.214675721 2 25 0 9.879402095 -13.03382272 6.411565763 -4.250899322 -21.35069208 -45.55044866 -48.04848797 21.26708992 16.92405968 -17.92590685 4.864959445 -26.85914499 37.86041341 -7.277398919 45.10239625 -4.181819022 7.229419109 7.119358786 -0.146457888 12.14860405 -29.23973514 -9.665499052 1.092869012 1.895911977 1.146323529 -6.791852258
-0.038573075 -0.077442409 -0.513154662 0.524400513 -0.19788217 -0.477995987 -0.638609618 0.583848813 0.480644432 0.258633067 0.89170883 1.198379702 -1.020076233 -1.48154449 -0.814454522 -1.138523478 0.085072957 0.437790082 0.352933986 0.376027366 0.447767518 1.683348264 0.927154825 -1.067570524 -1.062220505 0.077203649 0.828464649 0.395725296 1 30 0 9.366170299 14.09090032 27.50128134 36.68634998 28.71697517 44.81302524 -5.578579262 11.5427987 -30.36121905 -1.890867521 17.20778197 -27.31217818 -5.831854292 -17.5081745 6.75361503 -18.70207302 4.079701193 11.60028528 14.99733761 47.19338752 -9.051249374 -8.043875365 19.74960284 3.698513235 1.567817234 -16.65982008
-0.102490508 0.273309407 -0.282216147 -0.35434957 0.536176266 0.820792088 -0.569184749 -1.768825039 1.05307266 -0.744142742 -0.827130206 0.524400513 -0.509831534 -1.128143645 -0.814454522 0.051178011 0.571145181 -0.051178011 -0.744142742 -1.014498746 0.447767518 -0.609228667 0.038573075 1.48154449 -0.570074085 -1.188674189 0.346704194 -0.29930691 2 37 0 10.1487945 101.0933806 53.68285477 -18.00203545 -16.46729425 -35.65574266 2.841786138 -34.75951678 11.95838415 -21.27922584 -24.08278911 23.11000711 -23.72915299 -5.856653115 -57.5314303 13.54778271 14.54747386 6.552988006 -3.332337658 9.706984975 -8.054012714 24.81641611 -0.236523325 -17.07991987 -1.980129411 -2.171603708
0.313571967 -1.608652683 0.662435268 1.486091569 -1.188674189 -0.814454522 -1.087257384 -0.89170883 -0.447767518 -0.273309407 -0.967421566 0.195722227 0.338888302 0.202525183 0.128239826 -0.828464649 -0.313571967 1.654434726 -0.817236822 1.363136466 -0.841621234 -0.416665521 -0.35434957 0.729792154 0.570074085 -0.967421566 0.569184749 1.214675721 1 34 0 9.530384755 -18.39041585 -27.71417992 -19.53824936 -2.37406166 -53.53728003 -4.073089736 51.24217023 1.074134037 2.68206887 -4.598362619 6.338222589 -13.47908087 24.02174829 9.660205576 -7.42216105 11.31129339 -2.638124745 26.32276794 -14.66562623 -11.52056492 -0.779141194 9.953643276 5.193204332 11.61591256 -6.352112928
0.524400513 -1.7412906 0.485786363 -1.723789988 0.988154632 0.68788465 0.313571967 0 -1.128143645 -0.395725296 0.430727299 0.128239826 -0.015473632 1.122762298 -0.485786363 -0.311919055 -1.157878604 0.89170883 0.223007831 -1.35170224 1.253904984 1.374679694 -1.049131398 -0.978987397 0.218344771 -0.524400513 -0.025580629 -0.744142742 2 33 0 10.11098552 5.466705771 -9.230238296 39.8011719 19.90598531 46.1799413 4.78992186 -0.21397157 8.808345079 -3.35085181 15.49168973 8.415905854 28.53326518 0.902929253 -22.71012562 -16.53056915 18.36375741 3.309809421 -22.00329546 8.341154973 5.765234108 4.634837796 -15.75106262 -29.85184072 11.05808739 -6.432846428
-0.480644432 0.583848813 1.403412636 0.314572292 0 0.29930691 -0.030950969 2.333768575 0.711260092 0.553024091 0.607966223 -1.05307266 0.524400513 1.05307266 1.491605982 0.841621234 -0.232272293 1.430608769 -0.638609618 2.318757971 -0.711260092 1.140117653 -0.927154825 -0.785605288 -1.329529107 -0.62668735 -0.827130206 -0.536176266 2 24 0 9.337640271 73.23086375 8.547907577 28.30571892 -47.11062904 46.51849436 12.59286966 11.86407498 13.86069941 78.84254497 -7.914986452 8.716910084 -8.178655843 -15.46715679 -8.191547302 16.79589256 -17.41420084 5.325116031 10.67867637 24.78500407 -16.88920711 1.267680989 2.576780989 -2.578494558 8.811834878 7.711912556
-0.464938765 1.140117653 -0.186756121 1.05307266 -0.703921789 -1.138523478 0.988154632 0.75378157 -0.392193489 -0.057877565 0.019282951 1.945422591 1.288618168 -0.519448129 0.14798711 -0.569184749 -1.157878604 0.477995987 -0.499703382 0.108523744 1.113937215 0.257736636 0 -0.827130206 1.635039267 0.437790082 0.723475575 0.421391277 2 29 0 9.838050487 5.420905783 -41.14004814 21.70158597 41.01254672 -36.29613254 39.95907764 -16.63275042 23.46007706 45.34420514 14.78033643 -44.16778902 10.06286583 14.44942168 18.52865155 2.062429906 5.506058249 12.76834345 -2.869589101 -1.008704688 -11.36166433 -2.61281052 10.73648162 7.265420844 5.233345469 8.37369999
-1.05307266 0.374957187 0.89170883 0.085072957 -0.437790082 0.940543641 0.447767518 -1.541986299 -0.569184749 1.087257384 1.044408795 1.122762298 0.464938765 -0.596231765 1.281551566 1.281551566 -0.558839611 -0.313571967 0.494873164 -0.395725296 -1.281551566 -1.05307266 -0.686643051 0.154870923 1.198379702 2.423196195 0.363743733 -1.714593654 2 48 0 9.865868663 1.484541449 -0.914443578 -0.873651131 5.431889643 -14.34230153 -32.96728169 -10.12700678 38.71366865 -29.72584529 29.87136091 0.458441284 3.065975731 20.71930678 -26.58657159 6.243530894 -19.38556271 10.71140799 -5.177184149 13.63571921 5.137881668 -1.685899912 -12.16975534 7.120453921 -16.83143504 -1.411480685
0.703921789 0.049169379 0.927154825 -0.194028142 1.214675721 -0.744142742 1.593218818 0.814454522 0.194028142 1.593218818 -0.482248215 -0.194028142 -1.965272419 0.233485258 -1.05307266 -0.569184749 0.416665521 1.023392193 -0.957209469 -0.395725296 0.806849691 0.324231584 -0.75378157 -1.288618168 -1.374679694 -0.68788465 -0.897915184 -0.485786363 1 51 0 10.01629279 73.14226026 0.79360985 87.32033708 42.23276083 -17.65822152 -29.53471241 -4.416210275 -8.071830992 2.94207333 -7.805853463 -31.30904615 5.358762372 -5.961401637 -13.5792078 15.0920963 -10.54489219 -4.354435415 1.253863018 -12.12812574 -8.164261347 -7.833673918 -2.102500764 14.71315471 15.89728269 12.01931118
0.534175181 -0.301921554 1.05307266 -0.301921554 -0.583848813 1.253904984 0.154074467 1.122762298 -1.993983606 -1.446103593 0.313571967 -0.092971849 -0.366106357 0.108523744 0.957209469 0.596231765 -0.524400513 0 1.768825039 -0.820792088 0.940543641 -1.786155561 0.742759799 1.238080336 0.250152864 0.919135522 -1.225627238 2.423196195 1 26 0 9.675047545 18.79992572 106.4412216 -27.57051859 24.73477323 -30.20381786 4.243484604 -2.86907809 -1.363608385 -53.20682367 37.49595353 3.296260973 6.417091376 -7.023925424 -2.01457263 -22.56995816 -19.70550421 23.08083531 -13.53315597 6.271342837 -13.06772481 -3.282541052 -21.16673085 -36.09476271 2.717239177 -3.008830239
-0.392193489 -0.194028142 1.023392193 -1.049131398 0.869423773 1.868241655 -1.324957689 -1.198379702 0.35434957 0.273309407 0.015473632 0.761842777 -0.115949825 0.20607197 -0.506871623 1.329529107 0.897915184 0.967421566 0.757117298 1.650868485 -0.077442409 1.560490269 -1.321182026 -0.096558615 -0.662435268 0.395725296 0.248275093 -1.430608769 1 54 0 10.74692861 -35.34845426 51.27974349 8.583667008 32.92370793 -11.07673348 23.08702741 -23.75705578 -10.62715556 2.071181458 -5.096352331 1.933953423 1.546059834 26.96843342 -16.42088038 -9.209423941 -10.62562177 15.14997364 22.46435309 -6.134898381 -16.86662973 -17.38325794 -6.846893177 -13.47350003 7.4815811 0.861293199
0.658519951 -0.940543641 -0.250152864 1.723789988 -0.89170883 0.814454522 -0.346704194 0.437790082 -0.347261247 -0.042498014 1.087257384 1.465233793 1.869606647 -0.684234404 1.025590291 -0.785605288 -0.599229868 -1.113937215 0.615141105 1.049131398 -0.282216147 1.281551566 -0.742759799 -0.333891362 0.127802736 0.233485258 -1.326677507 0.313571967 1 24 0 10.57522738 82.07508055 -11.57523715 47.98058987 -79.52416335 11.91118778 1.561452791 -7.603563418 -24.76020554 4.344719382 8.68296769 -14.86944342 5.017439766 -0.230294569 -30.3568573 39.05775643 -27.92513935 1.746521018 -0.940282836 8.305992516 -19.13692329 1.883055534 -9.820922041 -11.86371419 -13.33281789 -2.551515628
-0.872902819 0.403915973 1.608652683 0.250152864 0.457851931 1.35170224 0.534175181 -1.05307266 -0.051178011 0.664808728 -0.988154632 0.517312153 -0.115949825 1.374679694 2.333768575 0.186756121 0.019282951 -0.397012796 2.38151947 -0.820792088 0.02124421 -0.154074467 0.096558615 2.318757971 -0.744142742 0.583848813 0.248275093 1.281551566 1 25 0 10.18480402 56.80151527 -46.02858858 1.532195715 35.2781519 28.28232876 -0.314101705 -7.153481227 -36.34362756 19.93268077 -0.252252119 -5.826582774 29.6979746 -17.3406026 41.41666288 4.422154265 -12.71354243 -40.44288096 13.61391988 48.97476087 8.973341701 4.620080593 -2.433618247 4.95877512 4.223191809 -35.36255474
0.273309407 -0.927154825 0 0.62668735 -1.062220505 0.761842777 -0.940543641 -0.480644432 -0.301921554 -1.723789988 -1.067570524 1.374679694 0.615141105 0.28471556 -0.049169379 1.608652683 2.387808898 0.791638608 -1.326677507 -0.482248215 0.313571967 1.465233793 -0.502402223 1.220640349 -0.096558615 -0.038573075 1.952764915 -0.62668735 2 40 0 9.715212383 27.40525572 8.503103835 -28.61092625 2.856831808 6.921044389 -68.80102736 -0.651179253 12.3569668 -28.83722933 -11.51035003 92.63096319 -9.512768286 4.236638897 1.577209204 16.70500104 -4.036488436 4.289159314 -20.31649809 -6.455890325 0.510712067 -13.30082277 28.61823236 -2.37138334 1.874535402 -7.357846732
-1.049131398 0.030950969 -0.051178011 1.560490269 -0.447767518 1.608652683 0.459111852 -1.868241655 -1.871870731 -1.714593654 1.05307266 0.077203649 0.338888302 0.311919055 -1.374679694 -0.62668735 0.19788217 -0.940543641 1.044408795 -1.628361407 -1.430608769 0.711260092 -0.077203649 -0.239981204 0.351130835 -0.29930691 0.248275093 -0.042498014 2 24 0 9.158500051 -67.6769642 -4.492319626 29.65537492 -47.14690811 10.49654589 30.16012283 6.150930977 -24.98022325 11.25909044 0.099968424 -1.204264961 -55.98874631 -17.41032937 7.309394179 28.9855943 11.78532718 16.65650895 -20.51468989 -35.09456959 9.494460791 -20.79419505 4.214897196 4.02068735 -14.82072221 33.1251531
-0.761842777 -1.113937215 -0.814454522 0.919135522 0.282216147 1.188674189 0.282216147 0.392193489 0.744142742 0.155352778 2.423196195 -0.806849691 0.841621234 -0.35434957 0.333891362 -0.872902819 -0.855712431 2.085355566 -0.024577261 -1.446103593 0.927154825 -0.063771035 0.218344771 -0.761842777 0.517312153 -0.635007185 -0.570074085 0.351130835 1 20 0 10.20938874 -48.79919142 7.736020161 -47.34018376 45.73332495 -25.5603452 50.40940879 -2.476401698 29.02884678 -21.63121412 5.592942286 11.10829494 21.79845571 31.06206728 -6.227683117 -1.989367786 -40.36071331 -17.67768661 -26.41687327 -22.2249089 32.35276038 -6.781072791 -5.887017988 -7.94975677 13.11822924 -1.323999987
0.257736636 -0.592006622 -0.480644432 0.380325642 -1.593218818 0.524400513 -0.927154825 0.761842777 0.615141105 0.115949825 -0.546655569 -1.48154449 0.524400513 2.38151947 1.683348264 -1.715754984 1.446103593 1.608652683 0.416665521 0.194028142 0.872902819 0.988154632 0 0.311919055 1.593218818 0.485786363 -1.88950996 2.333768575 2 25 0 9.577821603 19.0763975 -19.6400036 -2.096236377 6.666463669 12.44044335 36.61815955 7.258256798 -9.339434147 12.12111674 34.59224283 -10.59321974 4.373346944 -10.91656752 -10.58888093 29.54930615 -28.57615588 54.34190804 -46.48851232 16.8966443 20.69152351 10.02151282 8.145294743 6.273581296 -1.468650082 -14.39522043
1.113937215 -0.430727299 0 0 0.791638608 0.170767252 1.768825039 1.993983606 1.238080336 -1.35170224 1.089661982 -0.025580629 -0.015473632 0.380325642 0 -0.19788217 -0.35434957 -0.967421566 -0.024577261 0.592006622 -0.791638608 1.35170224 0.967421566 0.820792088 0.154074467 0.250152864 -1.225627238 -0.761842777 2 21 0 10.13920635 -29.59433729 -17.1487366 -10.05746854 6.57351626 46.29876774 -26.05423682 -30.86090886 -12.3320239 20.43220914 -17.95711867 11.99395691 22.46681274 -27.69916649 -16.20631898 -8.235920033 3.175936292 -3.185357445 9.559586334 7.78927692 -33.75333247 -5.947689886 -2.82866259 -1.655949091 15.10520562 6.848050145
1.122762298 -1.446103593 1.113937215 0.403915973 2.423196195 0.038573075 1.113937215 0.108523744 0.480644432 -0.19788217 -1.122762298 1.608652683 -0.509831534 0.258633067 0.897915184 -1.023392193 1.214675721 2.502106473 0.155352778 2.502106473 -0.155352778 -0.897915184 0.990286919 -0.659143037 0.569184749 1.993983606 0.615141105 -0.859924779 2 20 0 9.54065199 4.496657061 39.97962047 12.00233759 -37.65396039 -4.260472449 1.49370992 -30.04768356 -25.83390349 46.18985626 -23.64725536 -4.539820029 -14.51019629 14.10434368 -17.19852253 -21.99687452 -14.26679944 1.2580227 15.60618578 -1.561089012 -4.314744835 7.387871299 11.29322482 -5.559130498 1.617114686 -4.567376403
-1.608652683 1.159742045 0.042498014 -1.608652683 -0.569184749 -0.662435268 -1.560490269 -0.154870923 -0.380325642 -0.569184749 -1.544575486 -1.288618168 -0.395725296 0.761842777 -1.560490269 0.736315917 -0.098457992 0.569184749 0.019282951 1.759861028 1.214675721 -0.171033365 0.988154632 1.483539859 -0.75378157 -0.723475575 0.855712431 0.761842777 1 22 0 10.26862427 1.326926939 -86.44883236 17.60387979 -44.65446606 44.15303763 -26.11184366 34.02999298 30.60464278 -24.6248891 0.819420705 20.22971666 12.59551164 -15.15009308 -9.300907326 2.28589272 3.496060841 -8.140479903 -20.18680174 -16.09394517 -2.286546164 -3.76550312 4.75950067 13.78249297 11.2220341 3.455482576
1.214675721 -0.592006622 -0.662435268 -0.154870923 1.018075715 0.273309407 -0.513154662 0.553024091 -0.154074467 2.333768575 -1.871870731 1.329529107 -1.220640349 -1.198379702 0.214049476 0.615141105 0.814454522 -0.19788217 0.416665521 -0.662435268 -0.565948822 -0.570074085 2.387808898 -0.015473632 -0.123184771 0.662435268 0.711260092 -1.48154449 1 24 0 9.799791756 23.27362261 -92.25174874 -15.66842632 13.41434618 13.50710877 -1.77752083 14.65065227 -20.07798604 -0.319750271 18.93826646 -15.50953762 -5.589176448 19.74948466 3.545039025 -6.672098206 -30.27624416 11.04672872 -10.23158219 0.974677685 -8.876900894 5.842988458 -3.836142859 -0.47700174 -13.4611243 -9.433452436
0.990286919 0.35434957 -0.635007185 0 0.35434957 -0.115949825 0.061931623 -0.038573075 -0.403915973 0.077203649 -1.186831433 -0.233485258 0.338888302 -1.018075715 -0.872902819 0.536176266 0.869423773 0.990286919 -0.628904218 -0.395725296 0.437790082 -0.311919055 -0.347261247 0.447767518 0.664808728 -0.14798711 1.759861028 1.198379702 1 20 0 9.911909607 58.61329417 73.78666975 -7.546399141 -4.383053257 -7.875554298 26.05352395 9.48142473 -26.55804505 -3.172149042 -42.75479194 10.52148464 -24.89259463 0.684231733 -18.11378212 23.43374407 -5.893570285 7.484823624 2.506463467 -23.0285513 -11.42589641 -16.85514399 -0.442439293 8.876436894 13.10085163 -4.043692499
1.654434726 0 2.423196195 1.122762298 0.248275093 -0.155352778 -1.871870731 -0.395725296 2.423196195 0.485786363 -0.569575695 -0.847795761 -0.509831534 0.403915973 0.534175181 0.664808728 -0.499703382 0.253347103 0.151843534 -0.019282951 0.395725296 -0.90145408 1.225627238 -0.19788217 -1.140117653 -0.042498014 -1.007435601 -1.238080336 1 23 0 9.548595247 -33.90548757 -10.75303581 -53.02872645 -50.24161491 -47.1622425 -42.50863008 -35.78436692 -3.493482376 1.43204197 15.07102651 20.67580016 4.269598601 -36.17935546 -1.874911036 -42.65775777 16.56546595 3.953909213 -13.11033031 -10.98587903 -2.469945733 -14.67718873 11.07414219 -10.18093408 37.89124106 17.55667265
1.608652683 0.62668735 0.828464649 0.869423773 -1.35170224 -0.233485258 -1.430608769 0.635007185 0.194028142 0.038573075 -1.486091569 -1.311599883 0.464938765 -0.19788217 1.087257384 1.768825039 1.238080336 -2.085355566 -1.326677507 -1.374679694 -1.993983606 -0.233485258 -0.154074467 -1.288618168 -0.923143931 -0.077203649 0.363743733 1.608652683 2 29 0 9.076943545 -15.05338922 -22.46825643 -17.74718575 -2.635375867 26.63609222 42.19174847 -2.857446296 -4.481611218 10.20555869 -7.902727747 13.8084597 7.242433043 12.0029431 2.208326979 19.69460204 -8.960169214 -4.528465055 -3.527129007 0.234931377 -26.80000998 -0.29937519 41.61517948 15.29743421 -8.548327562 14.83675846
-1.430608769 0.096558615 0.583848813 -0.664808728 -0.098457992 2.423196195 -0.301921554 -0.723885875 -0.742759799 -1.113937215 -0.764709674 -1.288618168 0.279760815 -0.115949825 -1.100334419 0.847795761 0.723475575 -1.238080336 -0.366106357 -1.014498746 1.020076233 0.927154825 1.868241655 -0.352933986 0.927154825 0.869423773 -0.202525183 1.654434726 2 38 0 9.578915516 -17.3558478 -78.71802108 -13.1047822 54.41308519 12.64499041 17.14565323 9.086385118 -6.686336821 17.39690805 13.11018389 -6.080040714 -6.469458551 -8.495947588 26.73485914 13.93448176 -10.8013571 17.80319088 6.095721299 22.29115629 18.21704512 9.525311641 -3.526802509 -13.5603719 -10.9075996 -5.031321895
0.967421566 0.363743733 -0.395725296 -0.092971849 1.465233793 0.194028142 -0.927154825 0.658519951 0.077203649 -0.482248215 -0.421391277 -0.847795761 -0.330872572 0.524400513 0.829574037 -0.253347103 0.273309407 -0.115949825 0 2.423196195 1.430608769 -0.534175181 -0.664808728 -0.786845099 0.063771035 1.868241655 1.871870731 -0.194028142 2 46 0 9.866726732 81.07280044 -1.566589279 7.288664519 13.86618481 -1.795660714 33.27466175 9.980975622 20.95179177 -27.48728159 24.3084544 4.842888447 -0.35833329 25.2433468 -11.40913708 14.74319232 5.229598213 -1.956576644 -20.27021399 -18.02850861 0.938433892 16.25097458 -1.91827309 -9.008810279 -7.851730938 18.66627598
1.188674189 -0.447767518 -0.214049476 -0.447767518 0.233485258 -1.560490269 -1.087257384 -0.19788217 -1.214675721 0.859924779 -0.814454522 -0.073791274 0.430727299 -0.061931623 0.266150301 -0.077203649 0.828464649 -1.122762298 0.535082815 -1.628361407 0.524400513 0.919135522 0.085072957 0 1.430608769 -1.768825039 -0.570074085 0.569184749 2 25 0 9.179776358 -10.21447515 59.22836514 44.42848117 16.72808147 17.33963519 -32.93270116 19.72548684 32.47977355 19.84124731 13.88373945 33.11816906 -2.533565369 -19.22055334 -9.079012205 41.43206278 -8.536932875 11.63609543 -24.15919602 -10.72089615 1.318351795 -4.165273272 -17.98101367 13.07120487 1.482401058 16.19196534
0.485786363 -0.395725296 -0.233485258 0.248275093 -0.859924779 -0.75378157 -0.89170883 -0.534175181 1.486091569 -0.266150301 0.828464649 -0.262282765 0.338888302 0.14798711 0.967421566 0.174416101 0.662435268 -1.198379702 1.608652683 -0.981125996 1.018075715 0.273309407 -0.392193489 0.154870923 1.122762298 -0.030950969 0.248275093 0.711260092 2 24 0 10.14276861 12.07907194 -61.34962838 -29.88577436 53.8677099 55.12014004 -7.850485171 12.15672533 9.071449041 -1.424487718 -12.84226418 -15.30688818 -27.24577859 0.547703168 -3.459633056 -8.015219127 -4.379823984 -16.8017815 3.116814048 4.058691413 -7.35979847 44.45419811 -12.88241144 -14.84587314 -3.251298351 -11.61105911
-1.491605982 1.363136466 0.536176266 -0.628904218 0.301921554 1.138523478 -0.658519951 -0.233485258 -0.863695653 1.281551566 0.596231765 0.686643051 -0.928899492 -0.194028142 0.841621234 -0.239981204 1.768825039 0.569184749 0.978987397 0.589455798 -0.89170883 -1.122762298 -1.768825039 0.154870923 0.430727299 0.457851931 0.346704194 0.828464649 2 23 0 10.01622726 -8.523268672 -1.266753024 38.13386406 -45.66663442 28.33087522 -0.486316501 -10.74163316 -17.59255933 -20.97429741 8.483101049 -9.178541128 -0.848972791 -0.403176652 -5.707558192 1.295938859 -0.718571567 65.52656094 -30.79416954 8.939992943 32.37889684 -5.551944567 -20.89247093 5.231813145 -21.4274047 -20.61209219
0.457851931 -1.092735829 0.480644432 0.127802736 -0.485786363 -0.038573075 -0.536176266 0.115949825 2.085355566 -0.799968905 1.087257384 -0.223007831 0.524400513 1.324957689 -0.814454522 -0.662435268 -1.157878604 0.43850955 -0.14798711 -0.130018583 0.711260092 0.482248215 1.374679694 1.215598434 -1.654434726 0.859924779 0.363743733 0.534175181 1 20 0 9.475597353 -47.5838587 -53.63950817 13.51138608 -14.01576598 -21.68193131 0.411608777 -35.02593445 -4.600054353 -16.26764458 21.30417 -19.15907459 -15.99522034 -26.69893978 5.457850469 6.382480184 -7.363144468 -15.97491967 0.281330081 24.20098991 3.761624781 22.37425738 12.83209243 14.54357066 22.8139308 20.60898221
-0.464938765 2.502106473 0.115949825 -1.253904984 -0.814454522 -0.742759799 0.077203649 -1.871870731 -1.05307266 0.723475575 1.238080336 0.684234404 -0.115949825 -1.238080336 -1.138523478 0.482248215 0.75378157 -0.049169379 -1.35170224 -0.482248215 -0.553024091 -1.871870731 0.814454522 1.122762298 -1.88950996 -0.927154825 -0.393598416 -0.35434957 1 24 0 9.386854822 10.42658264 -63.91857862 16.48007557 17.24084803 -70.27513641 12.7108578 30.34314036 32.1543981 -33.09599944 0.396889992 -5.031841687 -26.94294631 -8.310930225 6.771683976 52.46603832 -16.02644538 -1.72700605 10.187399 16.27843356 2.217690024 1.629673924 25.63459454 -8.019123957 -6.151532017 -3.718779193
0.988154632 1.281551566 0.29930691 -0.799968905 0.273309407 -1.049131398 -0.186756121 0.919135522 -1.714593654 -0.35434957 0.869423773 1.044408795 0.213715106 0.154870923 0.449513565 1.593218818 1.492404178 -0.988154632 -0.928899492 -0.395725296 -0.967421566 0.62668735 -0.248275093 0.115949825 1.465233793 0.761842777 0.480644432 0.513154662 2 41 0 9.971538977 -26.03585054 14.4430629 -20.14703336 1.223215953 3.35654343 33.37697592 -24.51408129 -4.171637156 6.958603734 -18.449093 22.04062276 -6.296210765 -11.72557576 -10.31944912 1.998409576 -26.5487386 19.60093647 -1.500585402 -2.158334937 -7.177801229 -13.0814477 1.694097217 6.831320637 19.59658 -0.29829846
-0.477995987 -0.89170883 0.923143931 -0.967421566 0.392193489 0.030950969 1.05307266 -0.35434957 0.124101933 1.067570524 0.607966223 0.847795761 1.225627238 -0.895779819 -1.430608769 -0.377391944 -1.007435601 -0.213715106 -0.024577261 -0.992430321 2.423196195 0.333891362 -0.273309407 -0.638609618 1.113937215 -1.007435601 -0.057877565 1.593218818 2 27 0 9.791416594 -0.043350786 -59.34660108 32.47205103 32.381075 2.899145792 -61.15058316 -2.627023504 53.24753239 -31.30600549 10.34991895 -19.89565548 -12.65273476 19.12626852 -26.35489105 26.07717852 -10.48487974 11.40030965 0.543360621 -8.540899947 -9.139942013 1.116331408 5.285516116 6.015279816 7.330997008 -30.42368942
-1.714593654 -1.654434726 1.48154449 -0.214049476 1.871870731 -1.05307266 -0.43850955 -0.863695653 -0.202525183 -1.122762298 -0.135384736 -0.285174828 -0.172880833 0.437790082 0.380325642 -0.447767518 0.135384736 1.48154449 -0.571145181 -0.395725296 -0.502402223 -0.524400513 0.761842777 0.380325642 -1.608652683 -1.723789988 1.05307266 -0.988154632 1 43 0 10.32517797 -62.95630166 -41.00511661 20.48601869 -50.55244455 7.921284406 35.94323115 28.53554485 -24.1081311 3.926146164 -9.071071806 7.492982397 3.36705286 9.745381192 -22.80870245 -4.7706882 -10.40489406 24.92759778 5.019763541 -8.707714762 21.20834534 -26.17346763 10.49756126 -1.46701421 -12.64637183 -21.32534976
-0.338888302 0.785605288 -1.48154449 -1.122762298 0.258633067 0.258633067 -0.592006622 0.628904218 0.347261247 -0.658519951 0.313571967 0.541395085 -0.928899492 -1.049131398 -1.23889438 -1.188674189 -1.122762298 0.68788465 -0.62668735 -0.449513565 0.480644432 0.43850955 0.248275093 0.615141105 0.301921554 0.330872572 -0.827130206 0.038573075 1 31 0 9.537190164 20.95847705 42.61248481 40.74191824 -22.55210009 -0.629778236 20.58037503 -22.45587485 -33.38248826 -0.718022254 2.257825087 -13.08233535 29.03320859 -7.852108893 -9.177354917 -5.693871093 11.48859276 -3.219179828 -18.63536904 -10.3075049 3.68469179 -13.27059646 5.84787568 -2.513933325 5.251210035 -9.028402046
-0.273309407 -1.092735829 0.170767252 -0.351130835 0.038573075 0.413811248 0.615141105 0.233485258 0.570074085 -1.05307266 1.044408795 0.477995987 1.593218818 -0.430727299 0.232272293 0.061931623 -0.742759799 1.88950996 0.314572292 0.057877565 -1.768825039 -0.89108913 -1.05307266 0.35434957 -0.437790082 -0.570074085 -0.293381232 0.457851931 2 29 0 9.686659625 -61.28651147 39.05874644 10.3300973 30.81430086 4.940449842 -30.07370043 20.10755078 -27.91189579 -1.160982935 -38.47775498 -18.78880689 -4.954592362 -20.38754015 15.00169527 19.83351697 -15.32422844 9.490645623 4.347944664 23.46800017 18.14247701 45.34078302 -18.82162707 17.87163517 -1.904707188 11.65194612
-0.940543641 0.313571967 0.233485258 0.194028142 -0.664808728 0.351130835 1.952764915 -0.806849691 -0.155352778 -0.859924779 0.607966223 0.621177626 -1.159742045 -0.151843534 -0.662435268 1.491605982 -1.157878604 0.061931623 -1.421496695 0.967421566 -1.329529107 0.170767252 -0.154870923 0.234219194 -1.092735829 0.863695653 1.270008415 -0.553024091 2 27 0 9.214545506 -37.82490031 52.95585642 -78.4122753 19.77754772 23.69741731 -10.66116918 6.827685277 -12.98965138 52.33061105 127.60094 -28.10141408 -4.573411063 -14.02595422 6.271820482 -5.869441882 -14.67204951 -29.96244245 36.59025286 12.57481618 15.65625233 51.18152763 33.22989979 -10.70318575 -3.239107628 -9.416235016
-0.742759799 1.48154449 1.465233793 -1.281551566 0.927154825 1.48154449 -0.869423773 -0.214049476 0.872902819 1.608652683 -0.218344771 1.311599883 -0.366106357 1.281551566 1.292805229 -1.051337852 0.233485258 -0.927154825 1.551885366 1.650868485 0.024577261 0.517312153 0.170767252 -1.067570524 -1.993983606 0 1.198379702 -0.257736636 2 37 0 9.733174924 32.41038546 19.0127811 29.90560131 11.77654396 6.369980795 -7.364436276 -30.76388005 -14.49030688 41.5979178 8.803563166 -3.51541203 -12.78366041 38.64834078 1.5838586 -9.192117526 -25.1017129 15.30563515 -1.780999803 11.86070514 -17.01025394 -19.29148545 1.592878349 2.230958459 -7.98937365 -8.359424433
0.301921554 -0.787876017 -0.940543641 2.423196195 -1.768825039 1.430608769 0.791638608 0.684234404 0.313571967 -0.421391277 0.592006622 -0.721522284 -0.330872572 1.868241655 -1.329529107 -0.049169379 2.423196195 -1.138523478 -0.928899492 0.421391277 -0.019282951 0.29930691 -1.062220505 1.483539859 -0.482248215 -1.281551566 1.446103593 0.703921789 2 22 0 10.19574176 -44.9488477 8.148890549 -1.061900768 -65.13560805 34.24856173 -30.07567468 2.406300014 -2.31803065 -37.53216205 -30.338411 28.29735871 6.043937884 -0.341902651 30.9224039 -37.38348038 -13.01309501 15.77782744 -18.8859356 -2.8724733 10.64708785 -7.950888369 -12.70907957 -8.468777041 -14.22677721 7.911737392
0.583848813 0.077203649 0.257736636 -0.553024091 -1.023392193 1.198379702 -1.071486768 0.662435268 -0.233485258 -0.517312153 -0.569575695 -0.374957187 0.827130206 1.714593654 1.48154449 2.38151947 -1.100334419 -0.392193489 -0.459111852 -0.820792088 1.062220505 -1.05307266 0.799968905 -1.05307266 0.030950969 0.615141105 -0.897915184 -1.018075715 1 30 0 10.24000817 -44.77357787 17.19332145 35.91177272 2.709152009 -30.24945965 -35.53979487 13.89510203 -2.152876347 0.251891866 -6.110316621 1.808937458 -7.503197528 -2.044210989 -29.17189025 2.611411394 20.66976631 10.25881162 -2.061091739 -9.587465834 -23.91377607 2.264845439 -5.755812755 11.75506292 -10.70574899 12.22464873
0.085072957 -0.313571967 -0.43850955 0.828464649 -0.940543641 0.761842777 -0.092971849 -0.791638608 -0.661214792 -0.14798711 0.019282951 0.615141105 -0.509831534 0.869423773 0.850473786 -1.128143645 -0.689996993 -0.214049476 -0.061931623 -0.638609618 -0.863695653 0.213715106 1.049131398 -1.394173209 -0.761842777 0.992430321 0.828464649 -1.993983606 1 26 0 10.06618072 41.67543763 4.188641874 23.77037285 1.393048368 11.91261944 -28.5321981 13.19193235 4.572966878 -14.06304971 1.797545058 -13.7729184 -12.01682463 17.62465989 -2.758688785 2.640794455 -14.84620368 9.479887611 -5.547087565 -19.31502592 26.22969195 39.1038553 -20.54612169 -3.085608264 -8.143066477 -14.37303832
-1.128143645 1.128143645 0.553024091 1.635039267 -0.35434957 -0.102490508 0.457851931 0.330872572 -0.589455798 1.635039267 0.019282951 0.285174828 -1.020076233 -0.102490508 -0.992430321 1.113937215 -1.714593654 -1.541986299 1.415702094 -1.446103593 0 0.859924779 0.301921554 0.038573075 0.68788465 0.723475575 -0.202525183 -0.570074085 2 20 0 10.09991939 9.798652217 94.11230715 -23.02582572 15.88637874 -47.95907654 2.12651697 -5.973218155 19.00929523 5.395691795 3.114534709 10.58523343 -3.867958519 -21.68105906 18.12780176 -3.434163441 6.358901237 -16.6064232 32.61591691 12.26649844 -16.15227854 0.307690085 -15.7488544 28.1994793 -10.98198865 1.792036543
-0.051178011 -0.785605288 -0.923143931 -0.248275093 -0.154870923 0.583848813 0 0.395725296 1.122762298 -0.761842777 -0.293381232 -1.311599883 -1.159742045 0.596231765 0.139710299 -0.330027332 1.138523478 -0.170767252 0.592006622 0.351130835 0.27370189 -1.071486768 -1.113937215 -0.638609618 -0.615141105 2.387808898 0.338888302 -0.43850955 1 34 0 9.944188638 31.50990389 -13.00316289 5.432330444 -31.72505307 -46.9924754 16.91278476 13.03389805 -24.02537737 -35.27640375 25.03895406 -17.73316584 -9.392921506 3.190983214 17.03210973 21.91731037 18.05133017 -11.32489704 5.245069271 -2.761487367 -4.122042895 27.12863208 -2.775479676 -4.597544819 4.817950923 7.518486498
0.049169379 0.596231765 -1.138523478 0.102490508 0.967421566 0.403915973 -1.087257384 1.113937215 0.814454522 0.68788465 1.326677507 -0.293381232 -0.366106357 1.374679694 -0.480644432 0.038573075 -1.186831433 0.570074085 0.615141105 -0.096558615 -0.723475575 -0.596231765 -0.174416101 -0.352933986 1.188674189 -0.814454522 0.988154632 -0.282216147 2 32 0 9.269132527 17.31783603 49.37769994 -6.32614673 -32.64900692 -13.96177959 -10.67108318 -7.367254934 29.27235846 34.60756098 16.41789672 -0.454765026 -11.49896063 -11.92404475 6.367918284 -18.71562645 -14.15279043 2.095077242 28.04083191 3.957294265 2.335440745 -0.526173835 3.706896239 -22.62170327 2.536435128 7.805549074
-0.534175181 -1.321182026 -0.897915184 -0.744142742 0.919135522 -0.967421566 -0.592006622 -0.030950969 0.940543641 -0.057877565 0.239981204 1.007435601 0.524400513 0.154870923 0.589455798 0.569184749 -1.157878604 1.198379702 0.686643051 0.967421566 -0.366106357 0.723475575 -0.872902819 1.007435601 0.658519951 -1.491605982 -1.683348264 0.940543641 1 45 0 10.11820368 11.74650487 88.85611113 -0.19025987 -12.85929814 -3.200648311 -14.46567656 -22.7331791 29.03263818 12.45650122 -48.26580638 -12.55753872 23.98971979 9.714716616 10.42743206 -31.19066879 -11.77374846 -19.92871371 -2.508745668 -2.971481708 12.72324909 -13.84185254 18.39367293 -3.087768508 9.277571809 -0.952310377
0.233485258 -0.115949825 -0.437790082 0.077203649 -1.714593654 -0.615141105 -0.645630749 0.102490508 -0.89170883 -0.569184749 -0.096558615 1.868241655 -0.395725296 0.785605288 0.279760815 1.253904984 0.791638608 1.018075715 1.364488748 1.635039267 -0.285174828 -0.124101933 -0.313571967 -1.415702094 -1.635039267 -1.593218818 0.293381232 1.062220505 2 23 0 9.856747277 -3.623865593 -3.974832418 45.14745421 26.92645105 -49.99920938 -26.47307178 -21.73318801 -0.058188176 -4.393879226 17.99372429 -11.08996833 -6.729184923 -31.0521459 11.1433755 15.51479596 8.177184568 -24.828677 -18.20770237 29.95083999 -16.68315015 30.0469512 6.413476603 -5.672179467 -2.196956693 -4.163977438
-0.799968905 0.311919055 -0.29930691 0.615141105 0.127802736 -0.923143931 1.374679694 -1.993983606 -1.560490269 -0.757117298 0.721522284 -0.262282765 2.121279302 0.662435268 -0.077442409 1.88950996 1.05307266 0.635007185 -0.627071688 -0.108523744 0.863695653 0 0.20607197 0.546655569 0.477995987 1.654434726 -0.415240161 0.814454522 1 48 0 10.44373676 -12.24911073 -41.46704973 -44.4698384 14.81709491 37.5142175 -36.84464415 -24.79417383 1.820824928 -0.966897764 -21.78548488 4.20851837 6.235816683 7.133920313 -4.956031949 -26.59719599 8.593456446 -4.156740427 -20.77024828 -14.91381053 2.56808144 0.655477805 4.421693363 29.71201405 9.616763152 10.8918114
1.321182026 0.742759799 -0.363743733 -1.486091569 1.225627238 -1.071486768 1.253904984 1.952764915 0.346704194 0.030950969 -0.569575695 -0.565948822 0.524400513 1.48154449 -1.122762298 -0.89170883 0.282216147 0.480644432 -0.872902819 0.351130835 -1.321182026 0.558839611 -1.993983606 0.806849691 1.374679694 0.124101933 -0.415240161 0 2 46 0 10.00832792 -35.29666464 77.14751686 -33.15895474 -60.15107708 70.98316516 -40.75783239 1.920582447 9.734044232 8.935198403 -5.923710001 0.600611019 17.83495345 12.03514936 -21.61841957 -2.38252642 -7.387715206 9.937271391 -8.140308912 14.3628797 -15.77526778 21.93590545 7.376478879 -4.14571308 -20.64849684 8.689389377
-0.314572292 -1.394173209 0.194028142 -0.102490508 0.68788465 1.952764915 -1.491605982 -0.313571967 -0.077203649 0.20607197 -0.686643051 0.569575695 1.225627238 0.102490508 -1.16283129 0.20607197 -0.135384736 0.524400513 -1.159742045 0.35434957 1.88950996 -0.437790082 0.689996993 0 0.057877565 -1.48154449 0.569184749 0.43850955 2 23 0 9.67965863 59.48145794 0.957806308 2.660828006 57.04050559 -8.988083259 31.21522043 1.574200161 24.90699744 -12.20712716 23.05251223 -19.78841742 2.583001536 2.228941694 10.61718614 -11.54126995 60.18476652 2.299588327 -8.533290235 9.677768834 -2.232533899 1.482745129 11.96158413 3.208130168 12.48446679 29.03899717
0.395725296 -1.768825039 -0.154074467 -0.570074085 -1.491605982 -0.990286919 -0.273309407 -0.380325642 1.122762298 0.761842777 -0.967421566 -1.122762298 1.869606647 -0.940543641 1.18179227 0.761842777 0.703921789 -0.89108913 -1.049131398 -0.108523744 -1.465233793 0.416665521 -1.993983606 -0.015473632 -0.248275093 0.711260092 1.186831433 -0.395725296 1 49 0 10.36024501 4.923500568 17.13408479 28.33866853 -34.97928479 -35.87803534 -0.026655983 -2.663295685 -22.24826396 28.31260021 3.313125472 8.308289539 3.320088738 -22.07275441 -2.206373618 -2.878211402 -1.624516037 -3.637902716 -59.35007604 -9.538173517 -6.999163196 11.7903141 -103.9267212 -9.379357412 -20.1757418 13.98130272
-1.48154449 -0.301921554 -1.049131398 -1.122762298 -0.513154662 -0.20607197 0.513154662 -0.940543641 -1.635039267 1.071486768 0.592006622 0.607966223 1.288618168 0.519448129 1.871870731 0.338888302 -0.872902819 -0.711260092 1.020076233 -0.446588205 0.233485258 -0.218344771 0.413811248 0.154870923 2.502106473 0.869423773 0.416665521 0.346704194 2 23 0 10.08876867 -59.79221105 -59.01367727 25.62566798 -51.39935207 4.405935674 17.79846845 -9.584379461 -38.19012436 19.17372932 -46.46559353 -16.13263241 -22.83273864 37.42673929 30.287291 6.85631816 22.19777731 5.636447388 1.527525525 -10.8620213 -4.765159838 2.923357037 17.21176793 9.783711754 -15.36760126 2.048595889
0.395725296 -1.786155561 -1.426076872 -0.43850955 0.273309407 0.311919055 0.380325642 -0.430727299 1.374679694 0.814454522 -1.122762298 -1.311599883 0.658519951 -2.085355566 -1.446103593 -1.329529107 0.509831534 -0.437790082 0.758292557 -0.130018583 -0.664808728 -0.102490508 1.253904984 0.024577261 2.085355566 -0.347261247 0.828464649 -0.89170883 2 21 0 9.265038854 41.27793595 -5.422981135 -32.56468337 38.3040418 8.498171235 34.03687372 -5.052811012 -28.53836479 26.29722878 -3.909737243 3.76178438 8.651591628 -1.612328975 21.87156305 -8.391187663 -12.92889466 -13.53997165 5.701425367 1.391519493 -0.78543021 -62.18295353 -13.78266964 1.684258415 2.183773319 -5.778697556
1.281551566 1.007435601 0.68788465 1.35170224 -0.051178011 -1.35170224 -0.092971849 -0.661214792 0.311919055 -0.806849691 -1.541986299 0.077203649 1.608652683 0.019282951 0.085072957 -1.491605982 -0.485786363 0.170767252 -0.124101933 1.486091569 -0.285174828 1.683348264 -0.155352778 0.333891362 0.314572292 0.395725296 -0.570074085 1.281551566 1 38 0 9.680378112 100.2155134 67.57007885 25.59270414 -14.91064424 -6.205203505 -4.726041333 -39.8070546 -3.25643459 7.354662273 11.34969484 -25.77917062 -11.44640213 -19.05186708 2.786025227 10.3277289 -6.189417845 32.91543575 -8.577195092 6.158143702 14.17184306 -12.38604823 2.159607629 -5.131753443 -23.98265202 -0.155271764
1.071486768 -0.250152864 -0.351130835 1.48154449 -0.457851931 0.869423773 -1.403412636 -1.113937215 0.051178011 -0.437790082 1.394173209 0.077203649 -0.366106357 -0.051178011 -0.524400513 -0.376027366 -0.106413557 0.194028142 1.215598434 0.589455798 0.077203649 -0.115949825 2.423196195 0.841621234 0.171033365 0.248275093 -0.967421566 -1.188674189 2 43 0 9.670172744 -28.6036922 -2.334355863 36.41257298 3.103771623 24.29162595 -86.71390621 -43.76708874 23.89119968 -42.23500625 30.94804257 -22.00991412 -21.25404504 -22.64852494 20.33366108 -3.137960702 -4.357123155 -7.262861061 -3.577827677 -28.61525076 0.558647945 -19.95467156 -7.993815245 8.339528638 -8.10850085 5.416371741
-1.225627238 0.363743733 -1.071486768 0.311919055 -0.313571967 2.423196195 -0.820792088 1.159742045 0.536176266 -0.35434957 0.330872572 0.397012796 1.759861028 -0.330027332 -0.421391277 -0.820792088 -0.571145181 0.940543641 -0.869423773 0.108523744 1.122762298 -0.517312153 1.48154449 0.645630749 -1.198379702 -1.465233793 -0.025580629 -0.038573075 2 40 0 9.152714038 -76.23135918 31.52286012 11.15923831 19.87494171 -44.12053327 8.4537022 -33.00071806 -15.56498145 -3.459013727 46.70127202 -3.079113716 4.323835264 -1.330419179 2.275662887 -14.37366333 12.87055896 -10.43491777 -12.61975378 -7.44874323 -4.01953049 3.764548546 12.05131269 8.26653407 -4.716845348 -16.95374881
-1.465233793 -0.829574037 -1.23889438 -0.257736636 -0.711260092 -0.569184749 -0.988154632 1.723789988 -1.48154449 -0.923143931 -0.352933986 -0.092971849 -0.395725296 -0.233485258 -0.62668735 -0.519448129 0.524400513 -0.232272293 -0.978987397 -0.621177626 -0.923143931 -0.313571967 0.517312153 1.945422591 0.820792088 -0.565948822 -0.135384736 2.318757971 1 29 0 10.23787808 -53.66129595 -18.69873896 16.99596126 -0.919026098 -5.809694589 -14.03631244 -12.5127672 11.92155029 3.783011956 47.42622907 5.281550863 -1.813869913 13.94988505 2.127133677 27.92873169 -8.675789457 -37.10482279 16.23383097 6.435235418 0.428065441 -18.99449663 -18.64462437 -1.909663118 -12.62533415 -21.00970984
2.333768575 0 0.35434957 1.868241655 -0.194028142 0.785605288 1.48154449 0.301921554 1.714593654 -0.313571967 -0.569575695 -0.480644432 -0.524400513 0.791638608 -0.814454522 -0.988154632 -1.326677507 -0.635007185 1.465233793 0.761842777 1.018075715 0.347261247 -0.828464649 -0.430727299 -0.077442409 1.049131398 -0.967421566 -1.871870731 2 49 0 9.738951364 -21.44285553 -20.47908351 26.39400998 -36.35736105 2.442769983 -48.19737625 -16.2984707 -4.127881346 -0.2722495 29.64005267 18.07085029 14.43003073 -7.882145041 24.65161802 30.74054865 -14.19155564 -7.587570862 7.30560243 2.620826963 17.08198825 -1.041681106 -15.63750409 -3.470711676 -4.373130817 -17.42785263
-0.744142742 1.759861028 0.524400513 2.318757971 0.085072957 1.05307266 -1.023392193 0.403915973 1.48154449 -1.018075715 0.541395085 0.233485258 1.869606647 -0.569575695 -0.711260092 -1.993983606 -0.019282951 0.124101933 1.871870731 0.967421566 0.35434957 0.311919055 -0.927154825 -1.394173209 -0.62668735 0.218344771 -0.293381232 0.744142742 2 36 0 9.815680513 43.98722516 39.19653093 -2.52975547 42.12797067 -0.323996693 11.73583588 -28.36132891 35.50660893 -27.15463053 0.563679031 42.79435901 42.99895657 9.418116104 4.805919994 -24.10299532 4.990289273 3.987702127 19.04797712 -41.63428492 -15.92393102 -6.501726755 9.675705105 -5.698866807 -22.41038248 1.576396333
-0.374957187 -0.430727299 0.077203649 -1.608652683 1.122762298 -0.273309407 0.75378157 -0.513154662 1.281551566 -1.446103593 -1.122762298 -0.847795761 -1.020076233 -0.124101933 0.115949825 -1.215598434 -0.106413557 0.485786363 -1.05307266 -1.871870731 0.115949825 0.967421566 -0.534175181 0.711260092 -0.077442409 1.48154449 0.814454522 -0.248275093 2 19 0 10.28687091 -63.03137644 -31.335181 42.04226915 4.618163627 40.58434518 -45.39887387 68.21834062 -6.67461258 -7.828595592 -6.572950047 0.767857618 18.12666705 -24.4955857 15.30424541 13.90587594 12.24543489 -1.1743359 -11.89696536 1.33499736 -0.552609682 -12.06404148 -3.874062151 -11.36525949 -11.21159941 -3.524770274
0.186756121 1.281551566 0.124101933 0.154870923 -0.744142742 -0.282216147 0.098457992 0.395725296 -1.430608769 0.257736636 -0.019282951 0.541395085 -1.113937215 0.29930691 0.841621234 1.188674189 1.025590291 0.517312153 -0.019282951 -0.957209469 -1.023392193 1.188674189 -0.042498014 -0.927154825 1.049131398 -0.155352778 -0.967421566 0.186756121 1 25 1 10.11560234 -40.68243154 2.420375329 29.21962744 25.08261081 50.79896138 -46.81628974 -0.541974351 1.789740503 -15.83888718 25.72987666 -32.83961639 3.165488508 -10.76851258 -11.2019936 -2.116592643 14.92585735 -2.572460242 -3.878761988 -20.40004099 7.796343553 -14.18872311 0.127969871 -0.690814514 14.70546901 9.673130553
0.154074467 0.459111852 1.329529107 0.218344771 -0.711260092 -0.447767518 -0.645630749 0.051178011 -0.761842777 -0.927154825 0.038573075 -0.437790082 2.121279302 -0.787876017 -1.650868485 -1.465233793 0.615141105 0.314572292 0.313571967 -1.465233793 1.723789988 0.232272293 -0.038573075 -0.186756121 0.313571967 0.664808728 0.248275093 2.423196195 1 42 0 8.946588902 0.663153369 -70.65604183 -44.79522665 -1.035785639 39.91453652 -24.79911092 11.90530202 14.50964407 -9.816971198 8.937176547 -27.30328756 45.01455648 15.02213885 -1.695509826 4.576856896 10.70658118 -16.50403731 -18.35492639 -3.635195909 39.52647943 -2.811071712 -10.73068385 1.597202476 -1.558410295 0.384261462
0.820792088 -0.258633067 2.318757971 -0.820792088 1.329529107 1.214675721 0.535082815 -0.485786363 -0.927154825 0.248275093 1.48154449 -0.806849691 -1.491605982 0.314572292 -0.049169379 0.421391277 -0.248275093 1.05307266 0.413811248 0.351130835 0.218344771 0.430727299 0.485786363 0.506871623 1.993983606 -0.744142742 -0.415240161 0.098457992 2 22 0 9.47716532 -49.41061928 36.98890465 22.34942033 14.36846501 -17.47333908 -52.15791265 -13.42309101 -46.50499302 28.2508903 -29.59567252 -24.76249451 -7.631862028 6.285624411 8.944301552 -11.62845249 5.293454972 22.93515092 -1.058837982 -11.80617762 13.79036093 -9.49750904 25.92827735 -9.431471065 -9.489406039 -1.754127912
-0.338888302 -0.077203649 -0.524400513 -0.988154632 0.482248215 -0.077203649 -1.238080336 -0.311919055 1.374679694 -1.593218818 0.541395085 -0.645630749 0.338888302 -0.470593522 0.085072957 0.151843534 0.897915184 -0.828464649 0.524400513 0.374957187 0.841621234 -0.506871623 0.038573075 -0.282216147 -0.715053038 -0.077203649 1.635039267 -2.085355566 1 32 0 9.005334566 80.98947066 0.169645598 -51.84475162 -2.418222712 -2.617342511 -23.71247633 -11.96561939 -28.54474895 3.374180379 0.633576097 -3.465338013 21.14616853 27.51082388 6.590577397 -20.82739222 7.250330619 6.725190353 0.153698866 3.25491715 13.69899975 6.990163337 4.093107781 10.1377225 23.3920842 -12.38443502
0.988154632 0.127802736 -0.863695653 0.534175181 -0.596231765 -0.919135522 -0.057877565 0.393598416 -0.75378157 -0.285174828 0.186756121 -0.115949825 0.799968905 1.138523478 -0.096558615 -0.218344771 -0.723885875 0.301921554 -0.395725296 0.266150301 -1.541986299 -0.615141105 1.871870731 0.791638608 0.172880833 0.077203649 -0.415240161 -1.608652683 1 29 0 9.741056914 29.29695376 47.27091677 41.49921409 -15.70569307 23.43692083 -10.34039 -5.13266845 -12.93691771 -13.47867349 17.3557645 -32.57587959 17.70263319 -1.777721364 -42.79519002 12.96641148 50.53355952 -3.348893721 0.122127592 -3.682608297 9.27350342 -5.880147591 -4.496066327 10.2265046 24.85573615 -20.10372994
1.723789988 -0.723475575 0.374957187 -1.113937215 0.214049476 0.990286919 0.927154825 0.828464649 1.321182026 1.067570524 0.430727299 0.943003696 0.279760815 0.524400513 -0.35434957 0.413811248 0.513154662 -0.89108913 0.847795761 0.194028142 0.154870923 -0.038573075 -0.524400513 0.124101933 -0.814454522 0.35434957 0.480644432 -0.233485258 2 31 0 10.02662983 -62.13229765 55.18075906 60.22355573 28.21358057 -32.14706423 11.0787664 37.70523627 29.66752708 -16.47863314 34.68277119 10.25866989 10.13594731 -33.17572927 5.951867827 11.89660725 8.725685309 -12.37380098 -8.376824108 -3.364368311 -0.720264282 5.393833512 7.207568447 12.27252524 -1.156003562 -2.284599096
-1.608652683 1.430608769 1.952764915 -0.711260092 1.868241655 0.20607197 0.330872572 -0.186756121 0.395725296 0.517312153 -0.570074085 -0.233485258 -0.330872572 -0.67448975 -0.102490508 1.465233793 2.318757971 -0.764709674 -0.20607197 -0.130018583 0.536176266 1.491605982 -0.841621234 -0.785605288 1.48154449 -1.48154449 -0.897915184 1.113937215 1 19 0 9.523781354 21.10593338 15.45657534 14.95074606 2.04401989 -5.944775228 9.667206264 9.911008898 10.25085141 -14.20767244 1.079246371 -0.43706988 -8.916419284 35.73052258 -23.42012912 26.91973714 13.35458592 -7.217161275 -23.65774046 18.29365275 3.636458577 8.321836204 10.57050228 11.70331616 15.08583023 -2.54516105
-0.859924779 -0.829574037 -0.457851931 -1.768825039 -0.35434957 0 1.403412636 -1.225627238 -1.403412636 0.990286919 0.186756121 -0.262282765 -0.330872572 -1.023392193 -0.015473632 0.477995987 0.025580629 0.703921789 -0.202525183 0.827130206 1.128143645 0.628904218 0.607966223 -0.638609618 0.711260092 -1.05307266 -0.827130206 -0.437790082 2 23 0 9.843390445 -4.695745421 49.21111215 -11.61522903 -16.27237444 -28.49324375 -17.38946257 8.732792641 -30.84752649 24.28241419 -4.488589894 42.90805648 -64.51602636 1.898037126 1.942335915 1.98757878 -0.618601316 -5.02968007 17.29948462 0.018595183 -5.894269019 3.689235616 16.91204831 -7.341751795 -13.11002796 6.376396403
0.258633067 -0.686643051 -0.596231765 -1.374679694 0.869423773 0.154870923 0.214049476 -0.194028142 -0.711260092 -1.635039267 0.90145408 0.092971849 -0.928899492 0.395725296 -0.313571967 0.282216147 -1.48154449 0.534175181 -0.108255396 1.129657221 0.703921789 0.077203649 -0.096558615 -0.437790082 -0.437790082 0.285174828 -0.638609618 0.814454522 1 52 0 10.57828035 7.976763255 82.39759358 -56.02498464 66.43353852 -8.181487021 -27.60343392 -2.391552396 -51.44986484 19.46475298 28.13838621 -19.18563555 -8.016742318 17.59294633 -18.74963163 11.94211504 -13.73101919 -21.29592829 9.623946025 4.869957623 -1.448867202 6.211203718 -1.237154572 -6.070433681 20.5531538 -5.713976988
0.038573075 -1.394173209 0.051178011 0.68788465 0.311919055 0.194028142 -0.098457992 -0.524400513 0.233485258 0.799968905 -0.253347103 0.422837544 1.225627238 -0.233485258 0.638609618 1.48154449 0.061931623 0.437790082 -0.430727299 0.592006622 0.761842777 0.988154632 1.122762298 -1.993983606 0.024577261 -1.253904984 0.077203649 -1.071486768 1 49 0 9.340186111 -68.90418956 18.30676399 68.42977258 -30.78346398 -19.77250294 28.77142643 -83.3590457 -42.19909702 -54.58178479 20.41202959 19.80216817 27.9193913 -7.845104332 -27.26584506 -1.205457422 19.71083932 -1.695720386 29.34097741 10.81664925 2.427619856 5.636006834 -11.24483339 -4.080145293 -16.32545725 16.35672343
-1.374679694 0.787876017 -0.20607197 0.061931623 0.480644432 0.799968905 -0.814454522 -1.087257384 1.049131398 0.480644432 -0.403915973 0.897915184 -1.373839467 -1.540425005 -0.480644432 1.311599883 1.88950996 -0.919135522 -0.333891362 0.376027366 0.869423773 2.387808898 1.138523478 0.151843534 -0.154870923 -0.395725296 0.077203649 1.071486768 1 59 0 8.855204361 78.04879945 17.47672189 7.980660346 -60.53041232 69.06204707 9.074048072 14.74142137 3.032836504 4.895255176 15.08729956 33.85305644 -21.92002907 21.31420449 -8.754655767 4.886949775 11.04356255 72.05003112 22.81433278 -0.496413888 7.496398885 -5.352396524 -9.641324895 18.1173059 11.84946135 -10.88733769
-0.030950969 0.43850955 -1.560490269 -0.042498014 0.077203649 0.828464649 1.768825039 0.723475575 0.534175181 0.14798711 1.044408795 0.787422666 1.198379702 0.155352778 0.661214792 2.085355566 -0.859924779 -1.723789988 0.615141105 -0.248275093 1.560490269 0.186756121 0.569184749 -0.477995987 -1.122762298 -1.198379702 0.346704194 0.569184749 2 18 0 10.3629739 13.01627274 -65.27638625 -32.04984776 19.66899051 24.71700166 25.98630954 21.60231803 -0.024624244 -8.585843737 -28.06912769 -1.686733369 -37.62492649 8.385743782 -39.58378593 -2.594749843 59.55479281 -7.194474447 18.28058846 -1.909477251 -12.62125363 2.865665478 5.21862143 5.041390068 -1.615951865 9.076496179
1.05307266 0.43850955 -1.159742045 -1.560490269 -0.814454522 -0.89170883 -0.214049476 0.330872572 1.062220505 -0.347261247 -0.416665521 -1.311599883 0.524400513 0.820792088 0.325109711 1.018075715 0.957209469 1.128143645 -0.20607197 -0.108523744 1.403412636 -0.258633067 0.35434957 -0.213715106 0.596231765 0.051178011 0.346704194 -0.392193489 2 31 0 9.90985056 -83.82702596 38.83962112 -35.80361015 7.706428167 -46.4899453 -15.64132092 2.359082362 32.10002134 -43.33596729 -10.3879518 -36.16651037 -20.34710439 18.6430176 -1.582111171 -31.68998647 -10.40962918 -1.52684821 2.198154266 1.015842836 -4.533011367 38.74287186 -17.90780471 4.543490437 -24.85485857 8.488022976
0.761842777 0.43850955 0.744142742 2.085355566 -0.049169379 1.768825039 1.198379702 1.253904984 -0.524400513 0.154074467 1.324957689 0.135384736 -1.220640349 0.927154825 -0.863695653 -1.071486768 -1.993983606 0.820792088 -0.686643051 0.266150301 2.502106473 0.154870923 0.662435268 -1.288618168 -0.828464649 -0.258633067 -0.202525183 -0.68788465 2 19 0 9.152636133 -10.89843867 -4.530598864 45.93074627 -52.72593494 -11.20507158 -16.56864131 -30.20240368 29.9601476 11.9340591 -13.95163065 8.670081 6.599664633 9.999994355 -42.53977589 41.8499939 -3.161584226 -13.93671469 -21.07476772 -17.23220049 40.1235837 -15.47258612 1.133507135 -11.98538623 31.61570892 -27.94765051
0.35434957 -0.437790082 0.517312153 -0.482248215 1.062220505 -0.233485258 0.346704194 0.29930691 1.253904984 -0.313571967 -0.841621234 0.135384736 0.213715106 0.67448975 -0.20607197 0.223007831 -0.742759799 0 0.416665521 0.351130835 -0.43850955 1.253904984 -0.449513565 -0.785605288 0.485786363 -0.20607197 0.253347103 -0.366106357 1 19 0 9.855415839 16.37962552 64.82073223 17.79618018 5.799454152 -15.46172293 -6.640377418 -3.41956933 -16.99174748 4.350374812 -9.70343182 -54.88949447 12.83967062 9.60784509 -33.37561763 -3.744531465 -17.13018389 -20.12559657 -30.80705878 13.95797146 9.965089334 -2.594092853 -25.73886282 16.72509649 1.968666429 -21.3176368
0.102490508 1.635039267 -0.038573075 -1.403412636 2.333768575 1.465233793 -1.993983606 -0.115949825 0.35434957 0.234219194 -1.281551566 -0.565948822 -1.373839467 -1.326677507 -0.214049476 0.233485258 1.05307266 0.615141105 -0.638609618 2.423196195 -0.049169379 0.077442409 -2.085355566 1.635039267 0.940543641 -0.583848813 0.363743733 -1.363136466 2 52 0 10.41209476 -31.04077379 -44.76990782 26.32432841 0.390333756 -4.720072362 6.139383052 57.6316311 -8.284447808 -11.72573539 26.97000288 31.02412048 -8.632166252 11.09078969 -39.86623581 -23.65897423 -4.666290533 15.30695111 2.603348705 -11.80089119 -26.62553274 15.93154769 -40.37272645 3.126333844 -10.14741972 -47.89278759
1.491605982 0.827130206 -2.085355566 0 1.768825039 -0.785605288 -1.018075715 1.238080336 -0.869423773 -0.820792088 -0.596231765 -0.67448975 -1.373839467 -0.338888302 -0.301921554 0.919135522 -1.768825039 -0.553024091 -1.35170224 -0.981125996 -0.314572292 -0.785605288 -1.122762298 -1.683348264 0.814454522 0.038573075 0.89108913 -0.513154662 1 51 0 10.08997498 -55.86226689 60.88158156 47.2700256 68.08321001 -24.2084582 -4.232840497 23.1705814 32.96333522 -7.922271211 -13.47218743 -26.28942002 -11.86159059 0.750202112 -6.16859638 3.379131602 -17.20719072 6.895346167 -10.31687965 11.85497618 -7.632575619 3.37638037 -6.300662994 -11.13000726 -29.09798227 23.56421421
-0.374957187 -1.198379702 1.723789988 0.742759799 1.608652683 -0.553024091 0.042498014 0.194028142 -0.592006622 -0.635007185 -0.253347103 -0.380325642 0.615141105 1.88950996 1.128143645 1.486091569 0.855712431 0.859924779 -0.869423773 -0.108523744 -0.437790082 0.814454522 0.098457992 -0.430727299 -1.071486768 -0.711260092 -0.415240161 0.366106357 2 48 0 9.769891529 -10.67537678 36.53072524 -21.37627253 37.3162437 -6.232974548 27.20717479 23.75515949 -22.15137608 6.690891015 1.879390787 -0.10462632 24.20793423 17.15658624 13.58596808 -27.59292531 -19.42154019 -9.300091777 -2.001060888 4.138869963 8.91341806 9.01088945 -12.49601893 6.7305255 13.63779873 8.882126603
0.744142742 -1.087257384 0.869423773 -0.29930691 1.023392193 -1.122762298 0.711260092 -0.233485258 -0.172880833 -1.138523478 1.945422591 0.064872066 -0.330872572 0.90145408 -0.253347103 -0.333891362 -1.122762298 0.761842777 0.102490508 0.351130835 0.859924779 -1.214675721 -0.635007185 -0.086543368 2.333768575 -0.437790082 -0.967421566 1.253904984 1 34 0 8.969658116 78.14304171 -5.465544137 -26.59254577 22.45231826 -1.110521431 -11.435933 51.81190753 17.21184612 33.3883151 4.52726822 21.02962669 7.981298051 8.646814548 20.75427308 -23.83401843 -10.36937731 9.717743938 0.991747146 -8.975231542 0.316947324 -8.40714225 -3.548037287 2.610433419 -1.810471012 -11.81539573
-0.524400513 -1.723789988 -1.321182026 -0.154870923 -0.635007185 1.198379702 -0.437790082 -0.366106357 -0.791638608 -0.872902819 -0.659143037 0.285174828 -0.509831534 1.654434726 0.850473786 -0.711260092 0.174416101 -0.502402223 1.023392193 -0.992430321 -1.714593654 -1.326677507 -0.395725296 0.480644432 -0.799968905 1.113937215 1.321182026 -0.085072957 2 52 0 10.1173452 36.2671372 4.585138748 3.38700777 37.75226852 17.54539358 -9.18581965 43.34086022 5.625221793 -30.79519507 1.443293087 9.333528983 7.469730091 3.633375534 0.034340749 4.475754314 17.24811807 -6.91474251 2.057156751 14.16009886 -21.1436693 8.500909246 -3.27353083 -0.305933226 -28.48253224 14.53134788
0.29930691 -1.188674189 1.560490269 1.48154449 1.993983606 -0.988154632 -2.085355566 0.457851931 -0.967421566 -0.524400513 1.326677507 -1.067570524 -1.020076233 -0.20607197 0.380325642 -0.347261247 0.761842777 -0.127802736 -1.491605982 0.988154632 -0.524400513 1.018075715 -1.198379702 -0.258633067 -1.188674189 0.447767518 -1.714593654 0.988154632 2 22 0 9.118603934 18.50544413 29.31901758 18.06596469 -5.959691313 -6.026368586 -12.16501166 0.287606119 14.97612847 -0.894481716 -27.25942384 -4.75831513 -16.013695 -0.965354917 16.04656322 -0.18639968 12.61941356 10.78893874 11.60473282 -18.87870982 19.23149016 8.395750777 18.54720229 -14.76016371 -18.52423082 9.650427211
0.480644432 0.077203649 0.049169379 0.43850955 -0.615141105 -0.482248215 0.546655569 1.159742045 0.19788217 -0.869423773 0.701872595 -0.988154632 -1.7412906 -1.128143645 0.233485258 0.570074085 -1.492404178 -0.502402223 0.154870923 -0.570074085 -0.223007831 1.018075715 -0.502402223 -0.273309407 0.814454522 1.071486768 0.723475575 0.863695653 1 27 0 8.974524337 -59.11926636 33.09754102 32.16858671 52.840328 -61.01420975 -54.83808746 -19.00398117 31.74232329 -2.087243591 -22.0796766 -26.26407817 5.90250064 -3.398746778 -23.33945898 0.601366566 17.44149516 -31.90009968 -5.821060178 -19.58061542 -18.15902455 -5.158991849 -18.6630024 -7.829077641 -20.22123208 -2.274376789
-1.593218818 -0.502402223 0.940543641 1.049131398 -0.68788465 0 0.546655569 0.988154632 -0.628904218 0.186756121 0.690633454 -0.086543368 -0.366106357 0.569184749 0.787876017 -1.486091569 -0.524400513 -0.485786363 -0.627071688 1.608652683 0.351130835 1.486091569 0.155352778 -0.395725296 -0.447767518 0.482248215 -1.35170224 1.225627238 2 54 0 9.838404783 -35.67109071 -8.289472216 -15.70991336 3.743281414 -31.01557601 19.1894633 25.29883329 -9.757435347 -21.81867622 4.037988367 -17.92033166 -1.382977897 30.9428355 -2.872874319 17.75514419 7.971460073 7.36876766 22.17234177 -46.21727558 17.48378135 -15.95628266 7.175701445 -2.80478695 1.674717479 -8.391257614
-0.596231765 0.273309407 0.154074467 0.395725296 0.102490508 0.395725296 -0.744142742 0.509831534 0 -0.403915973 -0.403915973 0.457851931 0.957209469 -0.416665521 -0.89170883 -2.085355566 1.324957689 0.736315917 -0.416665521 -0.621177626 -0.569184749 0.480644432 2.423196195 -0.482248215 -0.919135522 1.952764915 0.828464649 1.868241655 2 46 0 9.217925499 29.95930206 -55.18006675 -31.02846115 4.672063488 11.02665955 31.23957777 -15.56764427 -7.341011395 4.967827289 -10.48019951 4.242331785 -29.5309975 -7.270420144 3.577659295 14.56157332 22.28583945 17.85729023 2.291460462 -2.415476044 10.216395 -5.473660811 49.80980936 -14.47009064 -6.209323149 12.39263958
1.329529107 1.48154449 -0.615141105 -0.615141105 -0.124101933 0.569184749 -0.75378157 -1.465233793 -0.092971849 -0.583848813 -0.096558615 -1.374679694 0.279760815 -0.541395085 0.233485258 1.122762298 1.198379702 0.62668735 -1.262145177 -0.108523744 -0.392193489 1.868241655 -0.301921554 -0.62668735 1.868241655 -1.140117653 -0.19788217 -0.115949825 2 40 0 10.29039561 60.90427787 63.19852209 22.91962025 -15.54232178 -23.4631854 2.656900731 1.000227508 1.459867272 22.81795801 -8.715034902 -7.873478347 -17.21497464 -0.364895331 -2.667625062 -2.4052532 -1.458366503 -4.013019488 13.11086528 -6.149593386 -10.08665913 -2.203215248 -9.550740861 3.40021387 44.01331437 2.584750438
-0.570074085 0.43850955 1.128143645 1.403412636 1.122762298 0.75378157 0.248275093 0.940543641 0.115949825 -1.281551566 0.494873164 -1.374679694 -0.509831534 0.202525183 -0.194028142 0.14798711 0.214049476 1.113937215 -0.499703382 -0.820792088 0.085072957 -0.257736636 -0.115949825 -1.051337852 -0.536176266 -0.480644432 1.608652683 -0.098457992 1 20 0 10.34147135 46.41745003 38.43322362 -26.50188686 43.42244399 -25.9330468 -4.730165658 75.19528624 27.67416226 -17.42257522 12.63305384 6.103092215 -3.489868444 -7.245155381 10.62837393 8.777985817 -39.73910076 -13.24219475 17.48648908 4.519776251 13.47357433 -5.957227594 9.992896227 -5.49955012 26.81394352 -0.552215317
-1.560490269 0 0.395725296 -0.814454522 0.346704194 -0.723475575 -0.338888302 -0.583848813 -1.723789988 -1.071486768 -0.546655569 -0.806849691 0.464938765 1.465233793 -0.29930691 -0.457851931 -0.686643051 0.75378157 -1.993983606 -0.096558615 -0.374957187 -0.43850955 1.560490269 0.077203649 1.321182026 0.073791274 0.363743733 -0.711260092 1 25 0 9.67867428 -13.35462156 -88.95160086 88.61243045 -55.60646148 10.67651541 13.74738726 -42.6423054 67.02508146 22.85765782 -5.380647562 23.6019099 -15.01334364 -6.756355425 -4.142952665 24.09452217 9.800249128 -35.41370251 2.435610413 7.554791826 -19.96391173 13.57364663 -2.087104779 15.32308296 4.78205318 29.95160226
0.569184749 0.723475575 -0.437790082 0.186756121 1.654434726 -0.513154662 -1.198379702 0 1.723789988 0 0.393598416 0.943003696 0.338888302 -1.363136466 -0.338888302 -0.333891362 0.799968905 0.799968905 -0.333891362 0.266150301 0.658519951 0.324231584 -1.138523478 0.711260092 -0.524400513 -0.534175181 1.270008415 0.662435268 2 43 0 9.724817544 -2.265009148 0.943660492 -48.63678602 -65.83779659 41.37229738 19.59440663 2.320099552 -0.872002649 -19.03096852 -12.94907998 -1.120438638 -8.37207338 12.17324865 0.114014144 6.212403287 7.260904973 -3.500412693 1.79688106 14.02191995 11.57519426 4.163791257 -8.218283684 6.106713827 7.723239868 19.57819783
0.124101933 0.841621234 0.061931623 1.324957689 -1.768825039 0.314572292 -0.218344771 1.324957689 0.89108913 0.662435268 0.015473632 0.711260092 -0.524400513 1.945422591 -1.541986299 -0.314572292 0.139710299 -0.43850955 0.352933986 -0.992430321 0.282216147 -0.333891362 0.258633067 -1.049131398 0.480644432 0.135384736 0.363743733 0.214049476 1 39 0 9.478302914 -3.277449208 29.70305957 5.400603944 5.051417224 34.6506018 -18.62431627 -7.441037423 2.655467179 62.22001577 -36.39051759 -21.50693697 -55.6306005 -13.69311815 28.98750222 0.663922154 -8.237290414 -1.233738964 1.635988499 -24.28100589 26.21664698 -6.387328518 3.548175032 2.220470849 -11.51869474 -14.14273676
-1.768825039 0.459111852 1.88950996 2.387808898 0.233485258 -0.457851931 2.333768575 -1.122762298 -1.198379702 0 0.239981204 -0.638609618 0.338888302 -1.281551566 -1.157878604 -0.711260092 1.113937215 -0.293381232 1.374679694 -0.449513565 -1.122762298 0.447767518 -1.023392193 -0.258633067 -1.225627238 0.273309407 1.993983606 -0.301921554 2 24 0 9.573527469 -0.559759581 -32.32128419 41.02692487 6.851173086 18.44813299 84.10484782 -3.346557052 21.7776694 7.781130839 -13.99285676 29.15999096 0.136201006 32.53063036 -26.19098234 10.08347822 15.5262609 -16.93464909 -4.761113835 -2.48595537 -5.444125456 23.60612348 -1.327764128 -10.1107309 7.954505872 -15.59466915
-1.122762298 -0.957209469 1.018075715 0.814454522 -0.154870923 1.122762298 -0.273309407 1.214675721 -0.828464649 1.122762298 0.828464649 -1.486091569 -0.366106357 -0.098457992 -0.20607197 0.791638608 0.35434957 -0.098457992 0.723885875 0.589455798 1.48154449 0.863695653 -0.395725296 0.940543641 -0.635007185 1.05307266 -1.608652683 0.524400513 1 23 0 9.778374301 -35.27014995 -33.48744386 40.11231861 -41.52761323 71.67867229 28.75921957 -5.253965304 -3.886582127 -20.0814054 4.073587991 15.21643009 17.79411064 13.42352654 12.90212579 1.329985657 -4.376900715 13.98544115 -42.35623999 -6.538276918 -10.159227 4.795482122 -6.11859565 -19.05605752 -12.0575559 18.89874418
-1.122762298 -0.430727299 0.273309407 -0.988154632 0.662435268 0.077203649 2.423196195 -0.430727299 -1.281551566 0.102490508 2.423196195 -0.092971849 0.338888302 0.038573075 -0.863695653 -1.281551566 -0.981125996 -0.213715106 -0.27370189 1.129657221 0.662435268 -1.113937215 -1.253904984 1.067570524 -0.057877565 0.170767252 0.363743733 -0.102490508 1 49 0 8.947323376 -10.22324336 5.855461462 -20.89108148 -26.46052427 -11.55550526 23.69916191 -1.596664861 -63.88628067 -10.05629948 -11.42022276 1.510088891 -15.15562546 -38.32138123 11.10493955 3.932317764 34.27959854 -10.63600253 13.75384813 -11.46139748 -14.33543641 11.7722392 6.824255785 -52.82844584 -11.84379869 11.51009531
-1.113937215 0.569184749 -0.988154632 1.329529107 1.128143645 -0.517312153 -0.233485258 0.19788217 -0.233485258 -1.326677507 0.879167718 -1.88950996 -1.491605982 -0.988154632 -1.281551566 -0.14798711 -1.608652683 -1.541986299 -0.154870923 0.988154632 -2.085355566 0 0.967421566 -0.430727299 -0.123184771 0.820792088 -0.025580629 0.313571967 2 23 0 10.33463265 4.441403862 23.14455208 17.02880446 -30.66683026 -12.99402381 -5.137928984 -14.98424578 -37.42277453 14.32279233 -20.99277736 -5.224893615 1.635007636 -16.82076098 -21.75619559 20.4600187 3.398122068 24.28831832 21.93750676 -1.516329416 4.271857586 -32.09326242 -7.62130708 -3.243418538 20.12218642 8.266638445
0.172880833 1.363136466 -1.122762298 0.863695653 1.723789988 -0.485786363 0.923143931 0.570074085 0.366106357 -1.465233793 -0.403915973 -0.073791274 0.464938765 0.703921789 1.993983606 -0.038573075 2.502106473 1.768825039 0.615141105 1.993983606 -0.927154825 -1.159742045 1.993983606 -1.869606647 -1.48154449 -0.828464649 -1.993983606 1.993983606 1 24 0 10.25051665 -18.24298362 -41.87381326 -64.17216433 -9.531663743 4.700767282 31.90087864 -16.52159601 17.39696685 -5.695428599 -1.087386893 -0.91519959 17.02389898 -3.096097581 -19.2850236 -11.52287769 25.73629659 48.40756079 21.63549645 11.56523046 6.572560499 5.249298629 -16.67371383 -2.470643985 9.077010962 -0.378599444
0.799968905 2.423196195 0.351130835 -0.19788217 1.993983606 -0.524400513 0.35434957 -0.967421566 -1.018075715 -0.715053038 1.993983606 0.841621234 0.213715106 -0.282216147 0.589455798 -0.447767518 -1.403412636 0.615141105 1.281551566 -1.35170224 -1.020076233 -1.128143645 0.313571967 -0.615141105 -0.214049476 0.89170883 0.723475575 0.480644432 2 24 0 9.685356081 -79.16972647 -63.77716843 -12.8649044 17.90603602 28.47338041 48.39056774 -3.924401578 1.231869652 -42.55658113 0.2284217 9.469587394 -12.59379092 7.774707061 28.21632044 -12.23811343 -2.187375173 5.516309309 3.816890515 15.94567627 2.354265516 5.372296675 -0.424803292 7.631180019 -0.990911194 -2.041602819
-0.351130835 -0.785605288 0.413811248 0.553024091 -0.403915973 -0.154870923 1.321182026 -1.049131398 0.742759799 -0.437790082 -0.897915184 0.333891362 0.464938765 -0.421391277 -0.416665521 -0.437790082 0.744142742 -0.48531773 0.14798711 -0.130018583 -0.841621234 0.485786363 1.88950996 -0.437790082 -1.363136466 0.285174828 -0.025580629 -0.313571967 2 36 0 9.822380832 -16.12277432 10.03577516 6.078651052 -67.62774327 -10.41316374 -11.61321054 -22.59816871 -10.29856088 -25.97465583 -5.691871767 54.75738463 57.7228888 3.266227874 -29.90148542 15.1067971 4.190573063 -5.192914869 -9.435753278 -79.53900159 24.93362852 -10.48826731 -0.674003041 -5.741901092 6.019922115 -5.703994163
-1.281551566 0.841621234 0.085072957 -1.023392193 1.608652683 -0.828464649 -0.374957187 1.023392193 0.524400513 -0.415240161 -0.686643051 0.820792088 -0.330872572 -1.993983606 -0.457851931 -1.48154449 0.592006622 -0.742759799 -0.686643051 0.351130835 -0.347261247 0.333891362 2.333768575 2.333768575 -0.346704194 0.635007185 -0.135384736 0.257736636 2 58 0 9.3501812 26.18348936 -2.686638897 2.820532351 -90.70502968 22.48709022 17.86960798 42.14971394 -4.268023822 -65.85208132 -13.72157762 20.30263201 37.65998154 -10.27080682 -11.11121363 -30.99586346 3.557504059 -0.43428946 0.588122322 -14.94492698 10.36724649 1.984874356 -1.613266453 -22.84253341 16.996531 -5.244625153
1.993983606 0.025580629 -1.288618168 2.423196195 -0.553024091 -0.413811248 -0.480644432 0.569184749 -0.661214792 -0.664808728 0.607966223 -0.645630749 -0.115949825 -0.347261247 0.279760815 0 -0.981125996 -0.395725296 -0.686643051 -0.449513565 -1.092735829 1.122762298 0.635007185 0.820792088 -0.421391277 0.293381232 -0.025580629 0.20607197 2 21 0 10.18276895 81.0814583 33.34904354 -26.10370553 19.4526251 -33.9229656 -51.88604159 -56.47531401 32.94809245 3.112297021 -30.73297613 27.09125854 -18.35373255 0.918189653 -14.90757801 -30.71614889 -3.824852246 6.909501695 2.602203946 -3.721474755 1.950707956 9.222504469 18.94919285 9.683278773 -41.07837571 25.83705479
-0.988154632 0.27370189 -0.170767252 -1.952764915 -0.20607197 0.366106357 -1.198379702 0.711260092 -0.154870923 0.413811248 -0.195722227 0.333891362 -0.330872572 -0.077203649 1.564726471 1.715754984 0.799968905 -0.311919055 -0.333891362 1.326677507 -1.403412636 -0.038573075 -0.68788465 -0.154074467 -0.258633067 -0.761842777 0.799968905 -1.608652683 2 24 0 9.505742307 -28.13830641 17.23412099 -20.26360944 -29.958469 -38.94850487 26.51059706 -9.000925629 -54.95273274 6.469971596 -31.01409299 11.46340125 18.83034655 28.45764273 6.846500092 -17.20864311 5.739355749 7.42027702 1.460789325 -0.786731766 1.413506188 -26.32394127 12.37382479 17.4972918 -6.63044009 14.48640095
0.437790082 -0.89170883 1.768825039 1.198379702 0.635007185 -0.711260092 0.589455798 1.635039267 0 -0.366106357 0.787422666 -0.446588205 -0.115949825 -1.16283129 0.541395085 1.363136466 0.502402223 0.841621234 0.021610546 -0.130018583 1.48154449 1.062220505 -0.536176266 -0.638609618 -1.253904984 1.768825039 1.430608769 0.170767252 2 45 0 10.37194583 51.21106042 -57.49747072 -46.7906713 50.71113281 -32.87507698 30.02236986 -10.65131148 34.00927648 15.53319911 4.010793793 -8.208185241 -6.193425311 -17.51867945 -4.712878107 -14.85604065 10.27637982 -23.06761873 -12.03444951 -21.58928652 11.6466616 -2.256475906 4.165672217 -14.95071208 18.88185565 6.838411538
2.387808898 1.560490269 0 0.35434957 0.75378157 -0.635007185 2.387808898 1.23889438 0.75378157 -0.524400513 -0.820792088 -0.957209469 0.430727299 -0.021610546 1.324957689 -1.768825039 -0.723885875 0.038573075 0.869423773 1.326677507 -1.564726471 -0.967421566 -0.449513565 0 -1.281551566 -1.608652683 -0.293381232 -0.927154825 1 19 0 10.50246725 49.08583636 -76.74487511 46.47344605 -13.76344942 50.95503955 -3.878935953 -25.79102328 49.85382459 7.623154937 33.04939678 18.31980817 -12.06570899 15.40750616 -15.45803853 10.40221758 22.33236659 -0.110546895 -14.88426007 14.31614323 63.92316059 -109.9353099 -11.02240993 -2.454693657 -16.58256162 -7.370106477
-1.062220505 0.990286919 -0.761842777 0.154074467 1.635039267 0.615141105 2.085355566 -0.988154632 1.023392193 -1.871870731 -1.326677507 -0.086543368 -1.159742045 -1.159742045 -0.690633454 -1.198379702 0.799968905 0.366106357 0.380325642 -0.638609618 -0.403915973 -0.416665521 -1.560490269 0.447767518 0.967421566 -0.421391277 0.077203649 0.859924779 1 27 0 9.99114154 -53.96089183 1.16832861 -12.96051146 -5.472581261 -31.37674865 -38.87981924 -7.4146425 -38.56232015 -8.115355387 -34.55392592 24.21507437 18.94813245 -3.994652158 -30.4095711 -1.337337403 9.7092287 3.136086939 5.721212102 -12.62897501 0.42596138 14.51097799 3.527679897 -5.561488244 -2.575405027 -10.1199568
-0.258633067 0.025580629 0.154870923 -0.366106357 -0.233485258 -1.593218818 0.583848813 -1.062220505 -0.250152864 -0.615141105 -1.324957689 -0.565948822 0.464938765 0.233485258 -1.23889438 -0.282216147 1.993983606 -0.872902819 -1.018075715 -0.130018583 -1.48154449 1.214675721 0.154870923 0.311919055 1.324957689 -1.993983606 -0.829574037 -0.658519951 2 50 0 9.863021491 40.36160278 -18.13103539 -7.386107545 -8.095117063 55.31931305 5.467857412 21.52048992 20.28657786 8.301806125 6.273113934 -8.137621209 -2.500929117 -27.93217593 -21.57544447 22.00489128 34.69610411 -7.77498181 25.68244101 3.952258986 11.32399155 2.97492292 -0.68556913 21.45832291 2.887334304 9.326527242
-1.138523478 -0.301921554 -0.990286919 -0.859924779 -0.038573075 0.437790082 0.940543641 -1.281551566 0.077203649 -0.615141105 0.607966223 0.721522284 -0.366106357 2.318757971 -0.416665521 0.703921789 -0.096558615 -0.346704194 0.019282951 -0.130018583 0.43850955 -1.394173209 -0.457851931 0.711260092 -0.502402223 -0.43850955 -0.897915184 -1.023392193 2 52 0 10.45627086 100.1613416 -54.08744135 10.7138208 -31.20188446 -0.665559486 67.48905055 1.528607539 -6.807641229 -17.35146749 10.80221812 14.33866089 -4.978905284 -2.708196778 4.758512214 14.58292597 -15.49357346 14.4843759 7.436494576 -1.893759792 -7.718283611 -2.990791545 -11.44409783 0.416355756 -13.57030419 -21.63387232
-1.023392193 -1.993983606 1.071486768 -0.314572292 0.154870923 -1.281551566 0.596231765 0.098457992 0 -0.927154825 0.437790082 -0.721522284 1.092735829 -0.658519951 -1.225627238 0.194028142 0.565948822 -0.502402223 -1.628361407 -1.608652683 1.023392193 0.214049476 1.993983606 -1.138523478 -0.374957187 -0.369353294 0.957209469 -1.35170224 1 32 0 9.269296003 44.01226995 -36.39349802 3.255074888 -40.53063862 -14.12046453 -50.84470138 21.56279566 -4.838538707 64.49378309 -5.025391301 49.82457128 4.054217949 1.518964574 24.427165 2.065093862 1.178061863 -19.32602328 -7.541247477 8.658689204 -9.442871644 -2.401751962 -6.776965092 3.001907267 -12.96755277 2.737783322
-0.413811248 0.599229868 1.138523478 -0.828464649 0.820792088 -0.569184749 0.689996993 -0.596231765 0.828464649 -1.326677507 -0.841621234 -0.092971849 -1.113937215 0.457851931 -0.570074085 0.380325642 0.416665521 0.988154632 -0.051178011 0.967421566 -1.871870731 0.541395085 0.447767518 -0.233485258 0.761842777 -0.413811248 1.608652683 -0.872902819 2 22 0 9.665225772 -51.09185115 -59.90894822 -21.47442572 25.31925681 3.482938661 -3.498469912 50.09416657 16.54572642 -35.49095891 18.43915764 18.95667398 26.81560704 -19.187783 6.360881753 1.912871843 4.550276293 0.948556053 -33.87744203 -19.60246139 5.986922247 8.988693401 -5.126056936 -9.278073859 -15.3613133 -18.78713404
-0.154074467 -1.321182026 -0.662435268 0.569184749 -1.198379702 -0.124101933 0.250152864 0.923143931 0.785605288 -0.686643051 -0.073791274 -0.223007831 0.464938765 -1.551885366 -0.430727299 -0.524400513 -0.761842777 1.329529107 -1.329529107 0.025580629 0.711260092 -0.524400513 0.253347103 0.817236822 -0.689996993 1.374679694 0.723475575 -0.19788217 2 47 0 9.12162219 34.63310519 -69.37042174 -37.93848408 54.29622243 27.00078152 -12.49847548 -55.816767 16.76685978 13.27541441 6.399572278 26.87358291 -14.24122169 32.02343389 -8.951203406 1.263078355 -12.14289204 14.88468006 -17.30379493 11.42430675 10.66653838 -5.529864678 1.433885233 -7.342396524 -2.868870594 -1.346378767
0.43850955 1.868241655 1.374679694 0.233485258 0.859924779 -0.799968905 -0.447767518 -0.736315917 1.188674189 -1.198379702 0.313571967 0.092971849 -0.330872572 -0.869423773 -1.868241655 0.376027366 -0.524400513 0.664808728 -0.416665521 1.129657221 -0.628904218 1.403412636 0.43850955 0.817236822 -1.486091569 0.030950969 -0.057877565 -0.662435268 2 23 0 9.953549987 -38.85931089 58.75038855 -11.26774036 -33.9111033 -17.15745237 9.791997839 11.18145432 5.333367686 -2.925070584 10.36658469 6.286467041 18.43879855 -6.399283485 -4.961465272 6.107353098 5.219094104 11.73508508 29.18625982 -12.65347134 2.346631736 10.80080631 19.05612337 8.957288612 2.379031265 -7.955762632
-1.374679694 -0.437790082 -0.589455798 -1.281551566 0.662435268 -0.437790082 -0.313571967 -0.661214792 0.482248215 2.502106473 -0.092971849 1.483539859 -1.159742045 -1.635039267 0.333891362 0.662435268 0.43850955 -0.351130835 1.635039267 -0.482248215 0.546655569 -1.403412636 0.174416101 -0.482248215 1.608652683 -0.569184749 -0.638609618 0 1 23 0 9.712935102 8.759197134 35.68766949 10.67710314 23.13935203 10.443629 -42.06332239 8.159128005 -16.52401455 28.80622143 -33.09972987 28.40789191 -14.40318123 -21.21243283 -35.21728424 11.81649255 -41.46901153 -11.37886269 0.970980143 14.16194379 2.350060974 3.566968622 12.29602991 13.28847175 -1.17941066 -14.86746047
0.569184749 1.271952968 0.392193489 1.768825039 0.366106357 1.374679694 2.318757971 0.480644432 -0.077203649 -0.301921554 0.869423773 -0.223007831 2.085355566 -0.416665521 1.560490269 0.729792154 -0.536176266 1.871870731 -0.077203649 1.715754984 0.02124421 1.321182026 -0.967421566 -1.281551566 1.486091569 0.927154825 -0.570074085 1.049131398 2 52 0 9.986367451 -40.69211019 -18.95708756 26.0911714 -12.68418072 -21.38754479 -52.19777793 23.88965101 -14.65032291 2.572100827 11.04641752 -17.65053906 1.888355309 15.3310781 2.324140271 -1.726185066 7.168580159 -3.341467199 -13.03884774 3.410024947 20.66451694 5.698043476 5.008331555 -12.77616329 -11.49800579 22.12657257
0.273309407 -0.258633067 -0.155352778 -1.654434726 -0.742759799 0.967421566 1.608652683 1.48154449 0.214049476 0.569184749 0.172880833 -0.645630749 -0.395725296 0.919135522 0.850473786 0.978987397 0.273309407 -1.157878604 0.273309407 0.025580629 0.553024091 0.154074467 -0.513154662 1.540425005 0.154870923 0.940543641 0.363743733 1.952764915 1 24 0 9.40365432 -5.915990841 72.64978632 4.305084713 9.958380341 17.10795627 30.30012264 -10.34283474 -1.363543084 -19.85715923 -33.8756926 -30.66411945 -2.849001538 -15.13161145 17.40159197 21.22699377 -5.508442679 7.037661327 2.978628735 -0.582993827 21.45983861 1.527871283 -0.746741809 22.34939074 -0.872483745 17.49186158
-0.077203649 0.025580629 0.75378157 0.569184749 -1.374679694 -1.768825039 -0.403915973 0 0.314572292 0.967421566 -0.686643051 0.524400513 0.615141105 -0.338888302 1.087257384 -0.076808976 0 -1.122762298 0.416665521 0.194028142 0.583848813 1.48154449 0.14798711 1.007435601 -0.869423773 -0.662435268 1.157878604 -0.049169379 2 29 0 9.656617796 -9.63666757 25.40132933 36.6860782 3.509784057 -41.90507684 75.12554716 -32.35586271 23.37907717 -35.47432864 -32.08867939 -3.12794067 6.908097585 16.7154849 -13.10422929 2.682689726 3.961939272 12.28163591 -15.19029051 7.81615903 9.122164862 -9.931162471 -14.4391676 -20.99530612 -4.672845703 -10.07792424
1.198379702 0.279760815 0.301921554 -0.421391277 -1.48154449 -0.658519951 -0.282216147 0.186756121 0.042498014 -2.085355566 1.238080336 0.298355173 -1.869606647 1.993983606 0.638609618 -0.480644432 -0.139710299 -0.723475575 -0.077203649 0.827130206 1.138523478 0.038573075 1.608652683 1.020076233 -0.233485258 2.502106473 -1.768825039 -0.583848813 1 23 0 9.442711957 -12.3622798 3.638731696 31.72902016 54.11958643 -1.099916406 -23.42973771 -20.16019001 -2.332956207 17.05127333 14.74079894 -26.58781924 -11.58835021 6.893136521 -15.10076072 -56.11501677 -2.425959172 -2.087965235 15.62732303 -4.092045729 3.30052724 11.79545301 10.59516098 8.77811133 1.315616722 2.814864186
0.517312153 -1.188674189 1.993983606 1.062220505 0.89170883 0.282216147 -0.35434957 -2.085355566 0.863695653 -1.225627238 -0.416665521 0.927154825 0.464938765 -1.768825039 -1.157878604 -0.664808728 0.170767252 -0.437790082 0.595178533 0.988154632 -0.250152864 0.589455798 -0.658519951 0.172880833 0.967421566 -0.988154632 -0.202525183 1.321182026 2 30 0 8.940508981 54.58655147 20.58447191 -70.73764513 -25.60392928 11.8010516 -7.513192683 -28.85710471 -0.322803959 22.92726518 13.29514592 15.20045544 0.16021506 9.915921218 -0.801997652 13.62985763 -0.309746563 10.87499197 -7.369990708 -37.91864738 0.194555925 -9.122028514 -1.113289549 -6.28398694 5.382822802 -1.446556996
-0.662435268 -0.077442409 0.703921789 -0.437790082 0.863695653 -0.258633067 -0.990286919 0.346704194 0.127802736 -0.457851931 0.172880833 0.135384736 -1.869606647 0.151843534 -1.654434726 -1.608652683 1.140117653 -0.988154632 -1.88950996 1.129657221 -0.346704194 -0.553024091 -0.686643051 0.376027366 -0.940543641 0.102490508 1.157878604 -0.314572292 2 52 0 10.44996513 -35.16029773 20.23385113 -10.73097464 -1.828410841 -44.07653033 -13.82152333 11.59075567 14.09283185 -10.11086085 -9.904813114 -37.61269689 -18.54066474 -22.66306945 22.85327504 6.244389849 -3.034114297 10.64181337 6.46847847 -29.16706779 -7.825590303 -0.452446844 8.094951634 -5.186498095 0.31625254 -2.82109473
0.814454522 1.374679694 2.423196195 -0.124101933 -1.635039267 1.281551566 0.482248215 -0.248275093 1.403412636 -1.608652683 -0.416665521 -0.223007831 0.213715106 2.333768575 1.253904984 -1.122762298 -1.48154449 -0.502402223 -1.051337852 0.025580629 -0.18001237 1.993983606 -1.871870731 1.868241655 0.919135522 0.923143931 0.293381232 -0.635007185 2 33 0 10.08129431 61.18667161 41.20970078 29.48157129 11.89741767 -51.76254629 -10.20622811 36.17408838 -32.87928077 21.1310128 14.16889991 11.43609334 -17.87395 22.81269106 7.220024441 -14.1772497 -12.59502524 21.34992137 -30.55119434 27.3731293 -10.95550651 25.30073486 3.636610501 14.34743312 -4.028126957 12.25862517
-0.042498014 -0.869423773 -0.534175181 -0.282216147 -0.689996993 0.127802736 1.635039267 1.329529107 1.608652683 0.569184749 -1.541986299 0.073791274 0.279760815 0.615141105 0.499703382 0 -1.329529107 0.553024091 1.051337852 0.589455798 1.122762298 -2.085355566 -1.329529107 1.159742045 1.05307266 0.313571967 -0.827130206 1.140117653 2 25 0 9.29061252 8.177832517 4.30454745 16.38982882 -4.37885652 50.67616971 48.21612545 -14.15653487 16.3627232 21.73581042 10.23924935 36.1537244 14.57767171 -25.66116155 23.13642231 -0.878725131 6.269982084 -23.82342026 17.47993223 -8.74626886 -30.1861783 -5.957237858 11.01429548 -24.93882788 4.783616542 -12.25799046
-0.437790082 0.827130206 1.486091569 1.138523478 2.085355566 -0.257736636 -0.314572292 0.108523744 -0.282216147 -0.174416101 -1.007435601 -0.086543368 1.198379702 -0.535082815 2.502106473 -0.814454522 1.868241655 0.711260092 0.096558615 1.292805229 1.374679694 -0.347261247 -0.480644432 -1.608652683 0.628904218 -0.214049476 -0.827130206 -1.140117653 1 46 1 10.19451919 58.52715783 30.1066465 -64.68968355 -36.835864 -33.15927024 11.40895321 -18.53104882 -10.92762282 -10.29496725 -32.6188195 7.141136482 66.09816527 18.71736924 1.926256597 -2.68642034 -17.71866516 -6.379660255 16.85447077 -14.06516718 6.246373075 -7.856934657 -4.957884783 -14.94844212 12.07426139 -12.46795832
-0.313571967 0.596231765 0.374957187 0.258633067 -1.05307266 2.387808898 -0.154870923 -0.106413557 -0.202525183 0.115949825 0.592006622 -0.711260092 -1.373839467 -0.154870923 -0.596231765 -0.28471556 0.257736636 -0.347261247 0.096558615 0.761842777 -0.077203649 -1.198379702 1.374679694 -0.67448975 0.174416101 0 0.736315917 1.491605982 2 25 0 9.090057426 -72.68446951 -15.28411647 -17.9624659 -6.573546648 -45.12148023 28.02485548 -4.90586617 41.47489814 0.092323528 -12.62783546 4.374544109 -33.88870399 23.21651287 -6.352635628 -0.262759229 -13.25919541 25.59720514 20.11753022 3.632682392 -4.505984154 1.764881581 24.02047595 15.78890349 -15.78617572 9.896323355
0.413811248 -1.113937215 -0.258633067 0.923143931 -0.662435268 -0.869423773 1.465233793 -1.071486768 -1.122762298 0.957209469 0.128239826 -1.311599883 1.759861028 1.198379702 -0.253347103 0.124101933 1.374679694 -0.68788465 -1.650868485 -0.482248215 1.768825039 0.366106357 -1.122762298 0.502402223 1.952764915 0.19788217 -0.025580629 -0.038573075 1 27 0 9.528121716 59.3353814 53.32050565 38.14581124 -9.064516828 3.607025411 2.529977344 46.49877249 7.436700716 1.60012523 -6.377826034 -3.156876929 -6.900861784 15.24206542 -26.02857978 -7.964963808 5.556311026 -0.600589693 6.66884284 6.418207586 -4.414871719 4.286967434 -16.08912464 -0.613634404 17.68631651 11.36665262
0.154870923 0.363743733 0.214049476 0.723475575 0.689996993 -1.374679694 -0.558839611 0.35434957 0.615141105 0.988154632 0.064872066 -1.288618168 1.593218818 -1.551885366 1.067570524 -0.879167718 -0.135384736 -0.115949825 -0.506871623 -0.130018583 -0.447767518 0.19788217 -1.768825039 0.151843534 0.248275093 -0.35434957 -0.057877565 -0.967421566 2 46 0 9.631579835 95.44273545 -20.06809129 19.45504846 -51.00148408 -6.538715647 7.597405607 -16.9319093 10.4861466 45.30263451 -16.27993037 -5.441447382 -0.575558531 3.886208034 25.33247597 -32.39525995 -1.660247179 -7.560607167 21.02396038 -4.309235825 -19.73491668 9.230040892 -1.234317379 -8.677813335 -9.990112289 17.76530537
0.248275093 -0.301921554 0.662435268 -1.430608769 -0.658519951 -0.437790082 1.122762298 0.257736636 -0.662435268 0.077203649 -0.195722227 -0.374957187 1.593218818 -0.541395085 -0.814454522 -0.422837544 0 -1.023392193 1.993983606 -0.662435268 0.628904218 0.736315917 1.198379702 -1.714593654 -1.768825039 1.198379702 0.363743733 -0.863695653 2 53 0 10.18342692 24.0799884 -53.73047883 -19.35623301 49.05223515 40.32500676 -3.43857154 -3.503219081 -12.75357909 -4.252423355 -5.748172398 26.30091361 23.02417085 9.504218807 -24.15186034 0.914333874 -4.73015492 27.91672337 25.44234954 -3.930756884 -25.71903499 -5.399041074 6.447867391 -2.219350307 -1.638549542 19.43012891
-0.569184749 0.213715106 0.273309407 0.524400513 -0.061931623 -0.615141105 -1.486091569 -0.102490508 0.662435268 0.030950969 0.592006622 0.988154632 1.198379702 2.423196195 -1.159742045 0.621177626 -0.524400513 -1.714593654 -1.608652683 -0.293381232 -0.742759799 1.128143645 -0.194028142 -0.482248215 0.988154632 1.225627238 1.05307266 -0.477995987 1 19 0 9.877527505 -133.6494207 -49.53262464 51.99994395 46.46572628 15.40730339 67.31900619 -41.54526922 25.58360957 8.273783115 -57.35222583 -9.796999958 23.98205456 -8.850032277 6.061685376 -20.82309836 -0.762372452 -12.94877855 -1.330355713 14.50670829 8.835891896 -16.27520008 10.71873198 -10.85320861 23.69028333 2.03899789
1.281551566 -1.113937215 0.313571967 0.437790082 0.042498014 0.154870923 -0.20607197 0.787876017 -0.085072957 1.374679694 -1.768825039 0.517312153 -0.330872572 0.347261247 -0.615141105 0.723475575 0.711260092 0.258633067 -0.430727299 0.351130835 0.194028142 0.956176539 0.596231765 0.686643051 -0.301921554 0.480644432 0.363743733 1.48154449 1 28 0 9.449497496 1.609825308 116.161843 -34.79812721 -5.499199584 17.50985568 -3.827317526 -24.1047324 19.834966 5.506810536 25.33427749 -16.41098633 16.4744603 21.26151904 -32.98622092 7.812053211 -49.55796985 -6.921626241 -1.449796727 -0.208342004 28.67438574 -11.08482415 3.041524548 6.328983118 -8.311588548 -12.09322678
-0.124101933 -0.421391277 -0.919135522 -0.170767252 2.318757971 0.524400513 -0.943003696 1.225627238 0.102490508 1.324957689 -1.089661982 2.38151947 -0.541395085 0.553024091 -1.48154449 0.347261247 1.714593654 -0.736315917 -0.202525183 0.967421566 -0.565948822 -0.413811248 0.282216147 0.814454522 0.313571967 0.042498014 0.723475575 -0.35434957 2 24 0 10.56180576 -80.87596199 -12.97258577 -9.677189878 -12.07101951 18.08351261 -62.6391668 29.28071175 -2.498115084 4.117209574 -36.60417832 8.935426121 25.12798652 29.73490877 7.884960879 29.65722883 -12.87801977 30.96724499 16.53781052 4.714758627 -5.150676358 -0.259298815 11.47608273 8.147016637 6.569293312 1.474601146
1.023392193 -1.683348264 0.447767518 0.990286919 -1.281551566 -1.113937215 0.311919055 0.927154825 -1.238080336 1.426076872 0.233485258 -1.198379702 -0.919135522 0.077203649 1.214675721 0.447767518 -0.19788217 0.395725296 0.596231765 -1.35170224 1.683348264 1.05307266 -0.019282951 0.544340915 0.233485258 -0.799968905 -0.415240161 -0.791638608 1 53 0 9.764740636 -18.76864477 -28.55229711 -20.48291574 -4.180762332 -3.806585791 43.54768854 -24.66100706 -22.0449335 5.630922612 -22.93003397 -15.41124343 27.23047182 17.08020228 7.006073109 17.50723062 -8.617255304 20.42314898 -6.97195454 2.351261599 -17.16073903 -8.399834007 -12.99153478 6.964568488 -7.865000337 -30.5963012
0.923143931 -0.293381232 1.654434726 -0.311919055 0.62668735 -1.374679694 -0.485786363 -1.403412636 -0.711260092 -0.395725296 0.869423773 -0.806849691 -0.172880833 0.814454522 -0.956176539 0.330027332 -0.761842777 -0.233485258 1.128143645 1.329529107 0.395725296 0.250152864 0.89170883 -0.786845099 -0.202525183 0.43850955 -0.480644432 -1.486091569 2 26 0 10.16620395 -68.0693994 26.06421761 24.77402045 1.87938505 -17.25308795 48.245403 19.60905111 26.45161173 -19.19744138 -23.37993926 -35.57983449 -22.94740585 -17.04659644 21.37984656 -33.30974752 4.175979589 -32.42457333 0.975011945 1.136995147 7.354706695 4.175812093 -2.495160248 -34.3253055 6.103559345 -3.062939363
0.282216147 -0.250152864 -1.486091569 -0.186756121 0.061931623 0.615141105 -0.828464649 -0.859924779 -0.482248215 -0.919135522 -0.645630749 1.768825039 -0.509831534 0.35434957 1.993983606 -0.437790082 0.658519951 -0.638609618 0.686643051 -1.014498746 0.480644432 -0.90145408 -0.051178011 1.122762298 -0.273309407 0.744142742 -1.635039267 0.628904218 1 25 0 9.924044632 39.51887453 -95.47535893 34.22021861 28.12240232 94.74849046 40.41776163 -18.84272306 55.94830651 -15.2573358 -16.42141097 -25.85275527 -5.278540973 7.514394387 3.606669322 9.593475216 -1.375250352 -2.064776852 -4.657910733 -1.068338415 25.08959598 -9.110731029 -7.133135725 -9.899429627 -3.170214698 -5.937399868
-0.569184749 -0.077203649 0.62668735 -0.380325642 -1.993983606 -0.664808728 -0.057877565 -0.43850955 0.485786363 0.919135522 0.430727299 -1.768825039 -0.395725296 1.023392193 -1.993983606 -0.67448975 0.301921554 -0.092971849 -0.282216147 0.194028142 -0.186756121 -0.213715106 -0.615141105 -0.482248215 1.128143645 -0.170767252 -1.635039267 -0.447767518 2 45 0 9.356069396 45.6362421 -22.36582352 29.91438557 -4.700091992 19.2269964 61.85140604 -29.37757054 22.0937503 -13.8843346 25.27316692 10.85258679 55.73243366 3.632059801 0.75027743 -7.672933847 -3.192523086 -9.041338339 -2.385244192 -6.949042118 -8.962762093 6.979857722 16.13326998 8.575647584 -6.582419603 -8.491665052
-0.135384736 -1.326677507 -0.553024091 -0.513154662 -0.517312153 -0.395725296 1.188674189 -0.957209469 -0.115949825 0.742759799 0.377391944 0.785605288 -0.509831534 0.967421566 -1.007435601 -0.863695653 0.232272293 -0.019282951 1.329529107 -0.992430321 -1.541986299 -0.14798711 0.346704194 -0.761842777 -0.664808728 -0.662435268 1.157878604 -0.524400513 1 45 0 9.866212366 -46.4229517 0.233807272 23.26170039 53.43529427 -5.126376977 -9.296421269 -12.13404487 24.88751728 22.12888417 4.771898287 -12.50406573 -0.870603785 10.99256879 12.42678481 19.8882933 -19.77706157 -5.770843539 15.51783661 -33.83334188 2.305099203 -4.178467452 -17.36182918 -12.19583899 -16.50833972 -10.86057315
1.560490269 -1.7412906 0.534175181 -0.061931623 0.186756121 -0.820792088 0.662435268 0.085072957 -0.592006622 -0.869423773 -1.540425005 -1.311599883 -0.115949825 -0.202525183 -0.29930691 0.67448975 -0.897915184 -0.282216147 -1.654434726 -1.465233793 0.421391277 -0.049169379 -0.43850955 -1.415702094 -0.477995987 -1.122762298 0.957209469 0.990286919 2 37 0 9.310821654 42.64556894 67.98278039 33.98776778 21.62945402 -43.39082341 28.37631477 21.42015258 15.10140177 28.31787838 -10.89518128 34.31106079 45.72577721 -22.83397456 -15.1564864 -5.013298906 -2.939480671 -13.88885863 -10.13622559 -3.411179489 9.125894305 3.687548918 1.73333006 -14.41190635 -6.197238455 9.731290491
-0.662435268 -0.313571967 0.20607197 0.077203649 -0.480644432 0.711260092 0.218344771 1.560490269 0.927154825 -0.477995987 -0.645630749 -2.085355566 -1.113937215 -0.524400513 -0.171033365 -0.377391944 -0.35434957 -1.593218818 -1.128143645 1.292805229 0.923143931 1.952764915 -0.967421566 -0.615141105 0.869423773 -0.565948822 0.569184749 0.923143931 1 19 1 10.14286256 -45.69431191 3.908642938 21.06950287 19.86064114 29.76006452 8.060117425 -1.984400718 4.270186611 14.95934199 15.30082735 -21.16689343 17.98151754 -1.613575895 -16.98842385 14.1106955 -5.641613489 11.18234443 -18.9727223 -12.36904573 9.712605797 -15.58961801 -9.685153541 -10.07477199 34.28135142 -4.446551255
0.314572292 0.592006622 -0.799968905 0.042498014 0.485786363 -1.140117653 -0.085072957 -1.374679694 0.395725296 -0.990286919 -0.482248215 0.021610546 -0.919135522 -0.638609618 1.044408795 1.768825039 -1.16283129 1.952764915 0.447767518 -1.23889438 1.198379702 -1.654434726 0.351130835 0.151843534 1.608652683 1.560490269 -0.570074085 -0.799968905 1 23 0 10.13855346 79.82966131 -57.95646193 -55.02453255 -67.35672408 -18.70654573 46.25536176 -6.936519845 -18.69657457 -33.5945507 5.782939306 4.035647222 7.965634969 12.62865028 -14.65833949 10.97161857 -24.50958329 3.253145042 -1.343319065 4.454045446 21.26431904 4.010115271 -21.33902267 4.284020312 4.909412215 24.11765621
-0.038573075 1.271952968 -0.869423773 -1.214675721 -0.662435268 -0.68788465 -1.16283129 -0.14798711 -1.138523478 -0.102490508 -0.967421566 -0.595178533 -0.366106357 -0.787422666 0.025580629 0.021610546 -0.106413557 1.05307266 0.311919055 -0.981125996 0.258633067 -1.138523478 -1.374679694 -0.186756121 -0.457851931 -0.311919055 0.248275093 2.502106473 2 43 0 10.44569965 -12.25501854 57.76068088 -6.024814223 28.49549939 -8.595483711 15.78906449 47.35372865 -27.40159476 -32.9620818 9.312953918 -1.96661428 20.08712462 11.37652985 -24.4286243 -23.25846788 -6.714108132 -52.84023795 -18.87355867 1.840702651 6.62632224 -0.593631377 -8.917917792 -0.967253932 25.3888253 3.419523195
1.138523478 0.077203649 1.714593654 0.392193489 0.814454522 0.313571967 -1.48154449 0.024577261 0.20607197 2.423196195 -0.076808976 0.828464649 0.827130206 0.019282951 -0.615141105 -0.628904218 1.768825039 0.841621234 0.535082815 0.376027366 -0.75378157 -0.524400513 0.703921789 0.944669591 0.482248215 1.321182026 -0.415240161 -0.395725296 2 30 0 9.72006895 51.21016596 7.260560798 -50.35185587 0.370040991 45.92179682 16.94242102 25.74982303 12.45626376 -16.63845576 -15.90332217 -6.494866725 1.380558442 -7.231826566 -12.77480495 3.944058589 16.06981568 1.929095463 16.97040073 -7.338388981 -8.145632033 -4.842331445 38.03411802 -12.43996534 -2.593362726 -7.911055531
-1.635039267 -0.829574037 -0.506871623 0.155352778 -0.785605288 -0.273309407 1.654434726 0.380325642 0.988154632 -1.993983606 1.049131398 -0.967421566 -0.919135522 1.05307266 -0.338888302 -0.658519951 0.711260092 -0.863695653 -1.128143645 -0.248275093 -0.869423773 -0.742759799 -0.723885875 -2.085355566 -1.113937215 -1.122762298 0.723475575 0.615141105 1 19 0 10.10323972 102.3513468 8.93814232 -17.3724348 -28.69743194 -25.18710384 -15.44259013 35.19633064 -60.80314234 39.45770674 3.142467522 -18.93815437 25.71881255 33.27469452 12.91022518 -9.200241324 -23.26203321 -26.93604259 6.607428098 6.235157289 15.65953103 17.37591189 19.06390358 -25.10408222 -2.008156485 45.32895379
-0.615141105 -1.326677507 0.154870923 0.89170883 1.374679694 -1.48154449 -0.049169379 -0.869423773 -0.102490508 1.198379702 -0.363743733 1.188674189 0.279760815 0.447767518 1.608652683 -0.421391277 -0.253347103 0.742759799 -1.993983606 1.122762298 0.534175181 0.988154632 0.253347103 0.569184749 -0.859924779 -0.174416101 -0.967421566 1.430608769 2 23 0 9.934743497 -36.83842054 -20.69181051 1.549079194 -34.81925408 -13.32702393 12.23511208 35.61850455 -24.31823488 -3.765064184 -3.05920076 0.59569172 -6.729812645 0.114569182 7.652921418 -6.945462834 16.97840397 -2.951620622 -26.7121114 4.774788829 9.633028063 4.370425745 -5.543470868 -18.62369093 -27.83662981 -11.20307827
0.311919055 1.05307266 0.311919055 0.872902819 -1.608652683 1.225627238 -0.096558615 -1.214675721 1.281551566 -1.140117653 1.326677507 1.214675721 0.464938765 0.480644432 1.683348264 -0.155352778 -1.635039267 1.714593654 -0.27370189 -0.621177626 1.321182026 -1.394173209 0.19788217 0.376027366 0 0.535082815 0.346704194 -0.615141105 2 32 0 9.630442302 70.94286127 -75.38485509 57.23891675 -42.94331774 34.8284809 -8.738028384 17.28961096 6.083045501 37.49789024 -19.19834016 -14.68317927 -2.595081527 2.854123732 -15.40860119 20.76172917 6.042984725 1.394146944 2.97231258 13.85361262 -35.31190089 -20.65711714 -9.076964136 8.481577842 31.24741101 16.73084275
-0.615141105 -1.321182026 -0.35434957 -0.923143931 0.990286919 0.943003696 0.395725296 -0.351130835 0.569184749 -1.062220505 0.506871623 -0.711260092 -0.509831534 -1.868241655 0.139710299 0.115949825 -0.232272293 -0.659143037 -0.154870923 -0.108523744 0.477995987 -0.482248215 -0.569184749 1.238080336 0.524400513 -0.115949825 -0.638609618 -0.20607197 1 22 0 10.46244972 -28.81482565 -22.545895 58.13522913 -48.40064027 -19.49227748 21.71415662 57.76632715 13.26460481 -34.65915488 7.766837213 -11.10000699 -23.61767365 15.33142719 -33.0118044 21.01958783 10.09354487 6.555773765 -15.67992189 26.04478503 -8.103861614 2.236285711 3.41233097 -24.3002071 -8.664566384 8.019878305
-0.250152864 -0.077442409 -0.583848813 0.273309407 -1.122762298 0.049169379 -1.768825039 1.23889438 -0.042498014 -1.608652683 -1.067570524 0.814454522 0.464938765 -1.171546171 -0.29930691 -0.536176266 -0.154870923 -1.492404178 -1.363136466 0.025580629 0.761842777 -0.761842777 -0.89170883 1.993983606 -0.35434957 0.569184749 1.768825039 0.635007185 1 21 0 9.390514037 15.8977571 51.94913388 10.78231232 52.94796872 -54.82586229 -38.53966425 -72.66632043 -18.01151938 -4.39268498 -12.0956221 10.3368693 -3.363141943 -16.73937128 -4.259792472 -20.07286868 14.57473734 -31.58161586 12.47483592 6.652461801 -19.42902047 8.502475761 -6.673503492 0.395951891 50.49394933 1.442841914
-0.992430321 1.540425005 0.596231765 0.711260092 -0.75378157 -1.768825039 -1.952764915 0.742759799 1.113937215 -0.124101933 0.154870923 -0.721522284 -0.330872572 -1.871870731 -0.253347103 0.480644432 -0.723885875 0.841621234 0.615141105 -0.449513565 -1.374679694 -0.872902819 1.723789988 -0.524400513 -1.374679694 -0.174416101 -1.198379702 0.662435268 1 27 0 9.680293635 -0.358045992 -83.00654567 27.19496925 -32.38422093 34.82880535 3.952329098 23.1897538 -17.02301941 9.358828684 -3.374914964 3.806377753 -5.293708032 -25.44733586 18.75927234 -18.79131748 -3.097891226 -8.375230749 -2.456709681 -11.36943953 18.03985967 -24.15089926 0.160290876 6.120293788 -12.12080682 -3.753843087
-0.536176266 1.292805229 -0.038573075 0.115949825 -0.042498014 -1.062220505 0.536176266 -0.042498014 -0.29930691 -0.346704194 -0.077203649 -0.233485258 -1.020076233 -0.62668735 1.714593654 -0.470593522 0.366106357 -1.564726471 0.659143037 -0.482248215 -1.05307266 0.569184749 -1.608652683 0.689996993 0.863695653 0.257736636 -1.714593654 -0.923143931 2 24 0 9.727231058 43.37860166 30.78561201 28.02486819 -30.94763996 -25.68140731 -18.68694207 -24.17266315 40.31071007 -15.23962502 -4.80750489 9.90673122 -23.56234381 26.37727227 13.94037121 -14.68858116 12.78695943 10.65109559 -0.611293658 -3.108036575 -6.681723961 7.349438015 -2.218317758 7.296813591 8.996528795 -34.20625354
0.115949825 1.768825039 0.186756121 0.273309407 -0.218344771 1.281551566 1.871870731 1.281551566 -0.437790082 -0.194028142 -0.596231765 1.159742045 -0.172880833 1.122762298 -1.683348264 -0.151843534 1.321182026 0.482248215 -1.159742045 -0.293381232 1.018075715 1.430608769 -1.491605982 1.089661982 2.423196195 -0.35434957 1.465233793 0.517312153 2 20 0 9.719009713 -31.63610426 -71.93975796 -87.36435346 -20.6209379 -35.58937162 6.183666421 -18.15532641 19.46253905 -17.72499425 -15.58713977 20.22822509 24.03042909 -26.72278611 2.883424744 3.491117589 7.804803429 8.137124668 10.521437 -0.20185808 2.937003944 14.32966296 -6.085753621 -9.972927578 20.86908729 0.315116783
-0.791638608 0.927154825 -0.89170883 1.430608769 -0.154074467 0.380325642 -0.785605288 -0.923143931 0.967421566 0.038573075 -0.043231191 0.092971849 -0.115949825 -1.138523478 0 -0.919135522 1.225627238 0.250152864 0.021610546 -1.23889438 1.324957689 -1.430608769 -0.686643051 -1.281551566 -0.711260092 -0.313571967 -0.570074085 1.05307266 2 45 1 9.51730297 -80.74262426 -68.89773082 -12.15521164 15.65521854 -31.94561846 -32.72585138 6.795831425 0.871814074 -31.43438903 10.14503678 -10.62034674 -3.905726201 15.46155808 7.485148119 6.051218758 14.88050454 2.04192285 -5.504394776 -7.968411485 9.110626918 1.755330716 -3.686870214 20.47780762 -11.84283346 -2.557641678
0.664808728 -0.194028142 -1.329529107 0.988154632 0.170767252 0.233485258 -0.814454522 0.711260092 0.799968905 0.085072957 1.683348264 0.615141105 0.233485258 0.154870923 -0.927154825 -1.374679694 0.218344771 -1.05307266 -0.638609618 -0.992430321 -1.768825039 -1.768825039 0.437790082 1.122762298 0.038573075 -0.19788217 -0.480644432 -0.785605288 2 24 0 10.53001562 100.7399642 17.13752086 -55.57759152 21.01693517 -31.62625419 -56.96465324 28.53859224 18.78504735 7.699542934 24.70338075 -12.64511351 -35.25183244 7.648933955 22.51712134 4.664194202 12.29996191 21.8819282 14.72656077 5.658529965 -15.52218358 -6.892638901 9.148024046 3.546621038 -1.361982334 -6.623415151
-1.329529107 -1.188674189 0.814454522 -0.927154825 -0.62668735 0.553024091 -1.049131398 -1.48154449 -1.593218818 1.993983606 0.711260092 -0.957209469 2.502106473 -1.159742045 1.374679694 1.714593654 -1.122762298 1.253904984 -0.064872066 1.329529107 1.198379702 1.48154449 -1.608652683 0.544340915 -0.43850955 -0.447767518 0.363743733 0.967421566 2 46 0 9.865284249 60.46683047 90.14209952 53.60877515 19.87772419 -8.750566412 -10.08906511 -1.875600026 -5.068382323 19.32805693 20.55018358 -4.514194823 -19.44868887 -0.268502298 2.481406176 -2.830087735 -13.20125523 15.81244161 11.05533949 2.743094263 -13.74364676 -10.27557262 -3.859163693 -9.385071441 0.162176085 4.229272717
0.35434957 -0.233485258 1.140117653 0.927154825 0.051178011 -0.051178011 -0.477995987 0.061931623 0.351130835 -0.085072957 0.313571967 0.077203649 -1.159742045 0.330027332 -0.583848813 0.711260092 -0.213715106 1.374679694 -1.326677507 -0.293381232 -0.380325642 -0.174416101 -0.127802736 -0.258633067 -1.48154449 -0.761842777 1.374679694 -0.154074467 2 37 0 10.3613526 5.907787108 -72.58455028 34.4279213 33.32652975 9.353501182 9.05229602 -7.742655478 -9.325726929 10.63397422 -1.594710476 37.71615794 -2.099460798 -5.747557692 -19.25290154 5.483883404 7.505153811 -0.813434653 -15.4739332 3.92334667 22.44990892 -10.61481954 22.65113231 10.59280504 -1.025424244 17.60450278
0.513154662 -1.374679694 1.122762298 -0.077203649 0.477995987 0.536176266 0.664808728 -0.395725296 1.018075715 -1.993983606 -0.596231765 1.491605982 -0.172880833 1.018075715 0.829574037 -0.273309407 -0.154074467 0.313571967 0.233485258 0.025580629 -1.122762298 -0.025580629 0.524400513 1.993983606 0.282216147 0.62668735 0.248275093 0.927154825 2 25 0 9.85834234 -11.88547294 -64.34398086 -28.92811503 -15.01938509 55.22894004 -34.81517268 -45.75522035 -7.651337266 -4.892820398 30.20516955 18.1051003 20.15901478 -40.85120304 12.69165527 25.69518517 5.606440722 20.19582596 6.326046738 17.25770801 4.497144371 0.674683065 3.919969805 12.50385773 -1.68941813 -27.80986857
-0.194028142 0.517312153 -0.085072957 1.871870731 0.395725296 0.703921789 0.869423773 -0.20607197 1.635039267 -0.570074085 0.494873164 0.333891362 1.225627238 2.085355566 -1.16283129 -1.88950996 -1.007435601 0.919135522 -1.683348264 -1.374679694 1.374679694 0.742759799 -0.589455798 0.506871623 -1.491605982 -0.658519951 -0.615141105 0.218344771 1 34 0 10.18569538 49.01376508 25.88742367 38.13165645 -1.937033309 -30.23188336 -11.21641889 -11.28443996 17.95744606 -19.86799207 -44.98116019 -24.23373151 17.40765675 -1.014139779 -11.38641033 -34.93594262 29.08971623 3.895237447 2.302574568 1.435309106 1.863448725 -10.20076639 -0.638205951 -3.354763458 -0.809274445 -6.396281533
0.392193489 0.569184749 -1.608652683 -0.62668735 0.314572292 -0.703921789 0.19788217 2.085355566 0.967421566 -0.155352778 -1.551885366 -0.380325642 0.213715106 0.115949825 0.333891362 -0.761842777 -0.314572292 0.346704194 -0.151843534 0.194028142 -0.872902819 -0.988154632 0.214049476 -0.213715106 -0.038573075 -0.75378157 1.157878604 0.311919055 1 38 0 10.43702626 79.90904288 -6.705160064 -31.64780572 -5.65506391 10.08625022 1.743773162 4.437094606 -31.77093609 21.15720309 18.57851923 -9.531025051 -11.63885964 8.386833819 5.594049828 6.493835923 9.050300998 -5.550178563 4.731589986 -8.698869592 10.16926964 5.828554445 -3.216169041 8.969100318 -6.032003618 -22.80795705
-1.220640349 0.943003696 -0.814454522 -0.395725296 0.967421566 0.186756121 -1.16283129 1.374679694 -1.868241655 -0.233485258 0.064872066 0.944669591 -0.928899492 0 2.423196195 -1.593218818 0.502402223 -1.374679694 -1.374679694 -0.957209469 -0.570074085 -0.092971849 -0.395725296 -1.714593654 -0.569184749 -0.186756121 -0.202525183 -1.88950996 1 48 0 10.25460251 66.78152215 -54.62537325 -41.74635555 44.51758879 -2.290366086 -4.452860259 -29.83814358 -54.77014143 -20.01528537 -2.655858477 27.63674766 10.30263579 -14.47902527 -0.695876619 -3.435425255 -1.904750273 -22.3559905 14.31400878 -7.466792709 -12.22237604 4.318004445 -0.481921948 6.978539201 16.85742675 25.3012495
0.967421566 0.127802736 0.347261247 -0.689996993 -0.919135522 -1.214675721 -1.465233793 0.447767518 0.301921554 0.108523744 -0.258633067 0.627071688 0.213715106 -0.195722227 -0.690633454 0.223007831 1.608652683 0.480644432 -0.399323067 0.569184749 0.742759799 1.329529107 -0.820792088 1.329529107 -0.715053038 -0.061931623 -0.202525183 0.480644432 2 26 0 10.22001133 57.55469184 9.597193273 -10.25901565 48.50596412 -27.9660985 -46.75347667 -7.111195533 27.58617672 20.2262678 -22.73948143 -29.70862528 -9.547465563 16.62004158 21.07303237 0.864528794 -20.56030846 22.39210813 -31.27460897 34.19317182 2.948632726 15.36491419 11.88458649 2.948808873 -3.323629792 -4.671055031
0.480644432 0.981125996 -1.952764915 -0.485786363 0.351130835 -0.127802736 0.662435268 -0.806849691 -0.413811248 -1.329529107 -0.764709674 0.729792154 0.279760815 1.635039267 -0.14798711 -0.021610546 1.446103593 -1.564726471 -1.128143645 0.421391277 0.68788465 -1.593218818 0.628904218 -0.313571967 -0.051178011 0.301921554 -0.897915184 0.154870923 1 53 0 10.0933668 5.880999783 8.794141031 29.01162614 16.33525324 -34.80467095 -41.54738138 -13.60076024 -41.39843373 54.96234593 -13.63046808 31.36844235 -0.396899853 7.760716463 -38.32497373 -2.53869511 18.63107789 -10.21208543 -0.14707498 9.575223631 -15.20869252 -0.381421067 -11.25597153 3.587430366 -34.90292895 9.526978759
-1.48154449 0.20607197 -0.791638608 -0.89170883 0.124101933 -1.198379702 0.459111852 0.282216147 -1.993983606 0.477995987 -0.135384736 -1.122762298 -0.509831534 -1.128143645 0.638609618 -1.608652683 1.071486768 0.253347103 -0.570074085 1.329529107 0.115949825 -0.395725296 0.68788465 -0.077203649 -0.820792088 -1.138523478 2.318757971 0.799968905 1 45 0 10.02046699 62.08643394 -22.45226496 22.13079081 28.1420447 3.019298937 20.60147941 1.718004634 28.33187759 -7.280759396 11.78841807 8.228196689 2.737561019 -16.19969836 1.223126335 14.68383606 12.24775964 -3.796967286 5.889863869 -5.838821798 5.750236058 -6.51346304 15.53254339 9.748977647 9.568255477 -16.83351342
1.768825039 -1.446103593 1.122762298 -0.347261247 0.077203649 -1.198379702 0.115949825 -1.723789988 0.553024091 0.347261247 -1.281551566 1.768825039 -1.020076233 0.787422666 -0.956176539 0.589455798 -0.346704194 0.14798711 -0.380325642 0.376027366 -1.253904984 -0.791638608 0.194028142 0.314572292 0.057877565 0.570074085 0.828464649 1.993983606 1 23 0 10.47738889 -38.50788243 -0.514008608 25.98865894 -44.74346301 -4.977162206 0.90766478 32.30088802 29.12355926 39.62536215 6.820968837 -2.946727456 -8.433754908 23.31507191 6.40494187 13.23233172 -41.71821161 -4.489762624 -1.702604221 -29.17218938 12.1964845 0.696395733 -28.08278737 21.91437339 17.58551853 1.82611089
-0.761842777 -0.814454522 -1.608652683 -1.465233793 -1.608652683 -0.29930691 0.392193489 0.990286919 0.820792088 -0.715053038 -1.329529107 -0.446588205 -1.113937215 -0.927154825 0.046435725 -1.374679694 0.761842777 1.324957689 0.761842777 -1.869606647 0.170767252 -0.799968905 -0.174416101 -1.281551566 -0.863695653 -1.403412636 -0.313571967 -0.927154825 1 49 0 9.415514647 9.361091711 15.39764605 -54.83227314 2.847912808 0.839653035 42.79555118 -36.29611514 33.33218734 12.55128536 9.82732222 9.691499077 15.27146777 -0.329275441 9.174805155 -17.00300562 -4.051103901 1.282742607 -12.31621139 12.25631305 17.9676773 -6.244648138 33.53402983 -30.2443037 23.8785976 -17.54200663
0.615141105 -0.829574037 -0.570074085 0.257736636 -1.430608769 -0.314572292 1.48154449 -0.154870923 2.333768575 0.927154825 -1.089661982 0.298355173 -0.115949825 1.403412636 0.541395085 0.480644432 -1.492404178 -0.421391277 1.415702094 0.827130206 0.814454522 2.333768575 1.654434726 0.658519951 -0.154074467 0.569184749 -0.057877565 -1.48154449 1 47 0 10.2084519 61.18926983 94.35550864 -52.66859718 46.30949556 -33.46367857 -21.17399443 -14.56841056 -75.24187937 -12.49665788 28.10997607 28.86689839 1.554715971 15.81908156 -14.82512846 -18.30439485 -1.530651503 -2.132618896 14.58461101 7.105116769 5.638912492 -3.788661757 -12.528706 -4.517062995 2.265696058 3.244904794
-0.186756121 -0.293381232 2.502106473 -0.534175181 1.48154449 -0.214049476 -0.988154632 -0.638609618 -0.194028142 -0.115949825 1.759861028 -0.711260092 0.615141105 0.988154632 0.213715106 0.338888302 0.098457992 -0.154870923 1.281551566 0.194028142 0.139710299 -0.038573075 1.768825039 -0.250152864 -0.20607197 0.194028142 -0.570074085 0.689996993 1 21 0 9.95508209 30.05733023 6.259883183 -59.58123303 -41.63220996 9.155919322 6.359468855 -22.40206111 18.97443851 -22.16552036 -12.41473934 1.142243181 26.32813438 -5.555866621 9.117953863 -19.25110282 3.520010465 -13.75422438 -17.85716009 -13.76486603 -19.4057358 11.7558896 -28.90957961 13.68895679 -39.87832794 -15.61556569
-0.635007185 0.43850955 0.761842777 1.122762298 -1.214675721 0.085072957 -0.711260092 -0.517312153 1.654434726 -1.049131398 0 1.635039267 2.318757971 -0.814454522 0.395725296 -0.615141105 0.333891362 0.421391277 1.186831433 -1.23889438 -1.044408795 1.723789988 -0.403915973 -1.05307266 -0.213715106 0.615141105 0.855712431 0.791638608 2 29 0 10.12894766 -34.14132273 49.92128882 -27.32584367 9.192292449 3.601175543 -13.39756299 -23.22871208 -9.591709043 -10.23188943 9.281167567 -9.54757336 -23.24816393 4.688161971 19.02781775 9.327539655 2.496119598 5.395274648 6.530402849 23.55482195 -7.305120878 1.370869653 -8.042195823 2.419302407 5.203398889 8.554555753
-0.658519951 -0.785605288 2.387808898 0.589455798 -1.48154449 -0.038573075 0.29930691 1.05307266 -1.48154449 -1.023392193 0.494873164 0.333891362 0.430727299 -0.569184749 -0.927154825 -1.05307266 -0.615141105 0.057877565 -0.195722227 -1.608652683 -0.583848813 0.102490508 -1.430608769 -0.102490508 -0.124101933 -0.257736636 0.346704194 -1.465233793 2 20 0 10.55060427 -29.41907011 -12.83587566 -27.52376077 9.967334856 6.472827813 -28.70613799 -6.436172739 11.15862916 -27.7280417 13.44405718 20.74813175 -19.10799521 2.641237469 -31.11371678 5.766349452 -4.258640245 26.54138099 -7.708288947 13.74026452 12.31384611 4.639615801 -23.96772962 28.30984347 -15.12165982 -3.948425894
-0.092971849 -1.321182026 0.250152864 -1.071486768 0.049169379 -0.351130835 -0.313571967 1.486091569 -0.689996993 -0.940543641 -0.218344771 -0.638609618 -0.330872572 -1.551885366 0.43850955 -0.115949825 2.423196195 -1.049131398 0.347261247 -0.981125996 -1.564726471 -0.346704194 -0.869423773 -0.430727299 1.253904984 1.122762298 -0.570074085 -0.273309407 2 48 0 9.239530251 87.98800996 -72.65859216 10.02824805 46.73183813 -33.62363644 50.78065205 10.52933696 -6.590180071 22.38232607 4.484800178 17.80233758 -3.798357071 9.49053113 -0.733635319 36.85504674 -50.95431408 -1.083445637 22.76346739 2.347095513 22.32832216 -6.313284961 21.39080684 -26.51041058 -19.43524107 -0.045021573
-0.313571967 0.025580629 0.711260092 0.615141105 -1.88950996 0.662435268 -0.596231765 0.799968905 -0.172880833 1.654434726 -0.154074467 -1.198379702 -0.330872572 1.35170224 0.684234404 -0.108255396 -0.635007185 1.122762298 -1.544575486 -0.992430321 -0.820792088 -0.761842777 -0.723475575 -1.05307266 -0.351130835 1.023392193 -1.326677507 -0.413811248 1 48 0 9.89125879 -47.05937903 -11.07519702 14.82770576 -37.20750596 -21.50249277 17.9672779 -8.471054047 -10.2382416 -2.756885404 18.48203866 -20.29179812 -32.49402561 26.07069358 -19.4136786 -11.51538553 17.69886193 10.93304231 -4.394590157 -11.03404316 2.319247636 19.62808721 -6.700485097 -8.790718996 -36.15322266 -19.4206605
-0.869423773 -0.592006622 -0.689996993 1.113937215 0.799968905 -0.480644432 0.859924779 -0.723475575 0.403915973 0.459111852 1.48154449 -0.194028142 -0.395725296 0.761842777 -0.194028142 1.868241655 0.115949825 0.313571967 2.318757971 0.589455798 0.517312153 -0.273309407 -0.437790082 -1.869606647 -0.374957187 0.282216147 -0.638609618 -1.062220505 2 37 0 10.42274713 -36.81207943 -46.39184406 -65.36156813 -21.56497198 -5.257079839 50.95589798 -17.45302135 3.833034943 -1.96679323 -9.804418064 -17.23411041 0.3584114 -19.42503754 -8.4044276 -3.815493465 62.42571077 1.99376551 10.0715532 5.242011901 4.268765081 -0.370774071 -33.89454329 -3.131242062 -16.43194893 12.70264667
-0.346704194 1.16283129 0.791638608 0.940543641 1.48154449 0.421391277 -1.48154449 0.859924779 1.952764915 0.940543641 1.324957689 -0.380325642 1.198379702 -0.761842777 -0.096558615 -0.098457992 0.282216147 0.35434957 0.108255396 -0.449513565 -0.689996993 -0.897915184 -0.250152864 -1.714593654 0.192363314 0.330872572 0.363743733 1.374679694 1 33 0 9.698051658 -50.94074929 -2.560513479 50.288315 11.94557935 -35.55929455 21.16775475 9.637555474 -4.295871758 30.45096236 20.87977129 -4.389509374 12.87084583 20.89836289 -29.05005574 -9.462148613 11.29796401 -0.979026132 4.356922878 59.65906712 36.08074518 -3.791867795 -7.97967391 9.984972213 -11.51399587 16.59503008
-0.814454522 -0.250152864 -0.102490508 0.761842777 -0.127802736 -0.791638608 0.366106357 1.071486768 0.421391277 0.524400513 1.593218818 0.872902819 0.233485258 0.049169379 1.087257384 -0.174416101 -0.234219194 -1.868241655 0.223007831 -0.992430321 -0.502402223 0.333891362 -0.482248215 -0.927154825 -0.534175181 0.967421566 2.423196195 0.524400513 2 43 0 10.64063022 63.35751492 33.22942349 -63.09539699 24.0918939 5.855989629 -10.17611365 -2.121948997 23.75443435 -22.34136293 -8.648713643 -5.299248197 3.316230645 -9.888373886 -0.813573565 -26.94630837 -15.34247124 19.93195335 8.335049425 16.24554118 15.85858953 -0.747350583 29.76700364 10.93170673 -12.35859364 -1.348412874
-0.061931623 1.868241655 -1.426076872 0.14798711 0.194028142 1.491605982 -1.608652683 -0.75378157 -1.486091569 1.138523478 1.324957689 -1.374679694 0.430727299 -0.723475575 0.057877565 0.569184749 -1.225627238 1.225627238 1.159742045 1.363136466 0.430727299 0.077203649 1.05307266 0.151843534 1.993983606 0.480644432 -0.025580629 -0.233485258 2 48 0 9.491106188 -72.41182655 21.71072549 -6.171600495 -0.577638609 20.56518937 -11.63557622 7.5972586 -15.91051449 2.448792675 -9.964648183 5.087093604 2.547491152 35.89145407 4.778519131 23.27291442 -4.503093917 -10.2761415 23.34147682 -2.519437698 -0.2195126 20.29793795 13.83861639 6.015352233 -5.315565824 -7.202433807
-0.897915184 0.363743733 0.038573075 -0.051178011 0.628904218 1.329529107 0.273309407 -0.457851931 -1.374679694 0.301921554 -0.416665521 0.944669591 0.799968905 -0.820792088 -1.023392193 -0.927154825 0.351130835 -0.536176266 0.20607197 1.326677507 0.791638608 -0.025580629 0.174416101 -1.426076872 -0.872902819 -1.018075715 1.122762298 -0.170767252 1 21 0 10.46592705 -18.18597292 -0.562290436 37.46435403 22.24667217 65.63768835 1.428560701 -15.4371565 -2.05147977 -17.68476006 27.69538268 -15.5464142 14.55144218 6.153714053 -14.57610278 14.09274139 -14.95405062 1.958788529 -2.936753468 -1.134485954 10.29008839 -13.641669 23.07784207 6.993529112 4.983579571 18.72837948
0.662435268 0.62668735 0.589455798 -0.403915973 -0.273309407 0.589455798 -0.863695653 -0.869423773 1.128143645 1.430608769 0.154870923 0.502402223 -0.172880833 0.239981204 -1.88950996 2.423196195 0.785605288 0.589455798 0.115949825 -0.108523744 -0.421391277 0.569184749 -0.061931623 -0.015473632 0 0.155352778 -0.967421566 0.155352778 1 23 0 9.846352321 -19.18346813 39.91079505 -20.55291585 40.45578343 4.007729405 0.05030483 -9.551032145 34.73494658 27.77508283 -6.567173227 19.83250057 4.314430761 5.317622827 24.41241403 -15.69119098 0.019976541 -20.90818687 0.088106513 8.42577107 -2.202664028 -38.4215782 -5.191575177 -8.177711976 4.691273177 5.555110598
-0.214049476 0.943003696 0.927154825 -0.869423773 -0.569184749 0.347261247 -1.35170224 0.024577261 0.791638608 -0.174416101 0.494873164 -1.288618168 0.213715106 -0.29930691 -0.992430321 -1.018075715 1.281551566 0.744142742 -0.27370189 1.326677507 0.569184749 -1.023392193 0.314572292 0.124101933 -1.122762298 0.703921789 -0.025580629 -1.113937215 1 26 0 9.103854979 -47.99265601 -2.189998208 4.183987743 7.579541564 38.23040573 -45.35768694 -38.33176192 5.507831978 8.133980781 0.66371223 12.07779002 -7.818962647 1.990989199 -11.40349255 4.870448946 0.815779536 3.085272465 -2.804843712 7.33799443 -3.959948017 -4.877566457 22.05984802 -24.60669259 -5.707526606 14.11599299
0.75378157 0.841621234 0.115949825 0.233485258 0.480644432 0.711260092 0.333891362 -0.546655569 -0.346704194 0.447767518 0.437790082 0.333891362 0.279760815 -0.202525183 -0.570074085 0.553024091 -0.019282951 -0.437790082 0.421391277 1.049131398 -0.509831534 -0.171033365 0 0.761842777 0.374957187 -0.615141105 -1.491605982 0.589455798 2 42 0 9.727726464 -66.427696 8.564657144 47.32764331 16.28914435 -4.19491912 -71.69068973 -12.37517638 -13.84796058 -10.01280051 -11.75255212 3.731920703 18.8162519 -10.17911172 -2.697011211 32.97582418 -7.43074104 -19.32758923 -1.211390302 33.23676485 -1.631764181 8.655507387 -10.86891595 0.389198308 19.71782518 1.028647759
0.62668735 -0.89170883 0.248275093 1.281551566 1.486091569 1.654434726 0.333891362 -0.592006622 0.513154662 -0.154870923 0.239981204 1.593218818 1.198379702 -1.014498746 -0.829574037 1.238080336 0.517312153 -0.659143037 -0.27370189 1.363136466 2.387808898 1.88950996 0.506871623 1.683348264 0.799968905 -1.35170224 0.115949825 -0.711260092 2 41 0 10.23539135 -15.98884106 -55.67518174 15.17218488 -6.76879682 28.04357582 1.009752202 3.617699274 7.817660394 0.490327916 -15.15007584 24.2930375 -17.13155291 4.916132461 0.342520003 -1.909664453 14.70690128 -10.24152929 -21.90497614 1.004390966 -29.53152997 38.12068829 14.05773076 -7.537426958 -8.785490468 -4.747752893
1.465233793 -0.569184749 0.664808728 -0.154074467 0.723475575 -0.077203649 -0.154074467 -0.662435268 0 0.108523744 -1.541986299 1.714593654 -0.115949825 -0.744142742 0.90145408 -0.038573075 -1.186831433 -0.155352778 -0.595178533 1.759861028 0.62668735 -0.35434957 -1.05307266 0.024577261 0.437790082 -1.238080336 0.346704194 -0.742759799 1 55 0 9.825465852 -68.35999414 42.06537912 -14.04329974 35.04050718 -7.218091102 -23.80036136 58.86079034 -15.54372787 -0.778521876 -1.251926419 -13.82841049 10.39950281 22.09725511 9.74082689 -0.787341226 -11.05476434 5.370678005 -21.07880456 16.57898132 26.13339938 0.433546806 -7.89608554 11.08387112 -0.969758259 4.012259934
-0.689996993 0.202525183 -0.042498014 0.038573075 1.403412636 0.457851931 0.715053038 1.062220505 -1.329529107 1.952764915 -2.085355566 0.194028142 -0.172880833 0.847795761 -0.828464649 0.174416101 0.174416101 -0.62668735 0.077442409 0.592006622 -1.198379702 0.940543641 1.281551566 -0.569575695 -1.430608769 0.75378157 0.841621234 -0.311919055 1 20 0 9.95295894 46.73535248 78.78634165 33.23520549 30.62152048 5.590907075 11.92708253 -13.77688767 -8.353286981 -1.40140104 8.12407228 -5.48267014 -25.01147644 22.07965658 22.48252305 40.3927062 17.52303025 -0.75126359 -15.10100818 -34.09225997 -27.07798257 18.75995309 34.92700416 9.515931277 7.36178223 -19.00264909
0.828464649 -0.258633067 -0.711260092 -1.993983606 0.437790082 1.608652683 1.214675721 1.654434726 -1.062220505 0.273309407 2.502106473 0.333891362 -0.172880833 -0.482248215 0.43850955 -0.233485258 1.253904984 1.281551566 -0.519448129 -1.374679694 -0.174416101 -0.615141105 0.664808728 0.233485258 -0.392193489 1.122762298 0.723475575 0.413811248 1 24 0 10.54391031 -0.296872906 -5.40686741 6.885019367 30.29942186 -20.85966879 -45.69787484 -0.355945062 9.757183422 33.49540887 13.69070857 20.26825709 24.22550633 4.527103692 -9.902103393 5.279902227 15.25450269 11.65425992 3.088777595 -6.858814792 -11.79612424 3.34782307 27.80211485 -12.76217551 1.657926994 4.438613515
0.869423773 -0.957209469 -0.927154825 -1.128143645 0.742759799 -0.761842777 -1.768825039 -0.266150301 -1.768825039 0.174416101 -0.967421566 1.993983606 -0.509831534 -1.16283129 -0.298355173 -0.570074085 -1.868241655 -1.321182026 0.658519951 -1.014498746 -0.085072957 0.791638608 -0.29930691 -0.077203649 0.869423773 1.253904984 0.855712431 -0.313571967 1 32 0 8.668453147 -10.41155623 55.54559279 6.411821095 -6.079881158 -2.298718233 11.52399742 5.070986977 20.18627076 -16.59008635 9.960555082 5.5812704 -11.27879603 9.446184126 -12.10307006 -9.103442589 -13.82636409 0.17062276 7.519520399 11.93874537 -11.24378761 -4.059828907 -0.042258601 5.345400695 9.153445839 -0.177706632
0.723475575 -0.829574037 1.608652683 1.491605982 -0.863695653 1.05307266 0.703921789 -0.927154825 -2.085355566 1.871870731 -1.421496695 0.077203649 -0.928899492 0.021610546 0.541395085 0.988154632 -1.492404178 -0.62668735 -1.608652683 -0.820792088 -0.233485258 0.213715106 0.927154825 1.363136466 -1.993983606 -0.927154825 0.346704194 1.122762298 2 44 0 9.463392054 78.59705246 47.12785488 51.19749423 39.6724531 -16.1117513 -65.86300034 10.59357439 39.25326279 19.68477463 -3.184198484 -9.89825114 9.833865045 17.14177504 12.33609345 14.01935257 6.620609166 -2.876542394 0.368393524 9.211102217 4.776596704 -15.22530379 10.83059976 1.663618122 -16.60398123 -8.635778546
-0.154870923 0.363743733 -0.124101933 -1.48154449 0.421391277 -0.311919055 0.628904218 -0.437790082 -1.113937215 0.233485258 0.90145408 -0.638609618 1.288618168 0.194028142 -0.171033365 0.544340915 0.14798711 -0.257736636 -0.366106357 0.569184749 0.19788217 0.051178011 1.714593654 -0.437790082 2.387808898 1.238080336 -0.638609618 0.051178011 2 19 0 9.941480447 -71.10622276 -90.82373562 8.036574196 -4.55688365 -4.617488148 -12.569085 9.818293689 23.31366537 7.043781974 -4.735762632 -38.38583128 -11.26259138 -10.15011924 -50.14452238 3.036396072 -4.124564236 4.224117236 3.693770468 -20.37044055 -5.534918121 7.070855717 3.447980979 13.79904863 -3.678884501 5.663539903
-1.768825039 -0.506871623 -1.635039267 1.188674189 -1.238080336 0.988154632 0 -0.051178011 1.491605982 0.380325642 0.927154825 1.159742045 -0.115949825 -1.88950996 -0.430727299 -0.513154662 -0.096558615 0.723475575 0.233485258 0.827130206 -0.214049476 -0.690633454 -0.596231765 0.154870923 -0.553024091 -0.480644432 -0.063771035 -0.869423773 2 47 0 9.762802799 41.85545774 10.08648274 -27.52527504 -79.33880387 -34.86433822 42.74744069 18.31266707 6.055629151 -38.02158323 10.48531351 -14.76451701 -39.69111543 -23.04822003 2.743294945 2.081079279 -31.34939278 6.977694643 -28.09031815 -7.586129628 5.777244809 5.047621469 -11.32138026 99.59952545 12.25446211 -58.6397668
-0.049169379 1.071486768 1.281551566 1.374679694 -0.524400513 0.742759799 0.395725296 0.038573075 1.768825039 1.486091569 -0.817236822 0.333891362 1.225627238 0.658519951 -0.051178011 -1.324957689 1.122762298 0.030950969 -1.023392193 -0.638609618 0 -0.570074085 0.115949825 -0.077203649 -0.967421566 -1.198379702 -0.967421566 1.635039267 2 44 0 10.38567659 -87.79973669 51.40925401 -55.4693257 -20.36886121 15.52023451 21.15265297 8.406607075 -1.668069536 -31.6437271 28.11094982 -12.87345084 -18.87017385 30.55372103 4.336937901 -17.00358521 29.83544206 -18.58759309 -4.942199069 1.538784599 8.142383147 -13.01487912 27.25875188 23.04320729 7.11475896 -2.736804343
0 -0.301921554 -0.615141105 0.154870923 0.615141105 -0.869423773 -0.662435268 -1.486091569 0.038573075 0.403915973 0.313571967 0.333891362 -1.113937215 1.421496695 -2.085355566 1.051337852 -0.421391277 -0.703921789 -1.544575486 1.049131398 0.20607197 -1.225627238 -0.923143931 -0.077203649 0.430727299 -1.654434726 -0.638609618 -0.820792088 2 26 0 9.815954312 -58.99995954 51.89934009 -41.2257269 49.73246693 -15.91488939 -31.86608209 -10.98389754 2.772087848 -22.69808588 -12.59338527 -13.85465218 -0.408223575 -18.15774894 -28.27073059 -2.30700726 -3.74340997 -6.429467372 8.250129845 -10.20526714 -15.7856715 9.827385424 24.89163282 -8.552343211 15.81490517 14.75804136
-1.486091569 0.62668735 1.281551566 -0.218344771 1.768825039 -0.536176266 1.88950996 -0.895779819 1.198379702 0.957209469 1.089661982 1.871870731 -0.919135522 -1.253904984 -0.416665521 -0.174416101 -0.863695653 -0.967421566 1.044408795 -0.449513565 1.608652683 -0.457851931 0.124101933 0.376027366 -0.347261247 -0.380325642 1.965272419 -1.723789988 1 26 0 9.971618397 52.71743163 0.690094996 12.32038506 -9.761891239 32.54262009 21.43434412 -1.219224465 23.225123 15.86861353 14.326653 43.41888743 2.83450213 -17.92822895 11.29640219 16.55653905 3.841395982 0.735678484 -18.37492566 -3.922447326 -7.932227074 6.296126906 -25.92367402 11.42796424 -3.609913889 -21.8132163
-0.115949825 -0.258633067 -1.654434726 -0.814454522 1.321182026 -0.711260092 -0.859924779 0.872902819 -1.049131398 -0.89170883 -0.967421566 -0.721522284 0.464938765 -0.038573075 -0.570074085 0.077203649 -1.540425005 -0.085072957 0.645630749 -1.35170224 -0.927154825 -0.89108913 0.785605288 0.038573075 0.273309407 -0.395725296 -0.480644432 -0.919135522 2 31 0 9.955473184 -0.706306633 60.21486804 8.329142735 49.23579898 2.908586188 6.392484015 14.93819022 -45.89983149 -10.98855988 7.871603122 6.47333343 -3.575384183 8.121594221 -1.367507808 6.588540823 8.405891273 -5.285800161 7.761016441 -16.47485399 -12.5364982 -3.421621056 6.537958666 -4.753794138 0.266320795 -8.638990277
1.374679694 0.025580629 -1.491605982 -0.233485258 -0.43850955 -0.534175181 1.225627238 1.608652683 -1.35170224 2.085355566 -0.686643051 0.607966223 0.615141105 -0.524400513 0.19788217 0.422837544 0.397012796 0.988154632 0.645630749 -1.35170224 -1.253904984 -1.062220505 -0.791638608 0.791638608 -0.213715106 -0.703921789 -0.063771035 -1.993983606 2 41 0 10.37710311 18.48600343 25.19078219 32.80857175 -75.96826953 86.81324099 -15.70795565 -12.42012263 29.33404699 -4.283060873 -19.63994001 -13.69520418 33.79797321 2.414548204 11.16979782 15.59595372 1.909525112 -4.247310589 -3.618094838 3.649940489 -13.64245332 0.212272422 3.385793502 6.14797934 7.949239864 12.93107236
0.570074085 0.096558615 0.421391277 0.536176266 0.513154662 0.43850955 -0.638609618 -0.258633067 -0.859924779 -0.351130835 0.172880833 -0.721522284 -0.330872572 1.551885366 2.318757971 0.395725296 -0.413811248 0.273309407 -1.159742045 -0.293381232 0.615141105 0.89170883 0.35434957 0.967421566 -1.023392193 0.761842777 0.293381232 -0.534175181 2 30 0 9.81933474 -36.57762597 -12.67961788 -26.62003212 7.284673546 47.76415254 -2.937408716 49.09148231 30.22519028 16.85900698 2.94424272 -4.172260107 -14.55458156 13.99794036 -12.25677034 0.938066376 15.69774611 -20.67748745 25.60579842 -11.84314215 -9.059832637 8.820449964 23.82680464 14.41963926 2.321615053 10.91300766
-0.990286919 0.988154632 0.313571967 -0.703921789 2.423196195 0.658519951 0.480644432 0.351130835 -0.799968905 1.062220505 0.437790082 0.202525183 -1.113937215 0.061931623 -1.35170224 -0.615141105 0.592006622 -1.270008415 0.102490508 -0.096558615 0.170767252 -0.721522284 0.480644432 -0.827130206 0.374957187 1.198379702 0.248275093 1.018075715 1 50 0 10.4401062 -50.79559446 -15.18305302 31.8334385 42.73868919 -17.31586566 -13.86713153 -20.53941648 28.85631738 -3.259510943 4.628208126 -10.53696445 3.662935277 -18.03985028 13.89750866 -14.94967797 -11.21116566 -21.10027057 -0.124679379 -9.337651094 27.92023393 -3.894447465 6.027322281 1.251039458 5.327295561 9.426695709
-0.29930691 -0.927154825 -0.098457992 -1.871870731 -0.477995987 0.038573075 1.35170224 0.20607197 -0.194028142 0.703921789 0.135384736 -1.122762298 0.827130206 1.311599883 -0.814454522 -0.927154825 -0.235836786 -0.046435725 0.416665521 0.569184749 -1.723789988 0.721522284 0.988154632 -0.086543368 -1.05307266 0.20607197 1.157878604 1.05307266 2 44 0 9.789728113 -53.27826947 27.41114381 -7.180648838 34.95863097 -69.30121084 0.540568923 0.194211497 32.31634115 -33.96117264 -3.124737442 -10.61668355 -7.344255559 14.43189141 -25.05564747 23.53382284 18.78203059 1.086898588 -4.994298698 18.74878901 -7.310068744 4.783006078 13.10116364 15.5250332 -9.069053209 34.36468752
-0.923143931 1.768825039 -0.233485258 0.703921789 0.711260092 -0.313571967 1.329529107 -1.768825039 -1.465233793 0.174416101 -0.967421566 0.761842777 0.279760815 -1.329529107 -0.992430321 0.524400513 -0.855712431 0.042498014 -0.233485258 1.715754984 -0.170767252 2.423196195 -0.313571967 -1.215598434 0.194028142 1.491605982 -0.967421566 -1.374679694 1 44 0 8.789383088 41.41868315 40.51537556 38.20324023 -19.33920692 81.37328942 16.4300619 -26.84121324 11.14470923 -34.79913929 -41.66047031 -8.047044237 25.44991914 -21.58216042 3.579267351 -7.091308155 19.59367273 -12.79321206 29.63895691 4.943766816 21.45416142 -13.04357504 0.306778865 9.375181538 1.32828767 0.74426887
0.711260092 0.127802736 1.321182026 0.596231765 -1.324957689 0.313571967 0.615141105 -0.061931623 -0.967421566 -1.05307266 0.258633067 1.044408795 0.279760815 0.978987397 0.761842777 2.318757971 1.993983606 -1.993983606 -1.683348264 0.266150301 0.89170883 -1.491605982 1.486091569 0.645630749 -0.063771035 0.535082815 1.560490269 0.658519951 1 44 0 9.958544089 81.3419582 -27.46219449 53.39551361 48.86308691 46.66583925 15.7229666 -23.91119279 -1.86116515 -35.60285666 -5.688108435 10.77615477 1.570112604 -15.20742649 33.73723449 -20.5968141 -38.34078411 11.70621907 -19.72375744 13.53459612 -7.004963403 7.999931101 6.5067031 10.82196865 -22.15107973 -27.04774044
-0.218344771 -1.198379702 -0.517312153 0.583848813 1.560490269 -1.281551566 -0.558839611 0.967421566 -1.071486768 -0.806849691 -0.659143037 0.684234404 0.213715106 -0.895779819 0.139710299 0.154074467 -0.686643051 0.154074467 1.374679694 0.194028142 0.615141105 -1.324957689 0.869423773 -0.787422666 0.174416101 0 -1.225627238 0.194028142 2 30 0 9.664996518 -73.22177977 28.31158849 25.5718025 17.27868099 54.52487719 10.17081419 11.09593306 -12.1950201 -1.894198873 17.56041085 -27.93391086 25.72264533 5.750392523 -12.41400164 0.769469549 -10.22412002 -3.281911832 18.01786946 -4.336360435 -8.416724112 0.776782579 -0.583553017 17.17855495 -4.797812029 11.23123528
0.89170883 -1.786155561 -0.967421566 -0.273309407 -0.413811248 0.102490508 0.273309407 -1.087257384 -1.023392193 -0.988154632 0.592006622 -0.233485258 -0.524400513 -0.250152864 -1.768825039 0.35434957 0.664808728 -0.038573075 -1.253904984 -1.374679694 0.273309407 1.198379702 -0.988154632 0.544340915 0 0.154870923 0.346704194 -0.154870923 1 27 0 9.338367274 5.212603874 16.52486912 -25.74567469 18.27570292 -16.90015562 -18.3988768 -20.26516569 -24.31595381 -2.918136335 -11.05294231 1.544281318 16.69841182 -0.419757142 3.275670066 17.66464192 15.33934555 23.19532385 -6.816326404 -0.637828186 19.98567574 -1.112224086 -8.218107655 -1.773123066 10.63947231 11.47139019
-1.281551566 0.313571967 -0.506871623 0.477995987 -0.570074085 -0.583848813 -1.868241655 -0.155352778 -0.615141105 0.374957187 0.313571967 -0.711260092 0.524400513 -1.465233793 0.662435268 0.29930691 -0.499703382 -1.426076872 -0.869423773 -1.993983606 0.077442409 0.333891362 1.952764915 1.281551566 0.785605288 0.791638608 -0.570074085 1.88950996 2 56 0 9.218769817 52.53056782 8.543850434 -7.314849763 15.38628151 -47.51689798 48.36045482 16.84977355 0.513192187 24.17075604 -21.40622075 8.557983054 18.42412309 -25.07768718 15.33959485 -20.58402844 5.073506255 18.51324479 -2.014405671 4.488219313 -2.17089316 -1.891453256 7.420221107 5.179431033 25.46219239 -2.017717963
0 -1.188674189 -1.188674189 0.869423773 -0.235836786 -0.403915973 -0.154870923 2.423196195 0.919135522 -1.48154449 0.313571967 -0.086543368 -0.928899492 0.35434957 -0.480644432 1.129657221 -0.314572292 1.486091569 0.506871623 -1.786155561 -0.279760815 0.115949825 0.923143931 -0.446588205 -0.366106357 -0.524400513 -0.135384736 -1.198379702 1 23 0 9.443436406 93.07363015 4.809002554 -53.54995873 -20.37781387 5.163708344 -16.84568079 -8.232451732 9.219391551 -9.944190935 -39.24794868 -21.52096113 -5.488905803 22.83720119 5.383573649 21.8916982 7.123609414 -46.69785074 37.67471834 1.946472845 -21.93445258 25.86004421 14.2011778 1.969249315 2.879090224 0.409293088
-1.321182026 -0.689996993 -1.35170224 1.593218818 0.14798711 -2.085355566 1.138523478 -0.403915973 -0.744142742 -0.703921789 0.313571967 -0.638609618 0.464938765 1.071486768 -0.742759799 0.233485258 -0.235836786 -0.638609618 -1.628361407 -0.293381232 -0.279760815 1.48154449 0.482248215 -0.313571967 1.062220505 0.346704194 0.248275093 -0.030950969 2 50 0 9.550919007 53.48441334 -21.48194803 -79.73333929 10.0338288 -35.54357166 4.321400488 23.48722337 -9.398001772 6.152333134 -25.64848121 22.91697459 5.96098799 -3.709321473 19.00511396 -11.00097694 9.609244741 -20.61772994 9.473304428 6.093544109 -8.588750152 -3.308372583 -2.102120271 17.20093381 -7.835938199 -9.613897004
0.346704194 -0.301921554 1.198379702 0.658519951 0.29930691 0.35434957 1.714593654 0.482248215 -0.988154632 -0.536176266 0.506871623 -1.486091569 -1.159742045 -0.038573075 0.638609618 -0.967421566 -0.502402223 -0.841621234 1.48154449 -1.869606647 0.186756121 -1.486091569 -0.124101933 -0.096558615 -0.927154825 0.662435268 -0.057877565 0.967421566 2 39 0 10.62430241 25.10382138 9.755367371 11.73221236 45.36412153 -13.88581195 -24.43634931 2.421251302 25.42321259 -38.14089735 -47.81318096 -35.16210782 15.27206231 -3.81038935 4.760505283 -7.897869621 -0.043947512 4.452745105 -7.768323541 21.08477755 -8.034653493 -26.1348687 -0.827027749 -10.9446983 -22.01179632 -10.9063795
0.347261247 -0.077203649 -0.313571967 -0.477995987 -0.115949825 1.018075715 -0.517312153 -0.098457992 0.392193489 0.233485258 -0.569575695 -0.025580629 0.464938765 0.828464649 0.325109711 0.841621234 1.374679694 -1.363136466 0.311919055 -0.662435268 -0.615141105 -0.897915184 -0.233485258 -1.288618168 0.592006622 0.536176266 1.225627238 -0.051178011 1 51 0 10.01820681 -36.1344809 15.47132013 5.682477625 -5.381509336 18.82855634 17.71546638 -7.032965359 -5.653406391 39.4521974 22.84106171 -40.43128266 36.20363061 0.83949347 -15.26537485 -16.51245099 -14.26667816 2.049484733 -38.84856551 -12.19383862 17.46551308 -18.14585537 -5.283153343 16.29128924 -8.455130108 -5.178109136
-1.35170224 0.990286919 -1.023392193 -1.48154449 -1.122762298 2.502106473 0.477995987 -0.799968905 0.635007185 1.087257384 -0.911429786 0.841621234 -1.159742045 1.051337852 -1.871870731 -1.871870731 0.135384736 -0.154074467 1.48154449 -0.096558615 0.513154662 0.615141105 0.534175181 -1.281551566 1.329529107 -2.085355566 -1.198379702 -0.218344771 2 33 0 9.711501725 47.31052913 -63.85437249 32.76179919 19.04383134 29.9288764 17.06455689 3.233806273 29.49861451 -41.0978241 -0.543771865 -4.994753326 7.343251259 5.873923915 9.498600026 -16.24118302 13.30000576 -9.736730013 -38.0215872 -1.405055997 17.26073348 1.00664162 -33.15835935 -15.21521454 -1.09492486 5.508976636
0.170767252 -0.787876017 1.491605982 -1.05307266 -1.374679694 0.051178011 -0.437790082 -1.654434726 0.154870923 0.628904218 0.828464649 0.757117298 1.159742045 -0.258633067 1.159742045 0.828464649 0.135384736 -1.768825039 0.911429786 0.266150301 -1.491605982 -0.68788465 0.102490508 0.596231765 -1.363136466 -0.742759799 1.281551566 -1.491605982 1 21 0 10.09382085 28.8353355 -48.69117143 10.79593783 33.68432449 -8.997973393 -29.03774134 43.6564065 -8.233887029 33.16829221 -22.5046244 -4.798801021 -10.12317697 -9.905597497 23.38473357 10.88095858 -16.43771641 21.37253211 14.58831645 30.22128066 -4.996606629 3.880802708 -13.76874839 10.17218878 15.72135116 3.36348925
-0.992430321 -0.723475575 -0.115949825 -1.491605982 -0.869423773 1.238080336 1.23889438 1.491605982 -1.608652683 -0.628904218 1.394173209 0.092971849 -0.928899492 -0.711260092 1.049131398 1.071486768 -0.311919055 0 1.023392193 -0.638609618 -0.077442409 -1.560490269 0.736315917 -1.05307266 1.88950996 -1.88950996 0.967421566 -0.186756121 2 47 0 9.365465618 -101.4607324 -1.464821597 23.96598714 44.35871396 -53.32517266 22.66736211 2.06998379 13.98391948 1.824307888 1.669392726 9.827494475 1.870012421 22.39344592 32.20044975 -25.08007077 -0.239799178 16.02479775 -27.04584294 -20.31986127 -17.61422017 -1.480021626 -2.50894559 -4.181036706 -6.425988024 -3.097787584
-0.711260092 0.213715106 -0.311919055 -0.395725296 -0.250152864 -1.491605982 0.711260092 -0.62668735 -0.477995987 -0.686643051 -0.352933986 -1.608652683 0.464938765 0.729792154 0.325109711 -0.480644432 1.329529107 0.662435268 0.535082815 -0.482248215 -0.68788465 0.392193489 -1.952764915 -1.067570524 0.024577261 -0.298355173 -0.135384736 0.35434957 2 23 0 10.4745911 -22.50673789 -14.52183194 -9.640901 -51.26793021 -47.08006165 -33.97104794 21.32650142 -45.26359179 -6.262206777 19.70363036 -14.91621418 -4.467303905 -1.728694356 -24.2697383 4.410105722 6.685530371 -36.60837492 9.978924379 18.01994448 -4.312887982 -0.243438113 8.245109131 -0.080963746 -20.47889939 -9.172200753
0.863695653 -1.415702094 -0.273309407 -0.75378157 -1.018075715 -0.927154825 0.351130835 0.218344771 0.517312153 0.421391277 -0.073791274 -0.092971849 1.05307266 -0.524400513 0.325109711 0.872902819 0.923143931 -1.608652683 0.761842777 -0.233485258 -0.218344771 -0.030950969 -1.071486768 2.085355566 0.988154632 -1.324957689 0.346704194 1.198379702 1 62 0 9.030148487 12.25018776 5.117342308 16.92845677 -17.30423744 -50.3611078 17.72900775 65.70085406 -71.2180563 3.913104838 -4.487058993 45.9210834 -64.87912424 -5.834845811 -26.8217033 2.829452291 -10.62300351 -5.613376467 1.333098679 -1.267891259 -3.713313748 21.55764149 8.202302016 -10.33827563 6.123593982 -20.86673925
1.225627238 0.213715106 0 1.253904984 -0.380325642 1.714593654 0.535082815 2.502106473 1.768825039 -1.768825039 -1.281551566 -0.380325642 -0.524400513 0.570074085 1.374679694 -0.723475575 -0.742759799 -0.154870923 -1.945422591 0.376027366 -0.524400513 -0.820792088 -0.829574037 0.589455798 1.768825039 -0.273309407 -0.967421566 0.233485258 1 31 0 9.565180799 79.57872 88.30361491 8.209545156 40.35479444 24.77811015 30.53847622 10.62114372 24.52367841 -10.43377602 42.00240084 7.929667221 0.150485784 35.12768251 12.2733049 2.470000502 9.321025986 9.613655825 7.340312266 25.28152792 3.634723978 15.86313136 -20.3613372 28.98579569 7.45370633 18.15452004
0 1.007435601 -1.18179227 -0.711260092 0.744142742 0.35434957 0.258633067 0.077203649 -0.485786363 0.711260092 -0.076808976 -0.377391944 0.279760815 -1.05307266 0.615141105 0.967421566 0.077203649 -1.270008415 -0.911429786 0.786845099 0 1.635039267 1.071486768 0.541395085 0.791638608 -1.062220505 -0.19788217 -0.869423773 2 31 0 10.18733655 -89.48489569 25.75722818 -9.930050745 43.73940593 32.12443608 30.26500576 98.54807344 17.049164 40.12201214 -22.13814431 -1.203910704 11.56319159 -14.7200678 5.329945181 -3.575978329 1.392625967 17.6366683 8.586370891 9.131465619 -6.523375819 -0.066679743 -0.302104557 15.76051664 -21.6102784 7.862506811
-0.524400513 -0.250152864 0.282216147 -0.662435268 -1.403412636 -0.35434957 2.423196195 -1.952764915 -0.314572292 0.524400513 -0.645630749 1.05307266 -1.869606647 -0.380325642 0.711260092 1.215598434 0.085072957 -1.465233793 0 1.05307266 0.154074467 0.063771035 -0.019282951 0.615141105 -0.057877565 -0.869423773 -0.827130206 -0.437790082 2 38 0 10.23469375 94.59066765 -7.631230253 14.9128531 43.59161364 16.09848481 10.95819496 -40.33325769 56.69780994 1.824445908 5.890272271 16.73861644 -38.8133559 38.83000857 1.844988266 18.38213444 -11.98981573 4.332685643 -23.23486271 17.19120499 4.40053782 3.423728587 12.824446 9.005634255 -13.65114916 -0.310532089
0.030950969 0.311919055 0.102490508 1.374679694 0.569184749 -0.761842777 0.872902819 -0.546655569 -0.869423773 0.030950969 -0.258633067 1.374679694 -0.395725296 -0.879167718 1.292805229 -0.29930691 1.48154449 -0.313571967 -0.253347103 1.993983606 -0.524400513 0.703921789 1.465233793 -1.05307266 -1.465233793 -1.374679694 0.248275093 -0.828464649 2 22 0 9.545309969 21.23708273 -22.28473357 25.5852878 -84.41075345 -1.34640263 -21.36048273 -15.38005295 5.034603124 -28.90495435 21.52882957 -4.624323221 12.66386986 -33.95706076 -5.12374632 -9.130326875 -1.892491165 6.457490159 24.20714615 23.58182885 0.51777728 -2.875056299 6.155102981 -24.25467555 8.95484655 26.108989
-0.282216147 0.363743733 -0.723475575 0.366106357 1.198379702 -1.993983606 -0.248275093 0.194028142 1.214675721 -1.374679694 -1.540425005 0.285174828 0.051178011 -0.064872066 0.437790082 2.502106473 1.723789988 1.138523478 -0.872902819 0.761842777 0.279760815 0.127802736 0.051178011 -1.551885366 -0.194028142 1.374679694 0.346704194 -1.198379702 1 19 0 10.48877149 -102.6529591 -19.97667208 36.17434571 -27.84617628 -41.00883622 13.90711718 -14.85352613 9.499664904 -8.853785538 12.16922541 15.24017285 34.46468867 3.103323078 10.91664543 -9.954341874 10.0875893 7.656389087 1.705099882 27.22844248 -9.65133553 -4.860924019 11.31507995 -22.44625619 -16.36251896 3.401730574
0.154870923 -0.301921554 0.437790082 1.018075715 -0.967421566 0.437790082 -1.128143645 -1.714593654 -1.768825039 0.615141105 -1.324957689 0.195722227 1.214675721 -0.108255396 1.373839467 1.635039267 1.188674189 1.993983606 0.841621234 0.376027366 -0.662435268 -0.077203649 -0.170767252 0.535082815 1.723789988 -1.952764915 -0.202525183 0.583848813 1 40 0 9.097314511 -148.8957598 -25.88232909 30.07521174 -10.0774844 69.13776619 65.13672402 -66.48143095 -56.3835403 -60.89677404 6.583530076 -37.07775949 3.585792861 22.41631411 1.415291333 -13.04815085 11.65686972 2.603336819 2.236548725 -21.38395557 15.80122878 13.11000781 -16.09846769 -15.72908525 -14.34483093 5.192736727
0.869423773 0.154870923 0.092971849 -0.742759799 0.43850955 -1.023392193 -0.502402223 -0.421391277 1.329529107 1.768825039 0.978987397 -1.635039267 -0.684234404 0.872902819 -1.993983606 1.214675721 0.940543641 2.387808898 -1.05307266 0.988154632 -0.374957187 -1.635039267 0.872902819 0.67448975 1.140117653 -0.457851931 0.869423773 0.115949825 2 47 0 9.979671962 -116.4757826 -50.16191185 -0.091437954 27.67282313 -23.28718709 -32.82637666 28.48909791 -22.6463996 -8.84209198 -7.076981947 39.64577904 -2.428059827 -3.724005571 -59.04643381 16.20256489 -4.429898414 8.077994513 -24.28923505 -0.945987733 -23.67039195 -3.425825715 0.398307878 -31.00167259 3.31436333 -6.839557754
-0.583848813 0.599229868 -1.18179227 0.513154662 -0.301921554 0.482248215 -0.250152864 1.993983606 -1.140117653 1.993983606 1.087257384 -0.446588205 -1.159742045 0.395725296 1.993983606 -0.333891362 -1.122762298 -1.225627238 0.757117298 1.363136466 -0.313571967 -0.366106357 -0.689996993 1.374679694 -0.990286919 0.814454522 -0.202525183 -0.664808728 1 53 0 10.20129925 9.78975627 28.25481961 41.32681599 8.943039553 4.999926164 27.62279633 -0.556593076 -42.05166584 -13.37664758 -23.73091728 -15.53302694 -4.284552147 13.35051337 23.60654129 -25.3099933 -0.922393677 -2.186357483 -12.54790123 5.075894299 2.472914293 -2.939473659 7.251784112 -12.4484931 3.675335522 21.31535546
-0.988154632 1.768825039 0.859924779 -0.569184749 0.437790082 0.869423773 -1.723789988 1.140117653 0.723475575 1.188674189 1.965272419 -0.077203649 1.214675721 1.608652683 -0.077442409 -1.05307266 -1.374679694 1.374679694 1.715754984 0.194028142 0.596231765 1.113937215 -0.988154632 -1.945422591 0.172880833 -0.154870923 -0.480644432 0.62668735 2 20 0 10.64922485 64.02529194 -18.90638825 -27.93357539 -10.46415826 -30.50690754 8.062166675 -25.06994399 21.23143982 5.590192312 -24.05683616 -8.402574997 55.61776194 -21.4981649 -30.257907 1.366232327 7.942597419 21.74392852 -0.624331229 18.83281715 27.29520802 33.36361392 1.790874083 -8.904022138 49.47383063 17.52524615
0.096558615 1.868241655 0.43850955 0.437790082 0.814454522 -1.868241655 0.927154825 -0.742759799 0.447767518 1.723789988 -0.092971849 1.88950996 0.841621234 0.569575695 -0.786845099 0.787422666 0.27370189 -0.869423773 1.020076233 -0.957209469 0.098457992 1.023392193 -1.128143645 -0.430727299 -0.154870923 1.608652683 2.387808898 0.477995987 2 41 1 9.284679001 -7.742273674 89.05694916 18.94286586 39.61855457 -62.24125174 -31.72707963 -27.28190094 13.63998882 1.86253816 -10.30201015 4.680375485 16.99605124 21.7784122 -0.180843708 10.03751354 -5.122652037 20.02294259 -19.62153948 -41.63702296 -9.560552847 -28.19035189 1.300562059 19.4805801 -56.32898202 -7.883998097
-0.127802736 0.437790082 -0.077203649 -0.273309407 0.534175181 0.395725296 0.569184749 0 0.29930691 -0.988154632 0.128239826 -0.847795761 0.464938765 0.250152864 0.684234404 -0.154870923 -1.100334419 -0.787876017 -0.791638608 0.437790082 1.05307266 -1.253904984 -0.085072957 -0.927154825 -0.761842777 0.689996993 -0.313571967 0.273309407 2 26 0 9.935278649 -11.75057143 2.41156406 21.63621544 -3.824525107 4.681385053 -13.86558834 8.415727287 24.11979523 -9.59761076 37.44029961 -22.69473724 -5.469327563 -25.40458734 6.098495203 -20.48947848 -16.25768899 6.580458286 5.728716869 10.71552549 10.68458512 0.100172586 5.958817043 -7.663539847 -1.516512677 -6.705149018
0.940543641 0 0.742759799 0.35434957 0.785605288 1.768825039 -0.392193489 0 0.927154825 2.387808898 1.993983606 0.108255396 0.430727299 1.188674189 -0.298355173 -1.635039267 0.135384736 -0.569184749 0.077442409 0.351130835 -1.020076233 0.799968905 -1.253904984 1.020076233 -0.049169379 0.135384736 -0.415240161 0.038573075 1 48 0 10.32785533 -46.71352004 30.17097492 -29.89708304 -41.74287508 6.707557829 -42.96798729 -12.48869821 -36.57452532 -5.076925513 29.70823277 6.172827088 12.46700319 21.26461287 -37.48768045 18.74720718 19.09141655 -2.676421035 -2.051512759 40.17652798 -19.88715816 -16.78935911 -12.78042537 -5.981754995 -0.564787722 1.334864164
-0.077203649 -0.686643051 -1.018075715 -0.038573075 -0.723475575 0.124101933 1.374679694 -0.664808728 -0.124101933 2.423196195 0.592006622 -0.565948822 1.159742045 0.421391277 1.087257384 -0.841621234 0.943003696 1.049131398 -0.330027332 -1.465233793 1.871870731 -0.988154632 0.524400513 -0.194028142 1.044408795 -1.281551566 -1.683348264 0.233485258 1 33 0 10.40502838 25.0976972 36.93221685 -63.82720513 12.88157653 -19.47506007 -19.78794984 38.46823612 -6.27597286 -14.41843107 0.587282613 -16.23124577 -11.87049764 34.04994515 -10.7155432 2.218683872 8.680992002 -16.70829463 13.73735404 -7.824554103 -0.757948091 8.868401621 -10.71759032 4.238624438 21.83482505 -4.545408594
1.608652683 -0.785605288 1.253904984 -0.919135522 2.387808898 0.233485258 0.814454522 -0.437790082 0.988154632 -0.814454522 -0.820792088 0.517312153 -0.057877565 -1.35170224 0.449513565 0.273309407 -0.943003696 -0.517312153 -0.380325642 0.761842777 -1.253904984 -0.686643051 -0.073791274 1.714593654 -0.314572292 0.233485258 0.480644432 0.89170883 1 41 0 9.828369752 -55.72352165 -0.782070189 24.79977199 46.49827871 20.97246629 -36.72912893 7.409783043 10.35164385 9.279064398 9.093836357 13.14349096 14.54514151 41.68633658 -3.059105134 0.99237112 -14.26162207 15.5532519 23.16689617 7.722420622 3.344378155 -4.725319755 3.552602647 -12.35328032 -0.588944867 -6.522901762
0.919135522 -0.829574037 1.993983606 -0.127802736 1.198379702 0.89170883 -0.761842777 2.318757971 -1.374679694 -0.038573075 -1.324957689 0.298355173 -1.020076233 0.108255396 0.085072957 1.198379702 -0.273309407 0.785605288 0.239981204 1.326677507 1.654434726 0.872902819 1.768825039 1.099374065 1.374679694 0.477995987 -0.415240161 0.380325642 1 41 0 9.997851281 -70.05100889 13.67090702 24.51296034 41.91722209 -44.19566854 10.1715884 27.73271611 -33.93583021 37.71871113 -13.16299611 3.348876705 3.743161114 4.204923516 0.739727522 13.79241275 -6.38582845 -22.39756098 -17.94000851 23.49360944 3.497637805 7.16138475 16.18300025 6.157162793 1.26586859 19.52353659
-0.485786363 -1.087257384 -0.154870923 0.799968905 1.140117653 0.662435268 0.092971849 -1.018075715 0.814454522 -0.046435725 0.015473632 -0.194028142 0.279760815 -0.895779819 1.714593654 0.35434957 -0.346704194 1.122762298 -1.650868485 1.129657221 1.683348264 1.654434726 0.615141105 -0.638609618 -1.128143645 0.628904218 1.157878604 -0.814454522 1 47 0 9.534696388 31.99338421 45.29194291 -39.37129895 -72.50183955 11.80166772 26.15680533 50.04832031 31.4746944 -3.37090817 1.086386972 -33.11489193 15.75965424 -2.020545991 37.90004581 -13.56391272 3.408409 -5.4781545 13.68058418 4.056738897 -34.17379542 -2.056543465 5.166884996 6.039118707 5.813947284 -11.46632633
0.68788465 -1.198379702 0 -0.583848813 0.524400513 -0.814454522 0.174416101 0.791638608 -1.225627238 1.05307266 1.087257384 -1.486091569 -0.115949825 -0.313571967 1.993983606 0.470593522 1.48154449 0.457851931 0.723885875 1.129657221 -0.174416101 -0.447767518 0.311919055 -0.569575695 0.744142742 -0.791638608 -1.35170224 0.124101933 2 39 0 9.754448105 -48.07483666 -90.35705339 26.27934863 -36.18464629 24.71676153 -14.90451315 23.50175837 40.60864074 13.84468762 -30.28119818 -17.90556202 11.29388746 12.41829681 -1.558592398 -20.65530342 12.42137147 37.81075501 20.03382559 12.06031512 -3.250038031 1.955706302 -9.850680565 12.24882114 -10.14676125 -6.886569374
-1.993983606 -0.829574037 0.569184749 -0.872902819 0.553024091 -0.596231765 1.993983606 2.423196195 0.761842777 -0.29930691 -0.233485258 -0.380325642 1.198379702 -1.326677507 0.128239826 1.945422591 0.392193489 -0.218344771 -1.214675721 -0.981125996 -0.273309407 -1.952764915 -0.482248215 2.502106473 -0.115949825 0.990286919 0.662435268 0.485786363 1 19 0 9.931230073 -19.16020467 41.28861739 -44.26254858 36.37893134 37.60436354 -16.85310217 -15.93294872 30.77588164 11.98968245 -21.40220328 44.04627297 17.28247638 5.454770282 25.07400461 -4.551528364 -19.486075 -6.702274619 -31.33478112 8.813216282 5.193567402 11.46838526 -0.283323274 0.337917382 0.656271524 -4.649767763
0.553024091 -0.829574037 -0.273309407 -0.761842777 0.194028142 -1.608652683 -0.791638608 0.615141105 2.387808898 0.658519951 -1.087257384 0.447767518 -0.395725296 1.129657221 -0.62668735 -0.20607197 -0.502402223 0.841621234 -0.077203649 0.376027366 -0.115949825 0.139710299 -0.761842777 -1.415702094 0.89170883 1.128143645 0.248275093 -0.761842777 1 23 0 10.44492958 -1.84904881 51.42985605 -34.57462487 -61.31542398 -37.00956437 -12.93482852 -3.045941345 23.3640911 0.645453899 8.779586465 2.712443896 -21.46785313 11.41657045 22.19860832 -2.778164675 7.858872639 -13.41805823 -1.983770818 -14.19187616 -23.16899328 -6.364273282 -5.304852916 6.334126286 0.320051654 -4.753134682
-0.68788465 0.27370189 0.569184749 0.570074085 0.828464649 0.392193489 -1.993983606 -0.314572292 -0.820792088 1.426076872 -0.513154662 0.202525183 -0.366106357 -1.993983606 -0.583848813 0.258633067 0.232272293 -0.077203649 1.324957689 0.988154632 -0.413811248 -1.326677507 1.238080336 -0.430727299 -0.250152864 -0.085072957 -0.415240161 0.869423773 2 22 0 9.953563614 -5.626132524 2.290953281 61.72442439 -102.343229 14.61666502 -54.0073946 24.6660513 29.94538435 32.62434679 14.14452441 -13.96871487 20.24346914 -1.270773725 -4.5559158 3.774318432 10.6282276 15.03337122 -16.42561334 -6.194965446 15.65224932 18.81143447 -17.40115444 5.430738907 -26.37956181 1.374215062
2.423196195 0.213715106 -0.482248215 -0.569184749 0 -0.115949825 0 0.077203649 0.098457992 0.374957187 -1.818645593 0.470593522 -1.159742045 -1.171546171 0.025580629 -0.258633067 -0.061931623 -0.736315917 -0.253347103 -0.248275093 0.820792088 -0.29930691 -1.225627238 0.29930691 0.258633067 0.872902819 0.346704194 -0.077203649 1 46 0 10.90616718 -27.06396486 -39.66977578 35.67305636 -12.21814686 -12.26046658 31.40114533 -12.24068021 15.29805275 -16.66359104 7.05030598 -2.283223469 28.84910708 -28.56156958 11.36615158 2.28559476 -16.91837322 -0.745039192 7.343341814 -1.892495575 -5.684941356 -13.95178961 -10.56086142 17.31081081 1.337449324 -2.189297221
1.122762298 -1.321182026 0.477995987 1.198379702 -1.225627238 1.593218818 1.05307266 0.785605288 0.061931623 0.43850955 0.128239826 -0.565948822 0.464938765 -0.480644432 -0.517312153 -1.311599883 0.814454522 1.48154449 0.313571967 -0.957209469 0.038573075 -0.761842777 0.736315917 0.021610546 -1.05307266 -0.218344771 2.333768575 1.324957689 1 45 0 9.769919238 -41.50110605 32.48534318 19.28019053 -37.07948264 26.03710807 57.65218781 80.90259398 0.74503808 -1.769756925 4.956253466 25.51658041 10.06628265 6.674592988 12.23163339 -15.93565523 -25.65285308 11.75079299 -6.01996138 -18.33633344 4.433877573 -12.74224234 12.14947112 9.354674792 6.136707667 5.782106866
0.172880833 1.220640349 0 -0.313571967 1.430608769 -1.608652683 1.430608769 1.018075715 1.88950996 0.589455798 0.721522284 -0.092971849 0.841621234 -0.351130835 0.213715106 -0.186756121 1.654434726 0.447767518 0.077442409 -0.293381232 -0.127802736 0.395725296 2.085355566 1.363136466 -0.569184749 -0.89170883 0.346704194 0.347261247 1 24 0 9.673798476 3.941191071 -9.287770957 24.74152719 27.96966601 12.07188692 14.26860997 -1.708679699 4.688686716 -1.554519519 -16.53916195 -25.50499563 -27.87333234 -18.15029054 21.84764944 5.683903291 -40.71239361 3.49306863 3.998063369 -6.438289772 -5.616310465 -4.752023142 3.696738003 -13.33220379 -17.80028096 -7.934956066
-0.403915973 -0.607966223 0.482248215 0.859924779 -0.820792088 1.122762298 0.761842777 -0.480644432 1.48154449 0.869423773 0.90145408 1.05307266 -0.172880833 1.281551566 -1.288618168 0.28471556 -1.993983606 1.723789988 0.422837544 0.592006622 -0.923143931 0.541395085 -0.785605288 -1.067570524 0.35434957 0.073791274 -0.393598416 1.403412636 2 27 0 9.820565796 30.47452995 -3.838605387 -54.68203827 33.03858819 -37.87954084 12.67201203 29.75833912 -59.25415713 -21.98206593 -38.03223668 10.00105471 7.454431138 20.84474495 15.21400518 -9.236117907 -37.2290026 6.37562102 5.996690311 6.727928615 -17.32369295 11.53419081 -2.079811739 25.90740312 6.412837706 -5.283981227
-1.198379702 0.943003696 0.077203649 0 0.19788217 -0.689996993 -0.723475575 -1.491605982 0.589455798 0.744142742 -1.993983606 -1.288618168 -0.919135522 1.768825039 -0.416665521 -0.729792154 0.024577261 -0.194028142 0.841621234 -0.248275093 -0.761842777 0.662435268 -0.186756121 -0.638609618 0.369353294 0.711260092 -0.202525183 -0.14798711 1 23 0 10.6893275 6.722672519 -9.018091595 -54.1004726 -63.38204699 5.158131558 -44.23617234 -20.31999858 -40.65568092 28.24983228 -10.41423144 3.218717986 -4.825955293 10.49196169 15.74839485 12.3718461 -1.02166001 1.222951261 -4.558266897 23.96425085 11.77231154 -11.14452335 -18.42627428 7.475123423 35.68932668 0.363609587
-0.19788217 0.599229868 -0.569184749 0.038573075 0.761842777 -0.480644432 -0.115949825 1.321182026 0.170767252 0.536176266 0.019282951 -1.635039267 1.225627238 0.437790082 -1.020076233 -0.524400513 0.347261247 1.608652683 0.098457992 0.351130835 -1.993983606 0 -0.583848813 -0.086543368 0.761842777 -0.298355173 -1.683348264 -0.457851931 2 25 0 9.073385862 -61.78334674 42.62107483 16.60633184 15.88918429 -33.55400083 4.106405926 3.75783998 53.31265467 -21.28784708 39.39979339 11.91111465 -3.758754219 -21.64502282 19.17295867 -29.61816199 -6.745947959 -5.569647954 -22.48665304 -16.19463361 14.69534623 -6.205357007 -22.7196303 -9.666652071 11.40659702 5.748711885
0.313571967 2.160044423 -0.703921789 0.689996993 -0.351130835 1.324957689 -0.771048869 -0.736315917 0.085072957 -0.571145181 0.186756121 -0.262282765 1.225627238 -0.895779819 0.346704194 -1.654434726 0.628904218 -0.397012796 -0.872902819 -1.014498746 2.085355566 -0.897915184 0.513154662 -0.911429786 -0.967421566 -0.313571967 -0.415240161 -0.421391277 2 18 0 10.07394454 -73.51073046 -3.63031862 -43.63606506 20.02444331 34.4197997 10.17026547 19.88852286 -38.65148879 2.555326623 53.91171742 -17.60492779 16.26918295 15.62725438 6.169436719 7.940120793 12.61682681 -6.765057319 -1.170935141 10.05145607 17.41498583 6.997445406 31.05712131 -20.0780791 -2.90977948 -49.0162755
-1.238080336 -0.258633067 -1.062220505 -0.723475575 -1.281551566 -0.194028142 0.919135522 -1.281551566 1.993983606 -1.188674189 -0.437790082 1.023392193 -0.395725296 -0.75378157 -0.135384736 0.940543641 1.593218818 0.051178011 -0.061931623 0.266150301 -1.140117653 -0.392193489 0.615141105 1.281551566 0.092971849 -0.351130835 -0.829574037 1.560490269 2 25 0 9.443031857 -16.49720688 1.95929976 13.81705586 13.99951596 31.23134608 62.95582291 28.78965755 -2.765555288 -23.11860857 -24.01638135 -4.521045288 31.27036984 15.36430361 6.740688673 -10.12925401 -7.852733502 2.450894169 66.66642859 18.53878088 7.557264388 -9.561176476 9.162076645 12.22846337 2.391260232 -11.69967139
-0.553024091 -0.077442409 -1.993983606 0.517312153 -1.05307266 -1.188674189 0.030950969 0.927154825 -0.170767252 1.465233793 0.828464649 -0.565948822 2.423196195 0.911429786 -1.446103593 -1.714593654 -0.051178011 -1.281551566 -1.05307266 -0.869423773 0.194028142 -0.992430321 -0.482248215 -0.569575695 -0.030950969 -0.615141105 0.723475575 0.437790082 1 24 0 10.75709481 96.5736354 -6.573731281 27.37414009 12.51149469 -3.732848932 -26.83378345 49.29296783 14.74071759 -6.246597978 16.30426001 8.89462238 11.62705314 17.90493579 9.523052938 21.30778504 6.241563126 5.057882871 30.18742833 4.63403698 -3.752864546 -9.992273957 -3.410504611 -4.116777133 12.21221471 -15.26187283
-0.820792088 -0.077442409 -0.68788465 -0.662435268 -1.140117653 0.89108913 0.077203649 -1.288618168 -0.517312153 0.214049476 -0.195722227 0.67448975 1.871870731 0.814454522 -0.744142742 1.198379702 0.524400513 1.188674189 -1.363136466 -0.820792088 -0.395725296 0.139710299 1.491605982 0.628904218 0.403915973 -0.859924779 -0.025580629 1.329529107 1 32 0 9.242425968 -40.89577249 -77.07466449 17.92097936 -30.1411524 -5.08790657 32.91888316 8.060834414 -20.04169929 16.59057896 11.95407199 14.73367645 -11.6138526 4.528436484 -13.63364524 -4.608007555 -4.165689347 10.13148694 41.82212982 25.34901038 17.31010985 10.25332156 -8.242555307 4.272759999 13.9578462 2.775430726
-0.248275093 -0.301921554 -1.430608769 0 1.281551566 0 0.051178011 1.188674189 1.465233793 0.761842777 -0.596231765 0.615141105 0.279760815 0.967421566 0.073791274 0.195722227 -1.16283129 0.392193489 -0.470593522 -1.014498746 -0.233485258 1.324957689 0.077442409 2.423196195 -0.589455798 2.085355566 0.253347103 0.927154825 1 26 0 9.575958201 -0.295083008 27.5207882 -53.41167367 -54.41679757 43.85717873 12.41362871 10.30505252 -3.87465435 10.27559522 -18.09154821 -14.20920637 8.883749825 0.593275449 -8.142674411 -23.61296902 -7.218604309 22.42632408 -19.51433598 -7.758539243 -7.02061996 -31.36444547 0.840762129 24.42514789 -0.824897465 28.49769777
1.430608769 -0.27370189 0.403915973 0.170767252 -0.346704194 1.993983606 -0.051178011 -1.993983606 0.658519951 1.48154449 -1.311599883 0.524400513 -0.172880833 -0.28471556 0.967421566 1.993983606 -0.814454522 -1.140117653 0.351130835 0.194028142 -1.044408795 1.48154449 -1.374679694 -0.919135522 0.369353294 0.092971849 -0.202525183 -0.480644432 2 19 0 9.712811426 51.90918114 24.76173804 11.95889427 4.183224905 -8.519806692 -17.44133817 -30.9106714 -7.147352841 -13.28003674 -1.152490756 -21.54344945 -24.7523562 10.13396131 10.60006687 -29.95286833 0.147465952 -19.42466455 20.43041552 -3.514639004 -0.822001656 4.372792128 -9.45796232 -13.14373259 -11.8362077 -13.64546214
-0.711260092 0.311919055 -0.828464649 0.791638608 1.05307266 -0.154870923 -0.628904218 -1.238080336 1.324957689 0.351130835 -0.218344771 0.744142742 -1.020076233 -1.608652683 -0.042498014 -0.395725296 0.957209469 0.380325642 -0.703921789 0.967421566 -0.124101933 1.122762298 0.569184749 -0.186756121 0.063771035 -0.990286919 0.248275093 1.465233793 1 41 0 10.40313163 -35.96264965 6.801439 117.0361221 26.56362879 -51.11044106 -65.85298328 16.40526065 -37.91321646 -31.55639392 25.9829686 13.89132138 -24.53279851 -26.77872108 21.78562771 -5.580836038 -26.81888902 7.238623298 -4.817593412 -27.0577645 -21.57085144 3.824640699 -5.809031056 9.45880576 -13.59142061 -14.01940247
