IFN_IL.1RA	IFN_IL.7	IFN_GRO.alpha	IFN_IL.8	IFN_IP.10	IFN_MCP.1	IFN_MIP.1.alpha	IFN_MIP.1.beta	IFN_SDF.1.alpha	IFN_RANTES	IFN_IL.13	IFN_IL.1.beta	IFN_IL.2	IFN_IL.6	IFN_TNF.alpha	IFN_IL.18	IFN_IL.10	IFN_IL.21	IFN_IL.22	IFN_LIF	IFN_BDNF	IFN_PDGF.BB	IFN_PIGF.1	IFN_bNGF	IFN_VEGF.A	IFN_HGF	IFN_Leptin	IFN_IDO	sex	age	geno	LIMS1.ifn	RNA.pc1	RNA.pc2	RNA.pc3	RNA.pc4	RNA.pc5	RNA.pc6	RNA.pc7	RNA.pc8	RNA.pc9	RNA.pc10	RNA.pc11	RNA.pc12	RNA.pc13	RNA.pc14	RNA.pc15	RNA.pc16	RNA.pc17	RNA.pc18	RNA.pc19	RNA.pc20	RNA.pc21	RNA.pc22	RNA.pc23	RNA.pc24	RNA.pc25
-0.155352778	0.108523744	-0.363743733	0.967421566	0.218344771	0.447767518	0.186756121	0.413811248	0.186756121	-0.62668735	-0.645630749	1.403412636	0.464938765	0.62668735	-0.744142742	0.785605288	2.085355566	-0.046435725	-0.380325642	0.589455798	-0.499703382	-0.314572292	0.077442409	-0.330872572	1.491605982	0.992430321	2.502106473	-0.347261247	1	NA	0	9.148985466	63.9759911	-35.17965871	6.091849472	25.94317825	27.95293093	50.92368032	0.243183257	-14.6717238	-28.02425427	-25.87739559	4.207029208	11.70403858	-15.66568617	-4.350097693	3.638802299	-12.23567815	-3.90507656	2.453250003	-8.02466341	-6.066055208	7.433919401	10.04375704	13.31856034	-8.815734042	-3.804433027
-0.314572292	0.943003696	0.828464649	0.664808728	-0.553024091	0.413811248	0.482248215	-0.186756121	0.919135522	0.347261247	0.430727299	1.868241655	0.464938765	0.919135522	-0.430727299	-0.218344771	1.324957689	1.128143645	0.535082815	0.589455798	-0.967421566	0.919135522	0.919135522	0.645630749	1.403412636	0.664808728	-0.202525183	0.314572292	1	23	0	9.514383279	41.85545774	-90.35705339	-77.87396049	7.284673546	46.1799413	42.79555118	-36.29611514	-18.54536032	25.38472306	-9.071071806	11.79775452	-2.283814757	17.56051083	-37.48768045	-2.878211402	9.7092287	10.64181337	26.32276794	2.620826963	16.78256005	31.36974642	23.07784207	-7.94975677	9.568255477	-34.20625354
0.380325642	0.517312153	0.517312153	0.218344771	-1.593218818	0.155352778	0.535082815	0.282216147	0.155352778	-1.324957689	0.828464649	1.188674189	0.464938765	1.071486768	1.714593654	-0.744142742	0.397012796	0.664808728	0.266150301	-0.108523744	-1.403412636	1.018075715	0.607966223	2.502106473	0.430727299	0.282216147	-0.967421566	0.785605288	2	24	0	8.947323376	100.1613416	4.141883901	2.820532351	1.393048368	32.12443608	75.12554716	-30.76388005	-9.521603455	-12.33891763	15.30082735	14.73367645	-5.55835617	-15.15009308	-42.79519002	1.295938859	16.97840397	-5.4781545	15.51783661	-8.937360481	2.937003944	-1.480021626	25.63459454	5.345400695	7.503613909	-4.671055031
-0.62668735	0.202525183	0.553024091	1.403412636	0.553024091	0.744142742	0.447767518	0.967421566	0.664808728	-0.046435725	-2.085355566	0.684234404	-0.330872572	1.128143645	-2.085355566	-0.347261247	0.664808728	0.482248215	-0.872902819	-1.446103593	0	-1.128143645	0.553024091	-1.288618168	0.703921789	0.482248215	0.363743733	-0.919135522	2	24	0	9.770788785	-31.81454759	32.48534318	1.039226511	41.01254672	7.332073798	84.10484782	-13.04133934	9.757183422	7.623154937	-33.8756926	32.8041772	-11.87049764	4.528436484	-0.501974357	-2.778164675	3.520010465	-4.354435415	16.56487502	-11.80617762	17.41498583	-4.390774567	6.155102981	-6.658646515	-10.98198865	-0.378599444
-1.593218818	-1.188674189	0.744142742	0.872902819	0.124101933	1.188674189	0.380325642	0.061931623	0.744142742	0.553024091	-0.218344771	1.593218818	1.099374065	0.828464649	-1.446103593	-1.714593654	0.517312153	0.785605288	-0.124101933	-0.482248215	0.218344771	0.077442409	0.744142742	-0.186756121	0.571145181	-0.703921789	-0.202525183	-0.447767518	2	23	0	9.578174729	-7.674864885	30.17097492	61.72442439	3.509784057	-6.232974548	74.10393375	-20.16019001	-10.9318301	13.20510046	-18.41280055	12.07779002	-3.933034857	-8.495947588	2.324140271	14.58292597	-6.38582845	-6.761146879	16.97040073	-11.36943953	28.67438574	-9.110731029	7.376478879	-18.38153667	12.48446679	-2.736804343
-0.589455798	-0.607966223	1.868241655	0.703921789	-0.092971849	0.589455798	0.967421566	1.188674189	1.714593654	1.018075715	0.015473632	1.714593654	0.464938765	1.868241655	-1.446103593	-1.491605982	0.397012796	1.714593654	-0.202525183	-0.992430321	0.077442409	0.589455798	1.868241655	0.967421566	1.253904984	-1.253904984	-0.967421566	0.589455798	2	29	0	9.443436406	53.18290066	17.19332145	-26.59254577	-7.715410908	69.13776619	67.48905055	42.14971394	-20.04169929	-2.220185477	4.037988367	9.827494475	-11.44640213	-21.64502282	-26.58657159	6.588540823	-7.584875206	12.33232229	37.67471834	-14.19187616	9.27350342	-49.34990574	38.03411802	-1.46701421	-8.19799547	9.076496179
-1.220640349	0.943003696	-0.872902819	-0.380325642	-0.380325642	-0.744142742	-0.447767518	-0.124101933	-1.128143645	-1.868241655	0.430727299	0.943003696	-0.330872572	0.703921789	-0.992430321	-1.593218818	0.943003696	-0.397012796	1.044408795	-0.482248215	-1.253904984	0.347261247	-0.250152864	0.234219194	0.347261247	0.828464649	-0.202525183	0	2	20	0	9.926483746	-0.559759581	-90.82373562	-55.02453255	3.367321256	34.24856173	72.18371908	-7.603563418	-22.0449335	5.546958728	-1.251926419	7.929667221	-17.13155291	-15.53305063	-25.32507547	-16.99455636	-14.26162207	1.22701253	36.59025286	6.652461801	1.881436353	9.230040892	4.24837261	-14.84587314	-0.824897465	-27.04774044
-0.517312153	-0.077442409	0.919135522	0.589455798	-0.186756121	0.347261247	0.744142742	0.108523744	0.967421566	-0.347261247	0.607966223	1.253904984	0.464938765	1.714593654	-1.650868485	-2.085355566	0.744142742	0.872902819	0.785605288	-0.992430321	0	-0.030950969	0.967421566	-0.108523744	1.188674189	-0.380325642	-0.967421566	-0.186756121	2	23	0	10.23539135	-48.79919142	-63.85437249	28.02486819	43.42244399	26.27879298	9.05229602	1.528607539	-42.19909702	-33.96117264	15.20451748	42.90805648	25.72264533	-21.4981649	12.69165527	10.88095858	18.63107789	-9.455426816	6.46847847	-8.342900804	-11.52056492	-0.526173835	25.92827735	-13.47350003	2.321615053	-5.244625153
1.403412636	-0.447767518	1.324957689	1.593218818	0.785605288	1.491605982	1.403412636	1.128143645	1.324957689	0.919135522	-0.967421566	1.324957689	0.464938765	0.664808728	-1.288618168	-0.62668735	0.62668735	1.253904984	-0.499703382	-0.482248215	0.744142742	-0.092971849	1.403412636	-0.482248215	1.128143645	-1.593218818	0.363743733	-0.703921789	1	37	0	10.4745911	-133.6494207	-1.464821597	117.0361221	-41.74287508	-38.94850487	62.95582291	-15.4371565	29.94538435	-55.25911559	127.60094	92.63096319	55.73243366	-50.84844312	-59.04643381	-32.39525995	-50.95431408	-32.42457333	-17.30379493	-46.21727558	34.03617926	38.12068829	-16.08912464	60.33937083	-16.83143504	-58.6397668
0.347261247	-1.188674189	1.403412636	0.517312153	-1.188674189	0.785605288	1.188674189	0.517312153	1.491605982	0.703921789	1.324957689	1.491605982	-1.491605982	1.018075715	-1.157878604	-1.868241655	0.464938765	1.868241655	2.246197536	0.108523744	-1.593218818	-0.589455798	1.714593654	0.447767518	1.044408795	-1.324957689	-0.967421566	0.447767518	1	27	0	9.879402095	13.01627274	-72.58455028	-55.57759152	-10.46415826	17.33963519	30.02236986	-12.24068021	-25.83390349	16.59057896	-10.48019951	2.712443896	-10.37903658	0.314716139	-23.45551445	-31.68998647	25.73629659	0.948556053	35.12316836	-1.134485954	5.013712603	25.30073486	22.65113231	-7.341751795	-16.50833972	-29.01418405
-0.553024091	0.943003696	-0.314572292	-0.482248215	-1.714593654	-0.553024091	0.124101933	-0.806849691	-0.703921789	-1.018075715	0.607966223	-0.092971849	-0.330872572	-0.124101933	0.380325642	-1.253904984	-0.234219194	-0.124101933	0.380325642	0.589455798	0.806849691	1.868241655	-0.124101933	0.645630749	-0.482248215	0.330872572	0.363743733	0.828464649	1	20	0	9.89125879	17.6106529	-75.38485509	-69.63532885	-1.828410841	-0.629778236	29.83885358	-17.45302135	-6.67461258	-14.63428182	-22.13814431	-4.798801021	10.30263579	7.760716463	-25.43993524	-39.05632845	6.042984725	0.964532424	-10.31687965	7.81615903	6.572560499	6.487019846	2.159607629	-2.401704485	17.58551853	-47.89278759
NA	NA	NA	NA	NA	NA	NA	NA	NA	NA	NA	NA	NA	NA	NA	NA	NA	NA	NA	NA	NA	NA	NA	NA	NA	NA	NA	NA	2	NA	NA	NA	NA	NA	NA	NA	NA	NA	NA	NA	NA	NA	NA	NA	NA	NA	NA	NA	NA	NA	NA	NA	NA	NA	NA	NA	NA
0.477995987	-0.258633067	-0.154074467	0.658519951	0.658519951	0.536176266	0.477995987	0.863695653	-0.311919055	-0.102490508	-0.940543641	-1.067570524	-0.366106357	-0.20607197	-1.16283129	0.421391277	-0.536176266	-0.477995987	-0.863695653	-0.981125996	-1.329529107	-1.394173209	-0.723475575	-0.827130206	-0.723475575	1.023392193	-0.827130206	-0.596231765	1	22	0	10.37194583	-63.03137644	-22.28473357	25.98865894	-11.77433185	24.71700166	-27.52451341	-14.15653487	-26.55804505	-31.43438903	0.819420705	-4.731058232	18.42412309	-17.22773882	11.5821572	14.01935257	13.30000576	-52.84023795	24.20714615	11.85497618	13.87855585	27.12863208	-18.18206991	-16.18175641	9.153445839	11.51009531
NA	NA	NA	NA	NA	NA	NA	NA	NA	NA	NA	NA	NA	NA	NA	NA	NA	NA	NA	NA	NA	NA	NA	NA	NA	NA	NA	NA	2	NA	NA	NA	NA	NA	NA	NA	NA	NA	NA	NA	NA	NA	NA	NA	NA	NA	NA	NA	NA	NA	NA	NA	NA	NA	NA	NA	NA
-1.403412636	0.62668735	0.250152864	-0.218344771	-2.085355566	0.186756121	0.282216147	-0.589455798	-0.282216147	-0.806849691	1.324957689	0.397012796	0.464938765	0.347261247	0.499703382	-1.403412636	-0.499703382	0.202525183	1.446103593	-0.482248215	1.491605982	1.593218818	0.314572292	1.540425005	-0.077442409	-0.872902819	0.363743733	0.703921789	2	22	0	9.103848275	107.6487564	-11.26130774	-28.92811503	3.743281414	-6.205203505	39.34122513	35.61850455	-4.295871758	-46.03140627	-5.688108435	-12.64511351	15.75965424	0.83949347	-21.57544447	-9.236117907	-14.96344822	0.36236253	-22.48665304	-14.66562623	7.30640635	7.761811509	-6.11859565	-8.89986494	13.63779873	10.65607492
1.071486768	1.868241655	-1.288618168	-1.128143645	0.186756121	-1.071486768	-0.092971849	-0.030950969	-1.324957689	-1.188674189	-0.482248215	0.092971849	0.464938765	0.314572292	0.266150301	-0.447767518	0.218344771	-0.967421566	-0.061931623	2.085355566	0.282216147	0.517312153	-1.491605982	-0.015473632	0.282216147	2.502106473	-0.967421566	-0.030950969	1	22	0	9.550919007	51.21016596	-56.55398401	-54.83227314	30.29942186	41.08579104	19.59440663	13.03389805	6.376016872	-13.47867349	-44.98116019	10.3368693	-5.589176448	-5.961401637	10.91664543	10.03751354	-17.71866516	24.92759778	-5.177184149	-19.31502592	9.125894305	17.37591189	-2.154515376	19.88227526	19.71782518	8.689389377
1.018075715	0.108523744	0.447767518	1.188674189	0.380325642	0.250152864	1.714593654	1.593218818	0.553024091	0.517312153	-0.482248215	1.044408795	1.288618168	1.403412636	1.253904984	0.347261247	0.872902819	0.517312153	0.077442409	0.967421566	0.62668735	-0.124101933	0.517312153	-0.482248215	2.085355566	0.919135522	1.446103593	-0.380325642	2	21	0	9.450335856	25.07463793	-4.530598864	-45.02452915	38.3040418	34.82880535	30.16012283	50.09416657	-8.643252548	-23.93542949	-15.90332217	23.11269184	-6.900861784	-17.41032937	10.42743206	11.89660725	-12.99387483	-0.979026132	4.223657715	-21.38395557	-19.10256607	11.7903141	12.17349738	5.179431033	5.382822802	4.171457831
1.593218818	-0.785605288	-1.071486768	-0.124101933	0.744142742	-0.872902819	0.62668735	0.62668735	-0.413811248	0.447767518	-1.540425005	0.607966223	0.464938765	-0.744142742	-0.992430321	0.413811248	-1.403412636	-0.919135522	-1.253904984	-0.108523744	1.324957689	0.482248215	-0.413811248	-0.785605288	-0.380325642	0.535082815	-0.202525183	-0.250152864	2	28	0	9.940793847	-0.296872906	8.564657144	8.583667008	-5.65506391	-45.12148023	31.40114533	2.359082362	14.50964407	-16.26764458	-28.45387324	16.5011711	-9.392921506	12.17324865	-8.250090779	-3.137960702	-40.36071331	-2.087965235	29.34097741	-17.23220049	36.08074518	-4.860924019	-2.218317758	-28.74410877	31.61570892	-12.29642303
-0.380325642	0.202525183	-0.447767518	-0.828464649	-1.253904984	-0.030950969	-0.250152864	-0.806849691	-1.071486768	-1.071486768	-0.092971849	-0.092971849	-1.965272419	-0.430727299	-0.872902819	-1.018075715	-0.943003696	-0.397012796	-0.202525183	-0.992430321	-1.491605982	1.018075715	-0.589455798	0.124101933	-1.253904984	0.785605288	-0.589455798	1.593218818	1	25	0	10.18733655	-68.07266091	-88.95160086	87.32033708	46.5910519	18.08351261	-26.47307178	15.74968567	-32.87928077	-65.85208132	7.05030598	17.80233758	37.7306028	-22.64852494	0.034340749	6.244389849	13.36637676	-26.41886148	16.96576148	-2.519437698	17.08198825	11.7558896	-0.283323274	-5.143512863	-11.51399587	0.409293088
-0.250152864	-1.188674189	0.482248215	-0.030950969	-1.324957689	0.62668735	0.535082815	0.330872572	0.482248215	0.030950969	0.828464649	0.684234404	-0.330872572	0.108523744	0.499703382	-0.664808728	0.186756121	0.703921789	0.314572292	-0.482248215	0.077442409	0.828464649	0.607966223	2.085355566	-0.314572292	-0.828464649	0.363743733	1.071486768	2	31	0	10.14825987	-73.01600284	38.83962112	35.91177272	-5.472581261	-30.20381786	30.80125082	-2.627023504	-14.17472469	19.84124731	-12.0956221	28.66594534	-4.045965279	-15.42032069	13.94037121	15.1067971	-4.165689347	6.37562102	-13.03884774	-3.514639004	4.065578623	-0.449750053	4.421693363	-4.497652103	1.26586859	-6.152390159
0.919135522	0.62668735	0.785605288	0.380325642	-0.061931623	1.403412636	1.071486768	0.684234404	0.872902819	0.314572292	0.607966223	0.872902819	0.464938765	0.447767518	0.380325642	0.186756121	0.061931623	0.828464649	0.413811248	0.589455798	0.703921789	0.785605288	0.785605288	0.124101933	0.62668735	1.253904984	0.828464649	0.967421566	2	27	0	9.997851281	12.07907194	-46.02745092	-66.26975737	-13.15404161	-2.617342511	8.360614387	-13.3636166	-9.398001772	-19.86799207	-16.42141097	18.95667398	18.94813245	3.633375534	-24.4286243	-26.94630837	-1.375250352	14.88468006	23.23632909	13.7100821	6.246373075	8.988693401	17.87730963	-20.99530612	15.08583023	-26.05843697
-0.186756121	-0.077442409	-0.218344771	-0.664808728	-0.282216147	-0.413811248	-0.030950969	-0.380325642	-0.664808728	-0.919135522	0.607966223	0.202525183	0.464938765	-0.061931623	0.380325642	0.030950969	-1.157878604	-0.046435725	1.044408795	-0.108523744	1.018075715	1.324957689	-0.218344771	0.723885875	-0.413811248	0.218344771	-0.967421566	1.128143645	1	23	0	10.44996513	-83.82702596	-55.67518174	1.532195715	11.77654396	3.019298937	-2.937408716	0.287606119	13.63998882	-54.58178479	-18.09154821	54.75738463	1.554715971	-26.72278611	25.07400461	-1.337337403	12.24543489	9.479887611	1.333098679	-6.438289772	-8.915437698	6.273850587	1.512064487	-21.0950568	4.817950923	5.01557047
-0.464938765	0.785605288	0.589455798	0.828464649	0.589455798	0.380325642	0.061931623	0.030950969	0.589455798	1.253904984	-1.324957689	-0.092971849	0.464938765	-0.380325642	-0.517312153	0.744142742	0.785605288	0.155352778	-0.744142742	-0.482248215	0	1.128143645	0.447767518	-0.482248215	-0.030950969	-0.664808728	0.828464649	1.403412636	2	20	0	9.269132527	54.58655147	4.30454745	-7.242718255	-13.18310053	4.436404914	42.19174847	-5.7874533	-2.332956207	-33.5945507	-24.57798312	6.286467041	-4.825955293	-16.61505618	-9.177354917	-9.098842997	-13.25919541	-9.041338339	-3.332337658	1.827383768	-11.36166433	4.010115271	11.07414219	-6.248459296	-6.197238455	-3.948425894
-1.071486768	-0.785605288	-0.155352778	-0.186756121	-1.491605982	0.030950969	0.218344771	0.330872572	-0.380325642	0.380325642	1.044408795	-0.806849691	-0.919135522	0	1.128143645	-0.919135522	-1.157878604	0.030950969	1.220640349	-0.992430321	0.186756121	1.253904984	-0.030950969	1.363136466	-0.347261247	-0.298355173	1.714593654	0.517312153	1	26	0	10.05006308	-76.74169562	-53.73047883	24.79977199	26.92645105	3.404842389	10.80344793	7.258256798	17.95744606	-37.53216205	-13.16299611	34.69597449	20.08712462	-26.77872108	-4.517173207	3.932317764	20.49073019	8.077994513	17.48648908	5.658529965	-17.01025394	4.620080593	-0.481921948	-21.35094066	-2.575405027	-10.9063795
0.62668735	1.540425005	0.967421566	-0.061931623	-0.413811248	0.703921789	0.828464649	0.155352778	0.785605288	-0.092971849	0.330872572	-0.380325642	0.464938765	0.553024091	-0.430727299	-0.785605288	0.828464649	0.919135522	0.535082815	1.363136466	1.188674189	0.553024091	0.872902819	0.314572292	1.868241655	1.071486768	-0.202525183	0.030950969	2	30	0	9.338367274	81.3419582	-2.189998208	-28.61092625	5.431889643	-0.291513332	13.74738726	-3.503219081	-14.49030688	-28.90495435	-19.19834016	5.290748777	7.229591057	-25.40458734	-15.10076072	-20.5968141	5.229598213	-6.91474251	-2.001060888	15.13889055	13.79036093	4.407023852	-9.076964136	-5.415269958	-0.234678739	-7.698590841
-0.992430321	0.943003696	-0.250152864	-0.62668735	-0.744142742	-0.347261247	-0.645630749	-1.288618168	-0.744142742	-0.703921789	0.186756121	-1.288618168	0.464938765	0.744142742	-0.363743733	-1.324957689	1.446103593	-0.282216147	-0.571145181	-0.482248215	0.447767518	2.085355566	-0.314572292	0.589455798	-0.202525183	1.714593654	-0.202525183	1.324957689	1	25	0	10.182117	-72.68446951	-72.65859216	-5.603139076	48.50596412	23.69741731	23.08702741	10.59357439	-0.872002649	-32.9620818	-9.804418064	49.40841287	6.599664633	-6.178003706	23.13642231	-7.42216105	31.55820489	15.81244161	-10.13622559	-10.3075049	10.29008839	5.636006834	3.636610501	3.546621038	1.657926994	2.775430726
0.482248215	-0.077442409	0.703921789	0.124101933	-0.967421566	0.482248215	1.018075715	0.744142742	0.314572292	0.186756121	1.324957689	0.828464649	1.288618168	1.188674189	-0.077442409	-0.967421566	1.446103593	0.62668735	0.645630749	-0.482248215	1.868241655	1.491605982	0.703921789	0.967421566	0.571145181	-0.092971849	0.363743733	0.744142742	1	48	0	10.33094351	-124.5170483	-63.77716843	32.76179919	25.31925681	28.04357582	30.26500576	13.29342029	-13.87094235	-33.12867084	-17.45589181	8.583136857	-14.55458156	3.886208034	3.579267351	-11.19952041	15.25450269	35.09904719	-3.878761988	6.474981664	-6.03229958	-6.501726755	10.71873198	-5.561488244	15.10520562	18.15452004
-0.785605288	-0.250152864	-0.124101933	-0.282216147	-1.403412636	-1.403412636	-1.018075715	-1.188674189	-0.872902819	-1.446103593	1.593218818	-0.380325642	-0.330872572	0.155352778	-0.363743733	-1.188674189	-0.139710299	0.061931623	0.347261247	-0.482248215	1.128143645	1.018075715	-0.155352778	1.220640349	-0.202525183	0.030950969	-0.967421566	0.62668735	2	34	0	9.355552956	19.0763975	-26.29922992	58.0502049	32.381075	-8.181487021	67.31900619	-8.149994744	-1.363543084	-25.97465583	-27.25942384	-5.48267014	-2.428059827	13.99794036	-14.31793056	16.75254794	3.175936292	-20.90818687	-6.367853827	-13.13109193	17.43138643	-15.47258612	6.432755241	6.978539201	1.095999234	-10.1199568
-0.872902819	-0.077442409	0.872902819	0.250152864	-0.703921789	-0.186756121	0.330872572	0.589455798	0.828464649	-0.806849691	-0.218344771	0.517312153	-0.919135522	0.872902819	-0.517312153	-1.071486768	1.128143645	1.188674189	-0.380325642	-0.992430321	-1.253904984	0.872902819	1.018075715	1.099374065	0.744142742	-0.250152864	-0.202525183	1.868241655	2	21	0	9.551184358	5.466705771	-5.422981135	58.13522913	46.73183813	-5.605057237	48.36045482	-9.000925629	-28.53836479	-17.51489792	-4.487058993	18.93992101	-23.72915299	-4.674733879	-33.48691962	11.81649255	20.66976631	2.968188158	-21.07880456	-2.415476044	18.03985967	-18.25783501	-10.48133726	-4.080145293	-3.678884501	3.246729033
-1.324957689	-0.077442409	-1.593218818	-1.188674189	-0.828464649	-1.593218818	-1.188674189	-1.868241655	-1.868241655	-1.253904984	-0.218344771	-0.806849691	-0.330872572	-0.155352778	-1.868241655	-1.128143645	-0.723885875	-1.868241655	-0.703921789	-1.593218818	-0.872902819	1.714593654	-1.593218818	-0.015473632	-1.128143645	0.155352778	-1.714593654	1.253904984	1	25	0	9.733174924	-40.89577249	17.23412099	5.682477625	52.94796872	-12.99402381	74.60253671	-23.22871208	15.29805275	-3.172149042	-24.01638135	33.36706102	-8.632166252	12.41829681	-3.306134752	-11.51538553	7.168580159	3.953909213	-5.547087565	-5.489789273	21.45416142	-13.8846944	-9.550740861	-9.899429627	3.446131424	-12.46795832
0.703921789	-0.447767518	1.071486768	1.253904984	0.282216147	1.324957689	2.085355566	1.714593654	1.188674189	1.324957689	-0.967421566	1.044408795	0.464938765	1.324957689	2.502106473	0.482248215	1.868241655	1.018075715	-0.202525183	0.589455798	-0.124101933	-0.171033365	1.128143645	-1.018075715	0.482248215	-0.447767518	0.363743733	-0.218344771	2	23	0	10.38567659	-18.18597292	-59.01367727	-17.61532771	-67.35672408	-0.323996693	-52.19777793	-23.75705578	18.37430687	-41.0978241	-20.54666444	19.83250057	-50.73999365	-19.42503754	-30.257907	21.8916982	-23.94011767	-3.637902716	29.84651638	21.08477755	-5.534918121	7.349438015	17.21176793	-11.86371419	-2.593362726	-11.61105911
0.282216147	1.363136466	0.347261247	-0.589455798	-0.124101933	-0.517312153	0.413811248	0.785605288	-0.202525183	1.403412636	0.607966223	0.092971849	0.464938765	-0.202525183	1.324957689	0.061931623	1.188674189	0.314572292	0.872902819	0.589455798	2.502106473	2.502106473	0.380325642	0.723885875	0.380325642	0.992430321	0.363743733	0.347261247	2	39	0	10.23787808	-50.79625893	25.75722818	12.00233759	19.77754772	-26.42747583	33.30829728	-28.36132891	10.2551754	-12.20712716	-47.81318096	26.87358291	-25.3881456	9.446184126	-1.695509826	-9.192117526	-12.59502524	-6.765057319	5.701425367	-2.717512017	11.57519426	3.764548546	11.47608273	-18.62369093	0.320051654	4.635059292
-0.061931623	-1.786155561	0.030950969	-0.250152864	0.155352778	0.061931623	-0.092971849	-0.061931623	-0.202525183	-0.347261247	0.015473632	-0.645630749	-0.919135522	-0.202525183	0.266150301	0.218344771	-0.499703382	-0.517312153	0.077442409	-0.992430321	-2.085355566	-0.872902819	-0.482248215	-0.186756121	-1.018075715	-0.589455798	-0.967421566	0.186756121	2	24	0	10.53001562	-18.39041585	2.19488594	-35.80361015	2.856831808	-26.78171711	11.37023924	-0.541974351	26.31313892	-16.63845576	-42.75479194	8.415905854	-8.433754908	-14.7200678	-21.75619559	-16.53056915	-15.49357346	-26.93604259	14.52775062	7.345440257	-22.84237074	6.516525272	4.599984072	-9.132076377	-1.025424244	-2.82109473
0.447767518	0.785605288	1.018075715	2.085355566	1.714593654	0.282216147	0.664808728	0.919135522	1.128143645	0.872902819	-0.363743733	0.744142742	0.464938765	0.967421566	0.447767518	1.363136466	-0.139710299	0.744142742	-0.872902819	0.266150301	-0.218344771	-0.347261247	0.828464649	-0.330872572	0.430727299	-0.967421566	-0.202525183	-1.018075715	2	23	0	10.25460251	5.420905783	8.503103835	-53.02872645	5.661087417	-5.809694589	-3.878935953	28.78393712	19.834966	-21.27922584	-36.39051759	23.61478231	-4.847974314	-13.1564761	-1.832614707	-2.589282635	-12.87801977	3.309809421	9.559586334	-6.858814792	-23.67039195	-1.255521035	27.80211485	7.936188396	3.981378349	-3.062939363
0.314572292	-1.786155561	-1.018075715	0	0.919135522	-1.128143645	-0.785605288	0.447767518	-0.589455798	-0.447767518	-0.482248215	-0.967421566	0.464938765	-0.347261247	-0.744142742	1.363136466	-1.157878604	-0.764709674	-0.872902819	0.266150301	-0.553024091	-1.071486768	-0.723885875	-0.62668735	0.250152864	0	1.965272419	-0.744142742	2	30	0	9.81933474	33.69420638	27.50128134	-27.52527504	-37.22415583	39.91453652	4.78992186	9.818293689	24.90699744	-5.076925513	-38.47775498	20.22822509	-28.74534694	-22.81839626	-38.32497373	7.812053211	12.77315587	-15.15089158	41.82212982	-2.158334937	-4.414871719	5.842988458	-11.10554671	10.97137856	-13.57030419	-6.886569374
-0.282216147	-0.447767518	0	-0.919135522	-1.018075715	0.092971849	0.330872572	0.108523744	-0.347261247	-0.517312153	0.607966223	-0.380325642	-0.330872572	-0.482248215	0.046435725	-0.155352778	-1.157878604	-0.218344771	0.535082815	-0.108523744	0.139710299	0.744142742	-0.061931623	0.447767518	-0.967421566	0.092971849	1.593218818	0.872902819	1	23	0	9.866212366	-18.49692841	12.4208772	29.90560131	4.672063488	-20.25131103	31.90087864	-13.00589013	29.02884678	-25.09419075	-57.35222583	39.64577904	-22.90950062	-7.245155381	-0.180843708	11.78389269	7.260904973	-12.94877855	21.92279051	-0.20185808	-0.364886225	-1.041681106	-3.548037287	0.932315829	-9.990112289	12.11618924
-2.085355566	-1.786155561	-0.744142742	-1.403412636	-1.868241655	-1.324957689	-1.071486768	-0.723885875	-1.403412636	-1.446103593	1.324957689	-0.967421566	-1.491605982	-0.895779819	0.589455798	-0.872902819	-1.540425005	-0.872902819	0.202525183	-1.786155561	-1.714593654	0.139710299	-1.868241655	1.714593654	-2.085355566	-0.030950969	0.828464649	1.188674189	2	42	0	10.36914835	-66.427696	52.95585642	7.288664519	5.051417224	-25.17784305	3.177876045	2.406300014	56.25303694	4.147449547	-51.60859679	11.43609334	-8.916419284	-4.144004886	-30.4095711	17.75514419	-43.11906607	1.2580227	22.17234177	-3.364368311	-4.01953049	34.11110231	3.548175032	-14.94844212	10.36339899	7.805549074
-0.744142742	-1.188674189	-0.828464649	-1.018075715	-0.482248215	-0.703921789	-0.186756121	-0.266150301	-1.018075715	-0.046435725	0.015473632	-0.967421566	-0.919135522	-0.282216147	0.850473786	-0.282216147	-1.714593654	-0.703921789	0.447767518	-0.108523744	0.447767518	0.139710299	-0.872902819	0.314572292	-1.363136466	1.128143645	1.965272419	0.482248215	1	32	0	9.727726464	60.46683047	3.638731696	5.432330444	-12.85929814	3.601175543	-9.18581965	9.550320775	23.75238178	-42.55658113	-41.30309518	13.07609743	-3.867958519	-24.20304594	-24.2697383	19.77869535	-1.47687231	-17.67768661	32.61591691	-12.07925199	-9.65133553	14.51097799	4.75950067	4.272759999	-8.664566384	-4.545408594
0.092971849	0.108523744	0.664808728	0.155352778	0.061931623	1.018075715	1.593218818	1.018075715	0.517312153	1.128143645	1.044408795	0.785605288	0.464938765	1.593218818	0.850473786	-0.703921789	1.714593654	0.553024091	0	-0.482248215	2.085355566	1.403412636	0.664808728	0.124101933	0.218344771	-1.128143645	0.363743733	0.124101933	2	26	0	9.249813258	102.3513468	27.41114381	12.32038506	-31.9514636	17.10795627	8.062166675	-34.75951678	-24.02537737	5.506810536	-6.572950047	11.63281642	36.20363061	-5.834845811	-39.86623581	3.944058589	10.0875893	-2.186357483	5.114202759	14.16194379	-10.95550651	0.100172586	8.678224796	1.058182608	-8.785490468	24.11765621
-0.992430321	-1.446103593	1.128143645	0.482248215	-0.517312153	0.828464649	1.491605982	2.085355566	1.018075715	1.071486768	1.714593654	0.298355173	-0.330872572	0.589455798	0.589455798	-0.828464649	-0.314572292	1.491605982	0.723885875	-0.992430321	0.517312153	0.62668735	1.188674189	1.220640349	0.785605288	-2.085355566	-0.967421566	0.061931623	1	24	0	9.415514647	64.78745441	25.94607814	-26.62003212	-77.88005052	-16.18858743	4.106405926	-13.54153063	-46.50499302	-31.58136644	8.12407228	-0.10462632	21.78010311	-0.230294569	12.33609345	-10.30943657	-7.218604309	1.086898588	-4.394590157	33.23676485	-20.71249737	-0.259298815	0.306778865	-22.84253341	-18.52423082	0.768106964
0.102490508	-0.506871623	0.20607197	-1.023392193	-1.113937215	-0.311919055	1.465233793	1.329529107	-0.051178011	-0.421391277	-0.076808976	-0.18001237	0.338888302	0.723475575	-0.506871623	-1.635039267	0.658519951	0.051178011	0.311919055	-0.981125996	-0.565948822	0.477995987	0.102490508	0	-0.154074467	-1.113937215	-0.827130206	0.596231765	1	31	0	10.74692861	-92.41307716	-14.65478159	-4.250899322	-44.74346301	-16.1117513	-14.46567656	21.56279566	-13.28106422	-20.01528537	-3.502946987	49.82457128	23.02417085	-21.21243283	45.10239625	-4.551528364	36.17407267	11.60028528	-1.489527809	18.01994448	-9.442871644	2.865665478	-12.528706	-11.36525949	-24.85987712	13.98130272
0.596231765	0.981125996	0.366106357	1.214675721	0.940543641	1.023392193	0.421391277	0.258633067	0.477995987	0.051178011	-0.596231765	0.627071688	0.338888302	0.051178011	-1.635039267	0	0.128239826	0.311919055	-0.506871623	0.258633067	0.051178011	-0.506871623	0.366106357	-0.723475575	0.366106357	-1.023392193	-0.827130206	-0.723475575	1	21	NA	9.866182627	-60.29676603	57.20538854	21.17100952	-38.73754623	-27.81138231	52.9656023	-15.85307337	9.386858783	7.706986427	-22.79748929	26.73991693	-0.146163639	4.247925924	13.82834323	10.64946961	-7.181639847	-5.939469925	-10.87018541	23.25986946	5.213646729	-8.630520317	-7.71204235	-0.23444698	-10.34127256	11.5825419
0.258633067	0.827130206	0.940543641	0.596231765	0.311919055	0.658519951	1.113937215	1.635039267	1.023392193	0.596231765	-0.258633067	0.285174828	0.338888302	0.90145408	-0.421391277	0.338888302	1.113937215	0.863695653	0.757117298	0.827130206	-0.18001237	-1.113937215	0.791638608	-0.477995987	0.863695653	-1.465233793	-0.025580629	0.20607197	1	22	0	10.29039561	-79.13391066	-0.514008608	37.65269323	-30.78346398	19.2269964	14.26860997	5.963752036	-33.38248826	-31.30600549	19.70363036	26.30091361	29.6979746	-10.91656752	21.37984656	10.40221758	29.83544206	-6.101190853	-11.89696536	30.22128066	-16.88920711	-3.421621056	19.74960284	-5.131753443	2.379031265	17.60450278
-1.023392193	-0.506871623	-0.051178011	-0.051178011	-0.421391277	-0.596231765	-0.338888302	-0.658519951	-0.366106357	0.477995987	0.596231765	0.285174828	-1.113937215	0.596231765	0.449513565	-0.791638608	0.477995987	0.102490508	-0.20607197	-0.449513565	-1.214675721	-0.258633067	0.154074467	0.596231765	0.051178011	-0.658519951	-0.827130206	1.871870731	1	22	0	9.090057426	79.84285006	36.20011858	15.17218488	-50.24161491	37.60436354	27.88907246	6.150930977	-31.85064815	-8.84209198	-8.648713643	-12.87345084	20.24346914	-16.99697994	-24.15186034	16.20256489	12.37822491	-8.997252381	-6.186131296	27.22844248	-5.616310465	-20.65711714	-0.835629756	-0.613634404	-14.74361901	26.05539567
-0.421391277	0.723475575	1.214675721	0.366106357	-0.051178011	0.863695653	0.366106357	-0.20607197	1.113937215	0.258633067	0.506871623	1.329529107	1.214675721	1.871870731	0.128239826	0.102490508	0.565948822	1.329529107	0.863695653	2.318757971	1.113937215	0.723475575	1.329529107	1.214675721	1.635039267	0	-0.393598416	-0.258633067	2	32	0	10.3775554	-56.32683664	1.041865525	-0.078904873	-30.66683026	-21.38754479	48.21612545	18.31266707	-24.47239629	20.2262678	-15.96349664	28.40789191	-12.35414561	30.9428355	2.208326979	0.255348068	11.04356255	-2.572460242	10.04072877	24.78500407	7.796343553	2.796969525	6.027322281	-0.305933226	-20.22123208	0.384261462
1.023392193	1.871870731	1.329529107	2.318757971	2.318757971	2.318757971	1.329529107	1.113937215	1.465233793	1.465233793	-1.544575486	0.285174828	1.214675721	0.258633067	-0.863695653	2.318757971	1.465233793	1.465233793	-1.544575486	1.329529107	1.635039267	0.791638608	1.635039267	-1.394173209	2.318757971	-0.723475575	0.723475575	-1.635039267	1	25	0	9.449497496	57.55469184	53.68285477	-27.93357539	-54.41679757	-3.200648311	29.35761408	2.829350406	-24.76020554	-38.14089735	12.50251885	6.103092215	11.56319159	0.114569182	-19.06729704	-7.091308155	8.725685309	-20.12559657	0.153698866	47.19338752	-9.560552847	5.393833512	12.35854373	0.389198308	5.327295561	29.03899717
-0.658519951	0.20607197	-0.791638608	0.102490508	0.421391277	-0.536176266	-0.658519951	-0.366106357	0.051178011	1.067570524	-1.214675721	-1.635039267	-0.366106357	-0.723475575	-0.690633454	-0.258633067	-0.421391277	-0.536176266	-0.051178011	0.827130206	1.329529107	1.113937215	-0.658519951	-0.658519951	-0.596231765	0.596231765	0.723475575	-0.366106357	1	29	0	10.19451919	-15.98884106	-49.53262464	28.33866853	-34.2429991	24.29162595	4.817767476	-1.984400718	-27.40159476	-2.918136335	-22.0796766	-9.178541128	10.85449462	5.750392523	-19.4136786	-20.58402844	6.328561827	-10.24152929	11.09777399	8.207395197	-13.64245332	-5.867567944	5.21862143	16.72399869	-13.00141928	-2.54516105
0.723475575	1.329529107	1.465233793	1.465233793	1.023392193	1.329529107	1.023392193	0.393598416	1.329529107	1.214675721	-1.067570524	0.627071688	1.214675721	1.635039267	-0.863695653	0.723475575	1.871870731	1.635039267	-1.113937215	0.827130206	1.214675721	0.658519951	1.113937215	-1.067570524	1.871870731	-0.311919055	0.723475575	-0.154074467	1	38	0	9.158500051	96.5736354	-23.37480046	53.40559085	-33.9111033	41.37229738	-12.569085	-21.18520547	-45.26359179	0.092323528	-23.37993926	-14.86944342	21.14616853	-17.55126072	-11.38641033	14.21293098	8.973542494	-4.489762624	-3.537160519	-4.092045729	0.769328509	12.05107022	-10.56086142	8.03962635	-18.9673351	12.22464873
1.214675721	0.596231765	0.477995987	-0.536176266	-0.536176266	0.366106357	1.635039267	1.465233793	0.366106357	-0.658519951	1.394173209	0.128239826	-1.113937215	0.477995987	1.635039267	-0.477995987	0.025580629	0.536176266	0.102490508	0.025580629	-0.565948822	-0.506871623	0.506871623	1.871870731	0.154074467	-0.366106357	0.723475575	1.465233793	1	50	0	10.15774207	47.01110328	36.53072524	-13.1047822	-79.52416335	-5.871699217	-12.93482852	19.88852286	-4.838538707	-25.16373157	8.803563166	33.85305644	-37.62492649	-20.38754015	-5.541210782	9.510485952	-4.73015492	9.717743938	10.0715532	0.018595183	-1.150953407	-1.000802458	-5.755812755	8.957288612	-15.36760126	1.028647759
-0.536176266	-1.113937215	-0.20607197	-0.658519951	0.102490508	0.102490508	-0.421391277	-0.311919055	0.258633067	-0.863695653	1.394173209	-0.565948822	-1.113937215	-0.421391277	0.690633454	0.051178011	-0.311919055	-0.051178011	0.757117298	-0.449513565	-0.658519951	-1.871870731	-0.102490508	0.128239826	-0.311919055	0.940543641	-0.025580629	0.102490508	2	45	0	9.986367451	10.42658264	29.34440453	-48.63678602	-38.9126196	15.40730339	11.29023169	13.75043518	-4.481611218	-14.41843107	-33.09972987	12.84211145	12.66386986	-3.994652158	22.85327504	1.998409576	-16.43771641	-7.227774034	-1.983770818	4.386433842	-17.32369295	3.566968622	0.923732901	0.270025517	1.32828767	16.19196534
0.658519951	0.449513565	1.635039267	1.635039267	1.214675721	1.214675721	0.791638608	0.791638608	1.635039267	1.067570524	-0.827130206	-0.285174828	1.214675721	-0.258633067	0.449513565	1.113937215	0.940543641	2.318757971	-1.023392193	0.827130206	1.023392193	-0.791638608	2.318757971	-1.067570524	1.329529107	-0.565948822	0.723475575	-1.023392193	1	45	0	10.01820681	-21.16697966	42.61248481	14.95074606	-55.60646148	-47.51689798	10.1715884	1.574200161	-31.77093609	-4.39268498	-7.902727747	10.87056722	-22.83273864	25.63348504	15.30424541	-0.211614525	-21.1361327	-1.083445637	6.326046738	14.31614323	4.497144371	5.291766664	-13.43068926	-0.867804064	-1.615951865	12.44853837
-0.20607197	-0.723475575	-1.214675721	0.20607197	0.536176266	-1.329529107	-1.465233793	-0.723475575	-1.635039267	-0.757117298	-0.258633067	0.285174828	0.338888302	-0.154074467	-0.051178011	0.338888302	-1.635039267	-1.270008415	-0.627071688	-0.449513565	-0.421391277	-0.596231765	-1.635039267	-0.258633067	-1.635039267	0.102490508	0.338888302	-0.658519951	1	35	0	10.39047545	-9.63666757	-76.74487511	-54.1004726	-32.64900692	-21.6594416	-2.109467045	-32.35586271	-29.44514038	7.699542934	-38.03223668	-22.00991412	31.27036984	-1.330419179	3.835053048	-25.08007077	-19.77706157	-10.43491777	8.335049425	1.015842836	-21.57085144	10.60904549	-0.827027749	-8.677813335	1.567817234	-13.64546214
-0.863695653	-0.258633067	0.791638608	-0.20607197	-0.863695653	0.421391277	0.723475575	1.871870731	0.658519951	0.366106357	0.90145408	1.113937215	-0.366106357	1.214675721	1.067570524	-0.20607197	-0.723475575	0.791638608	1.871870731	0.025580629	-0.940543641	0.051178011	0.723475575	1.635039267	0.723475575	-0.940543641	-0.025580629	0.658519951	2	28	0	10.16620395	4.441403862	-32.85368392	-60.25128225	-41.63220996	6.369980795	16.4300619	10.62114372	-50.87313627	4.895255176	-0.543771865	4.868099992	19.97233029	23.39823243	-0.801997652	-23.61296902	-8.617255304	11.18234443	2.236548725	5.821973236	-24.91955288	-0.747350583	13.44284791	-12.1512085	-0.990911194	-15.26187283
-1.635039267	0.025580629	0.723475575	1.023392193	0.366106357	0.940543641	0.940543641	1.023392193	0.723475575	0	0	0.940543641	0.338888302	0.536176266	-0.338888302	0.863695653	0.025580629	0.723475575	-0.791638608	-0.981125996	-0.102490508	-1.023392193	0.658519951	-0.102490508	0.596231765	-0.863695653	1.465233793	-0.791638608	1	21	0	10.20129925	-16.49720688	-83.00654567	-18.00203545	-54.84856285	9.155919322	-29.03774134	-12.48869821	-32.95440227	0.490327916	-30.73297613	-10.62034674	10.39950281	6.501584083	-4.956031949	-2.38252642	-12.08161175	-2.676421035	3.998063369	11.38031286	-23.16899328	4.372792128	9.130467712	-1.915228859	1.874535402	5.663539903
0.311919055	-1.113937215	0.154074467	-0.311919055	-1.465233793	-0.258633067	-0.051178011	0.596231765	-0.658519951	-0.477995987	0.90145408	1.871870731	-1.113937215	-0.477995987	0.449513565	-0.536176266	-1.465233793	0.154074467	1.023392193	-0.449513565	-0.18001237	0.596231765	-0.051178011	1.465233793	-0.20607197	-1.329529107	-0.025580629	0.311919055	2	20	0	9.076943545	79.82966131	25.88742367	50.288315	-63.38204699	35.10589631	-9.516793422	-22.45587485	-63.88628067	15.53319911	6.273113934	-31.30904615	21.86520772	-6.399283485	-30.3568573	1.263078355	1.392625967	21.74392852	-3.527129007	-5.74248393	-8.145632033	-6.244648138	-9.641324895	-15.21521454	-23.73482304	20.44483083
-0.940543641	0.311919055	0.421391277	0.723475575	0.723475575	1.113937215	-0.258633067	0.102490508	0.421391277	0.20607197	-0.596231765	-0.565948822	0.338888302	1.023392193	-0.506871623	0.596231765	0.232272293	0.20607197	-0.366106357	0.827130206	-0.477995987	-0.154074467	0.20607197	-0.477995987	0.258633067	0.658519951	0.723475575	-0.20607197	1	19	0	9.944188638	23.27362261	-34.02385068	-79.73333929	-37.20750596	9.353501182	-21.17399443	-14.18279156	-29.32570988	14.32279233	-10.7283359	15.24017285	3.629652393	-6.756355425	-41.1144339	-18.79131748	14.57473734	15.10037956	3.088777595	38.00864105	-13.74364676	25.86004421	-18.64462437	-5.741901092	-4.716845348	-30.42368942
-1.214675721	-0.723475575	0.658519951	0.421391277	-0.366106357	0.596231765	0.102490508	0.536176266	0.596231765	0.863695653	0.128239826	-1.067570524	-1.113937215	1.113937215	0.449513565	-0.076808976	0.366106357	0.658519951	0.311919055	0.421391277	0.366106357	0.232272293	0.863695653	0.128239826	0.536176266	-1.214675721	0.338888302	0.154074467	1	NA	0	10.06893058	12.18925677	-19.15213078	-39.24261052	-30.10933465	26.07647726	8.792520147	18.18835018	-4.817022659	2.680502051	-40.45934187	22.55000862	2.295875295	-10.51068574	23.19647786	-5.340912122	10.37112933	9.466002999	-4.009098838	-11.42172906	13.11282836	-10.80838531	1.189712366	8.121960817	9.075694843	-10.13626242
-0.102490508	0.981125996	0.863695653	0	-0.596231765	0.051178011	0.536176266	0.20607197	0.791638608	1.871870731	2.318757971	0.477995987	0.827130206	0.311919055	1.067570524	-0.421391277	0.791638608	1.113937215	2.318757971	0.827130206	0.477995987	1.214675721	0.940543641	0.791638608	1.023392193	-0.565948822	-0.025580629	1.113937215	2	23	0	9.059872558	81.07280044	7.736020161	47.2700256	-53.89610708	25.87826842	-2.139782817	-40.33325769	-56.3835403	-8.585843737	-3.184198484	-21.54344945	6.483187287	-2.410025979	-33.0118044	-4.316199127	-0.415866232	16.04463794	-21.07476772	0.234931377	0.510712067	-2.939473659	2.146668542	-4.517062995	-12.96755277	11.36665262
-0.051178011	-1.113937215	-1.113937215	-0.596231765	-0.311919055	-0.940543641	-1.023392193	0.154074467	-1.329529107	-0.285174828	0.128239826	-1.067570524	-0.366106357	-0.791638608	0.690633454	0.258633067	-0.723475575	-1.113937215	0.311919055	-0.449513565	-0.285174828	0.154074467	-1.113937215	0	-0.658519951	1.214675721	-0.025580629	0.863695653	2	23	0	10.3613526	-59.11926636	-35.91205601	37.59823139	-8.761973304	40.32500676	-3.389128865	8.406607075	-10.29856088	-10.23188943	-30.28119818	-13.7729184	8.883749825	11.37652985	-32.98622092	-42.96988929	5.917219911	-11.33856525	21.02396038	25.34901038	-4.505984154	-18.97948198	-13.78266964	15.78890349	15.70597504	17.29502506
1.113937215	-0.258633067	-0.723475575	-1.113937215	-0.791638608	-0.051178011	0.20607197	0.658519951	-0.863695653	0.791638608	-0.154074467	-0.025580629	-0.366106357	-0.863695653	-0.690633454	-0.940543641	-0.981125996	-0.311919055	1.214675721	0.421391277	0.421391277	0.863695653	-0.596231765	0.311919055	-0.791638608	0.285174828	-0.025580629	0.791638608	2	27	0	10.18480402	-2.265009148	-48.69117143	-29.89708304	-56.06031405	26.03710807	3.952329098	-10.74163316	-24.31823488	3.112297021	-22.93003397	-15.04085295	16.4744603	18.71736924	9.544734884	-0.787341226	-31.34939278	1.746521018	-1.449796727	-15.14743735	1.556641348	-7.833673918	-0.583553017	-6.347868254	37.89124106	-20.61209219
-0.596231765	0.025580629	-0.102490508	-0.366106357	-1.023392193	0.311919055	0	-0.102490508	-0.102490508	0.658519951	0.128239826	0.863695653	0.338888302	0.154074467	0.449513565	-0.311919055	-0.863695653	0	1.635039267	0.025580629	0	0.421391277	0.258633067	0.658519951	-0.421391277	0.536176266	0.723475575	-0.051178011	2	24	1	8.974524337	46.41745003	49.37769994	-19.35623301	-65.13560805	27.35212447	9.667206264	50.29594227	-15.54372787	-6.246597978	-6.110316621	-1.203910704	23.98205456	-16.19969836	-8.754655767	3.379131602	-6.745947959	22.93515092	14.58461101	-8.540899947	9.965089334	-62.18295353	13.83861639	0.650585862	-6.582419603	17.16613446
0.20607197	-0.723475575	-0.258633067	0.536176266	0.477995987	0.791638608	-0.102490508	0	0.102490508	0.154074467	-0.076808976	-1.067570524	-0.366106357	-1.023392193	0.128239826	1.214675721	-0.232272293	-0.102490508	-0.20607197	-0.449513565	0.20607197	-0.690633454	-0.154074467	-0.258633067	-0.051178011	1.113937215	1.270008415	0.421391277	2	40	0	10.07698657	-80.87596199	21.7481129	11.73221236	-40.53063862	-14.12046453	42.35522761	28.53554485	23.89119968	9.58920478	-23.64725536	-2.995777665	-8.016742318	3.103323078	-14.80207729	21.92737341	-19.10940543	-21.29592829	-4.994298698	23.58182885	14.17184306	11.7722392	-3.686870214	10.93170673	11.61591256	2.584750438
0.421391277	0.025580629	0.051178011	-0.477995987	-0.723475575	-0.20607197	-0.596231765	-0.863695653	-0.154074467	-0.757117298	1.16283129	-0.565948822	-0.366106357	0.20607197	-0.102490508	-0.658519951	-1.16283129	-0.154074467	0.658519951	0.025580629	0.723475575	1.023392193	0	0.506871623	-1.214675721	-0.102490508	-0.025580629	0.366106357	2	30	0	10.07584777	-47.05937903	28.31158849	29.91438557	-16.11906571	-25.9330468	27.35623326	-7.153481227	-28.54474895	20.43220914	-21.40622075	24.2930375	-3.905726201	9.535536401	22.87906946	13.82544806	8.680992002	6.836284635	-18.20770237	1.136995147	15.06760132	-10.61481954	-7.993815245	-5.186498095	-0.363294764	-5.703994163
0.536176266	0.025580629	2.318757971	1.871870731	1.635039267	1.635039267	1.214675721	0.723475575	2.318757971	1.329529107	-1.067570524	0.477995987	0.338888302	1.329529107	0.025580629	1.871870731	0.940543641	1.871870731	-1.544575486	1.635039267	0.536176266	-0.90145408	1.871870731	-1.871870731	1.465233793	-1.635039267	0.723475575	-1.871870731	1	37	0	10.00832792	-0.358045992	-51.58060208	-65.36156813	-75.69584757	-11.07673348	-1.77752083	-15.56764427	-30.84752649	-15.2573358	-16.22809604	6.545180688	-6.296210765	6.893136521	17.81913413	-8.391187663	-16.44500408	5.636447388	-24.28923505	27.3731293	-11.42589641	-11.35850396	-5.887017988	-14.41190635	2.332469951	-27.94765051
NA	NA	NA	NA	NA	NA	NA	NA	NA	NA	NA	NA	NA	NA	NA	NA	NA	NA	NA	NA	NA	NA	NA	NA	NA	NA	NA	NA	1	66	0	9.801720611	5.527549617	0.504955127	61.68330634	-7.260449883	-42.42534098	1.961452318	-31.65363575	-24.57466511	-10.19121065	-30.06625134	-8.763423809	-8.434006419	25.6923592	-17.18354706	12.6657116	-9.832479203	-9.901665176	5.589681727	-6.260801042	19.529953	2.760880386	0.359590218	1.67361439	9.971872235	12.82858764
NA	NA	NA	NA	NA	NA	NA	NA	NA	NA	NA	NA	NA	NA	NA	NA	NA	NA	NA	NA	NA	NA	NA	NA	NA	NA	NA	NA	2	26	1	9.935782589	-34.34463787	3.593539104	2.152280282	-13.06518084	-14.22939827	19.89603241	30.45551954	-18.41774708	20.26561805	-31.12657813	-10.47094633	-22.02912501	34.8301286	-2.270321797	6.619060638	-14.43884218	-15.16419571	1.526340694	-19.69694884	6.416665531	-1.722429497	5.835869001	10.0102726	28.44911645	2.953607574
NA	NA	NA	NA	NA	NA	NA	NA	NA	NA	NA	NA	NA	NA	NA	NA	NA	NA	NA	NA	NA	NA	NA	NA	NA	NA	NA	NA	2	39	0	10.12663517	-18.1576565	24.34023301	-7.701613761	-7.479866617	-23.68797661	-6.635375972	-22.31152142	-17.61774162	28.14460578	-32.72119033	29.23279935	-32.57401806	8.932624001	-6.708189826	-6.686095741	-1.225571974	4.799419487	2.150971835	-7.542074555	6.078962987	-10.33467421	-25.7054914	12.92909207	16.43753049	2.668015978
NA	NA	NA	NA	NA	NA	NA	NA	NA	NA	NA	NA	NA	NA	NA	NA	NA	NA	NA	NA	NA	NA	NA	NA	NA	NA	NA	NA	1	38	0	10.3992886	-66.56417581	-62.87608979	-1.254437861	2.493025455	-12.36057052	-42.18670786	10.43990889	-25.0977002	-18.3037913	-31.49872481	16.87875206	22.29624524	-11.00669846	27.1763759	-4.038282532	27.04269538	18.40925099	0.572179866	-7.888317134	-9.361918393	-0.90706694	-12.13207818	-12.88850414	6.740257046	8.624988292
NA	NA	NA	NA	NA	NA	NA	NA	NA	NA	NA	NA	NA	NA	NA	NA	NA	NA	NA	NA	NA	NA	NA	NA	NA	NA	NA	NA	2	35	0	9.776606845	33.92095633	-17.31221807	-65.62490044	-9.00996577	18.46390317	-3.592589539	36.77747065	-11.79943345	-6.91423348	-20.15734028	25.47520224	-12.4650174	6.785465088	3.944237064	12.31982417	-0.43466235	19.5406955	-6.714086359	-3.972634679	-6.300067207	-19.10564602	-3.010218026	1.089896035	9.24184872	-8.53386387
1.329529107	1.16283129	0.536176266	1.329529107	1.871870731	1.465233793	0.596231765	0.940543641	0.863695653	0.940543641	-0.596231765	-1.067570524	1.871870731	-0.051178011	-1.871870731	1.329529107	1.329529107	0.366106357	-1.214675721	1.871870731	1.871870731	1.465233793	0.421391277	-0.827130206	0.940543641	-0.258633067	0.723475575	-1.214675721	1	39	0	10.01822503	-0.706306633	20.58447191	10.33243308	-26.46052427	-32.403473	-30.07370043	2.421251302	-42.05166584	7.847611101	-41.66047031	1.544281318	-12.06570899	4.747468746	5.383573649	-2.53869511	-17.27033386	-0.75126359	-15.67992189	-0.496413888	1.863448725	3.310678248	-3.410504611	26.5735816	7.45370633	12.01931118
0.863695653	0.025580629	1.871870731	1.113937215	0.863695653	1.871870731	0.311919055	0.477995987	1.871870731	0.723475575	-0.827130206	-0.18001237	-0.366106357	-1.16283129	0.232272293	1.023392193	0.723475575	1.214675721	0.102490508	-0.449513565	0.658519951	-0.025580629	1.465233793	-0.477995987	1.214675721	-0.791638608	0.723475575	-1.113937215	2	29	0	9.866726732	52.53056782	46.26235138	-15.70991336	-61.31542398	5.590907075	-7.850485171	19.60905111	-36.57452532	-3.459013727	-3.124737442	-1.120438638	5.966861008	-13.69311815	27.59654994	4.664194202	-4.357123155	-11.32489704	-6.01996138	-14.06516718	-12.62125363	-13.95178961	-2.079811739	17.20093381	20.86908729	-12.38443502
-0.477995987	-0.258633067	-0.421391277	-0.258633067	0.20607197	-1.214675721	-1.16283129	-1.023392193	-0.421391277	-0.536176266	-0.258633067	-0.565948822	0.338888302	-0.338888302	1.214675721	0.477995987	-0.421391277	-0.421391277	0.506871623	-1.871870731	-0.285174828	-0.20607197	-0.311919055	-0.477995987	-0.863695653	0.051178011	-0.827130206	-0.311919055	1	41	0	9.599191587	82.07508055	17.47672189	-53.54995873	-36.835864	-33.62363644	-31.86608209	-4.416210275	-51.44986484	2.835763114	0.030360691	10.00105471	18.83034655	-22.83397456	5.457850469	-13.73149056	-3.74340997	-0.645320746	-17.85716009	6.271342837	-0.166486281	-12.06404148	-23.96772962	-10.9446983	-1.810471012	-9.109665272
0.154074467	-1.7412906	0.258633067	-0.421391277	-0.154074467	-1.871870731	-1.635039267	-0.421391277	0	-0.18001237	0.506871623	0.757117298	-0.366106357	-1.16283129	1.465233793	-0.366106357	-0.723475575	0.421391277	0.421391277	-0.449513565	-0.051178011	-0.025580629	0.311919055	1.329529107	-0.102490508	0.863695653	0.723475575	1.329529107	2	36	0	9.856216084	5.907787108	6.411565763	60.98519343	-5.476143933	-41.90507684	-8.738028384	-12.13404487	-71.2180563	2.94207333	-1.501023615	-0.793027172	-9.547465563	-1.014139779	2.743294945	20.76172917	2.496119598	-14.0669344	-7.541247477	-11.84314215	2.341328691	-12.75678052	-10.71759032	-11.13000726	7.11475896	-7.934956066
NA	NA	NA	NA	NA	NA	NA	NA	NA	NA	NA	NA	NA	NA	NA	NA	NA	NA	NA	NA	NA	NA	NA	NA	NA	NA	NA	NA	2	28	0	NA	NA	NA	NA	NA	NA	NA	NA	NA	NA	NA	NA	NA	NA	NA	NA	NA	NA	NA	NA	NA	NA	NA	NA	NA	NA
1.635039267	1.465233793	1.023392193	0.311919055	0.051178011	0.477995987	1.871870731	1.214675721	0.940543641	0.421391277	0.311919055	0.477995987	0.658519951	0.791638608	1.871870731	0.154074467	-0.232272293	1.023392193	0	0.827130206	0.940543641	1.635039267	1.214675721	0.791638608	0.791638608	0.366106357	1.270008415	0.477995987	1	29	0	10.54391031	-22.50673789	14.4430629	-2.52975547	-34.81925408	-49.99920938	-54.0073946	-33.00071806	-35.0954306	19.17372932	-27.84649244	31.36844235	-29.98706663	-3.398746778	8.944301552	-12.41706092	6.685530371	14.4843759	7.340312266	-18.46756271	27.92023393	-15.22530379	-1.113289549	1.189601522	20.12218642	-7.370875686
0.791638608	0.025580629	-0.366106357	0.791638608	1.465233793	0.154074467	-1.16283129	-1.635039267	0.311919055	0.536176266	-1.329529107	-1.635039267	0.338888302	-1.635039267	-0.863695653	1.635039267	-0.102490508	-0.863695653	-1.871870731	0.025580629	0.596231765	0.232272293	-0.449513565	-1.067570524	0.311919055	0.285174828	-0.025580629	-1.465233793	2	41	0	10.08129431	-70.05100889	0.233807272	10.78231232	-11.22136053	3.607025411	6.359468855	11.86407498	-3.493482376	-14.06304971	-11.05294231	29.15999096	25.44991914	-14.47902527	28.68834257	15.0920963	24.17102445	17.85729023	-11.2820216	-1.893759792	8.142383147	-1.685899912	-2.616538893	-25.50283113	11.84946135	6.376396403
1.871870731	0.827130206	-0.940543641	0.477995987	1.329529107	-0.102490508	-0.20607197	-0.536176266	-0.477995987	-0.051178011	-1.544575486	-0.565948822	0.827130206	-1.871870731	-0.20607197	0.791638608	-0.051178011	-1.635039267	-0.940543641	0.827130206	0.311919055	0.102490508	-1.214675721	-1.394173209	-0.536176266	2.318757971	1.635039267	-0.863695653	1	37	0	10.01192329	-12.35810265	8.93814232	17.79618018	-21.56497198	-37.00956437	2.12651697	-19.00398117	9.071449041	-20.97429741	-48.26580638	25.51658041	-7.503197528	13.35051337	14.17370262	-6.945462834	5.293454972	-2.132618896	7.343341814	5.075894299	18.21704512	-13.01487912	-3.526802509	0.337917382	8.329130427	10.8918114
0.940543641	-0.940543641	-0.506871623	0.940543641	1.113937215	-0.863695653	-0.791638608	-0.791638608	0.20607197	-0.285174828	-1.871870731	-0.565948822	-0.366106357	0.90145408	-1.023392193	1.465233793	-0.421391277	-0.723475575	-1.329529107	0.025580629	-1.113937215	-1.394173209	-0.449513565	-1.635039267	0.658519951	0.477995987	2.318757971	-1.329529107	2	34	0	9.789728113	58.61329417	51.42985605	-27.32584367	-40.67488546	-21.6358079	-19.86178753	47.35372865	-21.54616212	-20.0814054	3.80317717	33.11816906	-19.10799521	-31.0521459	-4.5559158	2.28589272	8.177184568	11.75079299	2.291460462	-7.338388981	-7.310068744	-9.49750904	-28.08278737	-5.672179467	4.148511297	1.82611089
-0.154074467	-1.7412906	-0.506871623	-0.723475575	-0.477995987	-0.366106357	-0.338888302	-0.477995987	-0.791638608	-0.596231765	0.258633067	1.465233793	-0.366106357	0.102490508	0.449513565	-0.723475575	-0.596231765	-0.366106357	0.20607197	-0.981125996	-1.023392193	-1.635039267	-0.258633067	0.940543641	-0.366106357	0.791638608	-1.635039267	0.258633067	1	30	0	10.07569433	-80.74262426	-11.07788744	23.41428436	28.12240232	-31.62625419	11.0787664	23.50175837	-54.77014143	28.2508903	-22.73948143	-8.402574997	-7.631862028	19.74948466	-0.813573565	-5.454598049	-20.56030846	-1.1743359	1.460789325	1.531611285	-2.029077494	7.387871299	-5.543470868	9.515931277	10.64167346	15.7100645
-1.871870731	0.596231765	-1.871870731	-0.863695653	-1.871870731	-0.421391277	0.658519951	0.393598416	-0.20607197	2.318757971	1.871870731	-0.025580629	1.214675721	-0.536176266	-0.20607197	-1.16283129	-1.871870731	-0.596231765	1.023392193	-0.449513565	2.318757971	2.318757971	-0.20607197	1.067570524	-1.871870731	-1.871870731	-0.827130206	-0.940543641	2	37	NA	NA	NA	NA	NA	NA	NA	NA	NA	NA	NA	NA	NA	NA	NA	NA	NA	NA	NA	NA	NA	NA	NA	NA	NA	NA	NA
-0.338888302	0.311919055	0.596231765	0.258633067	-0.20607197	-1.023392193	-0.723475575	-1.329529107	0.536176266	0.102490508	0.393598416	-0.565948822	1.635039267	0.366106357	-0.338888302	-0.076808976	0.232272293	0.477995987	1.023392193	1.329529107	0.258633067	-0.690633454	0.596231765	0.311919055	0.421391277	-0.051178011	-0.025580629	-0.477995987	2	24	0	9.892183197	-68.35999414	0.169645598	15.74958561	-2.418222712	-3.732848932	44.00863193	11.59075567	-13.0243015	5.590192312	-39.96864455	-12.48088829	-14.71707021	41.68633658	-6.227683117	6.85631816	-30.27624416	-0.110546895	-12.31621139	11.56523046	2.948632726	7.070855717	3.447980979	-4.78789256	4.909412215	9.673130553
-1.465233793	-1.394173209	-0.311919055	-1.635039267	-1.214675721	-1.635039267	-1.871870731	-1.871870731	-1.465233793	-1.871870731	0.128239826	1.023392193	-1.7412906	-0.338888302	-1.465233793	-1.871870731	-0.981125996	-0.658519951	-0.627071688	-1.465233793	-1.635039267	-1.214675721	-0.536176266	0	-0.940543641	0.723475575	-0.827130206	1.635039267	1	40	0	9.386854822	-20.72137601	39.91079505	53.60877515	9.958380341	-17.44330107	65.13672402	-8.232451732	1.231869652	4.344719382	-9.70343182	11.91111465	2.434986036	3.979402546	-10.24026763	32.97582418	-8.675789457	-5.192914869	-11.31719543	4.869957623	1.950707956	1.755330716	-4.160823238	-18.9027199	4.783616542	0.363609587
-0.791638608	-0.258633067	0.311919055	-0.154074467	-0.658519951	-0.658519951	-0.536176266	-1.214675721	0.154074467	-1.023392193	0.690633454	1.635039267	-0.366106357	0.658519951	-0.20607197	-1.16283129	0.565948822	0.596231765	1.329529107	0.025580629	-0.791638608	0.366106357	0.506871623	0.791638608	0.477995987	-0.154074467	-1.635039267	0.940543641	2	20	0	9.443031857	-13.03382272	53.32050565	57.23891675	-6.091956428	-17.65822152	76.75855354	-14.98424578	-8.071830992	-1.894198873	-11.42022276	13.14349096	4.373346944	5.317622827	6.75361503	20.94067492	-0.575175171	-11.4794975	-8.132069751	6.093544109	22.32832216	-5.476421847	1.881900516	-9.385071441	-4.028126957	-4.163977438
0.051178011	0.596231765	-1.635039267	-1.871870731	0.154074467	-1.465233793	-0.940543641	-1.113937215	-1.871870731	-1.329529107	1.16283129	0.128239826	-0.366106357	0.421391277	-0.596231765	-0.863695653	0.940543641	-1.871870731	0.596231765	0.421391277	-0.863695653	0.536176266	-1.871870731	0.506871623	-0.477995987	1.871870731	-1.635039267	1.023392193	1	46	0	9.179776358	87.90602507	-22.45226496	-15.04967948	26.81958765	-5.08790657	-35.44937967	10.52933696	-44.97792218	-8.115355387	-17.57082537	15.20045544	18.12666705	-10.76851258	-14.90757801	13.23233172	-5.122652037	12.24102786	2.506463467	-0.036081577	7.419032461	2.798096552	-7.62130708	14.54357066	-12.0575559	-1.348412874
0	-1.394173209	0	-1.329529107	-1.329529107	-0.723475575	-0.477995987	-0.940543641	-0.940543641	-1.635039267	0.690633454	1.214675721	-1.113937215	1.465233793	0.90145408	-1.023392193	1.214675721	-0.232272293	-0.366106357	-0.981125996	-1.871870731	-0.421391277	-0.863695653	2.318757971	-1.023392193	0.154074467	-0.827130206	2.318757971	2	27	0	9.530384755	64.02529194	0.79360985	-48.26314495	-7.450209534	-29.69780931	-13.39756299	-16.63275042	-75.24187937	-10.69361701	28.10997607	-14.68317927	14.43003073	-0.364895331	-35.28079306	-29.61816199	-12.68939206	-13.75422438	-12.03444951	17.19120499	-7.825590303	19.62808721	11.0682395	-25.05196164	22.8139308	9.326527242
-0.723475575	-0.421391277	-1.329529107	0.154074467	0.258633067	0.20607197	-0.154074467	-0.258633067	-1.113937215	-0.940543641	-0.421391277	-1.635039267	0.051178011	-0.658519951	0.232272293	0.536176266	0.366106357	-1.465233793	-0.366106357	-0.449513565	-0.723475575	-0.311919055	-1.465233793	-0.154074467	-1.465233793	-0.477995987	-0.827130206	-0.102490508	1	26	0	10.09382085	-50.94074929	39.05874644	31.23972197	-6.079881158	-30.0423929	27.20717479	9.48142473	-12.98965138	13.27541441	-39.24794868	25.05620396	16.99605124	-5.888144386	16.71379419	9.593475216	3.378583582	5.523138856	-23.55301927	14.16009886	4.433877573	-13.0814477	-17.36182918	8.339528638	-7.865000337	10.62564745
-0.338888302	-0.723475575	-0.596231765	-0.940543641	-0.940543641	-0.791638608	-0.863695653	-0.596231765	-1.023392193	-1.465233793	1.635039267	0.757117298	-1.7412906	-0.940543641	0.791638608	-1.329529107	-1.329529107	-0.232272293	-0.102490508	-1.465233793	-1.465233793	-0.366106357	-0.791638608	0.311919055	-1.329529107	-0.20607197	-0.393598416	1.214675721	2	59	0	10.3022034	-48.00896453	-56.15102145	58.14379973	-52.72593494	29.9288764	-48.04848797	11.5427987	-38.19012436	-60.89677404	23.60764907	27.09125854	-6.729184923	-17.51867945	10.60006687	40.47811495	10.09354487	-21.96268175	-5.931105555	10.05145607	8.973341701	2.318076453	-15.7488544	-9.379357412	-11.8362077	-2.284599096
2.318757971	1.635039267	1.113937215	0.863695653	0.791638608	0.723475575	2.318757971	2.318757971	1.214675721	1.635039267	-0.596231765	2.318757971	2.318757971	2.318757971	2.318757971	0.940543641	2.318757971	0.940543641	-0.723475575	0.421391277	0.863695653	0.940543641	1.023392193	-1.067570524	1.113937215	1.329529107	1.871870731	-0.421391277	1	24	0	9.777066693	30.47452995	-9.230238296	-63.09539699	-14.01576598	14.61666502	-3.43857154	28.48909791	7.817660394	-13.37664758	-46.46559353	20.26825709	21.50091494	-21.68105906	13.89750866	-4.608007555	6.241563126	6.895346167	-1.211390302	7.33799443	-11.79612424	-9.7584483	9.162076645	17.31081081	-2.868870594	2.814864186
-1.329529107	0.449513565	-1.023392193	-0.102490508	-0.102490508	0.258633067	0.051178011	0.051178011	-0.565948822	-1.214675721	-0.596231765	-1.067570524	-0.366106357	-1.329529107	-1.329529107	0.20607197	-0.154074467	-0.940543641	0.506871623	-1.465233793	0.154074467	-0.90145408	-0.940543641	-0.258633067	-0.258633067	-0.421391277	-0.827130206	0.051178011	1	24	0	9.971618397	25.0976972	23.14455208	-50.35185587	-22.55210009	10.42138415	-7.460995904	34.02999298	-1.668069536	-10.43377602	-41.67986987	8.935426121	37.65998154	1.284732007	17.04559483	-2.30700726	-10.40489406	-1.116798426	-26.7121114	-2.8724733	-20.87579672	8.502475761	10.38323382	17.17855495	2.536435128	14.75804136
-0.258633067	0.311919055	0.102490508	-1.465233793	-1.635039267	-0.477995987	0.154074467	-0.051178011	-0.258633067	-0.366106357	0.90145408	-0.025580629	-1.113937215	-0.596231765	0.025580629	-1.465233793	0.128239826	0.258633067	1.465233793	-0.981125996	-0.366106357	0.311919055	0.051178011	1.067570524	0.051178011	0.20607197	-0.025580629	0.723475575	1	24	0	9.72006895	28.8353355	29.31901758	48.12937299	10.0338288	-46.9924754	-17.82518246	-20.31999858	-50.20776864	6.469971596	-25.52805412	18.31980817	9.629952943	15.40750616	-6.134821095	-2.830087735	12.05688462	-2.714742885	-0.611293658	4.138869963	-0.78543021	-5.158991849	-4.507204086	10.1377225	-8.455130108	14.83675846
-1.113937215	-0.723475575	-1.465233793	-1.214675721	-0.258633067	-1.113937215	-1.329529107	-1.465233793	-1.214675721	-1.113937215	0.393598416	-0.285174828	-0.366106357	-1.465233793	-1.16283129	-0.154074467	-1.16283129	-1.270008415	-0.20607197	0.025580629	0.102490508	-0.102490508	-1.329529107	0.311919055	-1.113937215	0.421391277	-0.827130206	-0.536176266	2	30	0	10.02662983	9.650951031	1.536921511	-5.462663757	-21.35069208	41.5264377	-42.50863008	3.75783998	-17.67245267	-7.922271211	-17.95711867	9.691499077	15.27206231	9.60784509	-33.37561763	6.212403287	6.977594383	12.24873588	4.553515345	8.238267162	-18.15902455	-2.61281052	-2.50894559	7.631180019	6.569293312	-7.357846732
1.465233793	1.16283129	-0.863695653	0.051178011	0.596231765	0	0.258633067	0.311919055	-0.723475575	0.311919055	-0.366106357	-0.565948822	0.827130206	-0.102490508	0.90145408	0.658519951	0.366106357	-1.023392193	-0.506871623	1.329529107	0.791638608	1.329529107	-1.023392193	-0.477995987	0.051178011	1.635039267	-0.827130206	0	2	25	0	9.918011323	-14.8393482	-23.01615682	-9.930050745	-3.824525107	-35.54357166	-29.95865306	27.73271611	-30.36121905	8.273783115	-31.01409299	9.90673122	-27.87333234	3.266227874	-25.05564747	9.903199694	3.841395982	-12.32462237	-4.761113835	13.53459612	24.30914573	-7.856934657	-13.76874839	22.33660105	2.265696058	2.970378746
-0.351130835	2.333768575	1.138523478	1.486091569	0.89170883	-0.049169379	0.570074085	0.75378157	1.88950996	1.486091569	-0.820792088	0.628904218	1.759861028	-0.89170883	0.967421566	1.88950996	0.024577261	1.238080336	-0.628904218	1.759861028	2.333768575	2.333768575	1.238080336	-0.786845099	2.333768575	0.89170883	0.248275093	-0.628904218	1	40	0	9.596354338	100.2155134	-57.49747072	-64.17216433	-28.69743194	-93.97125098	-10.34039	12.15672533	-60.38488627	0.645453899	11.04641752	-44.16778902	45.01455648	-3.287849674	-42.82812694	-56.11501677	-39.73910076	-12.79321206	-18.35492639	-35.09456959	-4.765159838	44.45419811	-11.62717768	-58.28183558	13.10085163	27.59447871
0.628904218	-0.123184771	0.248275093	-0.89170883	-0.75378157	-1.238080336	-0.689996993	-0.570074085	-0.628904218	-1.138523478	0.377391944	-0.223007831	-0.172880833	-0.967421566	0.14798711	-0.89170883	-1.186831433	-0.570074085	-0.27370189	-0.248275093	-0.820792088	0.628904218	-0.513154662	0.29930691	-1.486091569	0.628904218	1.415702094	1.35170224	1	26	0	9.235833901	93.07363015	18.30676399	-31.64780572	3.103771623	4.940449842	-26.05423682	9.911008898	-40.65568092	-1.769756925	-15.58345567	18.1051003	17.02389898	-9.905597497	3.577659295	11.17186774	5.219094104	-6.55977752	5.019763541	1.159272529	-8.054012714	-5.044111051	-9.685153541	13.68895679	6.573111442	-1.323999987
0.513154662	-0.430727299	0.628904218	0	-1.049131398	0.351130835	0.29930691	0.024577261	0.513154662	-0.513154662	0.89170883	0.721522284	-0.928899492	-0.403915973	1.292805229	-0.721522284	1.138523478	0.967421566	0.351130835	-0.248275093	-0.89170883	-1.138523478	0.628904218	0.172880833	0.570074085	-0.570074085	-0.19788217	0.351130835	2	48	0	10.06115413	0.681838482	10.03577516	-53.41167367	-18.3520783	-0.402943663	39.95907764	29.75833912	-8.346271086	7.043781974	-34.55392592	6.670453942	16.19745225	-7.231826566	28.98750222	-5.580836038	-3.161584226	-6.429467372	-4.942199069	-22.2249089	-12.5364982	7.773321857	3.527679897	6.039118707	-11.84283346	3.708782274
NA	NA	NA	NA	NA	NA	NA	NA	NA	NA	NA	NA	NA	NA	NA	NA	NA	NA	NA	NA	NA	NA	NA	NA	NA	NA	NA	NA	2	48	0	9.995908221	-6.174114185	40.92571275	1.373572427	-15.10445878	-53.83959897	-18.69536478	-0.387438005	-30.96641189	11.79686642	-29.24610734	4.486191098	-10.51499186	4.121769817	-6.366701726	-4.886828092	-27.14074126	1.275945789	-0.326386345	-21.69542369	-7.769051611	17.17873077	8.786399282	4.581203332	21.9966101	0.225290228
-0.19788217	-0.430727299	1.049131398	0.351130835	-0.570074085	0.457851931	1.35170224	0.855712431	1.238080336	0.820792088	0.29930691	1.486091569	0.430727299	1.35170224	0.855712431	0.14798711	0.628904218	1.486091569	0.223007831	1.049131398	0.19788217	1.138523478	1.654434726	0.29930691	1.138523478	-0.513154662	0.855712431	0.967421566	2	24	0	10.33463265	-73.51073046	51.94913388	18.06596469	-12.21814686	45.92179682	-5.592574811	-29.83814358	-24.1081311	46.18985626	0.563679031	-19.89565548	45.72577721	-12.05663197	-14.57610278	40.3927062	50.53355952	4.224117236	19.04797712	59.65906712	6.62632224	4.634837796	41.61517948	-30.2443037	25.46219239	4.036279419
-0.29930691	-1.654434726	-0.570074085	0.098457992	-1.138523478	0.513154662	1.88950996	1.486091569	-0.457851931	-0.098457992	0.541395085	1.138523478	-0.541395085	0.513154662	0.325109711	-0.820792088	0.513154662	0.377391944	0.29930691	-1.35170224	-1.092735829	-1.238080336	0.14798711	0.457851931	-1.88950996	-1.88950996	-0.570074085	0.457851931	2	50	0	10.63591197	-89.48489569	116.161843	-44.26254858	-102.343229	28.47338041	35.94323115	28.53859224	-13.84796058	61.2640469	46.70127202	23.11000711	55.61776194	4.001135384	41.56612125	-8.235920033	-41.71821161	15.14997364	12.47483592	14.3628797	-60.17385068	7.754752553	-103.9267212	99.59952545	-9.916760772	6.266100077
0.172880833	0.599229868	1.654434726	0.967421566	0.14798711	1.238080336	1.654434726	1.35170224	1.654434726	0.513154662	0.172880833	1.35170224	0.430727299	2.333768575	1.88950996	0.223007831	0.75378157	1.35170224	1.654434726	-0.248275093	-0.403915973	0.19788217	1.486091569	-0.430727299	1.238080336	-0.457851931	0.248275093	0.29930691	2	52	0	10.28687091	-61.97971997	2.41156406	21.05903522	-9.531663743	-44.19566854	-26.83378345	30.34314036	-59.25415713	39.45770674	-21.78548488	-6.494866725	-13.47908087	17.92079932	-3.459633056	0.335096146	-3.097891226	3.085272465	20.43041552	-4.309235825	11.77231154	5.828554445	0.479782976	5.041390068	-1.68941813	10.29131966
0.570074085	-0.430727299	0.75378157	0.513154662	0.049169379	1.138523478	0.403915973	0.855712431	0.75378157	0.967421566	0.172880833	1.88950996	-0.928899492	0.570074085	0.325109711	0.457851931	-1.35170224	0.89170883	-0.024577261	-0.248275093	0.430727299	0.967421566	0.820792088	-0.19788217	0.820792088	-1.654434726	0.248275093	-0.29930691	2	49	0	10.1173452	-27.87804217	78.78634165	-9.677189878	-45.66663442	21.53401811	25.59672523	46.49877249	-5.61601429	1.60012523	1.893930157	4.842888447	17.40765675	3.286352042	2.481406176	-20.48947848	18.37325927	-29.96244245	15.60618578	22.29115629	4.268765081	-7.78340178	-3.874062151	15.32308296	-14.34483093	12.6363546
-1.049131398	-1.238080336	0.29930691	0.248275093	-0.457851931	0.098457992	0.351130835	0.570074085	-0.098457992	-0.570074085	-0.19788217	1.007435601	-0.928899492	0.628904218	1.564726471	-0.377391944	-0.351130835	0.049169379	-0.928899492	-0.820792088	-1.564726471	-0.457851931	0.024577261	0.689996993	-0.820792088	-0.19788217	0.248275093	1.654434726	2	26	0	10.46592705	-145.6989965	58.75038855	4.441093209	-20.36886121	31.23134608	30.30012264	9.086385118	10.4861466	45.34420514	28.47068483	3.348876705	57.7228888	-44.11153645	3.501707823	60.07246024	28.0492208	48.40756079	-14.84178617	48.97476087	-24.06942031	38.74287186	2.769192608	-26.51041058	50.49394933	-21.00970984
-0.049169379	0.599229868	2.333768575	1.138523478	0.628904218	1.35170224	0.513154662	0.457851931	2.333768575	0.351130835	0.721522284	-0.721522284	0.430727299	1.138523478	-0.570074085	1.35170224	0.403915973	1.88950996	2.333768575	0.049169379	1.35170224	-0.403915973	2.333768575	-0.430727299	1.486091569	-1.138523478	0.855712431	-0.570074085	2	34	0	10.44413752	-81.042168	-6.641643313	26.64526629	13.86618481	-47.95907654	-15.70795565	21.52048992	-60.80314234	39.4521974	-23.73091728	-14.77367691	3.316230645	9.49053113	-5.337341177	-1.205457422	-10.36937731	-7.690243908	-1.780999803	8.305992516	1.931315667	4.795482122	-6.673503492	7.265420844	-9.142133166	4.999946664
-0.628904218	-0.689996993	0.403915973	0.19788217	-1.35170224	0.19788217	-0.098457992	-0.689996993	-0.172880833	-0.29930691	1.759861028	1.007435601	-0.172880833	-0.248275093	2.333768575	-1.138523478	-1.486091569	0.377391944	-0.27370189	-0.820792088	-0.457851931	0.721522284	0.513154662	2.333768575	0.351130835	-0.89170883	0.248275093	0.820792088	2	43	0	10.56180576	-76.23135918	-32.32128419	60.76369801	14.81817301	-4.213423077	-44.23617234	21.42015258	-73.38461009	11.17988162	13.88373945	-21.09799871	42.99895657	-22.07275441	4.760505283	14.56157332	22.19777731	-10.45431839	6.095721299	16.27843356	3.761624781	-1.0350716	-8.235015596	-19.05605752	-0.588944867	-2.551515628
-1.486091569	-1.092735829	-0.628904218	0.403915973	-1.238080336	0.403915973	-0.248275093	-0.403915973	0.403915973	1.88950996	1.238080336	0.820792088	-0.928899492	-0.541395085	-0.049169379	-0.377391944	-1.654434726	0.570074085	0.659143037	-0.820792088	-0.098457992	0.89170883	0.351130835	1.564726471	-0.570074085	-1.35170224	0.855712431	0.628904218	2	50	0	10.10592142	-79.09897145	92.97822937	10.3300973	-47.11062904	-44.07653033	55.82697113	10.13707113	-7.651337266	62.22001577	24.85659884	-9.54757336	44.89398864	-5.68700999	18.76038231	4.475754314	-41.46901153	-5.618292092	2.603348705	19.28354331	7.496398885	21.55764149	-28.90957961	-10.1107309	8.811834878	-7.955762632
-1.654434726	-1.092735829	-0.457851931	0.049169379	-0.967421566	-0.248275093	-0.513154662	-0.19788217	-0.351130835	-0.721522284	1.049131398	0.351130835	-0.928899492	0.29930691	0.325109711	-0.29930691	-0.855712431	-0.049169379	-0.513154662	-0.820792088	-1.35170224	-0.570074085	-0.403915973	0.29930691	-0.967421566	-0.14798711	0.855712431	1.486091569	2	48	0	9.863021491	-116.4757826	77.14751686	16.48007557	21.85138614	10.49654589	61.85140604	9.637555474	22.85467604	45.30263451	-12.94907998	-17.60492779	25.71881255	-17.04659644	-14.82512846	24.54867996	-49.55796985	19.93195335	-20.27021399	-2.48595537	1.318351795	43.56471853	3.385793502	-1.77298165	23.3920842	-3.008830239
-0.513154662	-0.89170883	-1.049131398	-0.29930691	-0.89170883	-0.351130835	-0.049169379	-0.248275093	-0.820792088	-0.457851931	0.541395085	0.541395085	-0.172880833	-0.689996993	1.292805229	-1.486091569	-1.007435601	-0.659143037	0.786845099	-1.35170224	-0.628904218	-0.29930691	-0.967421566	0.403915973	-0.689996993	0.073791274	0.248275093	0.513154662	1	22	0	9.698051658	-51.09185115	72.64978632	13.51138608	-4.383053257	-34.80467095	49.40692093	2.418889778	-8.233887029	28.41406173	-1.068569073	6.47333343	26.81560704	0.918189653	-1.265580904	-2.449184874	-13.9067494	1.929095463	8.586370891	4.63403698	15.65953103	15.93154769	-25.92367402	-2.80478695	8.996528795	3.311109119
NA	NA	NA	NA	NA	NA	NA	NA	NA	NA	NA	NA	NA	NA	NA	NA	NA	NA	NA	NA	NA	NA	NA	NA	NA	NA	NA	NA	2	46	0	10.56584992	-37.42166299	-61.36577823	-21.14694173	-40.05801043	-15.3243014	-37.72342281	-10.69456085	-90.58285093	37.70984092	-14.69725168	-27.51441538	16.12139973	15.68883236	0.791879737	-17.25464269	-6.792625449	3.941748135	-5.094559656	5.229705153	-33.5536641	-8.609908839	2.443378088	-3.047257659	-3.520759726	-13.18204451
-0.457851931	-0.89170883	0.820792088	-0.628904218	-1.88950996	0.049169379	0.19788217	-0.14798711	0.351130835	-0.89170883	-0.073791274	0.721522284	-0.172880833	0.689996993	0.541395085	-1.654434726	-0.599229868	0.75378157	0.14798711	0.351130835	-0.967421566	0.29930691	0.967421566	1.007435601	0.248275093	-1.007435601	-1.35170224	0.689996993	2	38	0	10.31801803	-37.82490031	-54.62537325	-7.386107545	-64.51320704	44.79927534	31.21522043	-4.90586617	-58.26781641	2.448792675	-1.152490756	-17.90556202	-17.87395	21.31420449	6.360881753	2.611411394	-21.22370323	-12.28527607	3.116814048	0.859534522	-21.1436693	0.307690085	5.285516116	3.208130168	3.31436333	7.862506811
-0.248275093	0.049169379	-0.75378157	-0.403915973	-0.689996993	-0.75378157	-0.628904218	-0.351130835	-1.35170224	-0.628904218	0.541395085	-0.377391944	-0.172880833	-0.049169379	-0.29930691	-0.19788217	0.14798711	-0.403915973	1.415702094	-0.820792088	0.820792088	0.430727299	-0.570074085	-0.430727299	0.513154662	0.19788217	2.333768575	0.098457992	2	44	0	10.44373676	-81.80884243	-62.55927224	-7.314849763	2.627776204	0.150297511	27.62279633	25.29883329	-6.640817517	-24.6248891	6.583530076	49.03308307	27.23047182	-28.18645724	33.73723449	12.15557207	17.24811807	10.87499197	5.889863869	-2.971481708	2.335440745	-9.122028514	-7.957621225	-22.62170327	-5.24650812	-0.773791601
-0.14798711	-0.27370189	-0.513154662	1.049131398	1.35170224	-0.513154662	-0.75378157	-0.628904218	0.29930691	-0.14798711	-1.186831433	-1.486091569	1.759861028	-0.457851931	-1.35170224	0.967421566	-0.513154662	-0.48531773	-1.049131398	0.351130835	0.27370189	-0.570074085	-0.073791274	-1.049131398	0.172880833	1.238080336	1.759861028	-1.35170224	1	32	0	9.575958201	-0.295083008	9.597193273	60.22355573	2.9333459	5.855989629	33.27466175	3.617699274	-10.92762282	-12.91101443	-16.00171885	4.374544109	12.55614122	-0.341902651	-21.9326642	13.93448176	4.990289273	-7.77498181	3.693770468	-20.37044055	19.98567574	-11.08482415	-4.400933862	-12.76217551	2.071361272	9.426695709
0.403915973	0.820792088	0.689996993	0.820792088	0.403915973	1.486091569	0.89170883	1.88950996	0.689996993	0.689996993	-1.007435601	0.19788217	1.092735829	0.248275093	0.855712431	0.721522284	-0.430727299	0.689996993	1.88950996	-0.248275093	0.14798711	0.073791274	0.457851931	0.098457992	0.098457992	-0.248275093	1.186831433	-0.689996993	1	45	0	NA	NA	NA	NA	NA	NA	NA	NA	NA	NA	NA	NA	NA	NA	NA	NA	NA	NA	NA	NA	NA	NA	NA	NA	NA	NA
-1.88950996	-0.123184771	0.098457992	0.457851931	0.098457992	0.570074085	-0.457851931	-0.820792088	0	0.049169379	-0.248275093	-0.721522284	-1.486091569	-0.628904218	-0.29930691	0.049169379	0.570074085	0.098457992	1.186831433	-0.820792088	-0.14798711	-0.89170883	0.024577261	-0.073791274	-0.628904218	-0.098457992	-1.007435601	-0.403915973	1	45	0	NA	NA	NA	NA	NA	NA	NA	NA	NA	NA	NA	NA	NA	NA	NA	NA	NA	NA	NA	NA	NA	NA	NA	NA	NA	NA
-0.75378157	1.007435601	-0.89170883	0.689996993	0.513154662	0.14798711	-0.19788217	0.628904218	0.19788217	1.35170224	-0.403915973	-1.486091569	1.092735829	-1.88950996	0.541395085	0.628904218	-0.19788217	-0.351130835	0.098457992	0.351130835	1.88950996	1.654434726	-0.073791274	-0.967421566	-0.513154662	0.248275093	1.186831433	-0.457851931	2	58	0	10.15697854	-102.6529591	40.51537556	6.411821095	-13.76344942	-31.94561846	36.61815955	28.78965755	23.03027123	40.12201214	-13.47218743	5.5812704	28.84910708	4.236638897	-26.19098234	2.682689726	-13.20125523	2.450894169	2.602203946	23.96425085	26.22969195	26.24892992	0.127969871	15.5250332	12.45433371	-8.359424433
2.333768575	0.049169379	0	0.89170883	0.967421566	1.654434726	2.333768575	1.238080336	0.570074085	0.403915973	-0.820792088	-0.721522284	0.430727299	0	1.049131398	0.513154662	-0.098457992	-0.14798711	-0.570074085	0.351130835	0.513154662	-1.049131398	-0.172880833	-0.786845099	-0.123184771	0	0.248275093	-0.967421566	2	46	0	10.82683774	-36.83842054	41.28861739	8.781480769	-34.97928479	-46.4899453	-56.96465324	-28.85710471	-14.65032291	10.20555869	-24.08278911	34.31106079	-29.5309975	-3.096097581	9.117953863	0.229300819	12.34506536	2.049484733	21.32474691	-29.17218938	26.21664698	-14.18872311	-0.012898757	2.610433419	12.47078385	-21.3176368
-0.689996993	-0.689996993	-0.967421566	-0.689996993	0.570074085	-0.14798711	-0.967421566	-1.049131398	-0.89170883	1.654434726	0.541395085	0.073791274	-0.172880833	0.049169379	-0.570074085	0.820792088	-0.689996993	-0.659143037	-0.27370189	-0.248275093	-0.049169379	1.35170224	-0.89170883	0.172880833	-0.89170883	0.513154662	-0.570074085	1.049131398	1	31	0	9.005334566	101.0933806	73.78666975	-6.171600495	-30.94763996	50.95503955	-11.435933	-5.052811012	-0.058188176	-23.11860857	-6.377826034	14.60259394	-5.292439389	-8.11469132	-42.53977589	52.46603832	10.70658118	-7.217161275	-2.869589101	-23.0285513	27.41987405	30.0469512	-11.32138026	15.3585666	-27.46763705	-6.432846428
0	0.27370189	-0.351130835	-0.248275093	-0.351130835	-0.29930691	0.248275093	0.14798711	-0.248275093	0.14798711	0.721522284	0.351130835	0.430727299	0.098457992	0.541395085	-0.628904218	0.27370189	-0.29930691	1.186831433	0.351130835	1.654434726	1.88950996	-0.351130835	0.820792088	0.024577261	-0.403915973	0.248275093	0.248275093	1	34	0	10.57828035	-65.23891747	-59.90894822	36.68634998	0.259248462	11.91118778	-86.71390621	-5.973218155	-66.09505863	-23.74123699	11.42579013	-11.08996833	7.242433043	-22.40500855	2.883424744	22.00489128	4.079701193	-40.44288096	11.57882858	-2.761487367	31.73094168	14.74649298	-11.24483339	-9.666652071	23.69028333	-17.42785263
-0.967421566	-0.27370189	-1.654434726	-1.654434726	0.351130835	-1.654434726	-1.238080336	-1.654434726	-1.486091569	-1.654434726	0.049169379	-1.486091569	-0.928899492	1.238080336	-0.570074085	-0.049169379	0.024577261	-1.564726471	-0.14798711	0.351130835	0.27370189	-0.049169379	-1.35170224	-0.430727299	-1.092735829	1.35170224	-1.88950996	-0.098457992	2	27	0	9.787577385	36.2671372	-17.1487366	-64.68968355	39.28064193	-5.257079839	-4.232840497	51.81190753	-22.6463996	2.68206887	-24.98249099	20.22971666	1.570112604	-1.330797507	-14.20878911	4.576856896	4.387351003	12.76834345	-5.468440254	-18.87870982	-0.168237098	1.116331408	-11.63415176	4.238624438	-12.62533415	-14.86746047
-1.238080336	-1.415702094	-0.098457992	-0.457851931	0.248275093	-1.049131398	-1.138523478	-1.35170224	-0.403915973	-0.820792088	-0.403915973	-0.223007831	0.820792088	-0.541395085	-0.049169379	0	-1.186831433	-0.75378157	-0.430727299	-1.35170224	-0.570074085	-0.820792088	-0.457851931	-0.659143037	-0.457851931	-0.820792088	0.248275093	-0.19788217	2	35	0	9.822380832	-10.22324336	63.93752066	-26.44093833	-38.63362669	67.12820218	50.95589798	25.43392367	12.3569668	-4.393879226	-32.6188195	-5.224893615	4.474440763	-0.268502298	-13.67568471	10.08347822	-14.26803683	-2.876542394	-15.19029051	-12.65347134	-16.86662973	-4.842331445	12.824446	15.04190867	20.5531538	-6.791852258
0.248275093	-0.430727299	0.351130835	-0.351130835	0.19788217	0.689996993	0.689996993	0.351130835	-0.172880833	-0.248275093	-0.570074085	0.351130835	-0.172880833	0.403915973	0.073791274	-0.457851931	0.855712431	-0.248275093	0.223007831	0.351130835	-0.75378157	-0.721522284	-0.29930691	-0.430727299	0.024577261	0.073791274	-0.570074085	-0.049169379	1	49	0	9.269296003	73.89105423	60.21486804	21.63621544	-41.52761323	28.33087522	20.60147941	-33.9538285	-10.2382416	-15.20897462	-12.59338527	1.510088891	-2.364107218	-7.277398919	-50.14452238	4.870448946	3.408409	-1.835535131	-6.40291877	-14.94492698	-5.053844167	7.090016094	18.54720229	28.1994793	2.391260232	12.42195496
-0.820792088	0.599229868	-1.35170224	-0.75378157	-0.628904218	-0.457851931	-1.049131398	-1.486091569	-1.138523478	0	0.89170883	0.541395085	-0.172880833	-1.138523478	-0.29930691	-1.35170224	-0.855712431	-0.967421566	-0.024577261	-1.35170224	0.024577261	0.721522284	-1.049131398	1.238080336	-1.092735829	-0.29930691	-0.570074085	0	2	39	0	10.50246725	-148.8957598	68.22308039	5.198410397	16.28914435	50.67616971	28.02485548	-2.806113646	23.37907717	21.15720309	-4.80750489	-5.826582774	66.09816527	-18.03985028	-3.399399523	16.55653905	5.374054521	57.05048083	-7.864360152	-10.8620213	-28.64069469	39.1038553	22.05984802	-21.14715226	49.47383063	-10.86057315
0.172880833	1.007435601	0.19788217	0.570074085	0.75378157	0.628904218	0.457851931	0.248275093	0.049169379	0.098457992	-0.659143037	-0.223007831	-0.928899492	0.457851931	0.325109711	0.570074085	-0.248275093	0.14798711	-0.27370189	0.351130835	0.628904218	-0.721522284	0.19788217	-0.89170883	-0.19788217	0.75378157	-0.19788217	-0.89170883	1	42	0	10.40313163	-72.41182655	6.228295706	5.400603944	-36.18464629	-35.58937162	-0.404869148	23.88965101	19.00929523	5.784226657	-21.45500835	23.84508266	-21.46785313	17.08020228	-29.90148542	2.065093862	-3.824852246	1.125132637	0.970980143	19.10474814	40.1235837	18.18159461	8.145294743	28.98579569	4.691273177	-4.484110466
1.486091569	0.27370189	0.570074085	2.333768575	1.238080336	2.333768575	1.486091569	1.138523478	1.138523478	0.75378157	-1.486091569	-0.721522284	1.092735829	0.75378157	-1.007435601	1.138523478	-0.098457992	0.513154662	-1.35170224	-0.248275093	1.238080336	0	0.75378157	-1.88950996	0.29930691	-0.628904218	0.248275093	-1.654434726	1	48	NA	10.19866115	4.309247901	-37.93767454	-48.75699674	-58.23280519	2.694047557	-27.03407872	11.23398281	-7.381942805	-14.65365457	-15.29928183	0.516409869	11.64927584	14.63761848	-11.62439657	-0.378672796	-4.83985522	14.3363672	12.33112068	-0.014376018	2.441271475	-5.251780957	19.44595529	8.271774181	4.582714788	-13.49781086
1.88950996	-1.415702094	0.457851931	0.29930691	-0.29930691	0.75378157	1.138523478	1.654434726	0.457851931	1.238080336	-0.403915973	2.333768575	-0.928899492	-0.29930691	-0.29930691	0.29930691	-1.88950996	0.457851931	-0.024577261	-0.820792088	1.138523478	0.541395085	0.689996993	-0.19788217	-0.123184771	-1.238080336	-0.570074085	0.570074085	2	31	0	10.11820368	-6.213669986	106.4093385	-9.640901	-90.70502968	65.63768835	30.53847622	57.76632715	3.833034943	33.16829221	30.20516955	-13.23868127	37.86041341	-38.32138123	-23.33945898	-5.693871093	-10.40962918	27.33678932	66.66642859	-34.09225997	32.35276038	-109.9353099	29.76700364	13.79904863	-15.78617572	9.896323355
0.29930691	-0.570074085	1.486091569	0.14798711	-0.513154662	0.248275093	0.628904218	0.29930691	0.967421566	-0.351130835	0.89170883	0.073791274	0.430727299	1.88950996	0.073791274	-1.049131398	0.27370189	1.654434726	0.513154662	-0.248275093	0.351130835	0.430727299	1.88950996	1.007435601	1.049131398	-0.75378157	-0.570074085	0.75378157	1	33	0	9.656617796	-38.50788243	-0.914443578	38.24059935	-4.700091992	0.501731345	50.78065205	-8.399848834	-6.590180071	-7.75014579	-36.60417832	22.91697459	-14.344593	16.51148489	7.652921418	11.9573254	6.620609166	3.760571135	-18.87355867	4.774788829	8.835891896	-8.399834007	1.694097217	14.41963926	-16.60398123	-1.411480685
-0.403915973	1.292805229	-0.248275093	1.35170224	1.486091569	0.967421566	-0.325109711	-0.513154662	0.628904218	0.19788217	-1.486091569	-1.88950996	1.092735829	0.14798711	-1.486091569	1.654434726	1.654434726	-0.48531773	-1.35170224	1.049131398	-0.351130835	-0.570074085	-0.248275093	-1.415702094	1.88950996	0.820792088	-0.570074085	-1.486091569	1	39	0	10.14529248	-29.67276259	-64.34398086	26.32432841	68.08321001	18.44813299	-45.39887387	0.249267786	-54.95273274	-31.55639392	18.93826646	45.9210834	42.13183218	13.42352654	1.844988266	18.38213444	11.48859276	9.490645623	0.543360621	-0.786731766	-16.68315015	-5.957237858	19.05612337	-1.998519437	9.293866958	-4.708609857
0.967421566	1.007435601	0.14798711	-0.19788217	-0.403915973	-0.403915973	0.049169379	-0.75378157	-0.29930691	-0.967421566	1.238080336	-0.721522284	0.430727299	-0.351130835	0.541395085	-0.513154662	1.238080336	0	0.89170883	0.351130835	1.007435601	0.541395085	0.248275093	0.628904218	0.689996993	0.351130835	0.248275093	0.19788217	2	52	0	9.705762654	5.880999783	18.02647636	-1.061900768	20.02444331	-45.55044866	17.06455689	8.484184497	-38.56232015	11.25909044	-22.92839887	8.228196689	-12.01682463	13.94988505	-16.42088038	-14.1772497	-5.670302888	-3.500412693	-8.138217367	-16.09394517	12.72324909	2.97492292	-6.085753621	16.72509649	5.203398889	-12.82661856
0.689996993	1.486091569	-0.19788217	-1.238080336	0	-0.19788217	-0.570074085	-0.967421566	-0.513154662	-1.486091569	-0.073791274	0.073791274	0.430727299	-1.486091569	-0.786845099	-0.248275093	1.049131398	-0.855712431	0.786845099	0.786845099	1.007435601	0.820792088	-0.628904218	-0.073791274	0.457851931	0.403915973	0.248275093	-0.75378157	1	57	0	NA	NA	NA	NA	NA	NA	NA	NA	NA	NA	NA	NA	NA	NA	NA	NA	NA	NA	NA	NA	NA	NA	NA	NA	NA	NA
1.654434726	1.759861028	-0.689996993	-0.570074085	-0.049169379	-0.820792088	0	-0.098457992	-0.967421566	-1.049131398	-0.073791274	-1.186831433	-0.172880833	-0.75378157	0.19788217	0.223007831	-0.098457992	-1.049131398	0.513154662	1.292805229	0.024577261	-0.223007831	-0.820792088	0.024577261	-0.351130835	1.486091569	0.248275093	-0.248275093	1	47	0	10.45627086	-45.69431191	-86.44883236	14.82770576	47.56602899	10.08625022	-65.85298328	29.28071175	-45.68754635	-42.23500625	-4.048428911	42.79435901	41.03352055	6.18228605	30.9224039	41.8499939	-19.38556271	11.04672872	3.816890515	-33.83334188	-18.20913415	-1.891453256	11.88458649	13.78249297	1.315616722	0.74426887
0.820792088	0.599229868	0.89170883	1.88950996	1.654434726	0.89170883	0.14798711	0.024577261	1.049131398	0.89170883	-1.486091569	-0.721522284	1.092735829	1.486091569	-1.88950996	1.238080336	1.486091569	1.049131398	-1.88950996	1.292805229	0.75378157	-0.967421566	0.89170883	-1.415702094	0.967421566	0.967421566	0.855712431	-1.88950996	1	49	0	9.523781354	-21.58771859	25.19078219	17.54888072	50.71113281	-20.85966879	48.39056774	-10.98389754	-37.42277453	2.005081353	-29.59567252	-4.172260107	-2.595081527	18.6430176	-3.486594954	-13.56391272	-15.32422844	-4.247310589	-13.53315597	-7.44874323	11.32399155	9.525311641	-6.700485097	8.119126976	2.183773319	8.019878305
1.138523478	0.599229868	-1.486091569	-1.049131398	0.29930691	-0.628904218	-0.403915973	0.403915973	-1.049131398	-0.721522284	-0.513154662	0.457851931	-0.928899492	-1.238080336	-0.786845099	0.098457992	-1.007435601	-1.35170224	-0.024577261	-0.570074085	-1.092735829	-1.88950996	-1.238080336	-0.430727299	0.172880833	0.457851931	-0.570074085	0.049169379	1	40	0	10.10117569	42.64556894	-9.287770957	-59.58123303	43.59161364	-21.68193131	-53.2580638	38.46823612	-16.74354188	-10.98855988	-26.63491337	24.21507437	21.25474734	4.204923516	5.329945181	12.70994971	-11.77374846	19.60093647	-0.345606544	-12.36904573	2.305099203	4.758630567	-2.102500764	11.75506292	-4.797812029	-8.635778546
-0.570074085	0.27370189	0.049169379	-0.513154662	-0.19788217	-0.89170883	-0.820792088	-0.457851931	0.098457992	-0.403915973	1.238080336	-0.721522284	-0.172880833	0.967421566	-0.14798711	-0.14798711	0.351130835	-0.098457992	0.967421566	-1.35170224	0.430727299	-0.14798711	0.098457992	1.238080336	-0.049169379	-0.351130835	-1.35170224	0.89170883	1	41	0	9.213989893	70.94286127	47.27091677	-37.93848408	11.94557935	-8.997973393	-26.81156835	11.90530202	-41.39843373	-35.60285666	24.3084544	11.46340125	7.981298051	-0.965354917	-39.58378593	6.227820105	-7.852733502	2.095077242	-27.81200807	23.46800017	-2.202664028	3.423728587	-3.591727843	6.964568488	31.24741101	23.56421421
NA	NA	NA	NA	NA	NA	NA	NA	NA	NA	NA	NA	NA	NA	NA	NA	NA	NA	NA	NA	NA	NA	NA	NA	NA	NA	NA	NA	1	52	0	9.324195413	84.90935833	0.113847388	-41.51504889	20.53160606	-13.56804517	9.627911512	10.35341037	-58.72113725	-21.78766214	22.23759868	27.3135688	-2.066798794	-1.225382727	1.676734774	5.723666803	-10.81873256	7.16755743	-12.28271617	5.121941886	-4.279869075	-4.947230607	-14.19210709	-11.08106472	-5.335876878	0.124852785
0.89170883	0.599229868	1.35170224	1.654434726	2.333768575	0.820792088	-0.325109711	-0.29930691	1.486091569	0.628904218	-1.186831433	-0.721522284	0.430727299	0.820792088	-1.654434726	1.486091569	0.967421566	0.820792088	-1.654434726	1.486091569	-0.689996993	-1.35170224	1.049131398	-1.415702094	0.628904218	1.049131398	-1.35170224	-1.238080336	1	41	0	10.18342692	-61.28651147	-53.57697555	27.19496925	54.37331689	-16.90015562	8.4537022	21.32650142	-38.11703977	11.9340591	-30.338411	-1.204264961	-10.87449764	31.06206728	-23.42012912	-3.434163441	-10.54489219	-3.219179828	5.728716869	-10.98587903	6.30607897	4.175812093	0.840762129	21.91437339	3.184507928	16.35672343
0.457851931	1.759861028	-0.820792088	-1.35170224	0.820792088	-1.486091569	-1.486091569	-0.89170883	-0.75378157	2.333768575	-0.659143037	-0.721522284	-0.928899492	-0.820792088	-0.457851931	2.333768575	0.19788217	-0.19788217	-0.820792088	0.786845099	-0.223007831	1.486091569	-1.486091569	0.024577261	-0.248275093	1.654434726	-0.19788217	2.333768575	1	33	0	9.319908983	31.54082228	-5.40686741	32.80857175	66.43353852	-30.24945965	27.73176687	-0.763592565	-20.07798604	3.913104838	-25.87609398	12.88080126	-5.469327563	4.527103692	-22.71012562	17.66464192	2.625075223	-6.379660255	-13.11033031	-20.31986127	-1.631764181	-0.066679743	-3.317138186	8.876436894	6.616259836	-1.970573685
-1.35170224	0.403915973	1.88950996	-0.049169379	0.689996993	0.29930691	0.75378157	2.333768575	0.820792088	1.138523478	0.377391944	-0.073791274	0.430727299	-0.098457992	-0.29930691	0.351130835	1.88950996	1.138523478	1.415702094	1.049131398	0.89170883	-0.098457992	1.138523478	0.820792088	0.75378157	0.570074085	0.248275093	-0.14798711	1	62	0	9.388134032	94.59066765	-6.705160064	-28.22410674	14.3257809	10.67651541	-11.61321054	19.72548684	-33.93583021	-4.283060873	-4.468627026	28.29735871	22.46681274	4.916132461	-13.63364524	10.98925985	14.54747386	23.46915207	-7.708288947	4.943766816	18.14247701	-4.165273272	-12.99153478	9.354674792	-22.01179632	2.659809516
-1.138523478	-0.123184771	-1.238080336	-1.486091569	-0.820792088	-1.35170224	-1.654434726	-1.88950996	-1.654434726	-1.88950996	0.172880833	0.073791274	-1.759861028	-1.35170224	-0.89170883	-1.88950996	0.689996993	-1.564726471	-0.928899492	0.351130835	-1.564726471	1.238080336	-1.654434726	0.820792088	-1.654434726	1.138523478	-1.007435601	1.88950996	1	44	0	9.475597353	4.923500568	3.207932902	68.42977258	54.29622243	-17.25308795	15.78906449	-4.089367657	-45.89983149	5.395691795	-4.961641784	14.33866089	6.417091376	12.0029431	-35.21728424	0.769469549	20.91860885	7.36876766	-10.23158219	-18.02850861	17.9676773	-18.14585537	-9.45796232	3.126333844	-0.676726949	5.782106866
0.75378157	-0.89170883	-0.14798711	-0.820792088	-0.098457992	-0.967421566	-1.35170224	-1.238080336	-1.238080336	-1.35170224	1.486091569	-0.073791274	-0.541395085	-1.049131398	-1.007435601	-0.570074085	0.098457992	-0.855712431	1.049131398	-0.248275093	-1.238080336	-1.486091569	-0.75378157	1.238080336	0.403915973	0.14798711	-0.570074085	-0.513154662	2	49	0	9.103854979	115.5843655	-2.560513479	-55.10628882	0.370040991	-41.00883622	-13.13033386	50.04832031	-36.34362756	-3.259510943	1.086386972	-4.539820029	28.53326518	-18.15029054	-27.26584506	6.382480184	-4.379823984	6.580458286	-28.61985115	-19.66914683	9.110626918	8.868401621	-33.89454329	-24.3002071	1.349619702	-9.416235016
1.049131398	1.292805229	-0.29930691	-0.967421566	0.457851931	-0.689996993	0.098457992	0.19788217	-0.689996993	-0.19788217	0.172880833	-0.223007831	1.092735829	1.654434726	-0.049169379	-0.098457992	0.855712431	-1.138523478	-0.430727299	1.759861028	-0.223007831	0.351130835	-0.689996993	0.541395085	0.89170883	1.88950996	0.248275093	-0.820792088	1	48	0	9.337640271	43.37860166	-4.357240957	24.74152719	28.49549939	-23.726115	18.7276767	-2.121948997	-37.91321646	-10.29496725	-13.95163065	30.68439386	-24.89259463	-1.728694356	-21.61841957	14.7866394	22.33236659	1.974077703	-6.816326404	-13.26381232	10.36724649	-0.29937519	-0.236523325	28.30984347	-4.688585872	5.555110598
0.049169379	0.14798711	-1.138523478	0.75378157	1.88950996	-1.138523478	-0.89170883	0.098457992	-0.570074085	0.248275093	-1.007435601	-0.721522284	-0.172880833	-0.19788217	-1.138523478	1.049131398	0.457851931	-1.238080336	-1.35170224	0.786845099	0.098457992	-1.654434726	-1.138523478	-1.138523478	-0.75378157	0.689996993	-0.570074085	-1.138523478	1	33	0	10.26166889	-67.6769642	-35.80749663	63.24845084	4.618163627	24.77811015	-16.56864131	-7.367254934	-17.59255933	-33.09599944	-1.585539214	-15.50953762	22.28296215	-2.020545991	-6.498349788	18.74720718	17.83236476	-16.93464909	-1.343319065	12.31766413	21.45983861	14.32966296	-0.674003041	-13.33220379	13.9578462	0.875790806
NA	NA	NA	NA	NA	NA	NA	NA	NA	NA	NA	NA	NA	NA	NA	NA	NA	NA	NA	NA	NA	NA	NA	NA	NA	NA	NA	NA	2	24	0	10.34131599	-56.48386782	-34.9353834	-21.09044873	3.672925081	-49.48612784	12.31678158	-12.50712795	11.74846841	-6.406429875	23.37968577	-13.05344166	24.07595872	-20.73405755	15.32568322	-19.23979872	9.926279695	-9.71041341	24.19638831	-1.213396168	5.323101178	-25.45002641	8.105637771	-8.408063483	11.77564413	-1.003780328
NA	NA	NA	NA	NA	NA	NA	NA	NA	NA	NA	NA	NA	NA	NA	NA	NA	NA	NA	NA	NA	NA	NA	NA	NA	NA	NA	NA	2	24	0	9.903021019	8.076694683	43.03698149	33.59937965	-8.576607282	-36.33149936	-1.609480822	33.87450572	35.96909033	7.311674521	-6.105718446	-16.95636747	11.83694552	-42.366992	5.508867536	-22.97851804	16.75988852	9.805792593	7.776605256	-21.22684241	9.4113498	-0.764153921	17.24207025	3.322354942	-0.199671482	-12.51420601
NA	NA	NA	NA	NA	NA	NA	NA	NA	NA	NA	NA	NA	NA	NA	NA	NA	NA	NA	NA	NA	NA	NA	NA	NA	NA	NA	NA	1	34	0	9.493693824	-2.034273642	4.6967169	-16.73880873	40.70340388	-11.11332625	13.08155275	3.117804585	-16.32075302	13.24165187	-3.33236139	-51.95801478	45.78406838	-37.98104634	40.59892868	-14.6556402	32.28407228	2.792371753	34.21288393	-12.0155414	44.28276485	11.92172433	15.62912732	20.10724612	-11.23304375	3.97837728
NA	NA	NA	NA	NA	NA	NA	NA	NA	NA	NA	NA	NA	NA	NA	NA	NA	NA	NA	NA	NA	NA	NA	NA	NA	NA	NA	NA	2	31	0	9.139102764	24.85705125	-23.04680812	25.54471506	23.11470089	27.94166698	5.837519559	94.64528185	28.76228095	-13.91144141	3.912611199	-33.41127413	12.62934571	-22.08633018	-6.963566074	-12.20070999	-19.55526499	-14.48674133	-0.170616917	-9.083909706	-9.880659845	0.688230869	11.53704345	6.570544039	16.76888522	16.90402605
NA	NA	NA	NA	NA	NA	NA	NA	NA	NA	NA	NA	NA	NA	NA	NA	NA	NA	NA	NA	NA	NA	NA	NA	NA	NA	NA	NA	1	29	0	8.999390462	73.19240298	4.006409552	24.93963801	30.11717399	-3.10967787	-7.53715811	-28.1508533	20.05333711	18.80370172	-1.249317191	-6.864288146	10.20954267	-28.41440105	9.936064685	-5.018061823	6.421585568	-11.68997496	15.65180352	4.215916799	0.676664412	7.532971695	-13.92253164	10.01025663	18.69242736	17.64054788
NA	NA	NA	NA	NA	NA	NA	NA	NA	NA	NA	NA	NA	NA	NA	NA	NA	NA	NA	NA	NA	NA	NA	NA	NA	NA	NA	NA	2	21	0	NA	NA	NA	NA	NA	NA	NA	NA	NA	NA	NA	NA	NA	NA	NA	NA	NA	NA	NA	NA	NA	NA	NA	NA	NA	NA
NA	NA	NA	NA	NA	NA	NA	NA	NA	NA	NA	NA	NA	NA	NA	NA	NA	NA	NA	NA	NA	NA	NA	NA	NA	NA	NA	NA	1	31	0	9.5596564	41.34327341	-118.126606	6.236296	43.83734335	5.155305398	-16.98062376	16.7024295	25.47840293	39.1535182	0.926449439	18.23203205	3.316627898	-23.00840153	24.60431777	16.61854657	-22.73059762	5.597807401	0.766115613	-9.496464033	-7.031500105	-0.530918242	2.391312012	6.757920022	0.060196005	5.319402511
NA	NA	NA	NA	NA	NA	NA	NA	NA	NA	NA	NA	NA	NA	NA	NA	NA	NA	NA	NA	NA	NA	NA	NA	NA	NA	NA	NA	1	23	0	9.245450247	1.561640866	-84.17616098	-32.31415784	-3.019716069	-55.65853533	25.26904172	-0.133371408	10.18625695	23.72924454	17.34818013	-31.52242543	-9.924092103	-40.72354506	13.74963221	-1.453479576	14.4577013	-27.05094677	26.0275922	-19.69160838	17.96364314	9.53497478	-33.15324121	0.191691222	10.62843957	36.51425431
NA	NA	NA	NA	NA	NA	NA	NA	NA	NA	NA	NA	NA	NA	NA	NA	NA	NA	NA	NA	NA	NA	NA	NA	NA	NA	NA	NA	1	23	0	9.7363253	18.48072261	-86.60611744	21.20726025	17.34578856	41.21423242	-10.59269348	3.117331896	-3.341230366	66.13963028	11.51804288	24.70961674	-34.94541044	-48.60346029	23.72894046	15.58864435	-22.77889577	-9.604873906	21.64559046	-7.517540933	-8.574586737	2.480569561	-14.79191611	-10.35418435	8.836724054	13.07416383
NA	NA	NA	NA	NA	NA	NA	NA	NA	NA	NA	NA	NA	NA	NA	NA	NA	NA	NA	NA	NA	NA	NA	NA	NA	NA	NA	NA	1	23	0	10.28409452	-58.4566894	8.042888694	-25.22595922	33.66171177	40.19211198	-30.83292975	-24.77367894	-1.243483515	16.53899113	22.2553994	9.57274702	-9.600397682	-34.75913684	-3.762774172	-24.26174121	-17.4015386	-2.270851566	21.59287161	6.606629653	21.13771177	-23.36010674	19.38292574	-4.785556664	26.68691896	29.34247317
NA	NA	NA	NA	NA	NA	NA	NA	NA	NA	NA	NA	NA	NA	NA	NA	NA	NA	NA	NA	NA	NA	NA	NA	NA	NA	NA	NA	2	21	0	10.0103429	-25.3439633	-76.40926762	-36.51420765	11.67747682	-46.72631609	25.42790522	5.039321651	10.51956708	7.089253064	19.44404794	-17.4768214	-8.606097368	-36.33397523	22.77867962	7.972964212	-3.408459655	-1.158268014	11.71857941	-17.13651082	6.500154963	-2.832471	9.12036706	3.658732346	12.61267301	11.66255893
NA	NA	NA	NA	NA	NA	NA	NA	NA	NA	NA	NA	NA	NA	NA	NA	NA	NA	NA	NA	NA	NA	NA	NA	NA	NA	NA	NA	1	23	0	9.691612398	12.17882687	-32.61437042	-25.57307825	36.92778338	18.99744603	-0.260859148	-4.801928506	19.55274658	33.78599317	-8.51155489	15.09896177	-2.490842823	-25.71833169	23.39724406	8.63174368	-1.762438968	15.47665846	13.9023082	-2.62818776	-4.285734916	-3.886531895	-3.749315308	6.103951519	-0.513625615	-5.856884435
NA	NA	NA	NA	NA	NA	NA	NA	NA	NA	NA	NA	NA	NA	NA	NA	NA	NA	NA	NA	NA	NA	NA	NA	NA	NA	NA	NA	1	22	0	9.85189672	-32.86635147	-65.84763122	-34.68456793	31.31419806	-20.70534076	19.97231174	-27.17580329	-12.4150568	14.46951854	43.85206243	10.51320539	-23.20012623	-28.62188852	19.05931898	-4.236340797	-17.30164356	1.605735934	34.50183672	-0.921250586	9.130336368	1.500878514	-15.90290821	-4.150941468	23.01114114	38.23177828
NA	NA	NA	NA	NA	NA	NA	NA	NA	NA	NA	NA	NA	NA	NA	NA	NA	NA	NA	NA	NA	NA	NA	NA	NA	NA	NA	NA	2	23	0	9.103684542	81.55860481	-16.01966564	-25.05823393	-1.288006475	-12.75040521	28.67305828	-0.661696991	2.378918478	49.32552447	32.04253976	15.54747015	-17.06182267	-55.1515187	23.07035851	13.05717547	-2.494109696	2.019873262	22.47795613	-3.073146018	-2.058540139	4.373525505	-18.66040031	-17.07311471	15.94540137	25.55280054
NA	NA	NA	NA	NA	NA	NA	NA	NA	NA	NA	NA	NA	NA	NA	NA	NA	NA	NA	NA	NA	NA	NA	NA	NA	NA	NA	NA	2	24	0	NA	NA	NA	NA	NA	NA	NA	NA	NA	NA	NA	NA	NA	NA	NA	NA	NA	NA	NA	NA	NA	NA	NA	NA	NA	NA
NA	NA	NA	NA	NA	NA	NA	NA	NA	NA	NA	NA	NA	NA	NA	NA	NA	NA	NA	NA	NA	NA	NA	NA	NA	NA	NA	NA	2	28	0	NA	NA	NA	NA	NA	NA	NA	NA	NA	NA	NA	NA	NA	NA	NA	NA	NA	NA	NA	NA	NA	NA	NA	NA	NA	NA
NA	NA	NA	NA	NA	NA	NA	NA	NA	NA	NA	NA	NA	NA	NA	NA	NA	NA	NA	NA	NA	NA	NA	NA	NA	NA	NA	NA	1	31	0	NA	NA	NA	NA	NA	NA	NA	NA	NA	NA	NA	NA	NA	NA	NA	NA	NA	NA	NA	NA	NA	NA	NA	NA	NA	NA
NA	NA	NA	NA	NA	NA	NA	NA	NA	NA	NA	NA	NA	NA	NA	NA	NA	NA	NA	NA	NA	NA	NA	NA	NA	NA	NA	NA	2	37	0	NA	NA	NA	NA	NA	NA	NA	NA	NA	NA	NA	NA	NA	NA	NA	NA	NA	NA	NA	NA	NA	NA	NA	NA	NA	NA
NA	NA	NA	NA	NA	NA	NA	NA	NA	NA	NA	NA	NA	NA	NA	NA	NA	NA	NA	NA	NA	NA	NA	NA	NA	NA	NA	NA	1	25	0	NA	NA	NA	NA	NA	NA	NA	NA	NA	NA	NA	NA	NA	NA	NA	NA	NA	NA	NA	NA	NA	NA	NA	NA	NA	NA
NA	NA	NA	NA	NA	NA	NA	NA	NA	NA	NA	NA	NA	NA	NA	NA	NA	NA	NA	NA	NA	NA	NA	NA	NA	NA	NA	NA	2	46	0	NA	NA	NA	NA	NA	NA	NA	NA	NA	NA	NA	NA	NA	NA	NA	NA	NA	NA	NA	NA	NA	NA	NA	NA	NA	NA
NA	NA	NA	NA	NA	NA	NA	NA	NA	NA	NA	NA	NA	NA	NA	NA	NA	NA	NA	NA	NA	NA	NA	NA	NA	NA	NA	NA	2	40	0	NA	NA	NA	NA	NA	NA	NA	NA	NA	NA	NA	NA	NA	NA	NA	NA	NA	NA	NA	NA	NA	NA	NA	NA	NA	NA
NA	NA	NA	NA	NA	NA	NA	NA	NA	NA	NA	NA	NA	NA	NA	NA	NA	NA	NA	NA	NA	NA	NA	NA	NA	NA	NA	NA	2	56	0	NA	NA	NA	NA	NA	NA	NA	NA	NA	NA	NA	NA	NA	NA	NA	NA	NA	NA	NA	NA	NA	NA	NA	NA	NA	NA
NA	NA	NA	NA	NA	NA	NA	NA	NA	NA	NA	NA	NA	NA	NA	NA	NA	NA	NA	NA	NA	NA	NA	NA	NA	NA	NA	NA	2	22	0	NA	NA	NA	NA	NA	NA	NA	NA	NA	NA	NA	NA	NA	NA	NA	NA	NA	NA	NA	NA	NA	NA	NA	NA	NA	NA
NA	NA	NA	NA	NA	NA	NA	NA	NA	NA	NA	NA	NA	NA	NA	NA	NA	NA	NA	NA	NA	NA	NA	NA	NA	NA	NA	NA	2	22	0	NA	NA	NA	NA	NA	NA	NA	NA	NA	NA	NA	NA	NA	NA	NA	NA	NA	NA	NA	NA	NA	NA	NA	NA	NA	NA
NA	NA	NA	NA	NA	NA	NA	NA	NA	NA	NA	NA	NA	NA	NA	NA	NA	NA	NA	NA	NA	NA	NA	NA	NA	NA	NA	NA	2	24	0	NA	NA	NA	NA	NA	NA	NA	NA	NA	NA	NA	NA	NA	NA	NA	NA	NA	NA	NA	NA	NA	NA	NA	NA	NA	NA
NA	NA	NA	NA	NA	NA	NA	NA	NA	NA	NA	NA	NA	NA	NA	NA	NA	NA	NA	NA	NA	NA	NA	NA	NA	NA	NA	NA	2	51	0	NA	NA	NA	NA	NA	NA	NA	NA	NA	NA	NA	NA	NA	NA	NA	NA	NA	NA	NA	NA	NA	NA	NA	NA	NA	NA
NA	NA	NA	NA	NA	NA	NA	NA	NA	NA	NA	NA	NA	NA	NA	NA	NA	NA	NA	NA	NA	NA	NA	NA	NA	NA	NA	NA	2	38	0	NA	NA	NA	NA	NA	NA	NA	NA	NA	NA	NA	NA	NA	NA	NA	NA	NA	NA	NA	NA	NA	NA	NA	NA	NA	NA
NA	NA	NA	NA	NA	NA	NA	NA	NA	NA	NA	NA	NA	NA	NA	NA	NA	NA	NA	NA	NA	NA	NA	NA	NA	NA	NA	NA	2	62	0	NA	NA	NA	NA	NA	NA	NA	NA	NA	NA	NA	NA	NA	NA	NA	NA	NA	NA	NA	NA	NA	NA	NA	NA	NA	NA
NA	NA	NA	NA	NA	NA	NA	NA	NA	NA	NA	NA	NA	NA	NA	NA	NA	NA	NA	NA	NA	NA	NA	NA	NA	NA	NA	NA	2	42	0	NA	NA	NA	NA	NA	NA	NA	NA	NA	NA	NA	NA	NA	NA	NA	NA	NA	NA	NA	NA	NA	NA	NA	NA	NA	NA
NA	NA	NA	NA	NA	NA	NA	NA	NA	NA	NA	NA	NA	NA	NA	NA	NA	NA	NA	NA	NA	NA	NA	NA	NA	NA	NA	NA	2	28	0	NA	NA	NA	NA	NA	NA	NA	NA	NA	NA	NA	NA	NA	NA	NA	NA	NA	NA	NA	NA	NA	NA	NA	NA	NA	NA
NA	NA	NA	NA	NA	NA	NA	NA	NA	NA	NA	NA	NA	NA	NA	NA	NA	NA	NA	NA	NA	NA	NA	NA	NA	NA	NA	NA	2	48	0	NA	NA	NA	NA	NA	NA	NA	NA	NA	NA	NA	NA	NA	NA	NA	NA	NA	NA	NA	NA	NA	NA	NA	NA	NA	NA
NA	NA	NA	NA	NA	NA	NA	NA	NA	NA	NA	NA	NA	NA	NA	NA	NA	NA	NA	NA	NA	NA	NA	NA	NA	NA	NA	NA	2	38	0	NA	NA	NA	NA	NA	NA	NA	NA	NA	NA	NA	NA	NA	NA	NA	NA	NA	NA	NA	NA	NA	NA	NA	NA	NA	NA
NA	NA	NA	NA	NA	NA	NA	NA	NA	NA	NA	NA	NA	NA	NA	NA	NA	NA	NA	NA	NA	NA	NA	NA	NA	NA	NA	NA	1	23	0	NA	NA	NA	NA	NA	NA	NA	NA	NA	NA	NA	NA	NA	NA	NA	NA	NA	NA	NA	NA	NA	NA	NA	NA	NA	NA
NA	NA	NA	NA	NA	NA	NA	NA	NA	NA	NA	NA	NA	NA	NA	NA	NA	NA	NA	NA	NA	NA	NA	NA	NA	NA	NA	NA	1	25	0	NA	NA	NA	NA	NA	NA	NA	NA	NA	NA	NA	NA	NA	NA	NA	NA	NA	NA	NA	NA	NA	NA	NA	NA	NA	NA
NA	NA	NA	NA	NA	NA	NA	NA	NA	NA	NA	NA	NA	NA	NA	NA	NA	NA	NA	NA	NA	NA	NA	NA	NA	NA	NA	NA	2	22	0	NA	NA	NA	NA	NA	NA	NA	NA	NA	NA	NA	NA	NA	NA	NA	NA	NA	NA	NA	NA	NA	NA	NA	NA	NA	NA
NA	NA	NA	NA	NA	NA	NA	NA	NA	NA	NA	NA	NA	NA	NA	NA	NA	NA	NA	NA	NA	NA	NA	NA	NA	NA	NA	NA	1	28	0	NA	NA	NA	NA	NA	NA	NA	NA	NA	NA	NA	NA	NA	NA	NA	NA	NA	NA	NA	NA	NA	NA	NA	NA	NA	NA
NA	NA	NA	NA	NA	NA	NA	NA	NA	NA	NA	NA	NA	NA	NA	NA	NA	NA	NA	NA	NA	NA	NA	NA	NA	NA	NA	NA	1	27	0	NA	NA	NA	NA	NA	NA	NA	NA	NA	NA	NA	NA	NA	NA	NA	NA	NA	NA	NA	NA	NA	NA	NA	NA	NA	NA
NA	NA	NA	NA	NA	NA	NA	NA	NA	NA	NA	NA	NA	NA	NA	NA	NA	NA	NA	NA	NA	NA	NA	NA	NA	NA	NA	NA	1	25	0	NA	NA	NA	NA	NA	NA	NA	NA	NA	NA	NA	NA	NA	NA	NA	NA	NA	NA	NA	NA	NA	NA	NA	NA	NA	NA
NA	NA	NA	NA	NA	NA	NA	NA	NA	NA	NA	NA	NA	NA	NA	NA	NA	NA	NA	NA	NA	NA	NA	NA	NA	NA	NA	NA	1	22	0	NA	NA	NA	NA	NA	NA	NA	NA	NA	NA	NA	NA	NA	NA	NA	NA	NA	NA	NA	NA	NA	NA	NA	NA	NA	NA
NA	NA	NA	NA	NA	NA	NA	NA	NA	NA	NA	NA	NA	NA	NA	NA	NA	NA	NA	NA	NA	NA	NA	NA	NA	NA	NA	NA	2	23	0	NA	NA	NA	NA	NA	NA	NA	NA	NA	NA	NA	NA	NA	NA	NA	NA	NA	NA	NA	NA	NA	NA	NA	NA	NA	NA
NA	NA	NA	NA	NA	NA	NA	NA	NA	NA	NA	NA	NA	NA	NA	NA	NA	NA	NA	NA	NA	NA	NA	NA	NA	NA	NA	NA	1	23	0	NA	NA	NA	NA	NA	NA	NA	NA	NA	NA	NA	NA	NA	NA	NA	NA	NA	NA	NA	NA	NA	NA	NA	NA	NA	NA
NA	NA	NA	NA	NA	NA	NA	NA	NA	NA	NA	NA	NA	NA	NA	NA	NA	NA	NA	NA	NA	NA	NA	NA	NA	NA	NA	NA	2	29	0	NA	NA	NA	NA	NA	NA	NA	NA	NA	NA	NA	NA	NA	NA	NA	NA	NA	NA	NA	NA	NA	NA	NA	NA	NA	NA
NA	NA	NA	NA	NA	NA	NA	NA	NA	NA	NA	NA	NA	NA	NA	NA	NA	NA	NA	NA	NA	NA	NA	NA	NA	NA	NA	NA	2	22	0	NA	NA	NA	NA	NA	NA	NA	NA	NA	NA	NA	NA	NA	NA	NA	NA	NA	NA	NA	NA	NA	NA	NA	NA	NA	NA
NA	NA	NA	NA	NA	NA	NA	NA	NA	NA	NA	NA	NA	NA	NA	NA	NA	NA	NA	NA	NA	NA	NA	NA	NA	NA	NA	NA	2	50	0	NA	NA	NA	NA	NA	NA	NA	NA	NA	NA	NA	NA	NA	NA	NA	NA	NA	NA	NA	NA	NA	NA	NA	NA	NA	NA
NA	NA	NA	NA	NA	NA	NA	NA	NA	NA	NA	NA	NA	NA	NA	NA	NA	NA	NA	NA	NA	NA	NA	NA	NA	NA	NA	NA	2	24	0	NA	NA	NA	NA	NA	NA	NA	NA	NA	NA	NA	NA	NA	NA	NA	NA	NA	NA	NA	NA	NA	NA	NA	NA	NA	NA
NA	NA	NA	NA	NA	NA	NA	NA	NA	NA	NA	NA	NA	NA	NA	NA	NA	NA	NA	NA	NA	NA	NA	NA	NA	NA	NA	NA	2	60	0	NA	NA	NA	NA	NA	NA	NA	NA	NA	NA	NA	NA	NA	NA	NA	NA	NA	NA	NA	NA	NA	NA	NA	NA	NA	NA
NA	NA	NA	NA	NA	NA	NA	NA	NA	NA	NA	NA	NA	NA	NA	NA	NA	NA	NA	NA	NA	NA	NA	NA	NA	NA	NA	NA	1	23	0	NA	NA	NA	NA	NA	NA	NA	NA	NA	NA	NA	NA	NA	NA	NA	NA	NA	NA	NA	NA	NA	NA	NA	NA	NA	NA
NA	NA	NA	NA	NA	NA	NA	NA	NA	NA	NA	NA	NA	NA	NA	NA	NA	NA	NA	NA	NA	NA	NA	NA	NA	NA	NA	NA	2	25	0	NA	NA	NA	NA	NA	NA	NA	NA	NA	NA	NA	NA	NA	NA	NA	NA	NA	NA	NA	NA	NA	NA	NA	NA	NA	NA
NA	NA	NA	NA	NA	NA	NA	NA	NA	NA	NA	NA	NA	NA	NA	NA	NA	NA	NA	NA	NA	NA	NA	NA	NA	NA	NA	NA	2	32	0	NA	NA	NA	NA	NA	NA	NA	NA	NA	NA	NA	NA	NA	NA	NA	NA	NA	NA	NA	NA	NA	NA	NA	NA	NA	NA
NA	NA	NA	NA	NA	NA	NA	NA	NA	NA	NA	NA	NA	NA	NA	NA	NA	NA	NA	NA	NA	NA	NA	NA	NA	NA	NA	NA	1	25	0	NA	NA	NA	NA	NA	NA	NA	NA	NA	NA	NA	NA	NA	NA	NA	NA	NA	NA	NA	NA	NA	NA	NA	NA	NA	NA
NA	NA	NA	NA	NA	NA	NA	NA	NA	NA	NA	NA	NA	NA	NA	NA	NA	NA	NA	NA	NA	NA	NA	NA	NA	NA	NA	NA	1	24	0	NA	NA	NA	NA	NA	NA	NA	NA	NA	NA	NA	NA	NA	NA	NA	NA	NA	NA	NA	NA	NA	NA	NA	NA	NA	NA
NA	NA	NA	NA	NA	NA	NA	NA	NA	NA	NA	NA	NA	NA	NA	NA	NA	NA	NA	NA	NA	NA	NA	NA	NA	NA	NA	NA	2	34	0	NA	NA	NA	NA	NA	NA	NA	NA	NA	NA	NA	NA	NA	NA	NA	NA	NA	NA	NA	NA	NA	NA	NA	NA	NA	NA
NA	NA	NA	NA	NA	NA	NA	NA	NA	NA	NA	NA	NA	NA	NA	NA	NA	NA	NA	NA	NA	NA	NA	NA	NA	NA	NA	NA	2	30	0	NA	NA	NA	NA	NA	NA	NA	NA	NA	NA	NA	NA	NA	NA	NA	NA	NA	NA	NA	NA	NA	NA	NA	NA	NA	NA
NA	NA	NA	NA	NA	NA	NA	NA	NA	NA	NA	NA	NA	NA	NA	NA	NA	NA	NA	NA	NA	NA	NA	NA	NA	NA	NA	NA	2	24	0	NA	NA	NA	NA	NA	NA	NA	NA	NA	NA	NA	NA	NA	NA	NA	NA	NA	NA	NA	NA	NA	NA	NA	NA	NA	NA
-1.140117653	-0.301921554	-0.214049476	-0.257736636	-0.127802736	-0.485786363	-0.346704194	-0.799968905	-0.257736636	-0.799968905	0.239981204	0.787422666	-1.373839467	0.519448129	0.43850955	-0.422837544	-0.742759799	0	1.215598434	-0.130018583	-1.430608769	-0.301921554	-0.170767252	0.944669591	-0.301921554	-0.170767252	-0.415240161	0.485786363	1	30	0	9.769919238	-66.46743448	-3.974832418	-29.88577436	46.46572628	-15.91488939	43.54768854	0.086105561	-2.765555288	-1.160982935	10.14503678	-27.87476152	-20.12381873	-30.43535272	-14.79897581	4.422154265	-20.17791474	4.289159314	-7.370615668	9.575223631	-5.894269019	2.923357037	-7.89608554	-7.537426958	-28.48253224	-5.778697556
-0.485786363	-0.301921554	-0.635007185	-0.635007185	-1.560490269	-1.062220505	-0.771048869	-0.990286919	-0.799968905	-1.723789988	2.38151947	0.944669591	-0.509831534	0.67448975	1.18179227	-0.108255396	-0.346704194	-0.799968905	0.108255396	-1.014498746	-1.560490269	0.558839611	-0.742759799	1.945422591	-0.583848813	-0.214049476	-1.225627238	0.534175181	2	31	0	9.712935102	-5.555412903	5.855461462	51.99994395	53.8677099	-12.11082044	32.37760369	5.070986977	-7.147352841	20.25715757	14.16889991	-15.41124343	-12.65273476	-26.69893978	-11.0396175	5.279902227	-14.19155564	5.516309309	3.812688055	22.88062166	-17.61422017	-9.665499052	9.953643276	-2.023397924	-11.21159941	-17.54200663
-0.301921554	-0.301921554	0.485786363	0.301921554	-0.301921554	0.346704194	0.485786363	0.085072957	0.301921554	-0.534175181	0.239981204	1.483539859	-0.509831534	1.311599883	-0.583848813	-1.551885366	-0.346704194	0.485786363	-0.978987397	-0.621177626	-0.509831534	0	0.392193489	0.376027366	-0.063771035	-1.140117653	0.346704194	0.923143931	1	32	0	10.12894766	-40.68243154	41.20970078	-57.20030354	26.07939144	-8.988083259	34.03687372	-28.49911644	-4.225703867	3.559203817	33.04939678	0.600611019	-2.533565369	2.458512077	-2.667625062	-11.00097694	-8.960169214	5.057882871	-1.452722297	-8.74626886	6.77444726	15.56901593	5.166884996	9.375181538	-20.95167732	4.153711699
0.990286919	0.742759799	1.723789988	1.723789988	1.225627238	0.742759799	0.715053038	1.225627238	1.723789988	1.225627238	-0.195722227	1.715754984	1.225627238	1.551885366	1.560490269	2.38151947	0.257736636	1.952764915	-1.421496695	1.715754984	-0.346704194	0.170767252	1.560490269	-0.67448975	2.387808898	0	0.799968905	2.387808898	2	23	0	8.789383088	78.04879945	16.48304236	23.77037285	37.75226852	5.163708344	55.10683718	-1.403277294	-15.02640009	-1.77260816	26.02354703	-17.30727047	-21.25404504	-27.69916649	-2.697011211	9.573798493	-8.536932875	3.987702127	4.356922878	13.95797146	-17.16073903	-3.788661757	5.957782735	-4.181036706	-1.156003562	0.861293199
-0.392193489	0.127802736	0.583848813	0.127802736	-0.583848813	-0.085072957	1.140117653	0.43850955	0.392193489	-0.635007185	1.089661982	2.38151947	-0.509831534	1.945422591	1.18179227	-0.621177626	0.170767252	0.799968905	0.151843534	-0.130018583	-0.170767252	-0.799968905	0.742759799	0.817236822	1.062220505	-0.635007185	-0.415240161	0.170767252	2	26	0	9.820565796	-47.99265601	-0.562290436	-10.73097464	26.56362879	-5.944775228	28.37631477	-9.551032145	-12.93691771	-17.68476006	14.2254544	-30.66411945	-23.56234381	-36.17935546	-0.695876619	3.395178296	-26.81888902	15.77782744	-0.146457888	-1.31014509	-28.98778802	-26.32394127	11.31507995	-14.76016371	-13.33281789	-15.52850452
-1.560490269	-0.301921554	0.635007185	0.485786363	-0.235836786	-0.635007185	-0.485786363	-0.346704194	0.43850955	-0.859924779	-0.569575695	1.945422591	-0.509831534	0.847795761	-0.415240161	-0.021610546	0.346704194	0.923143931	0.911429786	0.376027366	-0.214049476	-0.392193489	0.799968905	-0.086543368	0.369353294	-0.534175181	-0.415240161	-0.534175181	2	25	0	9.955473184	-44.77357787	45.29194291	-44.79522665	44.51758879	33.70120175	-1.466084707	-24.51408129	-15.91051449	28.31260021	21.30417	4.680375485	-4.954592362	-9.062460442	-9.300907326	-15.50947198	-24.50958329	-18.58759309	-2.894168541	23.49360944	-8.962762093	-28.19035189	33.53402983	-17.07991987	-17.80028096	5.416371741
-0.799968905	1.271952968	0.859924779	0.534175181	0.127802736	0.127802736	0.43850955	0.799968905	0.485786363	1.723789988	0.239981204	0.729792154	-1.373839467	1.421496695	-0.042498014	1.051337852	0.085072957	0.859924779	-0.470593522	0.376027366	-1.140117653	0.43850955	0.923143931	0.376027366	0.742759799	0.583848813	-0.063771035	1.321182026	1	27	0	9.769891529	-12.24911073	-22.545895	-78.4122753	39.6724531	26.33086178	31.6121133	-3.045941345	-25.29545707	30.33956366	41.12623869	8.557983054	-38.8133559	7.133920313	-26.35489105	22.76565155	-11.21116566	32.91543575	18.01786946	-1.008704688	7.557264388	20.29793795	10.57050228	12.78705937	-7.98937365	25.3012495
0.301921554	0.43850955	0	0.042498014	0.859924779	0.68788465	0.583848813	0.742759799	0.127802736	0.214049476	0.494873164	-0.262282765	1.225627238	0.569575695	0.43850955	0.621177626	0.509831534	0.085072957	-0.330027332	0.376027366	0.583848813	-0.063771035	0	-0.446588205	-0.170767252	-0.085072957	0.346704194	-0.257736636	1	24	0	9.865602876	-5.915990841	-2.686638897	38.13165645	7.579541564	46.29876774	-51.88604159	8.415727287	34.00927648	21.73581042	-27.26934065	-4.624323221	-11.49896063	-14.02595422	-12.10307006	9.327539655	-0.618601316	-3.578130237	-15.18717174	3.410024947	5.765234108	-4.830326191	-5.321412407	13.07120487	-10.14741972	-8.491665052
-0.43850955	0.583848813	-1.430608769	-0.43850955	0.923143931	-0.742759799	-1.062220505	-0.583848813	-0.534175181	0.042498014	-0.569575695	-0.446588205	2.121279302	-1.551885366	-0.214049476	1.421496695	-1.100334419	-1.140117653	-0.195722227	0.847795761	0.799968905	1.140117653	-0.829574037	-0.787422666	-0.799968905	0.085072957	-1.225627238	-0.68788465	2	23	0	9.825593195	29.95930206	9.755367371	46.47344605	19.04383134	-17.31586566	-3.498469912	-15.13617116	21.7776694	10.63397422	-10.30201015	-16.13263241	10.06628265	-18.15774894	-6.195060473	-14.37366333	9.654898999	-1.956576644	1.253863018	4.714758627	-1.027649502	-11.24795381	-0.139570179	5.193204332	-1.219893054	-11.81539573
-0.257736636	1.140117653	-0.923143931	-0.990286919	0.635007185	-0.859924779	-0.771048869	-0.43850955	-0.661214792	0.085072957	-0.352933986	0.422837544	1.225627238	-0.569575695	0.346704194	0.376027366	-0.106413557	-1.492404178	0.021610546	0.729792154	1.321182026	0.799968905	-0.829574037	-0.569575695	-0.43850955	1.430608769	-1.225627238	-0.635007185	2	20	0	9.987975759	-35.16029773	-60.40190244	-39.37129895	12.51149469	-60.19956369	-7.513192683	-0.591154677	25.64765022	-14.54627017	5.592942286	-22.69473724	12.51572563	-19.187783	0.114014144	15.51479596	-2.425959172	-19.32758923	-22.00329546	11.36804626	3.636458577	-14.5317275	18.39367293	6.334126286	-8.143066477	6.642925484
0.392193489	-0.829574037	-1.062220505	-1.430608769	-0.923143931	-0.257736636	0.392193489	0.509831534	-0.742759799	-0.715053038	1.364488748	-0.847795761	-0.509831534	0.195722227	0.661214792	-0.28471556	0.085072957	-1.062220505	0.422837544	-0.130018583	-0.742759799	0.392193489	-1.225627238	1.089661982	-0.715053038	1.140117653	1.430608769	1.560490269	1	22	0	9.806558347	-55.72352165	-7.574410218	-42.67876181	35.82558438	-15.46172293	13.90711718	-50.92456938	23.3640911	-20.88310232	14.78033643	0.802071764	-0.35833329	-24.4955857	-2.01457263	-23.25846788	14.92585735	-4.478150224	8.070721254	15.27576509	2.082399431	-4.752023142	9.992896227	16.83852017	0.31625254	11.65194612
-1.062220505	0.279760815	-1.560490269	-1.723789988	-0.042498014	-1.560490269	-1.140117653	-0.923143931	-1.430608769	-0.485786363	-0.352933986	-0.847795761	-1.373839467	-0.787422666	0.43850955	-0.376027366	-1.225627238	-1.492404178	0.352933986	-1.014498746	-0.923143931	0.742759799	-1.723789988	0.544340915	-1.952764915	-0.583848813	-1.225627238	1.952764915	1	25	0	10.47973668	-79.16972647	-15.28411647	-7.546399141	15.65521854	-2.038448289	-18.3988768	-28.75279276	18.97443851	-1.40140104	1.443293087	-30.85480498	2.223011938	5.873923915	-19.2850236	19.5352294	-4.701847197	-23.06761873	-3.17644503	-4.336360435	3.68469179	-0.370774071	3.41233097	20.47780762	6.558761389	19.52353659
-0.346704194	1.952764915	-1.18179227	-0.859924779	-0.346704194	-0.799968905	-0.558839611	-0.485786363	-1.140117653	-1.140117653	0.879167718	-1.311599883	0.799968905	0.239981204	0.214049476	-0.569575695	-0.235836786	-0.635007185	1.551885366	1.129657221	0.923143931	0.485786363	-0.635007185	0.28471556	-0.214049476	0.859924779	0.346704194	0.042498014	2	20	1	9.150274771	-11.75057143	-31.335181	-44.4698384	43.73940593	-1.795660714	-36.72912893	-0.21397157	23.70025264	-22.34136293	22.84106171	-9.238676773	10.13594731	20.89836289	-6.352635628	41.43206278	-32.38653354	5.370678005	6.590031025	11.86070514	9.633028063	-10.48826731	5.958817043	9.20618296	-20.1757418	-8.139507087
0.485786363	0.43850955	-1.723789988	-1.952764915	-0.534175181	-1.225627238	-0.923143931	0	-1.560490269	-1.321182026	0.494873164	-0.595178533	0.279760815	-1.014498746	0.661214792	-0.151843534	-0.485786363	-1.723789988	0.758292557	0.376027366	0.170767252	1.321182026	-1.560490269	0.729792154	-0.635007185	1.321182026	1.025590291	1.723789988	1	23	0	10.13855346	-87.79973669	-54.08744135	34.4279213	7.377731158	-3.265643375	12.41362871	-15.93294872	22.19864389	-38.02158323	-10.89518128	-54.88949447	3.585792861	-25.07768718	-11.0385874	-20.82309836	-0.692749586	30.96724499	8.250129845	2.347095513	-25.71903499	-20.79419505	6.5067031	11.42796424	-1.516512677	16.59503008
-0.534175181	0.127802736	-0.742759799	-1.225627238	-0.43850955	0.485786363	1.062220505	0.923143931	-0.583848813	-0.415240161	0.064872066	-0.847795761	0.279760815	-0.064872066	0.085072957	0.195722227	0.392193489	-0.392193489	1.364488748	-0.621177626	-0.085072957	1.723789988	-1.062220505	0.151843534	-1.723789988	0.485786363	0.89108913	1.430608769	1	21	0	10.13995148	-10.21447515	28.25481961	-0.873651131	28.99248695	16.09848481	-30.49020479	36.17408838	40.60864074	-10.11086085	-15.15007584	3.806377753	2.748526637	-16.69462882	-1.582111171	-34.19309342	-7.387715206	-20.67748745	7.519520399	12.25631305	24.93362852	12.05206219	-12.16975534	11.83654166	-6.425988024	28.49769777
-1.225627238	-0.301921554	-1.321182026	-1.321182026	-1.321182026	-1.723789988	-1.952764915	-1.952764915	-1.321182026	-0.583848813	0.494873164	0.195722227	-0.509831534	-0.330027332	0.923143931	-0.787422666	-0.859924779	-1.321182026	0.758292557	-1.014498746	0.085072957	-0.485786363	-1.430608769	0.151843534	-1.430608769	0.68788465	-1.225627238	0.301921554	2	20	0	9.780216076	-4.695745421	6.801439	32.47205103	40.35479444	46.66583925	-36.12922121	20.99474797	25.58360957	22.92726518	-21.40220328	-3.156876929	-0.575558531	-10.27080682	1.415291333	5.562660768	-7.43074104	-8.140479903	-19.72375744	9.677768834	0.891499836	-13.6966322	5.008331555	6.993529112	-13.11002796	-22.80795705
-1.321182026	-1.321182026	0.085072957	-0.534175181	0.392193489	-0.68788465	-0.859924779	-0.742759799	-0.43850955	-0.149250552	1.089661982	-0.595178533	-0.509831534	-1.171546171	0.279760815	-1.421496695	-0.742759799	-0.085072957	1.129657221	-0.130018583	0.279760815	0.635007185	-0.127802736	0.944669591	-1.430608769	0.257736636	-0.415240161	0.742759799	1	23	0	9.686659625	-53.66129595	29.70305957	-52.01235083	17.24084803	-6.538715647	5.246097897	-10.63514353	26.19164306	-15.32967079	-13.72157762	-33.70017421	-21.92002907	-27.93217593	-18.11378212	23.53382284	-26.5487386	-1.695720386	-14.88426007	-8.740553112	-10.71177386	2.756246166	-5.126056936	16.59338182	-9.489406039	-0.155271764
0.583848813	-0.829574037	-0.346704194	-0.214049476	0.534175181	-0.346704194	-0.301921554	-0.301921554	-0.127802736	-0.085072957	-0.569575695	-0.847795761	-0.509831534	-0.879167718	-0.829574037	0.470593522	-0.106413557	-0.742759799	-0.28471556	0.376027366	-0.43850955	-0.742759799	-0.346704194	-0.787422666	0.192363314	0.923143931	2.387808898	-0.301921554	2	21	0	10.14276861	-12.25501854	-46.02858858	-27.57051859	-30.1411524	32.54262009	31.23957777	-30.86090886	49.85382459	-11.53939576	-16.53916195	-38.38583128	11.62705314	35.12768251	3.545039025	25.99235	-17.20719072	-5.02968007	13.68058418	1.33499736	9.494460791	-1.112224086	-8.627973687	6.831320637	7.723239868	9.731290491
0.859924779	0.43850955	0.301921554	1.225627238	1.723789988	-0.301921554	0.127802736	1.321182026	0.534175181	1.430608769	-1.818645593	-1.311599883	0.279760815	-1.551885366	-0.956176539	1.215598434	0.68788465	0.170767252	-1.129657221	1.715754984	-0.509831534	-1.723789988	0.257736636	-1.945422591	1.560490269	0.990286919	1.225627238	-1.560490269	2	21	1	8.867496526	40.36160278	-29.66615584	10.7138208	-47.14690811	57.65935931	22.66736211	-3.924401578	67.02508146	6.883484017	0.66371223	-0.651295479	15.27146777	29.63304147	-15.40860119	-20.77235997	14.43170038	-8.478959789	7.358669695	40.17652798	21.26431904	2.264845439	-20.54612169	3.001907267	11.83983056	-6.705149018
NA	NA	NA	NA	NA	NA	NA	NA	NA	NA	NA	NA	NA	NA	NA	NA	NA	NA	NA	NA	NA	NA	NA	NA	NA	NA	NA	NA	2	22	0	NA	NA	NA	NA	NA	NA	NA	NA	NA	NA	NA	NA	NA	NA	NA	NA	NA	NA	NA	NA	NA	NA	NA	NA	NA	NA
-1.723789988	-1.952764915	0.43850955	-0.170767252	-0.742759799	0.214049476	-0.042498014	-0.106413557	0.085072957	-0.923143931	-0.569575695	-1.311599883	-1.373839467	0.330027332	0.085072957	-0.67448975	-1.492404178	0.583848813	0.494873164	-1.628361407	-1.723789988	-0.43850955	0.43850955	-0.352933986	-0.534175181	-0.923143931	-0.829574037	1.225627238	1	37	0	9.971538977	-71.10622276	6.259883183	40.11231861	-79.33880387	80.59376327	25.98630954	8.732792641	56.69780994	-31.46361963	-18.449093	-28.10141408	-11.58835021	24.02174829	-28.27073059	0.914333874	-4.376900715	56.2381694	-22.88406861	-18.96556281	-5.150676358	-7.053339849	-21.7510294	-24.60669259	-23.98265202	16.73084275
1.062220505	-0.301921554	-0.859924779	-0.799968905	-0.485786363	-1.430608769	-1.225627238	-1.321182026	-1.225627238	-1.062220505	-0.195722227	0.470593522	-0.509831534	-0.376027366	-0.68788465	-1.051337852	-1.492404178	-0.89108913	-0.67448975	0.376027366	-0.635007185	1.225627238	-1.140117653	-0.352933986	-0.257736636	1.560490269	1.723789988	1.062220505	2	39	0	8.668453147	92.10885117	-61.34962838	41.32681599	-15.70569307	38.23040573	70.01117393	-22.7331791	55.94830651	-0.2722495	8.937176547	-1.686733369	20.90883557	22.41631411	24.427165	13.79241275	-28.57615588	-5.285800161	22.81433278	-6.949042118	20.02875974	-26.1348687	-18.42627428	-29.85184072	25.3888253	-1.063864877
1.560490269	-1.321182026	-0.301921554	-0.923143931	0	-0.923143931	-0.68788465	-0.214049476	-0.990286919	-1.225627238	0.494873164	-1.311599883	-0.509831534	-1.551885366	-0.742759799	-0.330027332	-0.106413557	-0.89108913	-0.239981204	-0.621177626	-0.923143931	0.257736636	-0.923143931	1.215598434	-0.392193489	0.742759799	1.952764915	0.799968905	1	37	0	9.478302914	-35.27014995	17.13408479	-27.52376077	46.49827871	-19.37054142	1.49370992	-16.52159601	1.789740503	-21.81867622	34.59224283	-14.20920637	5.017439766	-18.30567401	7.61502267	-9.708174326	-5.508442679	25.59720514	30.18742833	1.946472845	13.78497582	-13.33225571	-20.89247093	-10.07477199	11.76434714	21.31535546
0.085072957	0.43850955	-0.392193489	-0.68788465	-0.68788465	-1.321182026	-1.430608769	-1.430608769	-1.062220505	-1.560490269	0.701872595	0.307292571	-0.509831534	-0.239981204	-0.301921554	-0.519448129	-0.635007185	-0.214049476	0.847795761	-0.446588205	-0.042498014	0.324231584	-0.68788465	0.151843534	-0.063771035	1.225627238	0.346704194	0.43850955	2	40	0	9.548595247	7.976763255	-33.48744386	0.11390899	-60.15107708	92.98095081	48.245403	1.718004634	29.66752708	-19.85715923	-7.805853463	-19.18563555	-17.08269846	23.31507191	20.33366108	-3.744531465	-16.02644538	10.71140799	-0.553516409	26.04478503	17.46551308	-13.84185254	-17.04141662	-5.559130498	-1.558410295	-30.5963012
-0.583848813	0.742759799	-0.534175181	-0.583848813	0.214049476	-0.43850955	-0.558839611	-1.062220505	-0.923143931	-0.990286919	0.879167718	-0.262282765	-0.509831534	1.051337852	-0.106413557	-1.715754984	0.43850955	-0.485786363	0.021610546	1.129657221	-0.127802736	0.956176539	-0.534175181	-0.086543368	-0.715053038	2.387808898	-0.415240161	-0.127802736	1	25	0	8.855204361	89.77193845	-68.89773082	47.32764331	-26.68181526	58.08567296	25.10396338	-35.02593445	40.31071007	6.152333134	-5.096352331	-27.31217818	25.36034792	14.43189141	3.275670066	21.22699377	-25.1017129	-0.813434653	0.588122322	14.50670829	-2.006232225	23.60612348	19.06390358	16.29128924	-5.707526606	-2.274376789
0.257736636	-0.829574037	-0.990286919	-0.301921554	-1.062220505	-0.583848813	-1.560490269	-1.560490269	-0.346704194	-0.715053038	0.787422666	0.376027366	0.799968905	-1.014498746	1.025590291	0.021610546	-1.952764915	-0.346704194	2.38151947	-0.130018583	0.68788465	-0.68788465	-0.485786363	0.544340915	-1.140117653	-0.742759799	-0.415240161	-0.799968905	1	19	0	10.40502838	-35.96264965	42.62107483	-52.66859718	-6.76879682	-43.54446899	0.90766478	-11.96561939	-6.807641229	35.96559905	4.418883069	-24.23373151	26.32813438	15.3310781	-1.874911036	-34.93594262	34.69610411	3.895237447	18.28058846	-12.19383862	21.20834534	-9.629547826	8.094951634	3.587430366	-9.365917707	-6.522901762
0.43850955	1.723789988	-0.43850955	-0.346704194	-0.170767252	-0.127802736	-0.257736636	-0.859924779	-0.392193489	-0.257736636	-0.195722227	-0.67448975	1.225627238	-0.470593522	-0.301921554	0.064872066	1.225627238	-0.127802736	1.364488748	1.715754984	2.387808898	2.387808898	-0.257736636	-0.086543368	0.89108913	1.062220505	0.346704194	0.085072957	1	20	0	9.390514037	61.18667161	-77.07466449	26.27934863	-54.3839233	29.76006452	42.74744069	-30.9106714	53.24753239	19.68477463	0.396889992	-3.079113716	12.83967062	8.386833819	10.40184933	-7.964963808	-11.32321127	11.63609543	0.991747146	-6.314214518	25.08959598	1.267680989	3.771278204	-12.4484931	10.63947231	-2.446133989
-0.742759799	0.127802736	1.062220505	1.430608769	1.321182026	0.534175181	0	-0.042498014	1.140117653	1.321182026	-1.089661982	-1.311599883	0.279760815	-0.021610546	-0.301921554	0.911429786	0.509831534	0.990286919	-0.729792154	1.129657221	0.02124421	-1.225627238	0.990286919	-1.551885366	1.430608769	0.042498014	0.346704194	-0.485786363	2	25	0	9.865868663	-12.3622798	-69.37042174	-26.10370553	-51.39935207	43.85717873	24.44797359	-42.6423054	32.94809245	-4.252423355	-3.656719753	-24.4252222	2.549332384	20.84474495	12.78304978	10.6594283	-4.666290533	-8.375230749	0.281330081	7.722420622	17.31010985	3.34782307	-5.283153343	2.419302407	-20.47889939	-2.371610499
-0.990286919	0	-0.085072957	0.742759799	0.990286919	0.43850955	-0.43850955	-0.534175181	0.346704194	0.485786363	-0.911429786	-1.311599883	0.279760815	-0.151843534	-0.415240161	1.551885366	0.301921554	-0.257736636	-0.064872066	0.376027366	0.369353294	-0.990286919	-0.085072957	-0.978987397	-0.485786363	-0.990286919	0.346704194	-1.140117653	2	25	0	10.01629279	46.73535248	-167.4825338	25.62566798	-75.96826953	-35.55929455	21.16775475	-8.51748592	38.6445782	11.98968245	23.17718453	31.63281801	34.46468867	35.73052258	9.660205576	-23.65897423	-38.34078411	-23.82342026	-28.09031815	11.6098929	-0.720264282	-4.877566457	17.95825712	-24.93882788	-27.83662981	1.374215062
-1.952764915	0.127802736	-0.127802736	-0.392193489	-0.392193489	0.635007185	0.301921554	-0.392193489	-0.214049476	-0.214049476	-0.043231191	-1.945422591	-0.509831534	-1.311599883	-0.106413557	-0.879167718	-0.558839611	0.170767252	0.595178533	-0.130018583	-0.923143931	-0.170767252	0.042498014	-0.086543368	-0.127802736	-0.127802736	-1.225627238	0	1	28	NA	10.03936394	-23.15469465	-106.9674954	-18.49676015	-65.79003275	1.244519244	35.22849069	-20.36652164	27.95283962	-18.93394164	-0.531958074	-32.17736513	17.00466265	40.72274564	18.22543939	15.73300318	-7.311404466	-15.23503582	-13.00858972	16.49659025	11.53607714	1.662732558	13.83818643	10.50114941	-20.5132016	20.49196974
-0.635007185	-1.321182026	0.68788465	0.257736636	0.085072957	1.225627238	0.715053038	0.257736636	0.635007185	-0.042498014	-0.043231191	-0.446588205	0.279760815	0.787422666	0.279760815	0.28471556	-0.235836786	1.062220505	0.67448975	-1.014498746	0.369353294	0.127802736	1.062220505	0.021610546	0.063771035	-1.560490269	-0.415240161	-0.085072957	2	22	0	9.953563614	44.01226995	-58.66825499	21.70158597	-84.41075345	-4.260472449	57.65218781	-1.219224465	21.23143982	14.95934199	0.633576097	-12.55753872	11.29388746	28.45764273	42.56450385	-3.413711037	-7.363144468	-10.21208543	-8.202992435	-1.405055997	14.69534623	-5.399041074	8.202302016	-8.314722473	-12.35859364	5.508976636
0.635007185	0.43850955	1.321182026	0.392193489	-0.990286919	1.140117653	1.560490269	1.140117653	1.321182026	0.257736636	1.715754984	1.051337852	0.279760815	1.715754984	1.373839467	0.108255396	1.492404178	1.430608769	1.945422591	-0.621177626	1.062220505	0.956176539	1.723789988	1.483539859	1.140117653	-1.723789988	-0.415240161	0.127802736	2	34	0	10.44569965	-18.24298362	-22.36582352	23.26170039	-100.7663146	-3.806585791	26.47323037	-10.65131148	2.772087848	-30.79519507	20.55018358	-32.57587959	0.136201006	38.83000857	41.69630987	-3.435425255	-12.92889466	6.937101464	14.31400878	-16.39598135	16.60154866	-3.894447465	15.90368899	-7.663539847	1.482401058	-17.26889338
-0.859924779	-0.301921554	0.923143931	0	-0.085072957	1.062220505	0.859924779	0.583848813	0.68788465	0.346704194	1.945422591	-0.086543368	-1.373839467	-0.108255396	0.534175181	-0.239981204	0.583848813	0.534175181	0.978987397	0.376027366	1.560490269	-0.346704194	0.635007185	0.817236822	0.485786363	-1.225627238	-0.415240161	-0.042498014	2	54	0	9.712811426	30.05733023	16.52486912	39.8011719	-5.381509336	-35.87803534	-17.44133817	-10.6713855	9.219391551	12.45650122	2.94424272	-7.873478347	-4.573411063	-16.82076098	5.59047527	0.601366566	-12.14289204	-11.37886269	-17.94000851	18.74878901	5.137881668	-6.364273282	16.13326998	-1.909663118	-15.12165982	-6.738787061
0.799968905	-0.301921554	1.952764915	0.799968905	0.170767252	1.560490269	1.952764915	1.723789988	2.387808898	1.140117653	0.064872066	1.311599883	0.279760815	2.38151947	1.373839467	0.151843534	2.387808898	1.723789988	0.239981204	-1.628361407	0.990286919	-0.063771035	1.952764915	1.089661982	1.723789988	-1.952764915	-1.225627238	-0.583848813	1	23	0	10.46331127	-10.67537678	8.389004492	28.30571892	-38.71492145	17.50985568	-48.19737625	20.10755078	-22.15137608	77.63013978	-9.904813114	-8.017716833	-16.00725973	-25.66116155	22.04323866	-1.989367786	4.381831611	-19.92871371	0.088106513	-7.586129628	11.6466616	-0.779141194	24.63142603	2.948808873	-26.37956181	-20.86673925
-0.170767252	-1.321182026	-0.68788465	-1.140117653	-1.723789988	-1.140117653	-0.170767252	-0.106413557	-0.859924779	-1.430608769	0.494873164	0.108255396	-0.509831534	0.021610546	0.829574037	-1.311599883	-1.492404178	-0.990286919	0.021610546	-1.628361407	-1.321182026	0.063771035	-0.990286919	0.67448975	-1.430608769	-1.430608769	1.025590291	0.635007185	1	22	0	9.680293635	9.361091711	55.54559279	60.00873005	-32.58467759	-28.49324375	-7.530115847	-1.875600026	10.35164385	-9.944190935	16.02752184	-18.78880689	-29.47248557	-40.85120304	-10.58888093	-2.594749843	-11.05476434	8.535758687	20.11753022	3.632682392	-30.1861783	-9.561176476	-9.820922041	-7.355325872	15.72135116	5.875937039
1.321182026	-1.723789988	0.214049476	0.346704194	0.485786363	-0.170767252	0.042498014	0.301921554	0.214049476	0.127802736	-0.569575695	-0.446588205	0.279760815	0.108255396	-0.485786363	0.544340915	0	0.392193489	0.494873164	0.376027366	-0.68788465	-0.89108913	0.346704194	-0.239981204	0.063771035	-0.257736636	1.140117653	-0.170767252	2	24	0	9.926994025	27.20293177	21.54234314	-4.56558294	-9.761891239	23.43692083	-6.640377418	97.82403032	19.46253905	-7.280759396	20.41202959	-17.65053906	-23.24816393	-52.57655518	-8.191547302	13.54778271	-27.92513935	-13.24219475	14.58831645	12.57481618	4.271857586	-18.98913132	6.447867391	-19.46657352	7.36178223	6.838411538
0.346704194	-0.301921554	0.534175181	1.560490269	1.140117653	0.085072957	0.170767252	0.635007185	1.062220505	0.534175181	-1.089661982	0.67448975	2.121279302	-1.945422591	-1.321182026	0.729792154	0.923143931	0.742759799	-0.911429786	1.129657221	0.635007185	-0.127802736	0.68788465	-1.551885366	0.799968905	-0.799968905	0.346704194	-0.923143931	1	19	0	10.08103994	11.28257694	-3.63031862	-10.25901565	-29.958469	-0.696298973	-0.486316501	-13.01915563	-1.363608385	-15.83888718	1.919316684	-35.58627513	17.79411064	-10.04248995	20.75427308	1.912871843	14.88050454	6.555773765	-3.577827677	-20.40004099	3.462799182	-3.791867795	3.041524548	23.04320729	-3.170214698	-25.52071893
1.430608769	-0.301921554	0.990286919	0.43850955	-0.235836786	0.990286919	0.923143931	0.990286919	0.990286919	0.583848813	-0.817236822	0.621177626	-1.373839467	-0.67448975	-0.170767252	0.422837544	-0.558839611	1.140117653	0.595178533	0.729792154	0.485786363	0.558839611	1.140117653	-0.28471556	0.68788465	-1.321182026	-0.415240161	0.214049476	2	23	0	10.25051665	-28.6036922	-64.63299868	24.77402045	-42.94331774	2.908586188	-10.66116918	14.93819022	7.170907391	47.02669694	-13.63046808	-15.5464142	-4.284552147	-17.92822895	25.33247597	-10.12925401	12.78695943	5.395274648	-15.4739332	-18.33633344	-7.35979847	-17.38325794	11.96158413	6.7305255	-3.609913889	-21.8132163
-1.430608769	-0.301921554	-0.170767252	-0.127802736	-0.635007185	-0.214049476	-0.392193489	-0.661214792	-0.042498014	-0.149250552	0.978987397	0.195722227	0.279760815	0.621177626	0.661214792	-0.729792154	-0.346704194	0.301921554	1.715754984	-1.014498746	-0.279760815	0.324231584	0.170767252	0.376027366	0.127802736	-0.68788465	-0.829574037	0.346704194	2	23	0	10.24000817	-68.90418956	-19.6400036	38.13386406	14.51281452	37.59353688	-52.04894225	4.437094606	-19.37760364	6.690891015	16.46264572	-26.85914499	-14.24122169	-11.72557576	-18.74963163	0.663922154	-16.91837322	-13.77841411	-15.18322067	8.939992943	13.69899975	-11.14452335	-0.828527294	-7.342396524	-4.537410625	-15.59466915
-0.042498014	-0.829574037	0.127802736	-0.085072957	0.301921554	-0.534175181	-0.990286919	-1.140117653	-0.170767252	-0.301921554	0.239981204	0.519448129	0.279760815	-0.67448975	-0.829574037	0.544340915	0.214049476	0.170767252	0.239981204	-0.446588205	0.170767252	-1.062220505	0.127802736	-0.787422666	0	-0.301921554	0.89108913	-0.214049476	2	19	0	9.815954312	52.71743163	6.284040376	14.6528929	1.223215953	-25.5603452	-14.86739787	-13.60076024	-4.600054353	28.31787838	12.29132464	-3.12794067	10.06286583	-15.18788517	12.42678481	1.329985657	-6.714108132	-15.97491967	-16.79066928	7.720270543	5.562910958	-17.39296187	-5.191575177	-3.087768508	-1.904707188	-14.01940247
0.170767252	1.560490269	0.170767252	0.170767252	0.799968905	0.392193489	0.214049476	0.346704194	0	0.799968905	-0.569575695	-0.847795761	0.279760815	-0.67448975	-0.956176539	0.330027332	1.025590291	-0.301921554	-0.399323067	2.38151947	0.534175181	-0.534175181	0.085072957	-0.569575695	0.583848813	0.43850955	-0.063771035	-0.859924779	1	20	0	9.724817544	-13.92418917	49.21111215	-51.84475162	49.73246693	83.1842067	-38.61080568	-74.55806916	-12.3320239	26.29722878	-6.567173227	5.281550863	40.25294915	-22.84810427	12.2733049	-22.56995816	-25.65285308	2.04192285	-59.35007604	0.974677685	63.92316059	-16.78935911	30.9347634	19.4805801	-41.07837571	21.74334885
-0.085072957	2.387808898	0.799968905	1.952764915	-1.952764915	0.301921554	-0.635007185	-0.170767252	-1.952764915	-1.952764915	NA	NA	1.225627238	NA	-1.952764915	NA	1.952764915	-1.952764915	NA	NA	-1.952764915	-0.214049476	0.583848813	NA	0.43850955	0.392193489	-1.952764915	-1.952764915	2	19	0	10.00805296	-19.42025745	-9.828852796	-62.98720173	-2.832257206	-8.990008413	36.43112805	-15.55645997	-4.630828142	6.073789071	37.25271202	-2.967050032	16.00184743	15.55336632	-5.58958454	-4.785835155	25.3023504	2.335939028	-12.74212733	-2.317149393	9.190264783	-16.92445123	-12.08762087	0.001850599	-2.604540268	-2.645690762
0.923143931	0.279760815	2.387808898	2.387808898	0.742759799	1.952764915	1.723789988	1.952764915	1.952764915	2.387808898	-1.089661982	-0.086543368	0.279760815	0.911429786	0.661214792	1.129657221	1.025590291	2.387808898	-0.817236822	0.376027366	0.170767252	-1.952764915	2.387808898	-1.215598434	1.952764915	-0.859924779	-0.415240161	-0.990286919	1	20	0	9.239530251	40.61556059	-55.18006675	21.06950287	-17.30423744	-23.88958194	0.540568923	-22.40206111	-9.591709043	24.17075604	21.46125836	3.296260973	-18.37487867	-9.888373886	13.58596808	-10.12373311	-9.226596644	2.516170522	-21.4780352	-0.945987733	10.16926964	-6.205357007	5.721657053	3.38467259	-1.17941066	-0.29829846
-0.923143931	-0.829574037	0.257736636	1.321182026	1.062220505	0.583848813	-0.085072957	0.392193489	0.89108913	0.68788465	-1.551885366	0.307292571	0.279760815	0.064872066	-1.723789988	0.847795761	1.321182026	0.346704194	-1.051337852	-0.130018583	-0.279760815	-1.430608769	0.301921554	-1.215598434	1.321182026	0.346704194	0.346704194	-1.062220505	1	19	0	9.85834234	-36.1344809	8.543850434	6.885019367	24.74502451	71.67867229	-23.75466016	3.233806273	-12.75357909	10.27559522	1.797545058	-37.07775949	-5.92176061	-28.56156958	-12.25677034	0.864528794	-1.458366503	-16.6064232	-33.87744203	12.14860405	24.38685667	1.047837987	-22.7196303	-1.086554974	-22.15107973	-11.20307827
1.225627238	0.742759799	-0.485786363	-0.742759799	-0.859924779	0.170767252	0.990286919	0.509831534	-0.485786363	0.635007185	1.364488748	0.569575695	-1.373839467	0.978987397	2.387808898	-1.129657221	1.492404178	0.257736636	-0.595178533	-1.014498746	-0.583848813	-0.609228667	-0.583848813	2.38151947	-0.923143931	0.301921554	-0.415240161	0.583848813	1	47	0	9.856747277	-27.06396486	94.11230715	29.65537492	33.21512805	-32.87507698	-5.578579262	-20.62847044	-4.127881346	54.96234593	6.820968837	-17.92033166	0.760421449	8.385743782	1.144724816	1.84628223	-38.78094913	17.80319088	13.61391988	8.341154973	32.37889684	24.81641611	28.61823236	-9.972927578	-5.652377602	0.732044682
0.742759799	0.742759799	0.346704194	0.085072957	-1.225627238	0.042498014	0.346704194	0.127802736	0.170767252	0.392193489	1.364488748	1.483539859	1.225627238	1.129657221	1.025590291	-0.470593522	1.140117653	0.635007185	0.352933986	-0.130018583	1.18179227	1.062220505	0.534175181	0.544340915	-0.346704194	-0.43850955	-0.415240161	0.257736636	2	44	0	10.41209476	-35.67109071	51.52143797	-20.89108148	-37.37812035	-47.1622425	1.561452791	-18.84272306	-11.05978749	-21.28784708	27.69538268	-16.41098633	-0.408223575	-25.44733586	23.60654129	-14.68858116	11.31129339	4.332685643	-0.624331229	-0.997734364	8.971333069	0.776782579	15.53254339	6.328983118	0.162176085	1.442841914
0.68788465	-1.321182026	1.560490269	1.062220505	0.346704194	1.321182026	2.387808898	2.387808898	1.560490269	0.742759799	-0.195722227	-0.086543368	0.279760815	0.422837544	0.085072957	-0.195722227	0.085072957	1.225627238	-0.151843534	-0.130018583	0.43850955	-1.560490269	1.225627238	-0.446588205	0.990286919	-0.485786363	0.346704194	-0.346704194	1	46	0	10.39732128	-47.5838587	74.07238724	-31.02846115	-15.54232178	94.74849046	-40.75783239	-83.3590457	11.15862916	-27.7280417	-4.488589894	20.67580016	-6.729812645	-15.13161145	28.21632044	-0.262759229	-40.71239361	-22.39756098	-46.48851232	-58.20629064	-12.69915676	16.04900266	49.80980936	7.475123423	2.667029242	45.32895379
1.140117653	0.742759799	-0.257736636	-0.485786363	0.042498014	-0.392193489	-0.214049476	-0.257736636	-0.301921554	-0.415240161	0.239981204	0.847795761	-0.509831534	-1.171546171	0.085072957	-1.215598434	-1.100334419	-0.042498014	-0.399323067	-1.014498746	0.279760815	0.859924779	-0.392193489	0.151843534	-1.225627238	0.214049476	-0.415240161	0.859924779	2	45	0	9.545309969	-17.3558478	39.19653093	-15.66842632	7.239127551	-34.86433822	17.9672779	-16.9319093	-3.886582127	-31.49580845	11.78841807	-24.76249451	-3.489868444	-18.62622485	21.84764944	0.99237112	3.379089294	15.03337122	-23.23486271	-0.582993827	1.375511124	1.18565969	7.207568447	10.48476502	-0.564787722	-4.753134682
1.952764915	1.430608769	-0.799968905	0.923143931	1.430608769	0	0.635007185	1.560490269	-0.085072957	0.859924779	-1.421496695	-0.446588205	1.225627238	0.376027366	-1.225627238	0.978987397	-0.106413557	-0.68788465	-1.628361407	1.129657221	1.430608769	-0.89108913	-0.43850955	-1.215598434	0.257736636	0.635007185	0.346704194	-1.321182026	2	44	0	9.738951364	58.52715783	-41.46704973	1.442883838	19.44047037	-61.86320193	0.411608777	25.74982303	32.55595892	24.28241419	20.87977129	20.30263201	4.426028335	-33.17572927	-1.18940547	-5.449366188	-14.15279043	-4.156740427	-15.25750167	6.727928615	-0.2195126	-7.395938569	24.02047595	-6.28398694	-13.39621682	-6.233427119
2.387808898	0.990286919	-0.583848813	0.68788465	1.560490269	0.89108913	1.430608769	1.430608769	0.257736636	1.952764915	-1.818645593	0.064872066	0.279760815	0.729792154	-1.560490269	1.945422591	0.799968905	-0.558839611	-1.628361407	1.129657221	1.723789988	0.214049476	-0.214049476	-0.911429786	0.192363314	0.534175181	0.346704194	-1.225627238	1	47	0	10.11560234	-44.9488477	-28.55229711	-56.21476251	8.943039553	-21.50249277	-31.72707963	-2.476401698	12.45626376	8.133980781	-19.63994001	-32.83961639	-11.26259138	-33.36897872	10.32911964	2.470000502	-2.187375173	7.983079861	-10.92260272	16.8966443	20.69152351	-3.878986711	1.300562059	8.969100318	-13.59142061	-3.524770274
0.214049476	0.990286919	-1.18179227	-1.062220505	-1.140117653	-0.990286919	-1.321182026	-1.723789988	-0.661214792	0.923143931	0.701872595	0.944669591	-0.509831534	-0.28471556	-1.100334419	-1.945422591	-0.956176539	-0.43850955	-0.817236822	-1.014498746	0.02124421	1.952764915	-1.321182026	1.483539859	-0.859924779	1.952764915	-1.225627238	0.990286919	2	43	0	9.878161104	-15.18236624	13.67090702	6.078651052	7.706428167	18.11402137	29.19461481	21.60231803	1.243533329	-35.49095891	0.587282613	-9.201006758	3.36705286	-7.896113366	41.41666288	-15.69119098	7.229419109	-1.52684821	-5.125671266	-3.721474755	-2.17089316	-8.004805404	12.14947112	21.45832291	-9.015056307	-17.87700609
-0.127802736	-0.829574037	0.392193489	1.140117653	1.952764915	0.799968905	-0.127802736	0.170767252	0.583848813	1.560490269	-1.089661982	-0.262282765	0.279760815	0.28471556	-1.430608769	1.311599883	0.799968905	-0.170767252	-1.945422591	-0.621177626	0.742759799	-1.140117653	-0.042498014	-1.051337852	0.301921554	-0.369353294	0.346704194	-1.723789988	1	50	0	9.911909607	-27.29127027	17.90468122	7.707987163	2.04401989	3.482938661	2.841786138	9.980975622	4.572966878	-33.19819715	-3.884896915	-9.796999958	-32.00703848	-23.04822003	28.86830892	-11.62845249	-3.101978362	8.137124668	-3.618094838	13.63571921	-3.213280824	-3.451046331	3.963681379	9.984972213	5.233345469	0.315116783
1.723789988	-0.301921554	0.742759799	0.990286919	0.583848813	1.430608769	1.321182026	1.062220505	0.89108913	0.301921554	-0.817236822	-0.086543368	-0.509831534	0.470593522	0.085072957	0.787422666	0.635007185	0.43850955	-0.108255396	0.729792154	0.859924779	-0.257736636	0.485786363	-0.569575695	0.89108913	0.799968905	1.321182026	-0.43850955	1	48	0	9.428973165	49.08583636	0.943660492	42.42891955	-20.6209379	-1.099916406	12.7108578	-6.436172739	17.049164	-20.96762279	5.890272271	-25.93890902	-15.15562546	-33.95706076	2.275662887	-1.687542862	6.269982084	-3.348893721	-11.00732732	-0.637828186	-8.164261347	6.004903799	1.73333006	18.18841181	6.123593982	6.848050145
0.534175181	-0.829574037	0.042498014	0.583848813	2.387808898	2.387808898	1.225627238	0.859924779	0.742759799	0.990286919	-1.311599883	-1.311599883	0.279760815	-0.519448129	-1.100334419	1.715754984	-0.742759799	-0.558839611	-1.262145177	-0.130018583	-0.392193489	-1.321182026	-0.301921554	-1.551885366	-0.990286919	0.170767252	0.346704194	-1.430608769	1	20	0	9.778184614	32.41038546	35.68766949	20.48601869	-37.07948264	-23.4631854	-10.67108318	-18.53104882	30.71237599	12.68277688	-17.64884527	10.52148464	4.568177519	-30.70412604	15.33959485	-23.39329897	16.89297206	0.735678484	-8.140308912	9.706984975	0.51777728	3.37638037	-1.327764128	22.34939074	7.131660398	27.54659844
0	-0.829574037	-1.952764915	-1.560490269	-1.430608769	-1.952764915	-1.723789988	-1.225627238	-1.723789988	-0.346704194	0.494873164	-0.262282765	-0.509831534	-0.879167718	1.723789988	-0.879167718	-1.492404178	-1.225627238	-0.595178533	-1.628361407	-1.140117653	1.560490269	-1.952764915	1.311599883	-1.062220505	-0.042498014	1.560490269	1.140117653	1	21	0	9.788274161	-53.96089183	-27.46219449	-40.59594769	-0.446515095	4.007729405	-4.073089736	-17.66887966	24.88751728	-5.695428599	11.352096	-30.08135601	-17.21497464	-22.40023323	-16.20631898	25.85167545	-5.641613489	-13.88885863	9.473304428	-1.892495575	-19.13692329	-13.27059646	-24.28958922	6.106713827	1.617114686	-7.686156465
NA	NA	NA	NA	NA	NA	NA	NA	NA	NA	NA	NA	NA	NA	NA	NA	NA	NA	NA	NA	NA	NA	NA	NA	NA	NA	NA	NA	2	51	0	10.08752534	-74.35186969	6.233276451	-7.788530455	-20.2052938	-4.064899609	27.82801434	68.94547417	1.151347808	20.16677942	40.98203706	-13.52481251	-11.90123565	39.83225757	-26.00528867	34.73338002	45.81149544	-39.91617004	-42.02081898	-25.80076767	-31.84078041	-4.316219473	13.88965869	-0.18328841	22.93554425	-0.427705952
-0.214049476	-0.301921554	-0.042498014	-0.042498014	0.43850955	0.89108913	0.085072957	-0.661214792	0.042498014	0.43850955	-0.195722227	0.021610546	1.225627238	0.151843534	-0.583848813	-0.064872066	1.723789988	0.042498014	1.051337852	-0.130018583	1.18179227	-0.609228667	0.214049476	0.151843534	0.369353294	-0.369353294	0.346704194	-0.742759799	2	31	0	10.10323972	-35.88315524	10.08648274	22.34942033	-16.46729425	15.52023451	-7.364436276	2.320099552	-0.322803959	24.79711713	0.099968424	13.8084597	5.358762372	10.99256879	16.46261106	-14.85604065	7.505153811	24.8961398	-2.385244192	-6.538276918	-2.908566975	-8.34142313	6.824255785	12.24882114	-1.468650082	-0.177706632
-0.68788465	1.271952968	1.140117653	0.859924779	0.68788465	1.723789988	0.534175181	0.68788465	0.799968905	1.062220505	0.064872066	0.195722227	1.225627238	-0.195722227	0.829574037	0.67448975	0.799968905	0.68788465	-0.519448129	-0.130018583	1.952764915	1.430608769	0.859924779	-0.195722227	0.534175181	-1.062220505	0.346704194	-0.392193489	1	48	0	10.19574176	-34.01206667	-14.52183194	-25.74567469	-45.49050699	-5.126376977	7.597405607	23.1897538	38.71366865	20.08401669	9.312953918	1.284893469	7.965634969	9.418116104	-23.90563884	19.69460204	62.42571077	-37.10482279	-39.90585655	6.435235418	-7.004963403	-2.594092853	34.92700416	24.42514789	6.136707667	12.25862517
-0.115949825	0.711260092	0.662435268	0.35434957	-0.711260092	0.437790082	0.662435268	0.569184749	0.569184749	0.115949825	0.761842777	0.615141105	0.615141105	1.122762298	1.05307266	-0.233485258	0.761842777	0.711260092	0.416665521	-0.096558615	-0.814454522	0.194028142	0.711260092	0.711260092	0.233485258	0.869423773	0.253347103	0.35434957	1	46	0	9.3501812	79.57872	-21.48194803	34.22021861	-9.064516828	17.54539358	10.17081419	-56.47531401	-16.99174748	12.49898671	10.48531351	-19.15907459	-6.193425311	-17.5081745	10.62837393	13.62985763	-5.893570285	14.73992685	-5.504394776	-4.529633321	-6.999163196	8.655507387	7.930500723	18.1173059	9.580515803	-12.25799046
0.988154632	2.160044423	0.988154632	0.761842777	-0.395725296	0.524400513	1.05307266	0.711260092	0.869423773	0.437790082	1.993983606	0.135384736	0.213715106	0.814454522	0.333891362	-0.615141105	1.281551566	0.988154632	1.020076233	1.768825039	0.869423773	0.273309407	0.988154632	1.020076233	1.48154449	1.374679694	0.480644432	0.988154632	1	47	0	9.799791756	60.90427787	-78.71802108	-20.14703336	-6.573546648	34.6506018	-15.44259013	-8.471054047	29.33404699	33.49540887	13.11018389	37.71615794	4.054217949	7.648933955	7.884960879	23.3629036	-2.335239111	22.42632408	-24.15919602	2.743094263	-2.232533899	2.335447662	6.413476603	10.82196865	-0.872483745	5.149378162
NA	NA	NA	NA	NA	NA	NA	NA	NA	NA	NA	NA	NA	NA	NA	NA	NA	NA	NA	NA	NA	NA	NA	NA	NA	NA	NA	NA	1	47	0	9.750649522	-22.97700532	-37.83242394	-11.1167017	23.58516055	18.05079255	20.4781442	-38.41534298	8.845486605	-22.03920033	-5.23018923	-39.97674391	11.44869874	-15.66920879	2.165577403	6.221058084	17.73079889	1.573224276	-3.935475935	6.16230945	-5.413916441	-5.226555891	-12.51101995	23.49344974	-8.779585907	-10.30174301
-0.313571967	0.459111852	-0.814454522	-1.281551566	-1.198379702	-0.988154632	-0.662435268	-1.05307266	-1.05307266	-1.05307266	1.48154449	-0.957209469	-0.395725296	-0.569184749	0.480644432	-0.761842777	-0.096558615	-0.711260092	0.038573075	-0.395725296	-0.077203649	1.374679694	-1.374679694	0.546655569	-1.374679694	-0.273309407	-0.897915184	1.993983606	2	46	0	9.941480447	-41.50110605	-11.07519702	-33.55154895	-10.0774844	-13.96177959	23.69916191	-44.79835594	14.74071759	-16.47863314	4.771898287	-15.53302694	-11.73472127	10.49196169	5.68866833	-9.130326875	15.33934555	-9.736730013	-8.376824108	11.22798637	0.428065441	-5.529864678	-11.25597153	6.015279816	1.146323529	3.455482576
0.35434957	1.122762298	-0.154870923	-0.988154632	-0.761842777	-0.233485258	-0.096558615	-0.115949825	-0.869423773	-1.608652683	0.313571967	-0.233485258	0.213715106	-1.374679694	-0.480644432	-1.281551566	-0.038573075	-0.194028142	1.198379702	1.05307266	0.038573075	0.459111852	-0.395725296	1.159742045	0.115949825	1.198379702	1.993983606	0.569184749	2	45	0	9.442711957	1.609825308	33.22942349	-75.3614794	21.62945402	74.02311565	-28.70613799	-72.67907886	18.78504735	25.0838415	17.99372429	34.79563967	-5.831854292	0.750202112	-22.69677807	-9.103442589	19.77300442	-21.99590704	-1.170935141	8.799023897	12.1964845	-16.27520008	-17.90780471	-5.981754995	17.66130365	-9.172200753
1.608652683	0.096558615	-0.115949825	-0.154870923	1.608652683	0.273309407	0.711260092	1.23889438	0.437790082	0.662435268	-1.122762298	0.333891362	1.05307266	-0.194028142	1.281551566	1.608652683	-0.096558615	-0.313571967	-0.869423773	1.326677507	0.437790082	0.333891362	0	-1.05307266	0.273309407	0.569184749	0.988154632	-0.662435268	2	43	0	10.62430241	-28.81482565	-42.68692425	19.23239316	-67.62774327	17.59020264	-45.35768694	-30.20240368	41.47489814	3.374180379	-10.16555245	-0.91519959	-36.10546334	-7.845104332	-4.142952665	16.70500104	7.942597419	-17.40425226	1.928538821	18.83281715	-3.713313748	-13.641669	-9.229214692	-6.070433681	8.95484655	-4.649767763
0	1.374679694	1.05307266	0.569184749	-0.480644432	1.374679694	0.988154632	0.524400513	1.05307266	0.814454522	1.326677507	1.608652683	1.374679694	1.281551566	1.993983606	-0.038573075	1.608652683	1.281551566	0.761842777	0.927154825	-0.569184749	-0.233485258	1.198379702	0.869423773	0.761842777	-0.615141105	0.253347103	0.154870923	2	19	0	9.073385862	73.14226026	20.23385113	35.67305636	10.86920199	18.82855634	17.72900775	-39.11842469	-38.65148879	8.935198403	18.48203866	-14.21863341	-14.51019629	6.377806021	15.21400518	2.062429906	6.147839205	3.253145042	7.30560243	-6.134898381	-19.73491668	20.59304208	14.2011778	11.70331616	-10.9075996	10.98369234
-0.233485258	0.213715106	1.122762298	0.115949825	-1.768825039	0.927154825	2.423196195	1.993983606	1.198379702	0.480644432	-0.437790082	1.993983606	1.869606647	2.423196195	0.841621234	-0.273309407	2.423196195	1.122762298	-0.638609618	0.761842777	-1.541986299	1.122762298	1.122762298	0.038573075	1.198379702	-1.608652683	-0.480644432	2.423196195	2	18	0	9.846352321	-17.50483361	-18.95708756	8.209545156	-31.20188446	55.22894004	34.17996887	71.09992447	-52.98175975	14.39280885	53.91171742	6.338222589	-64.51602636	27.92278222	18.12780176	-9.996855979	-2.939480671	-16.70829463	6.928691372	-7.824554103	-8.103861614	8.395750777	2.576780989	-8.468777041	0.266320795	-12.85718388
-0.615141105	0	0.927154825	0.395725296	-0.273309407	1.122762298	0.615141105	0.273309407	0.927154825	0.615141105	0.869423773	0.988154632	0.213715106	1.198379702	-0.253347103	-0.988154632	0.897915184	0.841621234	0.313571967	-0.096558615	-0.35434957	-0.313571967	0.927154825	-0.038573075	0.814454522	-0.077203649	-0.897915184	0.869423773	1	23	0	9.711501725	12.25018776	-35.80640025	-31.57026073	45.36412153	81.37328942	-5.137928984	40.29825624	-16.47266428	28.24983228	47.42622907	16.73861644	-25.23076983	27.51082388	5.894012255	3.429333777	-4.124564236	11.70621907	25.60579842	-1.516329416	39.52647943	38.42923291	-18.6630024	-9.431471065	-13.43233915	33.1251531
1.993983606	1.281551566	1.768825039	2.423196195	2.423196195	2.423196195	1.993983606	1.122762298	1.993983606	2.423196195	-0.437790082	1.768825039	1.374679694	1.768825039	1.608652683	1.326677507	1.993983606	1.993983606	-1.05307266	1.993983606	1.198379702	0.927154825	1.993983606	-0.395725296	2.423196195	1.48154449	0.395725296	0.077203649	1	19	0	9.832506023	18.48600343	-95.47535893	-12.96051146	-6.446139821	37.56481481	32.91888316	-14.85352613	-27.91189579	78.84254497	23.16109262	22.04062276	-47.05569097	-8.850032277	30.287291	6.107353098	12.29996191	12.98086557	8.653065498	-8.707714762	5.777244809	33.36361392	11.01429548	6.14797934	3.400996848	25.83705479
-0.480644432	0.988154632	1.993983606	1.768825039	0.711260092	1.993983606	1.48154449	1.05307266	1.768825039	1.993983606	-1.993983606	1.374679694	1.869606647	1.374679694	-1.020076233	0.841621234	1.768825039	1.48154449	-0.869423773	1.326677507	0.988154632	0.569184749	1.768825039	-0.638609618	1.608652683	-0.761842777	0.253347103	-1.608652683	2	21	0	10.34147135	-29.59433729	-41.14004814	-39.29556093	-6.475453916	-4.977162206	67.67773346	-31.06348296	-11.71060885	9.572028321	34.68277119	-2.946727456	-12.33134753	35.89145407	11.36615158	-17.20864311	18.79626648	-16.14885055	14.99733761	-11.32280681	2.217690024	10.25332156	6.95250538	-0.47700174	-11.49800579	16.84615009
-0.437790082	0	1.608652683	1.374679694	0.154870923	1.05307266	0.927154825	0.814454522	1.608652683	1.608652683	-0.524400513	1.48154449	1.159742045	1.48154449	-0.313571967	0.524400513	1.05307266	1.608652683	-0.154870923	1.122762298	-0.115949825	-1.768825039	1.608652683	-0.638609618	1.768825039	-1.768825039	-0.057877565	-0.615141105	2	19	0	9.347111404	79.90904288	4.809002554	-20.55291585	-8.095117063	62.99407508	17.86960798	98.54807344	-10.62715556	-0.966897764	37.49595353	-7.776459235	-14.40318123	21.26461287	6.771683976	36.85504674	-4.036488436	-24.828677	0.368393524	4.058691413	1.357498998	6.990163337	13.10116364	-2.37138334	3.357298565	19.30780492
0.313571967	-0.686643051	1.374679694	0.524400513	-1.48154449	1.198379702	1.768825039	1.768825039	1.281551566	0.869423773	-0.253347103	2.423196195	1.608652683	1.993983606	1.48154449	-0.437790082	1.198379702	1.374679694	0.233485258	0.437790082	-0.615141105	-0.437790082	1.281551566	0.154870923	1.05307266	-1.993983606	-0.057877565	0.395725296	2	19	0	9.825465852	-15.96643427	-1.566589279	18.94286586	-25.60392928	26.63609222	25.27439574	10.30505252	-59.66792933	-9.816971198	30.94804257	-9.531025051	-55.6306005	21.26151904	37.90004581	-0.878725131	3.496060841	-2.638124745	11.60473282	-16.19463361	-21.93445258	4.163791257	10.83059976	1.251039458	-9.069053209	-6.557226684
-0.761842777	1.608652683	2.423196195	1.993983606	0.615141105	1.608652683	1.198379702	0.927154825	2.423196195	1.768825039	-0.253347103	1.198379702	2.423196195	1.608652683	0.057877565	0.480644432	1.48154449	2.423196195	-0.869423773	1.326677507	0.395725296	-1.05307266	2.423196195	-1.05307266	1.993983606	-0.869423773	-0.057877565	-1.48154449	1	49	0	9.905897841	18.50544413	-15.18305302	-5.976005321	19.90598531	69.06204707	50.40940879	-7.441037423	-18.22569775	7.428262964	37.44029961	28.86689839	-39.69111543	18.33673138	17.03210973	-30.99586346	5.506058249	3.136086939	21.93750676	26.54795373	-6.681723961	26.41310106	14.05773076	7.320837988	1.576648104	20.60898221
-1.05307266	0.662435268	0.437790082	-0.038573075	-0.869423773	0.662435268	-0.038573075	-1.122762298	0.395725296	-0.927154825	0.313571967	0.333891362	-0.057877565	0.077203649	0.233485258	-1.05307266	0.115949825	0.615141105	-0.333891362	0.057877565	-1.020076233	0.814454522	0.395725296	0.154870923	-0.374957187	0.662435268	-0.293381232	1.198379702	1	45	0	9.778374301	-38.85931089	-63.91857862	-34.79812721	42.23276083	-4.617488148	26.15680533	-7.251175581	-10.95889241	17.05127333	10.30232754	-31.69869932	1.546059834	0.684231733	-0.733635319	20.4600187	-1.904750273	-11.95534247	-22.54194572	6.235157289	10.216395	-6.387328518	8.245109131	21.23035774	-2.196956693	19.57819783
1.122762298	1.48154449	-0.662435268	0.194028142	1.281551566	-0.154870923	-0.194028142	-0.273309407	-0.115949825	-0.057877565	-0.841621234	-0.480644432	-0.395725296	0.233485258	-0.096558615	1.198379702	0.502402223	-1.05307266	-1.683348264	2.423196195	0.154870923	0.233485258	-0.524400513	-0.638609618	1.122762298	2.423196195	0.662435268	-0.273309407	2	31	0	9.365465618	37.82876155	-50.16191185	-32.53873456	10.78730632	-24.2084582	17.14565323	-26.38952112	-2.152876347	7.354662273	4.926120149	-26.28942002	-5.278540973	-15.20742649	10.6826793	-3.227696441	7.123609414	7.037661327	-4.987549624	-5.922161425	17.48378135	1.370869653	-6.846893177	7.018035667	8.748408862	-1.754127912
0.967421566	0.62668735	1.491605982	1.324957689	1.403412636	1.714593654	0.589455798	1.071486768	1.868241655	1.188674189	-0.967421566	-0.380325642	0.464938765	0.108523744	-0.298355173	0.314572292	0.347261247	0.967421566	-1.128143645	0.380325642	1.018075715	-0.482248215	1.071486768	-1.714593654	1.324957689	-1.188674189	1.157878604	-1.363136466	1	27	0	9.715212383	41.27793595	51.27974349	45.93074627	-3.808730024	-19.47506007	-19.74152467	8.159128005	13.05448931	-33.45365274	3.851705023	5.411430421	-24.53279851	11.73440266	11.1433755	-2.68642034	4.743699235	10.13148694	-20.31649809	13.74026452	2.56808144	4.783006078	-2.102120271	4.543490437	-2.777477921	14.53134788
0.480644432	-0.174416101	-0.524400513	0.437790082	0.233485258	-0.273309407	-0.437790082	-0.592006622	-0.273309407	-0.524400513	0.019282951	0.615141105	-0.395725296	-0.927154825	0.480644432	0.233485258	-1.05307266	-0.502402223	0.615141105	-0.096558615	-0.038573075	0.988154632	-0.077203649	0.35434957	-0.194028142	0.077203649	-0.897915184	0.662435268	1	50	0	9.838050487	61.18926983	-18.9994975	5.948870735	-4.55688365	45.17985025	-41.54738138	75.19528624	26.88339872	-0.718022254	9.82732222	-27.30328756	17.83495345	5.454770282	-14.7345683	8.047190163	-7.6975612	-2.007816929	-0.940282836	-6.149593386	20.66451694	-2.056543465	-1.234317379	8.481577842	21.83482505	-0.552215317
NA	NA	NA	NA	NA	NA	NA	NA	NA	NA	NA	NA	NA	NA	NA	NA	NA	NA	NA	NA	NA	NA	NA	NA	NA	NA	NA	NA	2	54	0	10.05512912	39.98409597	-68.1342465	46.72738232	-24.51339883	3.879452105	-56.1438659	-17.13710112	26.01305202	10.82140308	18.65111453	2.356715197	10.7951949	2.760997032	-9.505185735	18.2722964	-11.38125968	26.14480927	1.491711991	-12.84874297	-10.16461281	0.465950735	12.85609518	-1.178277604	0.706619042	-6.96885719
0.615141105	-1.326677507	-1.768825039	-1.608652683	0.115949825	-1.281551566	-1.087257384	-0.524400513	-0.988154632	-1.281551566	0.019282951	-0.638609618	-0.395725296	-1.198379702	-0.480644432	0.273309407	0.395725296	-1.374679694	0.416665521	-0.957209469	0.35434957	0.077203649	-1.608652683	-0.313571967	-0.569184749	0	1.05307266	-0.233485258	2	52	0	9.838404783	5.212603874	-40.79142789	88.61243045	6.666463669	0.839653035	4.321400488	-43.76708874	9.499664904	-9.59761076	0.2284217	-35.16210782	16.69841182	-2.806155568	-1.206175396	-21.42292326	3.961939272	5.71225739	25.68244101	-3.930756884	-34.17379542	1.764881581	-0.68556913	1.663618122	3.50800294	7.911737392
-1.993983606	-1.087257384	-0.615141105	-1.05307266	-1.122762298	-1.608652683	-1.993983606	-1.993983606	-1.768825039	-1.993983606	0.592006622	0.897915184	-0.395725296	-0.711260092	-0.253347103	-0.480644432	-0.814454522	-0.638609618	0.615141105	-1.374679694	-0.395725296	0.524400513	-0.615141105	2.423196195	-0.869423773	-0.569184749	-0.293381232	1.768825039	2	18	0	9.463392054	48.08846502	-41.00511661	22.13079081	28.1420447	-17.47333908	17.79846845	-1.708679699	-8.59739105	21.1310128	20.43784504	6.172827088	3.662935277	8.121594221	6.846500092	4.232307197	-16.25768899	1.394146944	-23.65774046	10.47891165	-3.637593276	-19.95467156	-12.49601893	-2.454693657	2.717239177	-2.171603708
0.395725296	-0.174416101	-0.711260092	-0.711260092	-0.35434957	0.569184749	0.437790082	0	-0.814454522	-0.662435268	0.313571967	-0.115949825	-0.395725296	0	0.638609618	-0.333891362	-0.253347103	-0.313571967	0.615141105	0.194028142	-1.768825039	-1.608652683	-0.988154632	0.154870923	-0.869423773	0.115949825	0.841621234	0.814454522	1	19	0	10.08997498	-46.71352004	-54.20405302	23.96598714	-14.21187492	44.15303763	-30.91487273	-2.623992522	23.46007706	11.48231705	-10.3879518	-26.58781924	-7.818962647	-3.654886751	-34.66608568	-25.26134398	18.78203059	65.52656094	-31.33478112	-28.61525076	4.776596704	10.33596905	-23.3344253	-20.0780791	-11.84379869	11.59957599
0.662435268	1.768825039	-1.993983606	-1.198379702	-0.194028142	-0.077203649	-0.233485258	-1.768825039	-1.198379702	-0.711260092	-1.122762298	0.233485258	0.213715106	-0.869423773	-0.35434957	-0.115949825	-0.524400513	-1.198379702	-0.638609618	1.326677507	-0.174416101	1.281551566	-1.993983606	0.35434957	0.437790082	1.993983606	2.423196195	1.281551566	1	18	0	8.969658116	78.14304171	-53.63950817	2.660828006	13.41434618	47.76415254	-24.79911092	51.24217023	17.39696685	22.38232607	5.782939306	-29.70862528	21.79845571	-22.66306945	-12.77480495	6.051218758	-14.26667816	2.409523569	-15.10100818	1.840702651	19.23149016	11.79545301	-0.442439293	15.29743421	17.68631651	17.55667265
-0.662435268	-0.686643051	-0.313571967	0.038573075	-0.115949825	-0.524400513	-0.761842777	-0.592006622	-0.761842777	-0.988154632	0.313571967	0.502402223	-1.159742045	-0.154870923	-0.662435268	0.154870923	-0.761842777	0.135384736	0.115949825	-0.395725296	-0.502402223	0.115949825	-0.174416101	0.154870923	-0.154870923	0.154870923	-0.057877565	0.038573075	1	21	0	10.13920635	-34.6798778	-12.67961788	36.6860782	-19.33920692	68.22197574	-68.80102736	-29.67192212	-18.69657457	-0.82440557	13.69070857	-14.76451701	-8.37207338	2.468765516	-2.872874319	-1.909664453	5.108224678	0.17062276	-20.18680174	1.004390966	29.3986227	7.16138475	-16.67371383	1.684258415	-1.09492486	-4.446551255
1.198379702	0.154870923	0.194028142	0.077203649	-0.814454522	0.711260092	0.546655569	-0.662435268	0.233485258	0.077203649	1.087257384	-0.019282951	0.957209469	0.615141105	-0.814454522	-0.174416101	0.814454522	0.480644432	-0.019282951	0.569184749	0.569184749	1.683348264	0.194028142	0.35434957	0	1.608652683	0.253347103	0.524400513	1	21	1	9.630442302	34.00953533	-12.02568303	1.549079194	-0.410139306	55.12014004	-4.452860259	-0.556593076	-4.171637156	20.39059193	7.010532253	-10.61668355	-0.878007946	-16.8730607	24.95144942	-27.59292531	14.70690128	-4.013019488	-2.804843712	6.158143702	17.42308252	20.53637774	11.29322482	30.94043999	24.85573615	-9.433452436
0.194028142	0.459111852	0.273309407	-0.077203649	0.194028142	-1.48154449	-1.374679694	-0.437790082	-0.662435268	-0.395725296	0.313571967	0.135384736	-0.395725296	0.194028142	0.333891362	0.927154825	-0.524400513	0.057877565	1.020076233	-1.374679694	0.115949825	-0.686643051	0.233485258	0	-0.313571967	-0.233485258	0.927154825	0.480644432	2	44	0	9.95295894	-35.34845426	-13.00316289	-23.3846954	-27.84617628	11.8010516	21.15265297	-41.54526922	24.58696887	-35.78767693	18.71664914	-7.084607923	-18.87017385	-5.226642891	2.127133677	-2.116592643	7.858872639	24.28831832	-4.397240078	12.06031512	-3.752864546	-10.9807804	-20.3613372	-9.020953995	-1.638549542	-9.028402046
0.273309407	1.198379702	0.233485258	0.480644432	0.761842777	-1.198379702	-0.592006622	-0.038573075	-0.038573075	0.35434957	0.019282951	-0.638609618	0.615141105	0.35434957	0.480644432	1.48154449	-0.253347103	0.313571967	-0.253347103	0.437790082	-0.174416101	0.333891362	0.273309407	-0.638609618	0.988154632	0.615141105	1.608652683	-0.194028142	2	26	0	9.754448105	-22.44348841	12.6559623	-31.40927	9.607978397	86.81324099	-34.14450677	-103.7256913	19.33482265	2.572100827	15.49168973	45.46327666	-5.761677451	-14.74992554	-1.367507808	6.243530894	-12.71354243	-7.472298349	-20.51468989	-0.208342004	-9.139942013	-16.85514399	-15.63750409	-10.70318575	-7.835938199	-35.36255474
0.437790082	0.313571967	0.615141105	1.198379702	0.927154825	0.077203649	0.761842777	0.988154632	0.761842777	0.988154632	-0.615141105	-0.638609618	1.374679694	0.662435268	-0.096558615	-0.077203649	0.437790082	0.524400513	-0.638609618	0.569184749	0.662435268	-0.897915184	0.615141105	-0.638609618	0.524400513	-0.988154632	0.736315917	-0.814454522	1	33	0	9.815680513	47.31052913	-92.25174874	8.036574196	-48.40064027	-47.08006165	16.94242102	0.502494395	31.74232329	19.93268077	28.08961259	28.74577347	0.448012036	-19.22055334	-3.059105134	2.218683872	-10.62562177	-7.560607167	-30.55119434	2.354584231	2.427619856	-14.67718873	-1.613266453	-8.904022138	-6.151532017	-5.610197103
-1.281551566	-0.569184749	-1.48154449	-1.993983606	-0.437790082	-1.374679694	0.313571967	2.423196195	-1.48154449	-1.122762298	1.326677507	-1.198379702	-1.159742045	-0.35434957	0.761842777	-0.662435268	-1.768825039	-1.993983606	1.48154449	-1.869606647	-0.927154825	0.736315917	-1.23889438	1.683348264	-1.768825039	-0.480644432	-0.293381232	0.927154825	1	24	0	9.356069396	-10.41155623	67.62335591	10.01071923	49.23579898	13.50710877	-21.36048273	29.83320771	5.625221793	-17.92590685	14.14452441	20.74813175	2.583001536	-2.044210989	25.07946727	-33.30974752	-13.0797164	-1.72700605	-4.941659278	34.19317182	5.750236058	-4.725319755	16.91204831	-0.080963746	-1.361982334	-9.613897004
-0.077203649	0.841621234	0.35434957	0.711260092	-0.569184749	0.988154632	0.480644432	-0.313571967	0.35434957	0.761842777	0.313571967	1.122762298	0.213715106	0.711260092	0.233485258	-0.841621234	0.711260092	0.569184749	1.374679694	-0.395725296	1.122762298	1.48154449	0.524400513	0.480644432	0.154870923	-0.038573075	0.615141105	-0.437790082	2	19	0	10.18276895	-0.043350786	-11.61469177	41.02692487	30.81430086	37.5142175	-71.69068973	34.54664551	0.74503808	39.36828216	-12.62783546	-0.631178041	29.03320859	37.42673929	12.90212579	16.79589256	-1.02166001	7.119358786	13.11086528	-4.411284584	14.04749741	-5.880147591	21.39080684	15.50568994	-20.64849684	-14.59278196
1.374679694	0.096558615	-0.569184749	0.233485258	1.993983606	0.395725296	0.546655569	0.761842777	0.313571967	-0.115949825	-0.615141105	-0.233485258	0.841621234	0.395725296	0.115949825	1.05307266	0.35434957	-0.154870923	-1.05307266	0.761842777	0.313571967	-1.122762298	-0.115949825	-0.638609618	0.711260092	0.480644432	1.48154449	-0.988154632	2	23	0	9.577821603	59.48145794	-20.1046695	47.98058987	9.856575517	9.744480342	-26.16339569	-55.816767	22.0937503	5.630922612	23.05251223	27.63674766	14.55144218	17.59294633	1.293158629	4.886949775	-6.189417845	5.325116031	21.63549645	14.12837154	-4.719516462	3.880802708	-10.73068385	6.015352233	12.15587431	19.43012891
0.524400513	-0.869423773	-0.927154825	-1.122762298	-0.233485258	-0.615141105	-0.592006622	-0.814454522	-1.122762298	-1.198379702	-0.096558615	-0.437790082	0.615141105	-0.814454522	0.638609618	0.194028142	-0.686643051	-0.313571967	0.313571967	-0.662435268	-0.869423773	-0.038573075	-0.686643051	-0.638609618	-0.502402223	0.313571967	1.374679694	0.711260092	1	20	0	8.946588902	65.9542192	14.93174969	37.46435403	2.847912808	11.91261944	1.428560701	-41.65227765	0.513192187	3.783011956	-8.59605737	-20.29179812	-3.758754219	-20.29696415	12.91022518	7.940120793	-0.043947512	-3.341467199	4.347944664	-10.72089615	-26.80000998	18.64368586	-7.133135725	12.22846337	14.70546901	14.11599299
NA	NA	NA	NA	NA	NA	NA	NA	NA	NA	NA	NA	NA	NA	NA	NA	NA	NA	NA	NA	NA	NA	NA	NA	NA	NA	NA	NA	1	20	0	NA	NA	NA	NA	NA	NA	NA	NA	NA	NA	NA	NA	NA	NA	NA	NA	NA	NA	NA	NA	NA	NA	NA	NA	NA	NA
-0.569184749	-1.993983606	-0.395725296	-0.194028142	-0.615141105	0.313571967	0.273309407	0.038573075	0.038573075	0	0.135384736	0.761842777	-0.395725296	-0.615141105	0.638609618	0.662435268	-1.993983606	-0.502402223	0.174416101	-1.374679694	-1.541986299	-0.615141105	-0.395725296	0.154870923	-1.608652683	-0.814454522	-0.480644432	0.233485258	1	32	0	10.06618072	8.957233951	-5.465544137	31.72902016	-31.72505307	-33.46367857	8.060117425	6.387049453	20.18627076	19.67945434	29.70823277	24.90096528	17.70263319	22.83720119	4.336937901	-20.07286868	-7.470544805	9.937271391	13.75384813	-11.80089119	13.47357433	-6.892638901	-5.304852916	-17.38958163	11.05808739	18.89874418
0.814454522	-1.326677507	0.313571967	0.869423773	0.395725296	-0.662435268	-0.313571967	0.233485258	0.273309407	0.038573075	-0.841621234	1.05307266	-1.159742045	-0.313571967	-0.480644432	1.993983606	-0.524400513	0.057877565	-0.502402223	-0.662435268	-1.122762298	-0.897915184	0.038573075	-1.05307266	-0.437790082	-0.524400513	-1.683348264	-0.395725296	2	25	1	9.152636133	21.10593338	-0.782070189	12.66114313	-38.94692915	42.44113768	-12.27037465	80.90259398	25.42321259	-17.72499425	18.85479368	-21.14649302	-5.225388468	1.518964574	-11.34225912	14.09274139	-14.26679944	-18.83420169	2.170873885	-10.20526714	2.480899075	-6.827337703	-3.216169041	-14.86603399	19.59658	-2.189297221
-0.154870923	0.592006622	-1.608652683	-1.768825039	-1.374679694	-1.768825039	-0.988154632	-0.957209469	-1.993983606	-1.768825039	0.869423773	-0.374957187	-0.395725296	-0.480644432	1.374679694	-1.768825039	-0.897915184	-0.869423773	1.020076233	0.194028142	0.038573075	1.05307266	-1.768825039	1.48154449	-1.993983606	1.122762298	0.480644432	1.122762298	1	23	0	9.924044632	-31.63610426	-20.69181051	17.60387979	6.851173086	44.81302524	-13.86713153	22.90910416	29.9601476	-29.72584529	-3.374914964	-10.72879074	-2.099460798	18.74415515	11.10493955	-24.10299532	-21.87737075	7.42027702	1.635988499	2.643324035	-7.305120878	1.984874356	-8.218283684	9.005634255	7.4815811	-11.69967139
-0.038573075	-0.686643051	0.038573075	0.615141105	0.437790082	-0.395725296	-0.524400513	-0.35434957	0.077203649	1.122762298	-0.437790082	-0.233485258	0.213715106	0.313571967	-0.927154825	0.115949825	-0.154870923	0	-0.077203649	-0.096558615	1.374679694	0.459111852	0.154870923	-0.154870923	0.077203649	0.437790082	0.253347103	-0.927154825	2	25	0	9.441410308	49.01376508	-2.334355863	16.92845677	-1.035785639	12.64499041	20.58037503	-12.5127672	12.87789044	6.958603734	14.326653	15.21643009	10.25726282	9.288434878	18.75927234	-5.590528488	7.112926162	9.613655825	-2.508745668	-11.267823	3.158681218	-5.947689886	0.160290876	0.395951891	18.88185565	-0.310532089
1.05307266	-0.502402223	-1.374679694	-0.35434957	0.480644432	-0.711260092	0.115949825	0.313571967	-0.437790082	0.273309407	-0.841621234	0.333891362	0.213715106	-1.122762298	-0.814454522	2.423196195	-1.326677507	-0.927154825	-0.416665521	-0.395725296	0.273309407	0.395725296	-0.927154825	-1.05307266	-0.761842777	0.194028142	-0.897915184	-0.480644432	1	19	0	10.32517797	-10.89843867	-19.32514027	-43.63606506	-14.91064424	-7.71654432	-32.20155975	-31.50451717	24.52367841	-21.98206593	10.80221812	-8.208185241	27.9193913	30.51220917	7.309394179	14.21800916	4.190573063	10.78893874	13.73735404	-23.31812191	18.99953141	-4.178467452	-4.164575088	6.157162793	4.451322324	-8.391257614
1.281551566	-0.502402223	0	0.662435268	1.768825039	0.869423773	0.869423773	0.869423773	0.524400513	1.05307266	-1.326677507	-0.638609618	-0.395725296	-0.233485258	0.057877565	0.736315917	-0.524400513	0.273309407	-1.993983606	-0.395725296	-0.233485258	-1.281551566	0.096558615	-0.638609618	0.194028142	-0.174416101	1.198379702	-1.993983606	1	20	0	10.04976112	-11.88547294	-27.71417992	-21.47442572	-48.24384543	5.826446123	-35.53979487	-29.37757054	22.35171308	-19.19744138	4.956253466	-17.23411041	2.053799768	6.153714053	7.220024441	13.90587594	2.262326287	-3.796967286	1.79688106	-8.815802627	18.27401495	5.372296675	-12.70907957	8.77811133	3.196000057	1.639319881
0.927154825	0.35434957	-0.869423773	-0.615141105	1.48154449	-0.569184749	-0.154870923	0.615141105	-0.592006622	-0.174416101	-0.841621234	-1.608652683	0.615141105	-0.761842777	-1.683348264	0.313571967	-0.35434957	-1.768825039	-1.683348264	0.194028142	-0.313571967	-0.35434957	-0.841621234	-1.608652683	-0.096558615	-0.174416101	-0.897915184	-1.374679694	1	20	0	9.979671962	11.33399983	0.690094996	0.767838891	4.071693383	-15.18762072	-30.07567468	-23.58374394	17.21184612	-53.20682367	16.66366173	-4.521045288	17.28247638	19.20905311	9.74082689	16.20006504	3.557504059	20.02294259	7.034795049	-5.838821798	3.30052724	-0.493193519	-12.88241144	17.87163517	-7.851730938	-15.90001091
-0.374957187	-0.115949825	0.569184749	1.122762298	0.038573075	-0.761842777	-0.480644432	0.480644432	0.615141105	0.711260092	0.019282951	0.135384736	-0.395725296	0.761842777	-1.020076233	-0.569184749	0.019282951	0.395725296	-0.253347103	-1.374679694	0.711260092	-0.686643051	0.569184749	-0.213715106	0.038573075	-1.05307266	-1.326677507	-0.569184749	2	20	0	9.855415839	41.41868315	30.1066465	19.45504846	-25.11432648	2.277076581	-4.730165658	-0.491753075	31.78129153	-2.756885404	15.78930847	8.308289539	-3.141075492	26.96843342	1.5838586	-5.013298906	21.64498482	21.37253211	4.444704971	-22.40186729	6.434502872	3.79742739	4.214897196	-3.894233652	6.412837706	-5.178109136
-0.711260092	-0.686643051	-0.233485258	-0.313571967	-0.077203649	0.194028142	-0.374957187	-0.395725296	0	-0.35434957	1.608652683	0.502402223	-1.159742045	-0.115949825	0.233485258	-0.711260092	-1.48154449	-0.038573075	2.423196195	-0.957209469	-0.437790082	-0.174416101	-0.480644432	1.374679694	-1.281551566	-0.662435268	-0.480644432	-0.038573075	1	19	0	9.995890996	4.496657061	57.76068088	23.42575922	36.48151068	6.472827813	-46.81628974	21.26708992	13.98391948	-13.8843346	-1.594710476	10.58523343	24.20793423	32.02343389	22.19860832	-31.19066879	-5.274690536	-4.245171024	16.23383097	14.79137488	-6.375780556	-6.781072791	12.37382479	7.120453921	10.83937102	3.36348925
-0.988154632	-1.683348264	0.077203649	-0.233485258	0.569184749	-1.122762298	-1.608652683	-0.154870923	-0.194028142	-0.174416101	-0.253347103	-1.198379702	-0.395725296	-1.281551566	-0.814454522	0.841621234	-1.608652683	-1.122762298	-1.326677507	-0.233485258	-0.761842777	-0.115949825	-0.686643051	-0.096558615	-1.198379702	0.038573075	0.569184749	-0.524400513	1	42	0	9.214545506	59.73422463	36.93221685	44.42848117	21.01693517	-27.83848833	28.77142643	7.5972586	14.86415388	-15.23962502	4.010793793	-13.82841049	23.98971979	17.62465989	-10.7155432	-25.3099933	15.5262609	3.463766931	15.62732303	-12.52235585	-7.718283611	9.222504469	-2.433618247	11.08387112	4.78205318	18.66627598
-0.374957187	0.459111852	0.395725296	-0.524400513	-1.05307266	0.115949825	-0.096558615	-0.194028142	-0.077203649	-0.480644432	1.768825039	-0.869423773	-1.159742045	0.273309407	0	-1.608652683	0.019282951	0.437790082	0.615141105	-0.395725296	0.761842777	0.736315917	0.35434957	1.683348264	-0.233485258	0.233485258	-0.057877565	1.608652683	2	24	0	9.680378112	15.8977571	8.794141031	-33.15895474	20.49119756	-10.41316374	9.074048072	-43.27144871	-8.353286981	-16.98314453	25.27316692	-13.08233535	-41.75438356	-5.555866621	-8.142674411	-17.00358521	17.44149516	20.42314898	-19.33607557	10.13859012	5.986922247	4.639615801	-8.218107655	9.45880576	17.84611891	-4.895287566
-0.927154825	0.841621234	0.115949825	-0.480644432	0.662435268	-1.993983606	-1.768825039	-1.281551566	-0.592006622	-0.273309407	-0.096558615	-0.814454522	-0.395725296	-0.524400513	-1.48154449	1.122762298	0.592006622	-0.077203649	-0.333891362	0.194028142	1.993983606	0.154870923	-0.174416101	-0.638609618	0.592006622	0.395725296	-0.897915184	-0.154870923	2	23	0	9.578915516	-19.18346813	-28.34315802	-34.38194522	33.68432449	-19.77250294	12.08749793	-1.596664861	-4.268023822	-11.81978833	3.400679756	-18.93815437	-12.78366041	17.14177504	12.23163339	17.50723062	-0.854304666	6.977694643	-30.80705878	1.026960655	2.319247636	-9.992273957	-5.80053671	12.79925809	12.07426139	7.936110443
-0.869423773	0.841621234	0.154870923	-0.569184749	-0.038573075	0.480644432	0.35434957	0.194028142	0.194028142	0.174416101	0.592006622	-0.638609618	0.615141105	0.115949825	-0.096558615	-0.333891362	0.592006622	0.135384736	0.174416101	0.761842777	1.48154449	1.683348264	0.313571967	0.615141105	0.869423773	0.711260092	-0.480644432	1.05307266	1	29	0	9.675047545	17.74653689	-6.573731281	-17.3724348	25.08261081	-4.935399896	5.896966801	-24.79417383	-7.341011395	-22.69808588	4.52726822	-37.61269689	-22.67433305	-7.118811009	0.739727522	2.344830013	14.71311544	28.18402859	-14.83292494	11.42790853	9.712605797	-3.282541052	-19.6303427	18.70833193	9.461702328	-19.4206605
0.038573075	0.592006622	1.48154449	1.48154449	1.05307266	1.768825039	1.608652683	1.374679694	1.48154449	1.426076872	-1.541986299	0.615141105	1.159742045	0.988154632	1.159742045	0.35434957	0.174416101	1.768825039	-1.326677507	-0.096558615	1.683348264	-0.077203649	1.374679694	-1.426076872	1.374679694	-1.198379702	0.480644432	-1.05307266	2	26	0	10.47738889	-68.0693994	38.43322362	-12.15521164	-20.37781387	22.48709022	-50.0579672	-33.25845931	-8.284447808	-6.262206777	25.86319942	22.55980935	-64.87912424	-0.403176652	-22.80870245	-23.17537861	-17.41420084	21.34992137	-38.84856551	37.38591138	15.85858953	-31.36444547	4.165672217	-1.223922593	35.68932668	22.12657257
0.233485258	-0.313571967	1.281551566	1.281551566	0.814454522	1.48154449	0.814454522	0.662435268	1.374679694	1.426076872	-1.541986299	-1.768825039	0.615141105	-0.273309407	-1.993983606	0.988154632	1.374679694	1.198379702	-0.638609618	0.761842777	1.281551566	0.869423773	1.48154449	-0.638609618	1.281551566	0.761842777	-0.057877565	-0.869423773	1	49	0	9.777282347	-18.76864477	-27.3527839	10.16820404	23.13935203	54.52487719	4.40689326	16.84977355	16.76685978	2.071181458	-3.909737243	-14.48890473	-20.34710439	-3.140409318	-14.65833949	-22.90200473	15.60672736	72.05003112	-38.0215872	-27.0577645	26.13339938	-6.51346304	-40.37272645	-36.09476271	15.81490517	29.95160226
-1.48154449	1.05307266	0.480644432	-0.273309407	-0.154870923	-0.869423773	-1.281551566	-0.869423773	-0.395725296	-0.615141105	1.087257384	-1.48154449	-0.395725296	-0.437790082	-0.194028142	-0.524400513	0.077203649	0.194028142	0.841621234	0.569184749	1.05307266	1.198379702	0.480644432	1.281551566	0.592006622	0.988154632	-0.897915184	0.273309407	2	30	0	9.877527505	14.09090032	-73.36209979	17.02880446	20.33553507	-34.3621626	5.384689718	4.568166963	14.09283185	22.52469419	25.03895406	15.96662283	-7.344255559	6.674592988	-26.8217033	-33.34265781	-1.220837798	16.65650895	-32.92962607	8.658689204	0.938433892	-15.95628266	1.790874083	0.416355756	-0.969758259	7.711912556
-0.814454522	0.459111852	1.198379702	0.988154632	0	0.814454522	0.174416101	0.115949825	1.122762298	1.198379702	-1.122762298	-1.05307266	0.841621234	0.524400513	-0.662435268	-0.927154825	1.122762298	1.05307266	0.077203649	0.761842777	1.683348264	1.993983606	1.05307266	-0.096558615	0.927154825	0.927154825	-0.057877565	0.761842777	1	24	0	9.218769817	17.31783603	-10.75303581	-19.53824936	22.45231826	12.44044335	28.75921957	-22.59816871	0.871814074	-27.874401	6.830789549	-27.93391086	-27.24577859	-5.747557692	7.99073819	3.491117589	12.61682681	23.19532385	-30.79416954	-1.245744255	8.91341806	-2.990791545	-12.26422267	16.31189253	6.103559345	-21.32534976
-0.194028142	-0.233485258	0.869423773	1.608652683	0.869423773	0.761842777	0.174416101	0.395725296	0.988154632	0.927154825	-1.326677507	-0.077203649	0.213715106	0.480644432	-1.159742045	0.615141105	0.502402223	0.761842777	-1.326677507	-0.662435268	0.194028142	-1.198379702	0.761842777	-1.05307266	0.313571967	-1.374679694	0.253347103	-1.281551566	2	45	0	9.565180799	19.75978236	89.05694916	-21.37627253	13.99951596	24.71676153	-34.81517268	17.28961096	11.92155029	-21.16266693	14.74079894	23.6019099	-32.49402561	-7.555096927	25.90674951	-7.672933847	-24.9233558	0.996174429	-31.27460897	18.01976563	5.193567402	10.02151282	27.25875188	-2.891165301	26.81394352	-11.46632633
-1.608652683	-0.957209469	0.761842777	0.154870923	-1.608652683	0.038573075	0.395725296	0.077203649	0.711260092	-0.787876017	2.423196195	0.711260092	0.213715106	1.05307266	1.993983606	-1.198379702	0.897915184	0.841621234	1.768825039	-1.869606647	-1.020076233	-0.174416101	0.814454522	1.993983606	-0.038573075	-1.48154449	-0.897915184	0.437790082	2	30	0	9.719009713	20.95847705	2.420375329	28.79647185	4.078447901	-51.11044106	11.92708253	16.40526065	-5.068382323	13.84468762	23.19369629	-0.454765026	-34.81114087	-19.05186708	9.498600026	4.410105722	-19.70550421	-0.43428946	-27.04584294	15.94567627	-8.588750152	-12.38604823	10.49756126	-10.18093408	-13.4611243	-14.37303832
-1.122762298	-1.326677507	0.711260092	0.814454522	-0.313571967	0.154870923	0.077203649	0.437790082	0.662435268	0.174416101	0.313571967	0.038573075	0.213715106	0.437790082	1.159742045	-1.122762298	-0.194028142	0.662435268	0.615141105	-0.957209469	-1.198379702	-0.988154632	0.662435268	0.814454522	-0.988154632	-1.281551566	-0.615141105	-0.077203649	1	21	0	9.764740636	-36.81207943	27.5207882	-11.26774036	14.36846501	-21.59574322	-14.90451315	-21.73318801	-18.01151938	-25.10422477	15.08729956	-19.73275946	-19.66795297	0.902929253	7.028574933	6.493835923	-15.34247124	29.30548005	-9.504545994	-3.922447326	-11.70817587	-19.29148545	16.01068111	-0.690814514	-6.209323149	2.601779266
0.569184749	0.213715106	0.814454522	1.05307266	0.077203649	1.281551566	1.281551566	1.608652683	0.814454522	1.281551566	1.087257384	0.814454522	0.615141105	0.927154825	1.993983606	-0.395725296	0.662435268	0.927154825	1.281551566	0.988154632	0.480644432	-0.480644432	0.869423773	0.35434957	0.35434957	-0.35434957	-0.057877565	-0.35434957	1	18	0	9.340186111	51.21106042	49.92128882	33.98776778	19.87494171	-14.8153341	-11.63557622	-27.28190094	-24.98022325	-19.03096852	21.52882957	-9.830313302	-35.25183244	-9.224718095	17.40159197	0.167669267	-10.22412002	18.51324479	-5.821060178	8.394759379	3.497637805	15.36491419	31.05712131	8.147016637	-3.471457157	1.474601146
1.768825039	-0.313571967	-0.437790082	0.927154825	1.198379702	0.615141105	1.374679694	1.48154449	0.480644432	0.524400513	-0.841621234	-0.374957187	-1.159742045	-1.05307266	0.841621234	1.768825039	-1.05307266	-0.502402223	-0.502402223	-0.395725296	-0.662435268	-0.395725296	-0.233485258	-0.313571967	-0.711260092	-1.122762298	-0.293381232	-1.122762298	1	22	0	10.34556971	8.759197134	30.01742132	51.19749423	-51.00148408	-25.18710384	-65.86300034	-35.78436692	7.338356164	-2.087243591	17.20778197	-6.080040714	-11.6138526	12.03514936	11.29640219	-0.18639968	-3.192523086	10.25881162	7.436494576	-29.16706779	-8.416724112	1.883055534	24.89163282	14.71315471	31.27243428	-10.88733769
0.869423773	-0.437790082	-1.23889438	-0.927154825	-1.281551566	-0.313571967	-0.273309407	-0.957209469	-1.374679694	-0.869423773	0.592006622	0.897915184	-1.869606647	-0.988154632	-0.096558615	0	-0.897915184	-0.395725296	-0.154870923	0.057877565	-0.711260092	0.038573075	-1.48154449	1.020076233	-0.273309407	1.05307266	1.768825039	1.48154449	1	26	0	9.843390445	-46.46074909	-57.95646193	29.48157129	24.73477323	7.921284406	-26.11184366	-0.355945062	10.90620126	52.33061105	-16.47264138	-11.28230899	-4.898829816	-2.708196778	-9.902103393	-23.61633196	19.71083932	15.30695111	10.56219837	-7.13816631	-25.15730651	-10.27557262	3.919969805	14.34743312	6.444954317	9.526978759
-1.198379702	-1.326677507	0.524400513	-0.115949825	-0.927154825	-0.814454522	-0.814454522	-0.711260092	-0.313571967	-1.48154449	0.592006622	-0.638609618	-1.159742045	0.154870923	-1.281551566	-1.48154449	-1.326677507	0.35434957	0.313571967	-0.957209469	-1.281551566	-1.993983606	0.437790082	0.546655569	-1.122762298	-0.711260092	0.841621234	0.615141105	2	24	0	10.2084519	-59.79221105	30.99581387	-46.7906713	-5.959691313	-33.15927024	-42.06332239	-14.569411	4.780888556	-2.925070584	-13.28774231	-36.16651037	-24.7523562	-21.58216042	-5.12374632	19.48306547	-14.84620368	11.73508508	-1.702604221	13.85361262	3.344378155	-18.55830766	-14.4391676	-15.42588633	-6.63044009	-10.88197627
-1.768825039	-0.313571967	-0.038573075	0.273309407	0.35434957	-0.437790082	-0.374957187	-0.233485258	0.115949825	-0.313571967	-0.253347103	-1.374679694	-1.159742045	-0.038573075	-0.480644432	0.569184749	-1.05307266	-0.233485258	-1.05307266	-0.662435268	-1.993983606	-1.374679694	-0.313571967	-1.426076872	-1.05307266	-0.313571967	0.736315917	-0.313571967	1	42	0	9.69615924	34.63310519	2.290953281	38.20324023	16.33525324	-18.70654573	-19.78794984	-11.24943535	24.11979523	1.43204197	9.093836357	8.650554057	-5.488905803	10.13396131	-12.52064892	-4.87576907	-0.839498861	3.49306863	-8.533290235	-12.12812574	-18.16933551	3.824640699	12.29602991	9.368356867	11.42109435	-6.396281533
-0.524400513	0	-0.988154632	-0.761842777	1.122762298	-0.038573075	-0.927154825	-0.480644432	-0.524400513	-0.057877565	-0.841621234	-0.957209469	-1.869606647	0.569184749	-1.374679694	0.077203649	0.273309407	-1.281551566	-0.416665521	0.194028142	-0.502402223	-1.48154449	-1.122762298	-1.869606647	-0.374957187	0.273309407	0.115949825	-1.198379702	1	33	1	9.097314511	73.9844974	21.71072549	39.15922463	54.41308519	-2.315255234	-4.726041333	-2.857446296	-1.86116515	-13.28003674	25.9829686	-4.603406193	11.71958417	21.81299018	-11.11121363	21.91731037	-19.486075	17.6366683	12.31247884	9.211102217	-15.20869252	8.126773525	-3.24967612	17.4972918	-8.548327562	-1.346378767
2.423196195	-0.395725296	-0.761842777	-0.395725296	1.374679694	0.233485258	1.122762298	1.23889438	0.154870923	0.233485258	-1.768825039	0.437790082	-1.159742045	-1.48154449	0.638609618	1.326677507	-0.686643051	-0.988154632	-1.326677507	-0.662435268	0.615141105	-0.273309407	-1.05307266	-1.869606647	-0.502402223	-0.927154825	-1.683348264	-1.768825039	2	25	0	10.3629739	34.29439904	0.957806308	16.99596126	-50.55244455	-33.9229656	-61.15058316	-5.13266845	30.60464278	27.77508283	12.16922541	0.767857618	-17.02986552	-9.457203371	-10.31944912	-6.672098206	22.28583945	27.91672337	6.27219424	-21.69776783	1.410861866	3.687548918	5.84787568	-2.470643985	22.8344523	-21.63387232
0.154870923	-0.814454522	-0.480644432	-0.814454522	-0.662435268	-0.480644432	-1.198379702	-1.541986299	-0.711260092	-0.437790082	1.087257384	-0.233485258	-0.057877565	0.038573075	0.154870923	-0.174416101	0.174416101	-0.787876017	1.020076233	0.35434957	0.233485258	0.615141105	-0.569184749	1.159742045	-0.096558615	0.814454522	-0.897915184	0.313571967	2	35	0	9.446128501	31.99338421	1.95929976	-87.36435346	11.92336472	-22.47640357	19.1894633	-17.09038027	1.074134037	16.85900698	-11.08323451	-25.50499563	-23.97751569	-8.310930225	30.96870519	29.48301943	29.08971623	-5.613376467	-18.63536904	-11.03404316	5.638912492	22.37425738	8.860644387	3.19988938	16.996531	-7.370106477
0.761842777	0.273309407	-0.273309407	-0.869423773	-0.524400513	0.35434957	0	0.35434957	-0.480644432	-0.569184749	0.592006622	1.281551566	-0.395725296	-0.077203649	0.957209469	-1.374679694	0.233485258	-0.115949825	1.993983606	-0.096558615	0.814454522	0	-0.038573075	0.711260092	0.480644432	0.35434957	-1.326677507	-0.115949825	2	46	0	9.727231058	10.68910475	19.0127811	7.980660346	5.799454152	20.56518937	-54.32169666	23.1705814	-2.31803065	-14.20767244	16.30426001	-15.30688818	-22.94740585	7.514394387	-2.206373618	-17.54179067	-22.26526735	-6.764431073	-0.124679379	7.99859381	10.16989682	10.80080631	6.753217649	9.748977647	23.8785976	-6.352112928
0.711260092	-0.957209469	-1.122762298	-0.662435268	0.313571967	-0.35434957	-1.48154449	-1.198379702	-0.927154825	-0.233485258	0.135384736	-1.198379702	0.213715106	-1.993983606	-0.480644432	0.395725296	-0.35434957	-1.541986299	-0.154870923	-0.957209469	2.423196195	-0.524400513	-0.761842777	-0.313571967	-0.662435268	1.281551566	-1.683348264	-0.761842777	2	50	0	9.90985056	3.941191071	51.89934009	-79.95669419	12.88157653	-23.41218266	-33.97104794	-24.66100706	-0.144095265	3.299837127	-22.5046244	-26.26407817	3.082688189	9.504218807	32.49231714	30.74054865	9.609244741	-6.921626241	-6.552400949	12.26649844	32.63856511	0.433546806	-0.638205951	-3.470711676	-11.51869474	-7.911055531
-1.374679694	-1.087257384	-1.23889438	-1.48154449	-0.988154632	-0.115949825	-1.087257384	-1.541986299	-1.281551566	-1.374679694	0.592006622	-1.993983606	-1.159742045	-0.662435268	-1.159742045	-0.841621234	-0.524400513	-1.541986299	1.608652683	-1.374679694	-0.273309407	-0.761842777	-1.23889438	0.711260092	-1.48154449	-0.437790082	-1.683348264	0.194028142	1	34	0.05	9.505742307	-36.57762597	-3.707935604	-103.5154387	33.32652975	-64.93788134	-13.82152333	30.60055336	26.45161173	-10.05629948	25.33427749	-4.389509374	24.22550633	16.7154849	-16.98842385	23.43374407	-2.800518163	15.5532519	0.122127592	29.95083999	1.449287095	-5.551944567	20.18539591	10.59280504	-34.90292895	34.36468752
0.096558615	-1.683348264	-0.077203649	0	0.273309407	-1.05307266	-0.869423773	-0.761842777	-0.233485258	0.569184749	-0.253347103	0.333891362	0.213715106	-1.608652683	-1.683348264	0.038573075	-0.35434957	-0.502402223	0.841621234	-0.957209469	0.524400513	-0.569184749	-0.395725296	-0.213715106	-0.869423773	-0.395725296	-0.480644432	-0.711260092	2	32	0	10.36024501	-21.44285553	-26.53479917	-17.9624659	27.96966601	-51.76254629	-42.96798729	-4.353561732	-6.686336821	-10.01280051	18.33532095	-25.29559107	18.43879855	25.2433468	7.006073109	28.9855943	-23.26203321	1.958788529	28.04083191	3.649940489	1.413506188	-13.04357504	15.34083642	-4.597544819	-10.70574899	5.148456499
-0.194028142	-0.592006622	-0.761842777	-1.281551566	-0.569184749	-0.077203649	0.115949825	0.869423773	-0.927154825	-0.927154825	1.48154449	-1.374679694	0.524400513	0.154870923	1.374679694	-0.524400513	-0.761842777	-0.524400513	1.48154449	-0.293381232	0.395725296	0.077203649	-0.869423773	0.761842777	-0.988154632	0.293381232	0.480644432	0.814454522	2	48	0	9.741056914	51.90918114	88.85611113	10.79593783	26.96304677	-8.750566412	-15.70414094	-19.56554428	4.58297301	-1.890867521	-9.964648183	-3.51541203	2.737561019	9.915921218	-9.547238764	-7.897869621	10.6282276	0.756471471	29.18625982	10.71552549	-2.143175523	3.689235616	-8.917917792	3.40021387	-0.809274445	4.438613515
0.273309407	2.423196195	-0.524400513	-0.988154632	-0.927154825	0.313571967	0.615141105	-0.35434957	-0.711260092	-0.814454522	0.711260092	-1.122762298	-1.020076233	0.437790082	1.087257384	-0.988154632	-0.502402223	-0.638609618	1.020076233	0.988154632	-0.524400513	0.569184749	-0.569184749	0.686643051	-1.608652683	1.608652683	-0.638609618	0.615141105	1	36	0	9.822397165	-5.626132524	15.45657534	11.95889427	48.86308691	20.97246629	-38.87981924	37.70523627	3.032836504	-27.48728159	4.484800178	3.76178438	4.269598601	21.7784122	19.02781775	-16.51245099	-23.71424589	23.08083531	22.14628338	23.55482195	10.64708785	1.72371387	1.433885233	18.4508131	-3.842083792	3.401730574
0.480644432	1.768825039	1.48154449	0.615141105	-0.480644432	1.374679694	1.768825039	1.281551566	1.281551566	0.459111852	0.524400513	1.05307266	0.524400513	0.869423773	2.423196195	-0.869423773	1.281551566	1.993983606	0.416665521	0.592006622	0.194028142	0.841621234	1.374679694	1.122762298	0.711260092	-1.05307266	-0.135384736	0.569184749	1	33	0	10.08876867	-35.29666464	22.83739562	32.90133053	18.27570292	12.07188692	-32.72585138	25.1146347	-7.971216741	-6.133383495	29.41696276	10.77615477	-12.77176086	23.21651287	-11.39783885	-37.38348038	-0.867864836	-5.550178563	6.486224554	25.28152792	2.350060974	-0.452446844	18.94919285	13.28847175	2.887334304	2.03899789
-0.233485258	1.768825039	0.615141105	0.233485258	-0.154870923	0.524400513	1.48154449	0	0.395725296	0.615141105	0.437790082	-0.077203649	-1.020076233	0.761842777	1.48154449	-0.569184749	0.761842777	0.524400513	0.592006622	1.326677507	-0.154870923	0.988154632	0.869423773	1.122762298	-0.662435268	0.711260092	0.569184749	0.869423773	1	19	0	9.534696388	39.51887453	31.89490285	22.91962025	28.71697517	-2.290366086	-12.16501166	-16.76815617	16.92405968	-22.16552036	15.0062382	1.933953423	4.201493986	11.41657045	-9.079012205	6.768720234	-17.13018389	12.28163591	2.057156751	7.429859069	-9.059832637	-0.7189779	-0.302104557	0.060405841	11.40659702	8.37369999
0.077203649	0.686643051	-0.897915184	-1.768825039	-0.988154632	0.35434957	0.988154632	-0.115949825	-0.814454522	-0.686643051	1.683348264	-0.524400513	1.198379702	0.019282951	0.437790082	-0.662435268	0.135384736	-0.841621234	1.768825039	0.194028142	0.038573075	1.993983606	-1.48154449	0.395725296	0.233485258	0.194028142	1.768825039	1.48154449	1	23	0	10.64063022	-62.95630166	7.260560798	19.28019053	-33.51873795	-6.935719279	-56.26082207	-11.28443996	30.22519028	22.09002846	-12.84226418	31.02412048	-58.16498054	-15.46715679	-19.25290154	-0.039795907	0.472713828	11.65425992	2.435610413	7.506958407	-29.23973514	0.655477805	-3.859163693	12.50385773	3.675335522	13.90823212
-0.416665521	1.159742045	0.988154632	0.927154825	-0.194028142	0.927154825	1.23889438	0.615141105	1.05307266	0.869423773	0.814454522	0.686643051	1.198379702	0.988154632	0.502402223	0.038573075	-0.213715106	1.198379702	0.194028142	0.592006622	0.841621234	1.768825039	1.122762298	0.437790082	1.768825039	0.927154825	0.416665521	0.437790082	1	28	0	NA	NA	NA	NA	NA	NA	NA	NA	NA	NA	NA	NA	NA	NA	NA	NA	NA	NA	NA	NA	NA	NA	NA	NA	NA	NA
-1.768825039	0.077203649	0.927154825	0.524400513	-0.395725296	0.761842777	0.174416101	-0.154870923	0.869423773	0.524400513	0.437790082	1.374679694	1.198379702	-0.154870923	0.897915184	-0.077203649	-0.213715106	0.841621234	0.686643051	-0.638609618	-0.115949825	0.416665521	0.736315917	0.333891362	1.122762298	-1.281551566	-0.135384736	0.524400513	2	26	0	9.675120383	-0.15306603	63.19852209	45.14745421	17.32332939	-8.519806692	5.467857412	19.74325996	-9.494609166	-11.72573539	17.3557645	3.756319354	-10.66064783	16.62004158	1.08010042	-8.015219127	-4.611005826	13.98544115	-21.90497614	16.57898132	-24.24877882	-12.74224234	3.706896239	-8.177711976	1.240195834	-11.76254696
-1.993983606	-1.48154449	0.761842777	0.077203649	-0.869423773	-0.194028142	-0.233485258	-0.814454522	0.35434957	-0.615141105	1.326677507	0.524400513	0.524400513	-0.096558615	0.502402223	-0.333891362	-1.48154449	0.988154632	0.154870923	-0.638609618	-0.524400513	0.569184749	0.736315917	0.686643051	0.313571967	-0.569184749	-0.135384736	1.05307266	2	53	0	10.01622726	-8.523268672	36.98890465	41.49921409	41.91722209	-25.68140731	-10.17611365	13.89510203	-9.339434147	8.301806125	8.68296769	7.492982397	14.54514151	40.33433299	-4.712878107	-3.575978329	-19.42154019	20.19582596	22.76346739	14.02191995	-27.7505029	-24.15089926	7.175701445	-4.116777133	-3.239107628	-19.17543224
-0.897915184	-0.35434957	0.814454522	0.814454522	-0.077203649	0.480644432	0.038573075	-0.313571967	0.662435268	0.194028142	0.154870923	1.608652683	-0.115949825	0.662435268	0	1.374679694	-0.761842777	0.736315917	0.869423773	0.374957187	-1.281551566	-1.608652683	0.814454522	-0.077203649	0.437790082	-0.711260092	-0.313571967	0.35434957	1	22	NA	9.774613192	3.966540417	15.18542947	-1.960125811	50.41581598	-16.70060522	-2.819628403	29.51673627	10.54333943	17.38011805	2.280544404	10.91248172	-1.552178809	39.22559722	8.323910658	14.46720904	-11.50703667	19.54550384	3.773687838	7.085288907	-20.23065146	-11.7474313	-6.015425254	-3.386341692	-16.03213186	-3.769381556
-0.662435268	0.213715106	0.662435268	1.374679694	0.615141105	-0.761842777	-0.814454522	1.159742045	0.524400513	0.313571967	-0.686643051	0.988154632	-1.020076233	0.35434957	-0.194028142	1.993983606	-0.502402223	0.662435268	-0.686643051	-0.988154632	-1.48154449	-1.05307266	0.615141105	-1.281551566	0.374957187	-0.761842777	-0.638609618	-0.35434957	2	27	0	9.953549987	-46.4229517	15.39764605	-0.091437954	30.62152048	-23.28718709	6.183666421	11.71312225	-9.325726929	-34.65915488	18.57851923	-33.11489193	-2.849001538	13.38632752	5.951867827	12.3718461	-13.01309501	6.457490159	-0.406359122	-13.76486603	-4.977798656	-7.950888369	-3.836142859	-3.243418538	6.019922115	-2.017717963
0	1.159742045	1.768825039	1.768825039	1.281551566	1.608652683	1.23889438	0.787876017	1.768825039	1.993983606	-0.897915184	2.423196195	1.198379702	0.711260092	-1.05307266	0.233485258	0.416665521	1.281551566	-1.159742045	1.608652683	0.313571967	-0.761842777	1.993983606	-0.437790082	1.198379702	0.395725296	0.293381232	-0.615141105	1	45	0	10.07394454	-45.4068986	-4.492319626	31.8334385	42.73868919	-5.319170056	2.529977344	24.6660513	-3.25643459	-27.39776766	7.871603122	-13.64290154	-16.58481283	9.714716616	7.485148119	-15.93565523	-14.70248202	1.282742607	-2.051512759	-3.682608297	-14.33543641	-2.875056299	7.420221107	15.76051664	-3.023388756	-14.39522043
-0.814454522	0.927154825	-1.05307266	-0.927154825	-0.761842777	-0.927154825	-0.927154825	-1.768825039	-1.608652683	-1.48154449	0.154870923	0.333891362	-1.869606647	0.524400513	0.662435268	-0.927154825	-0.869423773	-0.988154632	-0.154870923	0.194028142	-1.122762298	0.711260092	-1.122762298	1.608652683	-0.761842777	1.768825039	-1.198379702	2.423196195	1	25	1	8.940508981	-101.4607324	-65.27638625	29.21962744	50.21232279	-7.875554298	18.88904401	7.409783043	-24.31595381	-8.853785538	3.142467522	-59.26484545	-26.94294631	0.245092763	-29.05005574	-10.1165629	23.76539115	21.8819282	19.9132571	17.25770801	-19.42902047	-4.379249779	3.696738003	29.71201405	-7.148534048	-7.883998097
-1.281551566	0.569184749	1.281551566	0.35434957	-0.662435268	0.194028142	0.333891362	0.154870923	0.480644432	-1.326677507	0.869423773	0.077203649	0.524400513	1.122762298	1.993983606	-0.814454522	1.48154449	1.122762298	1.159742045	1.326677507	-0.019282951	1.48154449	1.05307266	0.615141105	1.05307266	1.05307266	0.957209469	0.662435268	1	27	0	9.67867428	-16.12277432	-20.06809129	-32.56468337	17.27868099	19.3862054	10.17026547	-8.020748548	9.885563783	-16.66359104	9.281167567	-24.36289766	-5.293708032	14.44942168	-3.623008755	23.27291442	-0.718571567	-6.702274619	-1.058837982	-7.758539243	-5.684941356	-2.256475906	-16.09846769	10.17218878	-3.323629792	-2.557641678
0.524400513	-0.077203649	-0.662435268	-0.273309407	-0.615141105	-0.711260092	-0.395725296	0.115949825	-0.869423773	-1.05307266	0.711260092	1.993983606	-0.115949825	-0.416665521	1.683348264	-0.395725296	-0.502402223	0.038573075	0.686643051	-0.869423773	1.198379702	0.115949825	-0.096558615	0.841621234	-0.115949825	-0.077203649	0.293381232	0.273309407	2	30	0	9.670172744	16.37962552	60.88158156	3.38700777	11.46404091	-1.34640263	4.334579763	65.70085406	5.034603124	-17.35146749	12.63305384	-9.89825114	3.320088738	-10.43390261	22.48252305	-26.59719599	-0.309746563	-20.61772994	8.358270428	-11.85637747	4.89236413	1.596134405	-8.242555307	-13.5603719	4.223191809	-5.283981227
0.761842777	1.281551566	-0.711260092	-0.615141105	0.077203649	-0.869423773	-0.869423773	-0.638609618	-0.615141105	0.077203649	-0.233485258	-0.35434957	0.841621234	-0.988154632	-0.416665521	0.480644432	0.135384736	-1.281551566	0.019282951	1.993983606	1.374679694	0.569184749	-0.502402223	-0.333891362	0.761842777	1.374679694	1.122762298	-0.077203649	1	47	0	9.90356412	-16.23710344	-70.65604183	4.183987743	19.86064114	-14.34230153	1.009752202	13.19193235	31.25028832	19.46475298	-7.076981947	7.141136482	-0.396899853	-11.92404475	6.367918284	5.483883404	10.29859806	-22.3559905	-7.768323541	-6.194965446	-15.52236501	-15.58961801	-9.850680565	-3.131242062	-13.85160418	3.244904794
1.608652683	0.273309407	-0.395725296	0.761842777	1.05307266	-1.608652683	-1.768825039	-0.988154632	-0.761842777	-0.35434957	-0.546655569	0.841621234	0.524400513	-1.326677507	-0.988154632	1.48154449	-1.122762298	-0.293381232	-0.686643051	0.592006622	-0.019282951	-0.333891362	-0.233485258	-0.927154825	0.988154632	0.480644432	0.761842777	-1.122762298	2	24	0	10.10059376	-29.41907011	3.895594883	18.58698722	35.04050718	46.51849436	-50.84470138	2.06998379	1.459867272	1.824307888	21.91440472	-6.950147315	4.323835264	20.71930678	-17.19852253	26.91973714	-13.82636409	-29.38842167	17.29948462	-1.068338415	-7.177801229	-5.352396524	-25.82502628	-22.44625619	-6.934788401	-13.79172917
-0.711260092	-0.927154825	-1.608652683	-1.608652683	-0.814454522	-1.281551566	-0.313571967	1.993983606	-1.48154449	-1.122762298	0.927154825	-0.194028142	-0.115949825	-0.638609618	0.787876017	-0.761842777	-1.993983606	-0.569184749	1.608652683	-0.019282951	0.194028142	0.761842777	-1.374679694	0.927154825	-1.48154449	0.615141105	1.48154449	0.988154632	1	24	0	9.958544089	-57.83830975	88.30361491	-47.40136694	52.840328	50.79896138	-6.474161925	-72.66632043	-1.509547364	34.60756098	-8.715034902	16.85958255	2.547491152	-16.73937128	-6.655745387	-30.71614889	-4.051103901	-46.69785074	5.996690311	-37.38060429	-30.34656229	1.00664162	-28.58451979	-14.15661863	-36.15322266	7.518486498
0.615141105	0.213715106	0.480644432	1.05307266	1.48154449	0.395725296	0.711260092	1.48154449	0.988154632	1.608652683	-0.686643051	-0.437790082	0.524400513	0.395725296	-0.253347103	0.569184749	0.135384736	0.395725296	-0.957209469	-0.019282951	-1.198379702	-1.326677507	0.416665521	-0.927154825	1.281551566	0.077203649	1.05307266	-0.524400513	2	24	0	9.665225772	56.80151527	-18.69873896	38.46636073	0.58766027	-8.595483711	-17.38946257	-24.2935044	23.225123	12.55128536	3.114534709	8.89462238	-3.798357071	-0.650730269	0.342520003	11.94211504	0.432330366	2.299588327	2.978628735	4.488219313	-16.15227854	-6.313284961	-20.18822759	-8.019123957	1.968666429	1.792036543
0.395725296	-0.927154825	-0.897915184	-0.115949825	1.374679694	-1.05307266	-1.608652683	-1.087257384	-0.569184749	1.087257384	-0.686643051	0.524400513	1.198379702	-1.993983606	-0.927154825	1.768825039	-0.615141105	-0.736315917	-0.957209469	-0.638609618	0.273309407	-0.213715106	-0.927154825	-0.927154825	-0.057877565	-0.662435268	-0.135384736	-0.662435268	2	45	0	9.865284249	1.326926939	15.47132013	-12.8649044	11.29066851	-31.95879808	11.52399742	-16.2984707	0.229749621	-21.63121412	13.29514592	-18.51149353	6.235816683	9.320556058	10.61718614	12.14760526	11.65686972	2.603336819	11.72014588	-1.561089012	-19.2742786	-3.308372583	-12.41737886	-10.23882837	-0.528865093	-4.747752893
-1.608652683	-1.05307266	0.273309407	-0.480644432	-0.273309407	-0.988154632	-0.988154632	-1.374679694	-1.05307266	-0.273309407	0.592006622	-1.374679694	-0.115949825	0.019282951	0.213715106	-0.038573075	-1.122762298	-0.293381232	0.273309407	-0.988154632	-0.927154825	-0.615141105	-0.096558615	0.154870923	-0.480644432	-0.927154825	-1.608652683	0.313571967	2	24	0	10.14286256	-43.12335271	82.39759358	-56.02498464	35.2781519	38.49783862	-0.026655983	-41.82062704	13.39706139	9.279064398	1.879390787	33.66337568	7.713014813	2.641237469	-8.635877988	1.366232327	-10.8013571	-31.58161586	-2.014405671	-4.208092557	-26.62553274	-38.4215782	-17.98101367	-31.00167259	15.90813005	12.39263958
1.768825039	1.374679694	0.077203649	0.038573075	1.768825039	0.615141105	0.927154825	0.711260092	0.814454522	1.48154449	-1.087257384	0.927154825	1.198379702	-0.524400513	-0.615141105	1.608652683	0.333891362	-0.437790082	-0.686643051	-0.293381232	1.768825039	0.841621234	-0.194028142	-1.683348264	0.814454522	0.569184749	0.077203649	-0.313571967	2	24	0	9.664996518	59.3353814	-12.62830597	26.65284239	-5.499199584	-31.01557601	-32.93270116	-25.06994399	16.3627232	22.85765782	11.34969484	13.37503252	8.651591628	3.60317731	3.606669322	-9.209423941	0.147465952	3.678495347	-2.456709681	3.25491715	-2.55115919	-0.593631377	1.092869012	-6.285142357	16.85742675	11.4756679
-0.524400513	0.077203649	0	0.662435268	0.988154632	-0.524400513	-0.638609618	0.35434957	0.038573075	-0.313571967	-1.281551566	1.48154449	-1.020076233	-1.159742045	-0.135384736	0.927154825	-1.122762298	0.096558615	-0.459111852	-0.638609618	0.194028142	-0.897915184	0.038573075	-0.524400513	0.374957187	-0.988154632	0.569184749	-0.711260092	2	25	0	10.12984323	-33.90548757	20.2003609	-16.2559724	-4.180762332	-4.720072362	16.91278476	-13.42309101	-12.1950201	-3.765064184	17.94970466	-23.70079835	-18.35373255	4.688161971	-5.554967635	14.68383606	20.14911472	-14.00505094	16.53781052	-24.28100589	-14.44448918	9.01088945	-33.15835935	-0.675861884	-13.65114916	-5.937399868
0.662435268	0.686643051	1.122762298	1.122762298	0.814454522	0.233485258	-0.761842777	-0.233485258	1.48154449	0.273309407	-0.988154632	0.333891362	0.524400513	-0.096558615	-0.416665521	0.35434957	1.768825039	0.927154825	-0.524400513	0.988154632	-0.711260092	-0.416665521	0.988154632	-0.615141105	1.48154449	-0.437790082	0.077203649	-0.988154632	1	25	0	10.09991939	-55.86226689	22.661588	-20.26360944	24.0918939	58.03750615	-11.21641889	-45.75522035	13.86069941	1.824445908	9.960555082	8.716910084	0.16021506	9.745381192	-23.72978133	-30.16721918	12.87055896	-21.10027057	10.187399	11.93874537	-19.4057358	-18.53240038	-2.495160248	-8.552343211	12.25446211	5.192736727
-0.35434957	0.313571967	-0.038573075	-0.569184749	-0.437790082	-1.48154449	-1.087257384	-1.281551566	-1.122762298	-0.038573075	0.592006622	0.194028142	0.233485258	-0.869423773	0.213715106	-0.333891362	-1.608652683	0.154870923	0.869423773	-1.608652683	1.122762298	0.988154632	-0.019282951	0.333891362	0.115949825	-0.869423773	0.077203649	0.233485258	2	32	0	10.26862427	-36.81358028	1.16832861	-58.75275516	-16.27237444	-43.39082341	-1.476139305	33.73134328	27.67416226	2.555326623	16.41789672	-14.91621418	19.08257887	15.36430361	-22.29031119	24.09452217	12.24775964	-5.770843539	10.67867637	-41.63428492	-3.981369449	-16.1753972	-18.56681766	2.220470849	-3.251298351	-10.07792424
-0.988154632	0.787876017	0.115949825	0.480644432	0.115949825	-1.374679694	-1.374679694	-1.087257384	-0.988154632	-0.524400513	0.313571967	1.159742045	2.423196195	0.927154825	0.096558615	0.662435268	-0.019282951	0.253347103	0.592006622	2.423196195	-0.841621234	-0.213715106	0.174416101	0.502402223	0.480644432	0.135384736	0.569184749	-0.154870923	2	24	0	10.1487945	-26.03585054	-9.249792047	-34.57462487	17.90603602	-13.32702393	1.743773162	49.09148231	39.25326279	22.81795801	28.13838621	12.34623967	4.314430761	29.73490877	-57.5314303	29.65722883	46.12611033	-36.60837492	-7.372033908	-3.635195909	-29.20822352	-13.30082277	-0.042258601	4.284020312	44.01331437	18.72837948
1.374679694	0.569184749	0.233485258	0	0.569184749	-0.662435268	-0.273309407	0.273309407	0	-0.233485258	-0.019282951	0.077203649	-0.115949825	-0.038573075	-0.524400513	0.174416101	0.814454522	-0.019282951	-0.077203649	0.988154632	1.608652683	0.988154632	0.115949825	0.233485258	-0.437790082	0.761842777	-0.313571967	0.038573075	2	28	0	9.711653126	43.98722516	-26.74338438	27.41999577	14.81709491	-50.3611078	-18.34346512	-3.346557052	15.61014807	37.49789024	4.628208126	-8.137621209	-8.062100489	-17.3406026	-6.16859638	-11.37239674	-1.892491165	-8.644337418	-8.577195092	7.774450267	7.354706695	-17.02748931	-1.237154572	-7.829077641	-3.586968516	-12.32441154
0.814454522	-0.077203649	-0.35434957	0.569184749	-1.05307266	-0.233485258	-0.057877565	-0.927154825	-0.194028142	-0.686643051	0.313571967	1.281551566	-1.020076233	-0.787876017	1.281551566	-0.711260092	0.524400513	0.480644432	0.313571967	0.988154632	-0.524400513	0.480644432	0.524400513	0.569184749	1.993983606	0.869423773	2.423196195	0.927154825	2	23	0	9.935278649	-8.237889472	-21.6373897	-2.096236377	34.95863097	-4.19491912	-27.60343392	8.060834414	7.436700716	37.71871113	-10.41423144	-13.69520418	0.150485784	9.650561008	6.169436719	3.036396072	8.405891273	-16.82951901	5.245069271	1.391519493	-4.122042895	-29.17758241	-11.02240993	-14.47009064	4.983579571	-5.031321895
-1.122762298	-1.993983606	0.437790082	-0.194028142	-1.122762298	-1.198379702	-0.711260092	-0.638609618	-1.198379702	-0.869423773	0.437790082	0.686643051	-0.524400513	0.480644432	-0.253347103	-1.05307266	-0.374957187	0.841621234	0.524400513	-1.23889438	-0.233485258	1.281551566	0.253347103	0.841621234	-1.281551566	-1.48154449	-0.638609618	1.198379702	2	23	0	10.42274713	-61.78334674	97.61272188	-75.64364357	-2.37406166	2.855946661	-28.5321981	-38.33176192	-22.24826396	12.01573873	42.00240084	9.333528983	6.043937884	35.19410766	-26.02857978	14.1106955	17.52303025	6.552988006	5.528294887	-37.91864738	15.65625233	-32.09326242	4.860404161	5.430738907	-1.705475647	-14.14273676
0.569184749	0.480644432	-1.426076872	-1.48154449	0	-0.569184749	-0.569184749	0.194028142	-1.281551566	-0.395725296	-0.293381232	-1.374679694	0.233485258	-0.787876017	-0.416665521	0.174416101	-0.662435268	-1.426076872	-0.077203649	0.592006622	0.546655569	0.662435268	-0.988154632	0.038573075	0.057877565	0.524400513	-1.768825039	0.115949825	2	31	0	9.815577609	9.78975627	-79.38616651	10.67710314	10.94942442	-30.23188336	-18.68694207	17.86457065	30.77588164	41.5979178	-28.06912769	-4.75831513	-1.382977897	-7.882145041	16.96771635	-13.04815085	3.546860813	-7.587570862	-18.9727223	-11.86044927	-9.051249374	-10.90241653	-4.957884783	-2.513933325	1.674717479	-5.713976988
0.988154632	0.927154825	0.374957187	-0.524400513	-0.233485258	1.48154449	0.761842777	0.313571967	0.115949825	0.374957187	-0.135384736	-0.437790082	-1.020076233	-0.524400513	0.213715106	-0.253347103	0.615141105	0.096558615	0.416665521	0.592006622	-0.761842777	-0.038573075	0.077203649	0.077203649	-0.154870923	-0.524400513	-1.198379702	0.194028142	1	24	0	9.866167612	62.08643394	-39.66977578	32.16858671	1.513449947	-17.15745237	-23.71247633	1.000227508	31.4746944	17.39690805	1.03781716	1.142243181	7.343251259	1.898037126	-12.41400164	-4.181819022	12.42137147	16.82513612	-9.435753278	1.538784599	-0.552609682	-0.243438113	-11.44409783	-2.578494558	-4.373130817	-0.045021573
0.927154825	0.787876017	1.374679694	1.608652683	-0.038573075	0	0.524400513	0.988154632	1.374679694	1.281551566	-0.416665521	0.333891362	1.869606647	1.768825039	0.213715106	-0.194028142	0.957209469	1.48154449	-0.194028142	-0.293381232	1.281551566	0.213715106	1.608652683	-0.273309407	1.374679694	-0.615141105	0.077203649	-0.115949825	2	24	0	9.444110876	25.10382138	33.34904354	-27.98391408	19.87772419	44.30657196	-24.43634931	68.21834062	2.655467179	-5.438537865	25.72987666	15.71523036	-33.88870399	22.07965658	19.00511396	-18.70207302	-0.239799178	-14.06985893	22.46435309	5.631804581	10.18791727	6.997445406	-21.16673085	-15.72908525	26.44903047	-49.0162755
-1.374679694	0.077203649	-1.993983606	-1.993983606	-1.281551566	-1.768825039	-1.993983606	-1.993983606	-1.993983606	-1.993983606	2.423196195	0.333891362	-1.020076233	-0.313571967	0	-1.198379702	-1.122762298	-0.988154632	0.761842777	-1.23889438	1.020076233	1.122762298	-1.993983606	1.374679694	-1.768825039	1.122762298	-1.993983606	1.281551566	1	27	0	9.470979879	52.3186948	25.40132933	26.5170551	44.35871396	-11.20507158	6.392484015	-18.15532641	11.95838415	14.29964401	-5.380647562	-5.299248197	3.743161114	17.90493579	4.427753527	-11.54126995	12.61941356	-7.194474447	9.623946025	9.044285681	-5.444125456	-4.387761765	-5.748848451	2.264348431	2.879090224	-8.167916894
-0.615141105	0.077203649	-0.814454522	-0.869423773	-0.524400513	-0.273309407	-0.502402223	-0.736315917	-0.662435268	-0.437790082	0.154870923	-0.194028142	-0.115949825	-0.524400513	0.395725296	-0.480644432	-0.374957187	0.35434957	1.993983606	0.194028142	0.115949825	-0.038573075	-0.615141105	0.115949825	-0.213715106	0.135384736	-1.198379702	0.761842777	1	53	0	9.40365432	37.34947609	59.22836514	-23.50746813	37.3162437	40.58434518	-14.03631244	11.18145432	15.10140177	-9.517218889	-1.087386893	3.731920703	-2.598061867	15.24206542	18.52865155	-20.65530342	-1.624516037	-12.00255259	-15.15311581	-3.040544013	-19.28064388	9.074502693	1.125680592	8.575647584	34.28135142	-19.00264909
NA	NA	NA	NA	NA	NA	NA	NA	NA	NA	NA	NA	NA	NA	NA	NA	NA	NA	NA	NA	NA	NA	NA	NA	NA	NA	NA	NA	2	28	0	NA	NA	NA	NA	NA	NA	NA	NA	NA	NA	NA	NA	NA	NA	NA	NA	NA	NA	NA	NA	NA	NA	NA	NA	NA	NA
0.194028142	0.374957187	-0.313571967	0.395725296	-1.48154449	-0.814454522	0.273309407	-0.546655569	-0.374957187	-0.761842777	0.711260092	0.077203649	-1.869606647	-0.194028142	1.087257384	-1.281551566	-0.927154825	0.615141105	1.159742045	-0.638609618	-0.841621234	1.48154449	0.313571967	1.48154449	0.057877565	-0.154870923	1.608652683	1.374679694	1	27	0	9.673798476	18.79992572	-20.47908351	25.5852878	15.38628151	55.31931305	-52.4124706	6.795831425	-16.52401455	64.49378309	-5.691871767	-8.403007639	-9.512768286	15.02213885	6.40494187	10.97161857	8.593456446	-13.41805823	-2.061091739	-21.58928652	0.316947324	-4.059828907	-18.82162707	-2.109168897	6.633515907	-16.83351342
0.038573075	0.374957187	0.374957187	0.988154632	0.761842777	0.038573075	0.569184749	0.787876017	0.569184749	0.814454522	-1.281551566	0.333891362	-0.115949825	1.198379702	-1.541986299	1.05307266	1.122762298	0.313571967	-1.608652683	-0.096558615	-0.273309407	-1.326677507	0.480644432	-0.615141105	0.524400513	-0.35434957	0.293381232	-1.281551566	1	29	0	9.491106188	29.29695376	-59.34660108	48.70681008	1.87938505	-42.92993484	12.61719151	0.210662702	10.25085141	4.117209574	13.08408382	-5.379285709	-12.69375553	0.547703168	-8.4044276	-13.38314585	-3.034114297	-10.63600253	-18.8859356	1.435309106	-15.92393102	-8.40714225	-6.621357888	-1.773123066	-8.10850085	-3.718779193
0.437790082	-0.437790082	-0.480644432	0.711260092	0.662435268	-1.122762298	-1.087257384	-0.869423773	-0.115949825	-0.569184749	-1.993983606	-0.437790082	-1.020076233	0.814454522	-0.615141105	0.988154632	-0.313571967	-0.077203649	-1.159742045	0.194028142	-0.194028142	-0.115949825	-0.35434957	-1.05307266	0.174416101	-1.122762298	-1.198379702	-0.869423773	2	29	0	9.597612734	73.23086375	106.4412216	-10.05746854	36.37893134	-0.665559486	-32.96728169	-24.17266315	-2.498115084	16.61777124	-3.05920076	-4.994753326	16.67314467	32.53063036	19.17295867	39.05775643	1.909525112	-0.600589693	23.16689617	24.20098991	17.26073348	-26.17346763	-2.82866259	-24.25467555	-6.032003618	-16.65982008
0.869423773	-1.198379702	-0.194028142	-0.038573075	0.927154825	1.198379702	1.608652683	1.608652683	0.761842777	0.459111852	-0.416665521	-1.608652683	-0.524400513	-1.48154449	0.333891362	0.480644432	-0.761842777	-0.988154632	-1.159742045	-1.23889438	0.662435268	-1.159742045	-0.686643051	-0.437790082	-0.869423773	-1.198379702	-1.198379702	-0.927154825	2	23	0	10.90616718	-40.69211019	33.09754102	-54.68203827	-32.38422093	-54.82586229	-54.83808746	-25.79102328	33.33218734	-16.27923218	29.87136091	19.80216817	7.454431138	34.04994515	-24.17636441	3.774318432	17.69886193	10.65109559	14.10162456	-3.411179489	10.68458512	0.212272422	-4.576351102	6.120293788	4.908454513	11.23123528
1.281551566	0.437790082	1.608652683	1.198379702	0.437790082	1.122762298	0.662435268	0.927154825	1.608652683	0.711260092	-0.077203649	0.077203649	1.198379702	1.281551566	-0.711260092	-0.115949825	1.198379702	1.608652683	0.096558615	0.988154632	0.546655569	-0.038573075	1.48154449	-0.077203649	0.615141105	-0.313571967	0.077203649	0.395725296	2	23	0	9.99114154	-15.05338922	30.78561201	-0.19025987	16.69761573	34.8284809	-45.69787484	42.73960471	24.90812228	-28.83722933	-0.252252119	-2.283223469	-16.013695	15.33142719	1.577209204	-17.00300562	-11.41773274	-12.37380098	-3.832544187	5.667429843	2.472914293	18.75995309	3.552602647	-14.95071208	-1.256276648	8.882126603
-0.313571967	1.768825039	-0.233485258	-0.814454522	-1.198379702	-0.615141105	-0.35434957	-0.395725296	-1.374679694	-1.198379702	1.326677507	0.524400513	-0.115949825	1.374679694	-0.135384736	-1.48154449	2.423196195	-0.115949825	1.281551566	0.988154632	-0.524400513	1.48154449	-0.395725296	1.993983606	0.569184749	2.423196195	1.993983606	1.608652683	1	31	0	9.049790785	80.98947066	-18.13103539	13.81705586	49.05223515	11.80166772	6.139383052	-13.77688767	-3.87465435	-1.424487718	18.11404313	4.75274855	-2.500929117	3.190983214	-4.885174749	23.63315095	-14.95405062	11.67790288	11.05533949	7.554791826	-19.88715816	4.286967434	6.537958666	9.683278773	-7.269512999	-4.043692499
-0.480644432	1.48154449	0.711260092	0.313571967	-1.374679694	1.05307266	0.869423773	-0.546655569	0.194028142	-0.988154632	1.683348264	-0.077203649	-0.115949825	1.993983606	0.711260092	-1.608652683	1.374679694	0.569184749	1.020076233	0.592006622	0.437790082	0.333891362	0.662435268	2.423196195	0.927154825	1.48154449	-0.638609618	0.711260092	1	25	0	9.242425968	78.59705246	-60.4699447	-7.180648838	46.30949556	-36.29613254	21.43434412	14.65065227	8.808345079	32.62434679	39.39979339	43.41888743	-4.467303905	17.04455717	-1.558592398	2.28559476	-10.8454494	4.452745105	-2.936753468	5.242011901	-0.822001656	1.629673924	12.83209243	-4.14571308	-21.6102784	11.47139019
-1.48154449	-0.437790082	0.313571967	-0.313571967	0.038573075	-0.480644432	-0.437790082	-0.437790082	-0.313571967	0.154870923	-0.194028142	-1.869606647	-0.115949825	-0.273309407	-0.814454522	-0.437790082	-0.135384736	-0.213715106	-0.077203649	0.194028142	-0.077203649	0.273309407	0.174416101	-0.194028142	-1.122762298	0.038573075	-0.638609618	-0.038573075	1	38	0	9.528121716	53.48441334	51.40925401	26.39400998	42.12797067	-19.49227748	-10.08906511	-23.91119279	23.31366537	13.74037981	-17.64107495	-10.59321974	3.065975731	12.62865028	-11.2019936	-7.652131329	11.29796401	-10.2761415	25.44234954	18.53878088	-9.742167635	0.696395733	-3.673036317	0.344000589	7.954505872	0.39273456
-1.198379702	-1.198379702	-0.615141105	-1.122762298	-1.768825039	-1.993983606	-1.198379702	-1.48154449	-1.768825039	-1.768825039	1.05307266	-0.711260092	-1.020076233	-0.711260092	0	-1.374679694	-1.768825039	-0.437790082	0.869423773	-1.608652683	-1.768825039	-0.524400513	-1.281551566	1.768825039	-1.993983606	-0.814454522	-0.638609618	1.122762298	2	39	0	10.57522738	-73.22177977	90.14209952	-20.48291574	39.61855457	67.78962581	-32.82637666	-49.92815505	-6.27597286	-1.242543722	0.473856012	8.670081	33.79797321	38.64834078	4.758512214	-27.51753838	-37.2290026	-31.90009968	-19.62153948	-79.53900159	-29.53152997	-18.99449663	16.18300025	-22.91413149	9.277571809	6.467656488
-1.05307266	-0.711260092	1.198379702	0.154870923	-1.608652683	-0.038573075	0.333891362	0.437790082	0.437790082	-1.326677507	1.05307266	0.761842777	-0.115949825	1.608652683	0.333891362	-1.768825039	0.333891362	1.374679694	-0.233485258	-1.23889438	-1.993983606	0.333891362	1.281551566	1.122762298	-1.198379702	-0.019282951	0.077203649	1.993983606	1	25	0	9.47716532	21.23708273	36.82215827	-41.74635555	32.92370793	-21.98484645	26.05352395	5.933126381	5.333367686	-35.27640375	18.43915764	-10.53696445	-15.65401641	11.32273871	6.740688673	19.8882933	3.398122068	1.222951261	-1.500585402	-9.538173517	-11.24378761	8.820449964	-17.40115444	4.95877512	-16.43194893	-20.10372994
-0.416665521	-0.293381232	0.869423773	1.281551566	0.273309407	-0.313571967	-0.502402223	-0.736315917	1.198379702	0.569184749	-1.768825039	1.159742045	-0.115949825	-1.608652683	-1.993983606	-0.615141105	0.416665521	0.736315917	-1.608652683	0.038573075	0.35434957	-0.761842777	0.927154825	-0.761842777	0.174416101	-1.608652683	0.077203649	-1.198379702	2	34	0	9.95508209	6.722672519	39.97962047	53.39551361	-1.937033309	-12.26046658	15.7229666	-7.111195533	-25.43853227	13.3188488	24.70338075	-5.031841687	-19.44868887	30.55372103	1.223126335	-15.54333421	9.050300998	3.294087233	2.49775286	2.591625028	-13.06772481	-9.931162471	-7.108634059	-12.35328032	-2.008156485	-6.623415151
-0.761842777	-1.198379702	0.569184749	-0.711260092	-1.993983606	-0.35434957	0.459111852	-0.077203649	-0.437790082	-1.608652683	1.993983606	0.077203649	-1.020076233	0.233485258	0.787876017	-1.993983606	-1.374679694	0.437790082	2.423196195	-1.608652683	-0.374957187	-0.154870923	0.569184749	0.988154632	-1.374679694	-1.374679694	-0.638609618	1.768825039	2	26	0	9.265038854	70.1119623	94.35550864	-14.74097262	22.24667217	6.921044389	33.37697592	-26.84121324	4.279915374	-0.319750271	-12.41473934	-16.23124577	-18.54066474	11.09078969	26.73485914	21.01958783	13.35458592	-16.50403731	-6.97195454	4.519776251	-12.22237604	-8.043875365	-7.97967391	-25.10408222	7.330997008	-18.78713404
-0.077203649	-0.787876017	0.038573075	0.437790082	-0.35434957	0.711260092	1.374679694	0.662435268	0.273309407	0.038573075	0.233485258	-0.711260092	-1.020076233	0.154870923	0.096558615	0.313571967	-1.122762298	0.253347103	0.233485258	-0.638609618	-1.05307266	0.213715106	0.253347103	0.233485258	-0.711260092	-0.480644432	0.662435268	0.480644432	1	41	0	10.6893275	-49.41061928	-1.300100047	-49.78945822	-0.919026098	-69.30121084	-17.85296747	39.93669371	23.75443435	7.781130839	-15.58713977	-21.52096113	-1.813869913	-0.329275441	1.942335915	1.949118397	-10.48487974	-7.262861061	6.66884284	-16.47485399	4.273841808	-17.17993146	-3.473864749	-6.49461031	-13.22878089	9.650427211
0.35434957	1.05307266	-0.988154632	-0.437790082	0.480644432	0.662435268	-0.115949825	-0.194028142	0.077203649	0.957209469	-0.546655569	-0.194028142	0.524400513	-0.35434957	-0.416665521	-0.253347103	0.273309407	-1.198379702	-0.459111852	1.608652683	1.993983606	0.416665521	-0.686643051	-0.761842777	-0.569184749	1.993983606	-0.638609618	-0.814454522	1	36	0	9.537190164	27.40525572	-12.97258577	24.51296034	36.26874458	3.35654343	4.243484604	-20.53941648	4.688686716	28.80622143	-5.748172398	1.808937458	14.57767171	3.632059801	-4.961465272	-31.74069303	24.10406051	15.30563515	6.530402849	2.038130848	-15.77526778	4.370425745	4.093107781	25.90740312	-3.130122812	-27.80986857
1.122762298	-0.194028142	-0.154870923	0.115949825	0.395725296	0.437790082	0.814454522	1.159742045	0.313571967	0.374957187	0.038573075	-0.927154825	-0.524400513	-0.416665521	-0.077203649	0.115949825	0.135384736	-0.154870923	0.096558615	-0.293381232	1.48154449	1.198379702	-0.154870923	-0.333891362	-0.524400513	-0.273309407	-0.927154825	-0.194028142	2	43	0	9.644676676	63.35751492	64.82073223	27.37414009	-2.635375867	-53.53728003	-16.84568079	-12.37517638	4.270186611	-31.79759689	-0.006030884	-13.85465218	1.888355309	-7.852108893	24.41241403	-14.74910719	-1.530651503	-1.233738964	0.975011945	-15.37262728	2.354265516	0.674683065	10.59516098	-0.967253932	13.11822924	-8.259936217
1.993983606	-0.437790082	-1.159742045	-1.198379702	0.711260092	0.988154632	1.122762298	0.546655569	0.154870923	-0.154870923	-1.541986299	-1.122762298	-0.115949825	-1.326677507	-1.768825039	0.395725296	0.869423773	-1.768825039	-0.395725296	-0.293381232	0.077203649	-1.48154449	-1.05307266	-1.683348264	0	1.281551566	1.198379702	-0.273309407	1	43	0	9.54065199	53.91186971	-19.97667208	-26.50188686	16.72808147	5.158131558	-54.76792646	-10.34283474	29.27235846	9.722160633	-13.99285676	18.92053296	2.83450213	13.0007043	22.51712134	14.74319232	5.556311026	22.39210813	9.978924379	-9.587465834	-2.469945733	11.46838526	-14.65890439	10.2265046	6.467597754	1.576396333
0.233485258	-0.787876017	-1.426076872	-0.761842777	0.154870923	0.273309407	-0.057877565	0	-0.038573075	0.957209469	0.077203649	-0.711260092	-1.020076233	0.077203649	0.615141105	-0.154870923	-0.019282951	-0.638609618	0.019282951	-0.638609618	0.615141105	-0.273309407	-0.761842777	-0.077203649	-0.814454522	-0.019282951	-1.198379702	-0.233485258	2	41	0	9.67965863	53.35555513	-9.018091595	9.826274492	-0.577638609	-21.46192642	-7.768926732	-14.56841056	27.58617672	22.12888417	8.887318489	11.10829494	18.8162519	8.646814548	6.098495203	-16.24118302	9.800249128	-3.281911832	-8.019115442	-3.108036575	-7.932227074	-2.811071712	4.094785309	-1.655949091	9.616763152	0.72449032
0.313571967	-0.592006622	-0.437790082	-1.374679694	-0.711260092	-0.115949825	-0.154870923	-0.480644432	-0.480644432	-0.480644432	1.198379702	-0.077203649	-1.020076233	0.154870923	0.569184749	-1.122762298	-0.135384736	-0.437790082	1.374679694	-0.293381232	1.020076233	0.038573075	-0.437790082	1.281551566	-0.927154825	-0.233485258	-0.313571967	0.154870923	2	40	0	9.78884071	11.74650487	-44.76990782	42.04226915	27.5249682	28.28232876	-52.15791265	10.69858168	28.85631738	39.62536215	-16.57860123	7.084666628	-6.469458551	2.228941694	-5.707558192	-1.726185066	0.815779536	-13.93671469	5.721212102	-8.698869592	-12.24557575	1.527871283	-12.78042537	1.969249315	-2.409742261	-3.097787584
2.423196195	0.927154825	0.194028142	0.869423773	1.198379702	1.993983606	1.993983606	1.768825039	1.122762298	1.768825039	-1.087257384	0.841621234	0.524400513	1.48154449	1.087257384	0.077203649	0.233485258	-0.019282951	-0.686643051	0.374957187	0.480644432	-0.897915184	0.35434957	-1.993983606	-0.213715106	0.233485258	0.869423773	-1.48154449	2	33	0	9.685356081	59.68947369	-41.87381326	33.23520549	27.67282313	-28.90171882	-10.20622811	-2.391552396	22.36686368	12.12111674	1.669392726	-8.007025011	20.15901478	-1.777721364	2.453145228	-12.23811343	-3.94412037	-20.78018639	-6.844643342	1.040032261	-2.40798472	-10.20076639	-1.91827309	-5.698866807	-0.339088925	-15.61556569
-0.135384736	-1.374679694	-1.768825039	-1.05307266	0.194028142	0.077203649	-0.194028142	0.546655569	-0.233485258	0.115949825	-1.281551566	-0.988154632	-0.524400513	-1.768825039	-1.23889438	0.761842777	-0.273309407	-1.993983606	-1.374679694	-0.293381232	-0.374957187	-0.524400513	-1.608652683	-1.281551566	-1.05307266	0.293381232	0.957209469	-0.395725296	1	53	0	9.583953682	95.44273545	34.55629807	3.255074888	23.90399738	-30.29288201	-0.355223419	-7.4146425	32.47977355	-3.37090817	-15.86049981	-3.465338013	5.90250064	-3.724005571	21.07303237	5.683903291	10.27637982	-16.8017815	7.674410522	3.952258986	0.558647945	-3.76550312	-8.467212123	-7.745039939	7.949239864	8.554555753
-0.273309407	-0.077203649	-1.281551566	-0.662435268	0.35434957	0.814454522	0.174416101	0.480644432	0.233485258	0	-0.416665521	-1.122762298	0.233485258	-0.927154825	-1.23889438	1.122762298	0.957209469	-1.426076872	-0.333891362	1.608652683	0.711260092	-0.662435268	-1.198379702	-0.761842777	-0.615141105	1.198379702	-1.198379702	-0.569184749	2	46	0	9.29061252	31.50990389	-1.266753024	16.60633184	19.66899051	-4.575905357	12.67201203	-9.584379461	11.14470923	0.251891866	11.95407199	4.242331785	1.380558442	12.27242608	0.75027743	-7.071196072	18.36375741	16.42955218	7.761016441	2.351261599	-1.448867202	-5.473660811	-6.515652734	-9.278073859	1.337449324	-2.041602819
-0.135384736	-1.608652683	-1.159742045	-0.395725296	1.608652683	-0.437790082	-1.48154449	-1.198379702	-0.374957187	0.233485258	-0.686643051	-0.293381232	-0.524400513	-1.05307266	-1.541986299	1.281551566	-0.502402223	-1.608652683	-1.993983606	-0.988154632	-1.374679694	-1.993983606	-1.768825039	-0.233485258	0.273309407	-0.395725296	0.293381232	-1.608652683	2	38	0	10.20938874	-13.35462156	48.25565283	-18.33802396	24.22935025	-32.14706423	12.23511208	-14.06296818	8.991149723	-35.47432864	26.97000288	0.458441284	24.03042909	22.81269106	3.597406125	-5.869441882	7.804803429	3.62285541	17.47993223	-1.909477251	-10.58938893	-9.573302284	-8.297143269	-3.085608264	-12.12080682	-6.767416819
NA	NA	NA	NA	NA	NA	NA	NA	NA	NA	NA	NA	NA	NA	NA	NA	NA	NA	NA	NA	NA	NA	NA	NA	NA	NA	NA	NA	2	53	0	9.792506106	10.39794453	14.12483702	-31.9778229	29.23325833	-4.476997042	-13.06386365	86.30453241	34.53544344	-2.159594149	-1.30011778	-4.848817362	-8.084680976	-9.182574942	-5.574496788	-36.34611543	-6.628827451	-33.85956132	-6.848339163	27.07414103	8.183918449	9.94005712	-0.725169502	-8.154427776	3.746748338	-16.94067039
-0.038573075	-0.194028142	-0.569184749	-0.35434957	-0.115949825	0.115949825	0.077203649	0.395725296	-0.524400513	0.662435268	1.05307266	-0.711260092	0.524400513	0.313571967	1.087257384	0.273309407	-0.019282951	-0.736315917	0.416665521	-0.638609618	-1.608652683	-1.159742045	-0.502402223	0.233485258	0.869423773	0.437790082	1.281551566	0.077203649	1	43	0	9.631579835	-25.76695193	-11.57523715	-55.4693257	53.43529427	-35.65574266	-23.80036136	-12.42012263	5.507831978	-13.89360674	8.483101049	-19.78841742	-0.3161593	15.62725438	4.805919994	27.92873169	-14.67204951	-4.305989268	23.34147682	16.24554118	-4.314744835	-5.957227594	-3.431902775	-3.354763458	-15.3613133	5.748711885
0.711260092	-0.592006622	-0.273309407	-0.154870923	0.233485258	0.154870923	-0.638609618	-0.273309407	-0.077203649	-0.194028142	-0.416665521	-0.711260092	-1.020076233	-0.638609618	-0.814454522	0.615141105	0.524400513	-0.35434957	-0.273309407	-0.293381232	-0.662435268	-0.988154632	-0.019282951	-1.281551566	-0.293381232	-0.194028142	0.711260092	-1.374679694	2	53	0	9.271182516	68.15726327	55.18075906	41.0050017	2.709152009	-30.50690754	9.699552035	-2.663295685	29.12355926	-22.11799752	-11.75255212	-25.85275527	1.635007636	-18.95502086	-4.259792472	2.829452291	16.06981568	-5.569647954	10.521437	-12.62897501	-27.07798257	6.296126906	-2.775479676	5.231813145	7.109202927	-3.155584953
1.198379702	0.077203649	2.423196195	2.423196195	0.869423773	2.423196195	2.423196195	2.423196195	2.423196195	2.423196195	-0.019282951	0.333891362	1.198379702	0.615141105	1.683348264	2.423196195	0.711260092	2.423196195	-0.333891362	-0.096558615	2.423196195	2.423196195	2.423196195	-0.077203649	2.423196195	-1.768825039	-0.638609618	-0.761842777	2	46	0	10.22001133	8.177832517	77.38593653	43.31847921	-44.65446606	-30.69230581	-38.98015531	11.09593306	-17.02301941	1.86253816	3.313125472	-40.43128266	1.643347566	-1.612328975	9.174805155	-14.94967797	16.56546595	7.238623298	16.85447077	-19.58061542	12.31384611	5.047621469	24.41483657	2.899418817	2.173613668	-5.332346816
-0.569184749	-1.768825039	1.993983606	1.993983606	0.524400513	1.768825039	0.395725296	0.233485258	1.993983606	1.087257384	-0.897915184	0.615141105	-0.115949825	1.05307266	-1.374679694	0.814454522	0.662435268	1.768825039	-1.159742045	-1.993983606	-0.988154632	-1.768825039	1.768825039	-0.615141105	-0.293381232	-1.993983606	-0.638609618	-1.993983606	2	51	0	10.44492958	-58.99995954	8.148890549	-22.27074966	-36.35736105	-21.4737929	12.59286966	35.19633064	31.82079783	19.9905448	29.64005267	4.035647222	-11.63885964	23.72568022	-29.17189025	5.766349452	59.55479281	-30.52298534	-28.14843324	-19.60246139	-15.52218358	-2.401751962	33.22989979	12.27252524	15.89728269	-8.638990277
-0.897915184	-0.592006622	0.524400513	0.273309407	1.122762298	-0.395725296	-1.281551566	-1.608652683	-0.154870923	-0.077203649	-0.814454522	-0.293381232	1.198379702	-1.159742045	-0.814454522	0.711260092	1.608652683	-0.213715106	-1.608652683	0.194028142	0.761842777	-0.333891362	-0.273309407	-1.281551566	-0.35434957	0.35434957	-0.313571967	-1.768825039	1	50	0	9.12162219	57.09171589	44.84262955	8.329142735	54.11958643	-2.298718233	11.73583588	10.6079664	13.26460481	4.967827289	8.779586465	10.85258679	12.59551164	22.39344592	4.781547838	8.712197931	3.533066292	10.93304231	-19.51433598	9.33612744	-7.632575619	-3.425825715	9.675705105	1.895911977	-1.573016618	-12.09322678
0.154870923	-0.293381232	1.05307266	1.48154449	0.313571967	-0.154870923	0.459111852	1.05307266	0.927154825	1.374679694	-1.541986299	1.768825039	1.869606647	2.423196195	-0.313571967	0.480644432	1.993983606	1.05307266	-0.686643051	0.988154632	0.841621234	-0.416665521	1.198379702	-1.281551566	1.608652683	0.988154632	0.416665521	-0.437790082	2	56	0	9.284679001	45.6362421	4.585138748	17.92097936	19.4526251	-13.88581195	46.25536176	0.194211497	-2.05147977	9.358828684	10.34991895	0.59569172	-11.27879603	-14.45090318	9.523052938	1.98757878	7.971460073	-19.42466455	-16.93733465	7.441788836	-10.159227	-8.920252745	-3.820290038	-2.219350307	-12.946273	-16.95374881
1.05307266	-0.927154825	-0.115949825	-0.233485258	2.423196195	0.869423773	1.05307266	1.374679694	0.615141105	0.761842777	-0.293381232	-0.711260092	-0.115949825	0.569184749	-0.615141105	0.869423773	0.524400513	-0.841621234	-0.686643051	0.194028142	-0.313571967	-0.761842777	-0.814454522	-0.077203649	-0.395725296	-0.115949825	0.814454522	-0.480644432	1	45	0	10.4401062	-53.27826947	4.188641874	-41.2257269	-13.07562274	-37.87954084	-10.26291029	-20.26516569	34.73494658	-9.649139427	7.766837213	5.087093604	-3.799628832	-3.709321473	-15.26537485	-21.99687452	28.39184428	-2.951620622	2.198154266	-8.975231542	-10.08665913	4.318004445	-18.81036918	8.26653407	5.251210035	17.52524615
0.115949825	-0.194028142	0.154870923	-0.077203649	1.993983606	1.281551566	0	0.077203649	0.711260092	1.198379702	-0.135384736	-0.711260092	0.841621234	-0.233485258	-1.122762298	1.198379702	1.05307266	-1.122762298	-0.869423773	0.592006622	0.927154825	-0.524400513	-0.313571967	-0.437790082	-0.057877565	0.662435268	-0.313571967	-1.05307266	2	52	0	10.32785533	-49.23152067	-3.404040567	30.07521174	9.192292449	11.02665955	-3.827317526	35.29895143	26.00069815	-17.42257522	-11.51035003	-15.93254375	-4.978905284	5.987107352	-19.35426254	-20.82739222	19.09141655	37.81075501	-26.41687327	-23.33241832	-4.312887982	1.482745129	-13.39235726	-34.3253055	-21.4274047	17.76530537
-1.128143645	2.502106473	1.714593654	1.714593654	0.62668735	0.553024091	-0.282216147	-0.62668735	1.403412636	0.744142742	-0.218344771	0.943003696	1.593218818	1.253904984	-0.250152864	0.589455798	1.593218818	1.324957689	-0.499703382	0.967421566	-0.499703382	-1.188674189	1.491605982	-0.62668735	0.919135522	1.491605982	0.967421566	-0.872902819	1	53	0	9.452119042	-28.13830641	-8.289472216	-47.34018376	57.04050559	-1.110521431	40.41776163	23.48722337	-15.56498145	4.350374812	13.44405718	-21.50693697	-15.99522034	2.854123732	5.594049828	10.3277289	-0.922393677	-0.745039192	2.97231258	-14.91381053	0.42596138	7.999931101	-3.27353083	6.273581296	-22.83272067	-6.839557754
0.744142742	1.868241655	-0.785605288	-0.703921789	0.664808728	-0.589455798	-0.482248215	0.482248215	-0.155352778	-0.571145181	-0.218344771	-0.380325642	1.593218818	0.282216147	0.684234404	0.553024091	0.282216147	-1.363136466	0.155352778	2.502106473	-0.077442409	-0.282216147	-0.919135522	-0.186756121	0.092971849	2.085355566	-0.202525183	-0.314572292	1	31	0	9.219475089	87.98800996	-54.73463049	14.9128531	40.45578343	-33.55400083	-15.64132092	-2.86907809	32.96333522	19.32805693	28.11094982	36.1537244	25.12798652	22.09725511	1.926256597	0.938066376	-18.76547059	6.725190353	-2.995710074	3.92334667	-0.757948091	1.955706302	12.05131269	7.296813591	-5.315565824	12.34184621
-0.124101933	-0.447767518	-0.919135522	-0.785605288	0.347261247	-0.967421566	-1.128143645	-0.895779819	-0.62668735	-0.482248215	0.186756121	-0.092971849	0.464938765	-0.895779819	-0.015473632	0.380325642	-0.723885875	-1.593218818	0.077442409	0.108523744	-1.128143645	-0.553024091	-1.253904984	-0.250152864	-0.62668735	0.413811248	0.828464649	-0.553024091	1	40	0	9.030148487	75.03833347	31.52286012	38.14581124	15.88918429	6.707557829	-13.86558834	-19.46685217	7.630161531	-1.96679323	4.073587991	-21.16689343	4.428805085	-7.023925424	-8.951203406	12.96641148	4.550276293	-3.185357445	14.97720456	-7.466792709	-15.7856715	8.500909246	-6.300662994	9.783711754	11.2220341	-4.567376403
0.589455798	-0.447767518	-0.589455798	-0.314572292	0.872902819	-2.085355566	-2.085355566	-1.714593654	-1.714593654	-0.744142742	-0.764709674	-1.288618168	1.593218818	-1.868241655	-0.62668735	0.967421566	-0.061931623	-1.491605982	-2.085355566	-0.108523744	-0.314572292	-1.786155561	-0.785605288	-1.714593654	-0.589455798	-0.061931623	1.157878604	-2.085355566	2	50	0	10.11098552	-37.56634396	-47.17521444	-17.74718575	19.73137718	-16.01353814	10.95819496	-15.38005295	16.49469361	-12.49665788	-5.923710001	-41.11953717	16.26918295	15.46155808	4.778519131	21.30778504	1.178061863	-22.88139088	-7.369990708	-11.46139748	-12.34877093	-8.398035663	8.801486813	6.029888615	9.077010962	8.266638445
NA	NA	NA	NA	NA	NA	NA	NA	NA	NA	NA	NA	NA	NA	NA	NA	NA	NA	NA	NA	NA	NA	NA	NA	NA	NA	NA	NA	1	52	0	9.820811237	34.48216214	43.40446798	37.5429238	9.849633438	-19.78241806	-17.16435952	-5.777178585	25.58140423	1.724477145	-20.12645652	-14.91241745	4.073912262	-20.98542714	-5.301032123	-2.364105879	3.9675234	-9.076855153	7.85897561	6.06818352	-9.609050302	18.67874001	5.763709309	4.532793704	-7.789968133	-1.01562683
NA	NA	NA	NA	NA	NA	NA	NA	NA	NA	NA	NA	NA	NA	NA	NA	NA	NA	NA	NA	NA	NA	NA	NA	NA	NA	NA	NA	1	54	0	9.840421833	-10.73648363	18.60316639	4.484566112	28.85816817	-4.178105985	-45.47800491	42.99986753	29.30985875	-16.06810787	-24.29682592	-14.31118238	-5.096900586	3.326602969	3.93085849	-26.33253711	-19.20498847	0.268011152	13.6406951	13.05463904	-9.897290593	13.40761333	5.774677623	3.549949453	-12.27854013	-5.163435249
-0.464938765	-0.785605288	0.061931623	0.061931623	-0.250152864	0.517312153	-0.092971849	-0.155352778	0.092971849	2.502106473	0.186756121	0.298355173	-1.491605982	0.202525183	-0.015473632	0.250152864	-1.157878604	0.447767518	-0.62668735	-0.992430321	-0.872902819	0.447767518	0.124101933	0.124101933	-1.188674189	-1.403412636	-0.202525183	2.502106473	2	38	0	9.931230073	-13.09092057	155.4420354	4.305084713	-15.01938509	4.844075618	-12.49847548	49.29296783	29.49861451	33.3883151	8.984473001	-13.96871487	12.10422741	-7.270420144	-31.11371678	16.16488751	-0.762372452	54.34190804	-18.37492566	-9.337651094	15.65224932	51.18152763	18.7019865	-52.82844584	-56.32898202	-17.35154537
NA	NA	NA	NA	NA	NA	NA	NA	NA	NA	NA	NA	NA	NA	NA	NA	NA	NA	NA	NA	NA	NA	NA	NA	NA	NA	NA	NA	2	53	0	NA	NA	NA	NA	NA	NA	NA	NA	NA	NA	NA	NA	NA	NA	NA	NA	NA	NA	NA	NA	NA	NA	NA	NA	NA	NA
-1.868241655	-0.992430321	-0.62668735	-1.491605982	-0.664808728	-0.314572292	-1.403412636	-1.403412636	-0.828464649	-0.266150301	0.828464649	-1.288618168	-0.684234404	-0.684234404	1.714593654	-0.092971849	-1.157878604	-1.071486768	0.723885875	-1.446103593	-0.413811248	0.250152864	-1.071486768	1.868241655	-1.491605982	-0.298355173	-0.202525183	0.664808728	2	48	0	10.43702626	-50.79559446	16.84603481	25.5718025	15.88637874	4.999926164	2.656900731	6.827685277	19.74482781	30.45096236	-24.05683616	11.29517738	-15.01334364	7.774707061	-15.1564864	-18.71562645	19.59367273	-0.146642367	3.880840395	18.29365275	-33.75333247	-2.059289321	9.148024046	10.15958195	-29.09798227	-1.446556996
NA	NA	NA	NA	NA	NA	NA	NA	NA	NA	NA	NA	NA	NA	NA	NA	NA	NA	NA	NA	NA	NA	NA	NA	NA	NA	NA	NA	2	55	0	10.91015113	-118.4703392	33.24005483	-15.85758438	-36.83448764	-68.52263348	-4.863502083	-13.68562224	-3.744119412	2.002280129	11.02132849	-35.29856748	-10.73842708	-14.30906415	7.880099523	4.353569686	-13.79912253	-12.16388448	4.661095542	-14.91354732	-4.562908353	19.77560612	22.50725574	-16.22159525	-11.17699922	-20.59593637
0.186756121	0.62668735	-0.482248215	-1.324957689	-0.447767518	0.872902819	0.919135522	0.828464649	-0.250152864	1.868241655	0.430727299	-0.380325642	-0.330872572	0.202525183	2.085355566	-0.124101933	-0.872902819	-0.250152864	0.828464649	-0.992430321	1.403412636	0.703921789	-0.380325642	0.380325642	-1.363136466	0.250152864	-1.714593654	1.491605982	2	55	0	10.75709481	-48.07483666	-33.20144997	-27.12142095	-51.26793021	-53.32517266	-38.53966425	-24.1047324	25.37116367	-16.59008635	6.399572278	-1.96661428	-25.01147644	-4.232293008	-2.758688785	25.69518517	0.019976541	-13.09614734	-4.657910733	8.035179967	-4.996606629	11.87747715	10.73648162	2.230958459	-14.22677721	12.93107236
0.828464649	1.071486768	-0.092971849	-0.413811248	-0.155352778	0.943003696	0.703921789	0	0	0.030950969	1.965272419	-0.380325642	0.464938765	-0.430727299	1.044408795	-0.447767518	0	0.092971849	2.246197536	0.589455798	0.380325642	0.282216147	0.077442409	0.234219194	-0.447767518	-0.155352778	0.363743733	0.155352778	2	40	0	10.46244972	-7.742273674	-3.838605387	29.01162614	-10.72728046	10.443629	-73.78255245	-3.118483313	6.055629151	2.498594445	-2.655858477	-11.7088116	5.96098799	-3.81038935	-11.40913708	-29.95286833	-11.98981573	-3.100953131	12.53422404	23.71241304	3.634723978	18.81143447	23.80847804	10.28751428	-12.64637183	-7.772485622
0.553024091	1.363136466	-1.188674189	-0.967421566	1.593218818	-0.482248215	-0.828464649	-0.430727299	-0.124101933	-0.413811248	-1.714593654	-0.806849691	-1.220640349	-1.018075715	-0.828464649	1.253904984	0.139710299	-1.253904984	-1.128143645	1.650868485	-1.044408795	-0.992430321	-1.128143645	-1.288618168	-0.872902819	1.868241655	0.828464649	-1.253904984	2	48	0	10.2398499	-6.952401773	17.13752086	-70.73764513	11.8617237	-6.026368586	-5.617215136	-39.8070546	32.10002134	-0.894481716	5.543552965	10.02156018	12.87084583	-5.856653115	-11.40349255	-9.462148613	34.27959854	-9.300091777	20.03382559	-3.421711211	0.194555925	21.93590545	1.133507135	3.698513235	-23.54177335	-7.202433807
1.188674189	-0.785605288	-1.491605982	-0.744142742	1.188674189	0	-0.347261247	0.186756121	-0.314572292	-0.571145181	-1.324957689	0.607966223	1.288618168	-2.085355566	-0.744142742	1.868241655	-0.186756121	-1.714593654	-1.128143645	-0.992430321	-0.872902819	-1.593218818	-1.018075715	-1.714593654	-0.919135522	-0.785605288	-0.967421566	-1.868241655	2	53	0	10.23469375	-56.91505205	67.57007885	-32.04984776	-12.07101951	43.06959469	-29.53471241	-66.48143095	20.28657786	3.926146164	-7.914986452	11.93287641	1.870012421	0.593275449	6.271820482	-18.30439485	-13.73101919	-39.67946841	-0.508084644	-30.18505912	-23.91377607	23.14788648	12.47199467	-30.36895733	-29.800979	22.6217362
-0.030950969	-0.785605288	-0.517312153	-0.092971849	0.703921789	-1.018075715	-1.253904984	-1.071486768	-0.517312153	-0.155352778	-0.967421566	0.517312153	-0.330872572	-1.253904984	-0.298355173	0.703921789	-1.540425005	-0.62668735	-0.380325642	0.266150301	-1.044408795	-1.491605982	-0.62668735	-1.288618168	-0.517312153	-0.553024091	-0.202525183	-0.62668735	2	52	0	9.118603934	76.88157282	67.98278039	-6.024814223	9.967334856	4.700767282	17.71546638	-30.04768356	28.33187759	3.711784481	-4.735762632	11.99395691	7.469730091	-1.613575895	16.04656322	26.07717852	4.175979589	-30.4981116	2.302574568	3.957294265	-10.26617438	8.321836204	-8.223844173	-12.19583899	-14.82072221	-14.92785367
0.250152864	0.363743733	-0.282216147	-0.517312153	0.828464649	-0.380325642	-0.872902819	-1.018075715	-0.092971849	0.108523744	0.015473632	-1.786155561	-0.330872572	-1.714593654	-0.171033365	1.491605982	-0.234219194	-0.764709674	-0.380325642	0.967421566	-0.155352778	-0.413811248	-0.828464649	-0.282216147	-0.250152864	1.324957689	1.157878604	-0.664808728	2	53	0	10.0933668	0.663153369	-22.46825643	2.578985637	33.03858819	2.442769983	-16.85310217	-11.52782102	16.54572642	28.89421958	-25.64848121	6.493782999	12.46700319	9.999994355	15.74839485	10.07257357	-4.258640245	7.484823624	17.0869971	6.418207586	-24.68813096	13.11000781	-0.746741809	-5.49955012	-16.58256162	-0.952310377
0.413811248	0.363743733	0.092971849	0.62668735	1.018075715	0.124101933	-0.744142742	-0.967421566	0.347261247	-0.124101933	-1.868241655	-0.092971849	0.464938765	0.517312153	-1.650868485	0.447767518	1.071486768	-0.092971849	-1.491605982	0.967421566	-0.447767518	-1.786155561	-0.186756121	-2.085355566	0.517312153	0.447767518	0.363743733	-1.128143645	2	54	0	9.934743497	-3.623865593	-71.93975796	21.13294771	7.052757869	4.405935674	0.05030483	14.74142137	29.03263818	21.1461368	-16.27993037	9.469587394	-8.178655843	26.37727227	6.061685376	8.777985817	-4.503093917	-2.064776852	7.689375729	7.78927692	-24.85996547	6.211203718	0.398307878	-12.43996534	-22.41038248	4.012259934
1.253904984	1.540425005	2.502106473	2.502106473	2.502106473	2.085355566	1.868241655	1.491605982	2.502106473	2.085355566	-0.645630749	1.128143645	2.085355566	2.085355566	1.491605982	1.188674189	1.253904984	2.502106473	-0.872902819	0.589455798	0.314572292	-0.919135522	2.502106473	-0.482248215	2.502106473	-1.018075715	0.363743733	-1.071486768	2	26	0	10.55060427	-3.277449208	-25.88232909	11.15923831	-65.83779659	-30.23612128	-36.84464415	-6.936519845	29.13797451	10.65325509	-5.025391301	21.02962669	-29.74005594	3.112138032	21.78562771	9.151571082	-8.237290414	6.909501695	6.607428098	-1.267891259	-8.034653493	11.53419081	17.35746023	-9.560777684	-19.43524107	2.048595889
1.714593654	1.128143645	0.186756121	1.868241655	1.128143645	1.868241655	1.253904984	1.324957689	0.62668735	0.664808728	-0.645630749	0.517312153	-0.330872572	0.785605288	0.684234404	1.714593654	0.282216147	0.347261247	-1.018075715	0.108523744	-0.744142742	-2.085355566	0.282216147	-0.785605288	0.664808728	-0.744142742	-1.491605982	-0.967421566	2	56	0	10.48877149	24.0799884	47.12785488	9.191407845	-60.53041232	-61.01420975	-64.51511944	-0.455665778	53.31265467	-3.35085181	17.56041085	44.04627297	-23.61767365	-0.419757142	-15.45803853	15.59595372	-10.62300351	26.54138099	14.72656077	11.42430675	4.40053782	13.57364663	-0.424803292	-10.33827563	-16.32545725	12.70264667
0	-1.446103593	-2.085355566	-2.085355566	-0.872902819	-1.868241655	-1.868241655	-1.491605982	-2.085355566	-2.085355566	2.502106473	-2.085355566	-1.491605982	-0.895779819	0.967421566	-0.589455798	-1.868241655	-2.085355566	1.324957689	0.589455798	-1.868241655	-1.253904984	-2.085355566	0.806849691	-0.828464649	0.703921789	1.446103593	0.282216147	2	43	0	10.36052485	-26.71882082	-46.39184406	16.38982882	4.257944729	4.681385053	-15.38690138	32.30088802	32.1543981	15.86861353	-20.99277736	-8.047044237	-3.363141943	-10.15011924	-29.12829909	-10.88091844	9.321025986	10.69349927	-1.330355713	-24.06394032	-35.31190089	6.979857722	-21.33902267	-38.56281242	-39.87832794	8.488022976
0.517312153	0.030950969	-1.128143645	-0.553024091	1.868241655	-0.155352778	-0.645630749	-0.314572292	-0.482248215	0.108523744	-1.540425005	0.397012796	-0.684234404	-1.540425005	-0.517312153	2.085355566	-0.571145181	-0.828464649	-1.363136466	1.363136466	-0.282216147	-1.324957689	-0.967421566	-1.288618168	0.030950969	0.872902819	-0.202525183	-1.188674189	2	40	0	9.310821654	81.0814583	15.7695065	-23.02582572	6.57351626	2.899145792	-10.23840575	-10.12700678	1.820824928	27.2016887	0.940488009	13.89132138	9.833865045	14.10434368	24.65161802	2.640794455	15.69774611	7.656389087	1.705099882	-3.022080162	-3.250038031	16.25097458	7.251784112	1.296449051	5.813947284	-11.03140579
1.868241655	0.363743733	-0.967421566	-0.155352778	2.085355566	1.253904984	0.785605288	1.253904984	-0.030950969	0.413811248	-0.967421566	-0.645630749	-0.330872572	-0.589455798	0.589455798	1.593218818	-0.413811248	-1.157878604	-1.868241655	1.868241655	-0.186756121	-1.403412636	-0.723885875	-0.919135522	0.061931623	0.330872572	-0.967421566	-1.714593654	2	52	0	10.64922485	-34.14132273	-36.39349802	-14.04329974	-37.65396039	-70.27513641	-62.6391668	-3.41956933	19.11302484	-43.33596729	33.60280748	1.960091403	-17.68249318	33.27469452	-13.10422929	29.54930615	-4.429898414	14.80621475	29.63895691	-4.320586278	15.80122878	15.86313136	1.592878349	7.419817656	-4.672845703	0.678085922
-1.491605982	-0.250152864	-1.288618168	-1.071486768	-0.785605288	-0.828464649	-1.491605982	-2.085355566	-1.593218818	-1.593218818	1.044408795	-1.288618168	-1.220640349	-1.128143645	1.188674189	-0.186756121	-0.447767518	-1.363136466	-0.061931623	0.589455798	-1.253904984	0.664808728	-1.253904984	1.363136466	-0.703921789	1.403412636	-0.202525183	1.018075715	1	51	0	9.51730297	-31.04077379	-11.89621839	10.02824805	28.21358057	27.00078152	21.71415662	57.6316311	20.95179177	-27.15463053	-12.13253162	-20.08107461	-3.878996072	1.990989199	15.00169527	-42.65775777	5.914378752	-0.19672777	-4.558266897	4.056738897	-3.959948017	2.257471297	-6.989723133	4.02068735	-5.977421217	-20.61603463
0.030950969	-0.077442409	0.282216147	-0.447767518	0.092971849	-0.124101933	-0.517312153	-0.723885875	0.030950969	0.234219194	0.430727299	-1.288618168	0.464938765	-0.62668735	0.850473786	0.828464649	-0.314572292	0	0.645630749	0.589455798	0.553024091	1.188674189	0	0.535082815	0.171033365	0.535082815	-0.202525183	0.092971849	2	43	0	9.931358927	-19.16020467	24.76173804	-11.61522903	5.972634495	34.4197997	-18.62431627	58.86079034	6.083045501	-21.1033983	4.864959445	3.218717986	-12.59379092	-1.270773725	27.62084089	-25.39101089	5.073506255	-19.32602328	-20.77024828	7.105116769	22.44990892	1.611909444	-25.73886282	-11.98538623	-1.980129411	17.49186158
0.124101933	-0.250152864	-0.186756121	-0.872902819	-0.919135522	-0.664808728	0.092971849	1.868241655	-1.253904984	-1.714593654	0.186756121	-1.288618168	-0.330872572	-0.785605288	0.139710299	-0.250152864	-0.571145181	-0.62668735	0.077442409	-0.992430321	-0.589455798	0.186756121	-0.553024091	0.806849691	-1.071486768	0.061931623	-0.967421566	0.919135522	1	41	0	9.152714038	100.7399642	108.5004985	-19.5169175	45.73332495	-7.218091102	16.90048314	-8.153774986	9.734044232	-4.892820398	-32.08867939	-35.57983449	-3.575384183	-2.6013221	32.20044975	19.83351697	25.84623567	-13.53997165	-4.817593412	8.813216282	10.66653838	5.698043476	7.012888199	-13.14373259	2.738955794	-3.753843087
-0.092971849	-0.785605288	-0.363743733	0.186756121	0.967421566	-0.282216147	-0.218344771	0.218344771	0.061931623	0.030950969	-0.967421566	-0.645630749	-0.330872572	-1.363136466	0.266150301	1.071486768	-0.62668735	-0.314572292	-0.571145181	0.266150301	-0.347261247	-0.62668735	-0.347261247	-1.018075715	-0.744142742	-0.218344771	0.363743733	-0.785605288	2	32	0	9.828369752	51.10130477	-12.83587566	36.41257298	-12.68418072	-43.44730764	-9.296421269	-5.253965304	32.31634115	-7.828595592	9.425843981	4.20851837	-4.934921141	-10.17911172	6.590577397	-6.073267184	6.358901237	-20.91532261	-0.14707498	-6.455890325	-2.286546164	-5.288630382	-4.496066327	-10.85320861	-2.542262388	-0.923048139
-1.714593654	-1.188674189	-0.553024091	-0.347261247	0.030950969	-1.491605982	-1.324957689	-1.288618168	-0.785605288	-0.872902819	-0.092971849	-0.806849691	-0.919135522	-1.128143645	0.139710299	0.124101933	0.703921789	-0.447767518	1.128143645	0.266150301	-0.703921789	-0.785605288	-0.482248215	-0.108523744	-0.553024091	-0.62668735	-0.967421566	-0.124101933	2	47	0	9.900011036	21.62525701	-18.90638825	25.59270414	0.390333756	-44.12053327	15.80218897	23.75515949	29.05629908	9.166011185	10.23924935	10.25866989	20.12072194	15.81908156	-5.476753028	-23.83401843	18.05133017	1.99376551	-7.620941243	-15.25160713	-4.533011367	-1.794120726	2.962868619	-8.776511952	-16.36251896	2.737783322
1.128143645	0.363743733	-0.664808728	0.314572292	1.071486768	-0.785605288	-0.589455798	-0.430727299	-0.447767518	-0.664808728	-0.314572292	0.202525183	-0.330872572	-1.128143645	-0.077442409	0.872902819	-0.723885875	-0.347261247	-0.380325642	-0.108523744	0.139710299	-0.684234404	-0.482248215	-0.785605288	-0.124101933	-0.413811248	-0.589455798	-0.828464649	1	48	0	10.02046699	1.484541449	-10.83784722	-63.82720513	-11.42431015	-62.24125174	-23.42973771	43.34086022	35.50660893	26.09474704	21.20439063	18.07085029	0.3584114	2.414548204	-13.5792078	2.081079279	35.76665294	-35.41370251	-42.35623999	4.454045446	2.346631736	-2.203215248	23.82680464	-5.300422126	10.74518655	9.370190263
NA	NA	NA	NA	NA	NA	NA	NA	NA	NA	NA	NA	NA	NA	NA	NA	NA	NA	NA	NA	NA	NA	NA	NA	NA	NA	NA	NA	2	54	0	9.724751546	13.60292473	46.84589027	-8.335092491	3.0263568	42.39743038	-17.302776	41.98238863	36.92600115	-13.85049194	-19.62598173	-10.58189661	12.94813139	17.87266075	24.31423464	-29.82900792	35.20438187	-15.40339095	-2.559359396	-0.973473171	28.82775704	25.53852256	-11.48920748	-13.7128185	-17.27363951	6.792779098
2.502106473	1.220640349	1.253904984	1.491605982	1.253904984	2.502106473	0.872902819	0.553024091	1.253904984	0.967421566	-1.324957689	0.447767518	1.868241655	-0.535082815	-0.992430321	0.919135522	0.139710299	1.403412636	-1.363136466	1.363136466	0.872902819	-0.380325642	1.253904984	-1.288618168	1.044408795	0.62668735	1.157878604	-1.593218818	2	54	0	10.02915096	-17.94896951	5.117342308	34.96924117	-4.37885652	70.98316516	-35.26556509	-0.651179253	-9.757435347	-7.834553937	2.257825087	-25.77917062	6.908097585	20.8685553	9.994869512	-11.52287769	18.17609776	-24.5619775	1.527525525	-1.306894055	27.29520802	14.31723437	-17.16185048	-8.177197358	-10.14676125	16.30105321
-0.919135522	-0.607966223	0.314572292	0.282216147	0.250152864	-0.092971849	-0.703921789	-0.553024091	0.218344771	-0.266150301	0.330872572	0.092971849	-0.330872572	-0.314572292	0.139710299	0.092971849	-0.828464649	0.282216147	1.593218818	-0.108523744	-0.62668735	-0.992430321	0.186756121	-0.015473632	-0.282216147	-0.919135522	0.684234404	-0.482248215	2	43	0	NA	NA	NA	NA	NA	NA	NA	NA	NA	NA	NA	NA	NA	NA	NA	NA	NA	NA	NA	NA	NA	NA	NA	NA	NA	NA
-0.413811248	-0.992430321	0.62668735	1.018075715	0.482248215	0.664808728	0.030950969	-0.347261247	0.703921789	1.593218818	-0.645630749	-0.645630749	-0.919135522	0.061931623	-1.157878604	0.282216147	0.282216147	0.380325642	0.202525183	-0.108523744	-0.077442409	-0.517312153	0.413811248	-0.785605288	0	-1.491605982	-0.202525183	-0.413811248	2	41	0	10.18569538	-62.13229765	42.06537912	36.17434571	-7.424025316	46.28581086	-46.75347667	-0.59795684	-23.39653161	-0.778521876	10.36658469	-11.10000699	-10.12317697	9.110236272	2.786025227	-9.200241324	5.739355749	-25.78223522	-12.54790123	-7.968411485	7.064022763	10.05988492	-15.75106262	-8.790718996	-24.85485857	1.334864164
2.085355566	0.363743733	2.085355566	0.919135522	-0.030950969	1.593218818	2.502106473	2.502106473	2.085355566	1.491605982	0.186756121	2.085355566	2.502106473	2.502106473	1.714593654	0	2.502106473	2.085355566	1.220640349	1.363136466	-0.250152864	-0.447767518	2.085355566	-0.015473632	1.593218818	-1.868241655	-0.967421566	0.413811248	2	52	0	10.37710311	26.18348936	64.34331971	26.0911714	-72.50183955	8.498171235	9.791997839	43.6564065	-29.02652317	-1.554519519	38.12189416	-4.514194823	-55.98874631	6.285624411	38.21685755	-2.4052532	60.18476652	11.8095937	24.32029588	-41.63702296	-19.96391173	45.34078302	24.96368218	-9.008810279	-25.20957628	10.91300766
NA	NA	NA	NA	NA	NA	NA	NA	NA	NA	NA	NA	NA	NA	NA	NA	NA	NA	NA	NA	NA	NA	NA	NA	NA	NA	NA	NA	2	52	0	9.512718261	72.73297351	66.89170938	-16.41447191	17.88470882	-8.830839011	15.73645222	8.321590234	14.4429547	11.62831705	-9.704102532	9.14087191	-10.6793052	-2.202788838	20.21021122	-11.93660148	32.23222028	-1.613850029	-18.84425876	14.32721066	1.059080492	11.46120123	2.973615062	-0.499777273	-6.541056369	-9.899014328
0.664808728	0.363743733	0.380325642	0.553024091	1.324957689	-0.250152864	-0.380325642	0.872902819	0.447767518	0.589455798	-0.967421566	0.298355173	-0.015473632	-0.895779819	-0.62668735	2.502106473	0.061931623	0.124101933	-1.650868485	0.967421566	1.714593654	0	0.155352778	-1.018075715	0.314572292	0.124101933	0.363743733	-1.363136466	2	51	0	9.366170299	70.38460547	8.547907577	40.74191824	-13.0782865	21.221985	26.51059706	-7.032965359	16.8684867	-19.11008753	-4.598362619	-8.671984839	-0.848972791	26.07069358	21.87156305	3.133146033	5.606440722	-2.672484232	-2.64044392	9.131465619	-7.02061996	2.236285711	-8.042195823	-12.77616329	0.656271524	4.500480018
0.872902819	1.868241655	0.124101933	1.128143645	0.314572292	0.314572292	0.250152864	0.380325642	0.397012796	-0.202525183	-0.764709674	0.092971849	0.464938765	-0.030950969	-0.171033365	0.664808728	0.061931623	0.250152864	-0.282216147	1.650868485	-0.380325642	-0.171033365	0.218344771	-0.482248215	0.967421566	0.744142742	1.157878604	-0.282216147	1	47	0	9.573527469	9.798652217	-7.631230253	-6.32614673	28.47545368	-31.37674865	-0.314101705	-7.742655478	-0.024624244	-34.79913929	15.07102651	-17.73316584	-0.870603785	2.379669768	11.16979782	-9.954341874	11.78532718	16.02479775	6.89155628	5.481463388	5.62427029	5.249298629	-2.087104779	1.597202476	-8.311588548	4.229272717
1.324957689	0.363743733	-0.703921789	-1.253904984	-0.62668735	-0.447767518	-0.314572292	-0.664808728	-0.967421566	-0.967421566	0.828464649	0.092971849	-0.330872572	-0.250152864	0.850473786	-0.314572292	-0.380325642	-0.553024091	1.714593654	0.108523744	1.018075715	0.314572292	-0.664808728	0.447767518	-0.664808728	1.188674189	-0.202525183	0.380325642	1	53	1	9.791416594	-1.84904881	26.06421761	-34.97113618	40.6417398	-20.4693629	-4.970503227	-12.91478017	14.97612847	-47.20424005	13.08555508	-5.441447382	17.98151754	22.36901811	25.599414	-19.25110282	7.281569356	22.32447549	4.731589986	10.81664925	9.122164862	9.827385424	-5.809031056	-4.753794138	8.05728278	26.108989
-0.218344771	-0.250152864	0.413811248	0.092971849	-0.218344771	-0.919135522	-0.943003696	-1.128143645	0.124101933	-1.128143645	1.044408795	-0.092971849	-0.919135522	0.380325642	0.139710299	-0.380325642	-0.061931623	0.589455798	0.535082815	0.266150301	-0.664808728	-0.828464649	0.482248215	0.872902819	-0.077442409	-0.347261247	0.363743733	0.218344771	2	34	0	9.762802799	41.67543763	3.908642938	38.44753219	11.89741767	-27.9660985	-5.201367811	1.920582447	21.73427554	-6.318874167	1.079246371	-0.43706988	3.165488508	17.15658624	17.45165355	-3.815493465	-1.660247179	-4.528465055	-16.42561334	0.158834814	-6.523375819	-7.42257932	-6.776965092	-9.542511098	-2.90977948	3.419523195
1.491605982	0.363743733	-0.061931623	0.744142742	1.491605982	-1.188674189	-0.943003696	-0.517312153	-0.061931623	0.155352778	-0.363743733	-0.380325642	-0.015473632	0.250152864	-0.62668735	1.018075715	0.571145181	-0.155352778	-1.650868485	0.967421566	1.253904984	-0.218344771	-0.092971849	-0.62668735	0.828464649	-0.186756121	1.157878604	-1.491605982	2	27	0	9.217925499	66.78152215	48.0005229	36.02470812	4.183224905	-11.55550526	11.40895321	-19.10862717	-5.653406391	-31.6437271	0.987908643	-12.50406573	-11.86159059	19.12626852	23.38473357	-4.7706882	7.250330619	11.40030965	-12.61975378	8.42577107	-8.876900894	-0.381421067	-10.86891595	-5.558095344	12.21221471	14.48640095
