id chr pos uganda.p kenya.p rsid r2
19:48706796:C:T 19 48706796 0.816098 0.051172 rs7259206 0.001
19:48706855:C:T 19 48706855 0.306604 0.611822 rs113230317 0.001
19:48706899:TAGA:T 19 48706899 0.847882 0.401012 rs10568948 0.002
19:48706914:G:C 19 48706914 0.803022 0.748935 rs76007951 0.002
19:48707023:C:T 19 48707023 0.890143 0.412689 rs7247398 0.003
19:48707061:G:C 19 48707061 0.285333 0.109554 rs62621208 0.001
19:48707168:G:A 19 48707168 0.947269 0.0275591 rs3745715 0.003
19:48707187:C:G 19 48707187 0.982914 0.0230156 rs3745716 0.002
19:48707214:A:T 19 48707214 0.889317 0.480004 rs12327577 0.001
19:48707401:G:T 19 48707401 0.983066 0.0231085 rs3745717 0.002
19:48707581:G:A 19 48707581 0.285617 0.112194 rs1965759 0.001
19:48707583:G:A 19 48707583 0.583353 0.153167 rs1965758 0
19:48707665:G:A 19 48707665 0.753919 0.0379823 rs2015209 0
19:48707714:A:T 19 48707714 0.753919 0.0379776 rs2015211 0
19:48707959:T:C 19 48707959 0.321788 0.0286183 rs56249281 0.001
19:48708387:T:C 19 48708387 0.811532 0.764134 rs77729872 0.002
19:48709022:A:G 19 48709022 0.21426 0.138202 rs4802441 0
19:48709127:G:A 19 48709127 0.27015 0.0667189 rs4802442 0
19:48709187:C:T 19 48709187 0.985462 0.0227941 rs36069776 0.002
19:48709635:G:A 19 48709635 0.27015 0.0667189 rs8110489 0
19:48710180:C:T 19 48710180 0.985426 0.0227974 rs11669584 0.002
19:48710197:T:C 19 48710197 0.980571 0.0238249 rs11665831 0.002
19:48710379:C:G 19 48710379 0.933765 0.733522 rs111520081 0.003
19:48710436:G:A 19 48710436 0.287104 0.44161 rs28562473 0
19:48710519:A:G 19 48710519 0.340013 0.65131 rs11083923 0
19:48710590:T:C 19 48710590 0.985462 0.0228671 rs11083924 0.002
19:48710679:A:G 19 48710679 0.523433 0.437304 rs57584704 0.005
19:48710947:A:G 19 48710947 0.985462 0.0228671 rs7249075 0.002
19:48710977:A:G 19 48710977 0.984595 0.0231782 rs7249085 0.002
19:48710991:G:T 19 48710991 0.710999 0.306521 rs78262090 0.003
19:48711001:T:C 19 48711001 0.853154 0.234288 rs79583628 0.001
19:48711022:A:G 19 48711022 0.307134 0.0781092 rs56199103 0
19:48711168:A:T 19 48711168 0.609446 0.933184 rs7249345 0.003
19:48711245:G:A 19 48711245 0.941531 0.0229031 rs7249785 0.002
19:48711476:T:C 19 48711476 0.935665 0.0238187 rs1062808 0.002
19:48711517:G:A 19 48711517 0.0745855 0.350131 rs420633 0.001
19:48711789:T:G 19 48711789 0.427127 0.822653 rs1968441 0.002
19:48711894:G:T 19 48711894 0.955344 0.887154 rs111678444 0.002
19:48711902:A:G 19 48711902 0.36864 0.744525 rs1968440 0.001
19:48711906:T:A 19 48711906 0.940964 0.0228721 rs4597433 0.002
19:48711931:CATT:C 19 48711931 0.941052 0.0228275 rs71665156 0.002
19:48711960:C:T 19 48711960 0.936632 0.0215509 rs4347733 0.002
19:48711962:C:T 19 48711962 0.940163 0.0208679 rs4423519 0.002
19:48712031:A:G 19 48712031 0.371456 0.710474 rs4433919 0
19:48712082:TA:T 19 48712082 0.501834 0.630361 rs112680585 0.001
19:48712083:A:T 19 48712083 0.457194 0.159434 rs117320200 NA
19:48712084:A:T 19 48712084 0.23812 0.0926141 rs118114021 0.001
19:48712219:T:C 19 48712219 0.972443 0.0212812 rs71357807 0.003
19:48712436:C:T 19 48712436 0.939992 0.0228173 rs11665981 0.002
19:48712447:T:A 19 48712447 0.446374 0.658129 rs4802443 0.001
19:48712614:G:C 19 48712614 0.37504 0.710097 rs1971785 0
19:48712718:T:C 19 48712718 0.228465 0.114113 rs4802445 0
19:48712886:A:T 19 48712886 0.633091 0.964457 rs114446804 0
19:48712896:T:C 19 48712896 0.940017 0.0228173 rs1971784 0.002
19:48712958:A:G 19 48712958 0.940017 0.0228173 rs1971783 0.002
19:48713445:G:T 19 48713445 0.935654 0.0228173 rs1062806 0.002
19:48713615:G:A 19 48713615 0.260251 0.10875 rs8105324 0
19:48713950:A:C 19 48713950 0.095784 0.0457238 rs1347170 0.001
19:48715036:G:A 19 48715036 0.877064 0.87076 rs8112588 0
19:48715153:T:C 19 48715153 0.213625 0.10582 rs3745718 0
19:48715165:G:A 19 48715165 0.041909 0.443791 rs61755273 0
19:48715269:T:C 19 48715269 0.4559 0.52434 rs2008521 0
19:48715346:G:A 19 48715346 0.213288 0.10582 rs11669386 0
19:48715417:T:C 19 48715417 0.945555 0.0221967 rs2008527 0.002
19:48716187:T:C 19 48716187 0.327951 0.587682 rs3786738 0.003
19:48716406:G:C 19 48716406 0.936339 0.0221967 rs3786739 0.002
19:48716451:T:A 19 48716451 0.139868 0.692143 rs78199715 0.001
19:48716559:A:G 19 48716559 0.390294 0.798113 rs10406657 0
19:48716851:A:G 19 48716851 0.472395 0.655165 rs6509363 0
19:48717332:T:C 19 48717332 0.402735 0.809032 rs1966625 0
19:48717629:G:C 19 48717629 0.961598 0.0300553 rs12610708 0.003
19:48718027:T:C 19 48718027 0.154456 0.0555222 rs7508437 0
19:48718219:G:A 19 48718219 0.0422529 0.848787 rs113210620 0.006
19:48718507:G:A 19 48718507 0.923706 0.853374 rs112927753 0.002
19:48719129:T:G 19 48719129 0.467857 0.213539 rs3786740 0.003
19:48719166:A:G 19 48719166 0.511943 0.724806 rs3786741 0
19:48719199:C:A 19 48719199 0.136766 0.178427 rs3786742 0
19:48719414:T:C 19 48719414 0.480891 0.223129 rs2009373 0.003
19:48719688:C:A 19 48719688 0.517601 0.706624 rs2009530 0
19:48719952:AG:A 19 48719952 0.858635 0.110028 rs34393028 0.005
19:48719991:C:G 19 48719991 0.19497 0.12544 rs12052070 0
19:48720160:C:T 19 48720160 0.537861 0.678651 rs10409426 0
19:48720384:G:T 19 48720384 0.896123 0.117349 rs10410274 0.004
19:48720389:C:T 19 48720389 0.888996 0.11189 rs10409908 0.005
19:48720810:T:C 19 48720810 0.903643 0.130652 rs75964322 0
19:48720875:A:AATGTT 19 48720875 0.258086 0.845966 rs67898170 NA
19:48720926:G:A 19 48720926 0.251845 0.215193 rs17294094 0.001
19:48720946:G:A 19 48720946 0.19494 0.1252 rs3826822 0.001
19:48720983:T:G 19 48720983 0.19494 0.1252 rs3826823 0.001
19:48721113:T:C 19 48721113 0.0445005 0.856075 rs10418300 0.005
19:48721412:T:C 19 48721412 0.00307517 0.841757 rs75455127 NA
19:48721469:T:A 19 48721469 0.225133 0.100048 rs1064791 0.001
19:48721506:T:C 19 48721506 0.640539 0.472926 rs73572967 0.005
19:48721632:C:T 19 48721632 0.288383 0.697719 rs113649200 0.005
19:48721818:G:A 19 48721818 0.89168 0.021079 rs10410871 0.002
19:48721839:G:A 19 48721839 0.239954 0.111891 rs56012561 0.001
19:48722180:C:T 19 48722180 0.16434 0.26903 rs10500299 0
19:48722436:G:A 19 48722436 0.164165 0.26949 rs2304135 0
19:48722470:C:T 19 48722470 0.960297 0.872987 rs112127523 0.002
19:48722578:G:C 19 48722578 0.0623914 0.874095 rs10412481 0.006
19:48722589:G:A 19 48722589 0.0623914 0.874095 rs10412486 0.006
19:48722672:A:T 19 48722672 0.239073 0.437046 rs17360062 0
19:48722825:G:C 19 48722825 0.474079 0.502226 rs10418239 0
19:48722949:C:T 19 48722949 0.0597246 0.874095 rs7255291 0.006
19:48723003:G:A 19 48723003 0.241607 0.437038 rs73059198 0
19:48723014:G:C 19 48723014 0.309199 0.466633 rs115455330 0
19:48723074:A:G 19 48723074 0.24226 0.443032 rs11672321 0.001
19:48723181:T:C 19 48723181 0.409714 0.240656 rs12460602 0.003
19:48723833:C:G 19 48723833 0.802931 0.810486 rs76979756 0.009
19:48723835:T:G 19 48723835 0.911972 0.53196 rs73572973 0.002
19:48723963:G:A 19 48723963 0.801159 0.762134 rs28544113 0.01
19:48723998:G:A 19 48723998 0.954928 0.907973 rs112807474 0.001
19:48724454:T:A 19 48724454 0.977222 0.859192 rs113139408 0.001
19:48724551:A:T 19 48724551 0.787675 0.824092 rs112746316 0.001
19:48724828:C:T 19 48724828 0.826249 0.886064 rs73572976 0.001
19:48725248:C:T 19 48725248 0.826249 0.886064 rs13343747 0.001
19:48725423:T:C 19 48725423 0.691623 0.35302 rs16981829 0.002
19:48726175:A:G 19 48726175 0.0111656 0.341799 rs78213231 0.003
19:48726326:C:T 19 48726326 0.750127 0.227547 rs111404271 0.001
19:48726570:A:T 19 48726570 0.0869189 0.332849 rs58458893 0
19:48726574:G:T 19 48726574 0.0123058 0.344169 rs60285253 0.003
19:48726925:T:C 19 48726925 0.012778 0.315919 rs60167638 0.003
19:48727086:C:G 19 48727086 0.159933 0.294633 rs10421737 0.002
19:48727164:G:A 19 48727164 0.0131184 0.363133 rs115051221 0.003
19:48727209:C:A 19 48727209 0.0152295 0.306249 rs115223532 NA
19:48727469:G:A 19 48727469 0.765676 0.370513 rs35158413 0.001
19:48727548:C:G 19 48727548 0.963563 0.893313 rs112574508 0.002
19:48727630:A:T 19 48727630 0.963563 0.893313 rs76904686 0.002
19:48727904:T:C 19 48727904 0.0132079 0.363698 rs75912729 0.003
19:48728408:C:T 19 48728408 0.0150778 0.35582 rs115354338 0.003
19:48728600:T:G 19 48728600 0.0150778 0.35582 rs114440394 0.003
19:48728725:G:A 19 48728725 0.0150695 0.353881 rs116524901 0.003
19:48728867:T:C 19 48728867 0.0150778 0.35582 rs116271719 0.003
19:48729337:C:A 19 48729337 0.0119664 0.431312 rs115550613 0.002
19:48729661:T:C 19 48729661 0.780447 0.0400728 rs12609126 0.005
19:48729873:A:G 19 48729873 0.0857787 0.502899 rs115962463 0
19:48730634:C:T 19 48730634 0.0198848 0.310825 rs75607266 0.002
19:48730828:A:G 19 48730828 0.7278 0.242645 rs34508226 0.003
19:48730834:G:A 19 48730834 0.728251 0.242432 rs79198501 0.003
19:48731006:G:A 19 48731006 0.0455984 0.203561 rs113878290 0.003
19:48731038:T:C 19 48731038 0.0198848 0.315235 rs11880769 0.001
19:48731355:G:C 19 48731355 0.370579 0.534924 rs112750720 0
19:48731450:G:C 19 48731450 0.0198848 0.315235 rs55777242 0.001
19:48731451:A:C 19 48731451 0.884228 0.658175 rs35446263 0.001
19:48731657:T:C 19 48731657 0.0198848 0.315235 rs73572987 0.001
19:48731916:G:A 19 48731916 0.0198848 0.315235 rs73572989 0.001
19:48732344:C:T 19 48732344 0.629418 0.167187 rs11670750 0.007
19:48732368:T:C 19 48732368 0.732937 0.0456864 rs11666976 0.004
19:48732492:A:G 19 48732492 0.0198848 0.315235 rs12461734 0.001
19:48732515:T:TA 19 48732515 0.0232863 0.341252 rs72148966 NA
19:48732517:T:C 19 48732517 0.856526 0.194916 rs4802447 0.001
19:48732536:T:C 19 48732536 0.0198848 0.315235 rs12459734 0.001
19:48732646:G:A 19 48732646 0.976549 0.0621518 rs34077037 0
19:48732805:T:G 19 48732805 0.0181777 0.936426 rs78204641 0.006
19:48732817:A:C 19 48732817 0.724325 0.0456083 rs11083925 0.005
19:48732829:G:C 19 48732829 0.0199931 0.315235 rs73944109 0.001
19:48732837:T:C 19 48732837 0.0199931 0.315235 rs73944110 0.001
19:48733121:A:G 19 48733121 0.0199931 0.306978 rs112896719 0.001
19:48733170:A:G 19 48733170 0.0197594 0.306978 rs113366364 0.001
19:48733243:A:G 19 48733243 0.0197426 0.307459 rs112826791 0.001
19:48733262:C:T 19 48733262 0.597234 0.273549 rs274864 0
19:48733263:A:G 19 48733263 0.0197582 0.306409 rs111362560 0.001
19:48733305:T:G 19 48733305 0.0198371 0.306958 rs113133049 0.001
19:48733483:T:C 19 48733483 0.0164764 0.960829 rs75083323 0.006
19:48733756:G:C 19 48733756 0.0197594 0.306978 rs73573000 0.001
19:48733863:A:G 19 48733863 0.0197594 0.306978 rs59334088 0.001
19:48734007:C:G 19 48734007 0.0156389 0.722451 rs58650907 0.002
19:48734018:G:A 19 48734018 0.820486 0.0431833 rs2304134 0.004
19:48734195:T:G 19 48734195 0.0206768 0.253914 rs59878320 0.002
19:48734515:T:C 19 48734515 0.0195911 0.297106 rs12460987 0.001
19:48734942:T:C 19 48734942 0.0194519 0.312054 rs11881179 0.001
19:48735287:A:G 19 48735287 0.672879 0.567036 rs4802448 0
19:48735450:C:A 19 48735450 0.0550691 0.221758 rs16981832 0.003
19:48735461:G:T 19 48735461 0.122103 0.383607 rs78251315 0.003
19:48735992:A:G 19 48735992 0.056148 0.202317 rs10410473 0.004
19:48736223:G:C 19 48736223 0.974717 0.143612 rs17665482 0.001
19:48736533:T:C 19 48736533 0.0194883 0.297396 rs11882074 0.001
19:48736706:G:A 19 48736706 0.796986 0.49138 rs4802449 0.002
19:48736922:C:T 19 48736922 0.0570291 0.197338 rs7255191 0.004
19:48736995:T:C 19 48736995 0.936485 0.929076 rs111328743 0.002
19:48737028:C:T 19 48737028 0.69845 0.360566 rs10418189 0.004
19:48737449:G:C 19 48737449 0.747528 0.0405114 rs9304675 0.004
19:48737463:T:C 19 48737463 0.0195341 0.297354 rs73575110 0.001
19:48737551:T:C 19 48737551 0.816601 0.171141 rs2288877 0.001
19:48737556:C:T 19 48737556 0.0194522 0.295838 rs73944113 0.001
19:48737706:A:T 19 48737706 0.747624 0.0411539 rs2043211 0.004
19:48737750:T:G 19 48737750 0.102264 0.590107 rs114230554 0
19:48737764:A:G 19 48737764 0.816299 0.164718 rs2288876 0.001
19:48737812:C:G 19 48737812 0.0192079 0.298768 rs12461019 0.001
19:48738022:T:C 19 48738022 0.0568241 0.189693 rs16981845 0.004
19:48738053:G:A 19 48738053 0.933848 0.936528 rs80246904 0.002
19:48738203:G:A 19 48738203 0.0154387 0.422958 rs73575112 0.002
19:48738624:C:T 19 48738624 0.0269724 0.646416 rs116635308 0
19:48738699:C:G 19 48738699 0.74603 0.042094 rs8113696 0.004
19:48739140:G:A 19 48739140 0.0192079 0.298768 rs11881462 0.001
19:48739271:C:G 19 48739271 0.689345 0.220573 rs10407276 0.003
19:48739376:A:G 19 48739376 0.0166489 0.314494 rs11881455 0.001
19:48739627:AC:A 19 48739627 0.0130082 0.437133 rs34483801 0.002
19:48739781:T:A 19 48739781 0.0130082 0.437133 rs56321977 0.002
19:48739830:G:A 19 48739830 0.855567 0.253095 rs7252898 0.001
19:48740015:T:G 19 48740015 0.0166489 0.314494 rs73578851 0.001
19:48740119:C:T 19 48740119 0.0561292 0.208638 rs113849099 0.004
19:48740281:T:C 19 48740281 0.0166489 0.314494 rs111812052 0.001
19:48740358:A:G 19 48740358 0.0567548 0.209011 rs13346264 0.004
19:48740477:G:A 19 48740477 0.852281 0.253001 rs7253718 0.001
19:48740487:T:C 19 48740487 0.0166489 0.314494 rs61290678 0.001
19:48740852:G:C 19 48740852 0.0561292 0.208638 rs28893335 0.004
19:48741061:A:G 19 48741061 0.842457 0.147357 rs34943238 0
19:48741126:T:C 19 48741126 0.85963 0.25255 rs73061210 0.001
19:48741171:A:G 19 48741171 0.0166489 0.314494 rs11882887 0.001
19:48741313:G:A 19 48741313 0.486143 0.590351 rs7508477 0
19:48741444:A:G 19 48741444 0.0169261 0.316365 rs11882946 0.001
19:48741594:A:G 19 48741594 0.327147 0.196255 rs16981850 0
19:48741616:T:C 19 48741616 0.0166489 0.314494 rs12460967 0.001
19:48741734:A:G 19 48741734 0.0122268 0.533563 rs12463023 0.003
19:48742038:T:C 19 48742038 0.015563 0.323017 rs35679981 0.001
19:48742067:T:C 19 48742067 0.486769 0.244942 rs6509364 0.001
19:48742158:T:C 19 48742158 0.015563 0.323017 rs55943264 0.001
19:48742387:A:G 19 48742387 0.0540648 0.260792 rs10416565 0.004
19:48742467:G:A 19 48742467 0.015563 0.323017 rs60473627 0.001
19:48742729:CT:C 19 48742729 0.0902936 0.202588 rs36029407 0.002
19:48742772:G:A 19 48742772 0.667679 0.194804 rs71357810 0.007
19:48742944:A:G 19 48742944 0.0150901 0.323017 rs111648291 0.001
19:48743166:G:A 19 48743166 0.0547129 0.230934 rs1560689 0.004
19:48743299:C:T 19 48743299 0.0150901 0.323017 rs73578865 0.001
19:48743469:A:G 19 48743469 0.191103 0.363397 rs6509365 0.001
19:48743552:G:A 19 48743552 0.0539949 0.212104 rs7259262 0.004
19:48743577:G:A 19 48743577 0.77655 0.103706 rs6509366 0.005
19:48743705:A:G 19 48743705 0.0640773 0.497434 rs114049452 0.003
19:48744025:CA:C 19 48744025 0.470263 0.480476 rs34345721 0
19:48744164:C:T 19 48744164 0.886463 0.885486 rs11670259 0
19:48744345:T:C 19 48744345 0.893834 0.422015 rs16981853 0
19:48744386:T:C 19 48744386 0.0164164 0.50312 rs114228729 0.004
19:48744545:C:T 19 48744545 0.581724 0.664227 rs61187741 0
19:48744578:T:G 19 48744578 0.898375 0.631287 rs7249009 0.001
19:48745101:T:C 19 48745101 0.323264 0.514878 rs8106618 0
19:48745108:C:G 19 48745108 0.332895 0.513048 rs8105702 0
19:48745187:A:C 19 48745187 0.737674 0.746663 rs58783524 0.002
19:48745291:C:T 19 48745291 0.800267 0.132885 rs58249067 0.001
19:48745309:G:T 19 48745309 0.939551 0.901539 rs12984929 0
19:48745424:G:A 19 48745424 0.874099 0.577706 rs9807869 0
19:48745512:C:T 19 48745512 0.317254 0.193717 rs4003411 0
19:48745522:C:G 19 48745522 0.796276 0.470077 rs115517275 0
19:48745550:G:A 19 48745550 0.0711873 0.673652 rs8106561 0
19:48745631:G:A 19 48745631 0.146906 0.532736 rs62129798 0
19:48746221:G:C 19 48746221 0.104119 0.320502 rs10420204 0
19:48746472:G:A 19 48746472 0.147879 0.439411 rs62129800 0
19:48746608:T:C 19 48746608 0.342649 0.980287 rs77585144 0
19:48746632:C:A 19 48746632 0.75045 0.463827 rs34402430 0
19:48746681:C:T 19 48746681 0.994821 0.899843 rs11672725 0
19:48747065:G:A 19 48747065 0.196478 0.3317 rs34371147 0.001
19:48747562:C:T 19 48747562 0.305636 0.220691 rs67802142 0
19:48747647:A:G 19 48747647 0.81548 0.618887 rs73578883 0
19:48747758:C:T 19 48747758 0.81548 0.618887 rs112776449 0
19:48748002:A:G 19 48748002 0.819838 0.619053 rs77471797 0
19:48748133:TG:T 19 48748133 0.387651 0.155033 rs35023780 0
19:48748414:C:T 19 48748414 0.895809 0.652125 rs11878901 0
19:48748713:G:A 19 48748713 0.172485 0.0385795 rs8104547 0
19:48748835:G:A 19 48748835 0.895809 0.652125 rs11879548 0
19:48749162:G:A 19 48749162 0.893282 0.408215 rs6509367 0
19:48749228:A:G 19 48749228 0.500439 0.0368242 rs6509368 0
19:48749457:C:T 19 48749457 0.172485 0.0385795 rs112306697 0
19:48749584:A:G 19 48749584 0.41576 0.407725 rs7254278 0
19:48749625:G:A 19 48749625 0.894638 0.652125 rs58322704 0
19:48749756:T:C 19 48749756 0.391067 0.765782 rs113545522 0
19:48749762:G:A 19 48749762 0.888374 0.676339 rs73578895 0
19:48749864:A:G 19 48749864 0.893158 0.408144 rs1125297 0
19:48750284:C:T 19 48750284 0.850625 0.408215 rs1549141 0
19:48750410:G:T 19 48750410 0.775323 0.681903 rs112875637 0.001
19:48750786:C:G 19 48750786 0.188575 0.0653867 rs34912050 0
19:48750929:C:T 19 48750929 0.178772 0.49624 rs1972619 0
19:48750977:T:C 19 48750977 0.135851 0.0385795 rs12976236 0
19:48751036:C:T 19 48751036 0.822973 0.495376 rs28555114 0.003
19:48751346:T:C 19 48751346 0.843819 0.422085 rs3848539 0
19:48751808:C:T 19 48751808 0.17632 0.496901 rs10405717 0
19:48751896:G:C 19 48751896 0.170373 0.0518231 rs8112453 0
19:48752520:C:G 19 48752520 0.327915 0.404668 rs16981864 0.003
19:48752790:G:A 19 48752790 0.835673 0.620403 rs11883363 0.001
19:48753256:T:TTAA 19 48753256 0.207979 0.695577 rs67446725 NA
19:48753432:A:C 19 48753432 0.483884 0.590428 rs7248574 0
19:48754129:C:A 19 48754129 0.303427 0.661785 rs10413553 0
19:48754815:G:A 19 48754815 0.301997 0.661785 rs10420505 0
19:48755106:G:A 19 48755106 0.301997 0.661785 rs16981877 0
19:48755267:T:C 19 48755267 0.595386 0.267481 rs16981882 0
19:48756095:T:C 19 48756095 0.224809 0.567654 rs28625081 0
19:48756230:C:A 19 48756230 0.961317 0.610239 rs16981888 0
19:48756775:G:A 19 48756775 0.303268 0.661785 rs10403848 0
19:48757098:T:A 19 48757098 0.601784 0.27023 rs10410962 0
19:48757353:C:T 19 48757353 0.601622 0.270318 rs4544344 0
19:48757460:T:C 19 48757460 0.602945 0.271989 rs1421674 0
19:48757571:G:T 19 48757571 0.196799 0.0481108 rs16981905 0
19:48757601:C:T 19 48757601 0.34824 0.777012 rs113726925 0
19:48757608:T:C 19 48757608 0.310972 0.660792 rs1421673 0
19:48757767:T:C 19 48757767 0.284863 0.119035 rs12150983 0
19:48758095:A:G 19 48758095 0.601948 0.270516 rs7254361 0
19:48758391:A:G 19 48758391 0.187055 0.683732 rs2386515 0.002
19:48758531:G:A 19 48758531 0.983792 0.597028 rs2161100 0
19:48758614:T:A 19 48758614 0.0870619 0.50463 rs9676812 0
19:48758706:G:A 19 48758706 0.588544 0.26198 rs9676777 0
19:48758745:T:C 19 48758745 0.588544 0.26198 rs9676826 0
19:48758959:T:C 19 48758959 0.588544 0.26198 rs12984288 0
19:48759000:A:T 19 48759000 0.202944 0.0399483 rs12982256 0
19:48759028:A:G 19 48759028 0.104979 0.804355 rs7258674 0.001
19:48759091:T:G 19 48759091 0.578516 0.267025 rs12984612 0
19:48759114:C:A 19 48759114 0.314408 0.598039 rs73061248 0
19:48759136:T:G 19 48759136 0.0876856 0.0431759 rs12984829 0
19:48759173:T:C 19 48759173 0.588577 0.262013 rs12984859 0
19:48759185:G:A 19 48759185 0.202944 0.0399483 rs12983409 0
19:48759188:C:T 19 48759188 0.314287 0.598658 rs62129827 0
19:48759201:G:A 19 48759201 0.287297 0.0940378 rs12983425 0.001
19:48759365:A:T 19 48759365 0.588544 0.262261 rs10424564 0
19:48759630:A:G 19 48759630 0.0227929 0.64812 rs73581160 0
19:48759677:C:T 19 48759677 0.11104 0.804392 rs7259589 0.001
19:48759727:T:C 19 48759727 0.111034 0.804392 rs10427120 0.001
19:48759731:T:C 19 48759731 0.111034 0.804392 rs7260636 0.001
19:48759978:C:G 19 48759978 0.115341 0.792728 rs12459322 0.001
19:48760005:G:C 19 48760005 0.108441 0.792679 rs12459359 0.001
19:48760022:A:G 19 48760022 0.111282 0.79096 rs12459323 0.001
19:48760229:G:A 19 48760229 0.119012 0.833092 rs7248320 0.001
19:48760342:C:A 19 48760342 0.11104 0.804392 rs7248246 0.001
19:48760416:A:G 19 48760416 0.11104 0.804392 rs6509369 0.001
19:48760558:A:G 19 48760558 0.110365 0.804223 rs6509370 0.001
19:48760676:A:T 19 48760676 0.13677 0.776384 rs7343088 0.001
19:48760744:C:T 19 48760744 0.123469 0.817281 rs7248752 0.001
19:48760771:C:T 19 48760771 0.123469 0.817281 rs7248766 0.001
19:48760890:A:G 19 48760890 0.123469 0.817281 rs10412163 0.001
19:48761065:A:G 19 48761065 0.111961 0.801036 rs10412609 0.001
19:48761424:C:T 19 48761424 0.0301865 0.553952 rs10853801 0.002
19:48761460:A:C 19 48761460 0.112624 0.801007 rs11083926 0.001
19:48761616:C:T 19 48761616 0.107064 0.790549 rs10414121 0.001
19:48761619:T:C 19 48761619 0.107064 0.790549 rs10415677 0.001
19:48761798:A:G 19 48761798 0.258827 0.664203 rs11083927 0.001
19:48761844:T:C 19 48761844 0.112676 0.800145 rs9304676 0.001
19:48761942:G:T 19 48761942 0.258836 0.663837 rs12978417 0.001
19:48762257:T:C 19 48762257 0.234826 0.150599 rs9676493 0
19:48762298:GAA:G 19 48762298 0.114634 0.952299 rs35985152 0.001
19:48762328:C:T 19 48762328 0.106782 0.782911 rs9676444 0.001
19:48762432:G:A 19 48762432 0.0252233 0.40936 rs11510310 0.001
19:48762572:T:G 19 48762572 0.276027 0.415571 rs10409934 0
19:48762583:T:A 19 48762583 0.0250448 0.414574 rs11510311 0.001
19:48762597:A:G 19 48762597 0.111613 0.797767 rs10408149 0.001
19:48762681:C:T 19 48762681 0.211829 0.800393 rs10408571 0.001
19:48762724:T:C 19 48762724 0.211666 0.800393 rs10410339 0.001
19:48762913:G:C 19 48762913 0.204068 0.790504 rs7253258 0.001
19:48762925:C:T 19 48762925 0.211781 0.635551 rs10414340 0.001
19:48762956:G:A 19 48762956 0.211781 0.635551 rs7253271 0.001
19:48763008:C:T 19 48763008 0.179998 0.0788398 rs10414394 0
19:48763222:T:G 19 48763222 0.179992 0.0788559 rs4003429 0
19:48763236:A:G 19 48763236 0.0424127 0.230974 rs11671815 0.001
19:48763240:C:T 19 48763240 0.0426548 0.233106 rs11671848 0.001
19:48763287:T:G 19 48763287 0.0163959 0.485676 rs74798764 0
19:48763556:G:A 19 48763556 0.00313063 0.273959 rs1819979 0.001
19:48763749:T:C 19 48763749 0.21633 0.593686 rs4802451 0.001
19:48763762:C:G 19 48763762 0.21633 0.593686 rs2386511 0.001
19:48763797:C:A 19 48763797 0.00617525 0.278196 rs4802452 0.001
19:48764141:C:T 19 48764141 0.0991464 0.656578 rs1833519 0.001
19:48764194:G:A 19 48764194 0.222561 0.682717 rs1421672 0.001
19:48764218:A:G 19 48764218 0.222561 0.682717 rs1833518 0.001
19:48764460:A:G 19 48764460 0.0401871 0.571631 rs7257947 0
19:48764528:C:G 19 48764528 0.0991458 0.649161 rs1421671 0.001
19:48764695:G:A 19 48764695 0.226678 0.666178 rs4801753 0.001
19:48764721:T:C 19 48764721 0.313746 0.85657 rs448784 0
19:48764801:A:T 19 48764801 0.11469 0.705134 rs4802453 0.001
19:48764857:G:A 19 48764857 0.302876 0.568946 rs4801754 0.001
19:48764881:G:T 19 48764881 0.29452 0.727548 rs4801755 0.001
19:48764985:G:A 19 48764985 0.349727 0.883703 rs73043319 0
19:48764987:C:G 19 48764987 0.124569 0.728199 rs7246548 0.001
19:48765117:G:A 19 48765117 0.292737 0.723533 rs35900274 0
19:48765151:T:A 19 48765151 0.122056 0.707597 rs7247685 0.001
19:48765242:C:T 19 48765242 0.130838 0.645111 rs111328326 0
19:48765263:C:T 19 48765263 0.346335 0.792913 rs10403589 0
19:48765294:C:G 19 48765294 0.348025 0.792592 rs10403614 0
19:48765303:A:G 19 48765303 0.149307 0.759552 rs10403411 0.001
19:48765357:C:T 19 48765357 0.148835 0.800691 rs10403823 0.001
19:48765398:C:T 19 48765398 0.0725009 0.63864 rs13382012 0
19:48765433:C:T 19 48765433 0.346791 0.792899 rs10404053 0
19:48765456:C:T 19 48765456 0.350049 0.936826 rs73043328 0
19:48765511:T:C 19 48765511 0.346335 0.792913 rs10405838 0
19:48765533:A:G 19 48765533 0.148859 0.798715 rs10404082 0.001
19:48765755:T:A 19 48765755 0.149069 0.744721 rs10406329 0.001
19:48765759:G:A 19 48765759 0.346536 0.720483 rs10405109 0.001
19:48765879:G:A 19 48765879 0.420064 0.0121597 rs73942211 0
19:48765883:C:G 19 48765883 0.342852 0.723287 rs10410212 0
19:48766024:G:C 19 48766024 0.312519 0.0390779 rs113400009 0.001
19:48766030:T:C 19 48766030 0.00207305 0.662351 rs111334365 0.001
19:48766032:G:A 19 48766032 0.701134 0.020558 rs73942212 0
19:48766035:T:C 19 48766035 0.891222 0.644521 rs12462078 0
19:48766038:A:T 19 48766038 0.00207305 0.662351 rs111352843 0.001
19:48766045:A:G 19 48766045 0.00209641 0.68431 rs113141235 0.001
19:48766119:C:A 19 48766119 0.53167 0.741173 rs4561582 0.001
19:48766302:C:T 19 48766302 0.171626 0.493517 rs73061558 0
19:48766303:G:A 19 48766303 0.514582 0.690054 rs35504921 0.001
19:48766329:T:G 19 48766329 0.134482 0.560273 rs12462140 0
19:48766505:A:C 19 48766505 0.873979 0.029815 rs113017849 0
19:48766570:C:T 19 48766570 0.0635919 0.621004 rs12459871 0.001
19:48766581:A:G 19 48766581 0.0633917 0.432624 rs12459857 0.001
19:48766806:C:T 19 48766806 0.135189 0.0423001 rs4802454 0
19:48766953:T:A 19 48766953 0.135172 0.439431 rs4802455 0
19:48767132:T:C 19 48767132 0.0252685 0.479722 rs35356089 0.001
19:48767193:G:A 19 48767193 0.543046 0.760356 rs7255569 0.003
19:48767297:G:A 19 48767297 0.0270732 0.603755 rs7508210 0.001
19:48767558:G:A 19 48767558 0.623672 0.104169 rs77746756 0
19:48767682:G:A 19 48767682 0.173437 0.0171604 rs77541631 0.001
19:48767828:C:T 19 48767828 0.623335 0.114923 rs78108715 0
19:48768014:G:C 19 48768014 0.979974 0.0525503 rs115882816 0
19:48768026:A:G 19 48768026 0.0273684 0.538844 rs7259415 0.002
19:48768093:T:C 19 48768093 0.16199 0.267585 rs7260495 0
19:48768167:C:G 19 48768167 0.979974 0.0525503 rs77296576 0
19:48768175:T:C 19 48768175 0.979974 0.0525503 rs114443495 0
19:48768214:G:A 19 48768214 0.0263489 0.0828403 rs28688059 0.002
19:48768261:A:G 19 48768261 0.157221 0.13044 rs113001693 0.001
19:48768516:A:G 19 48768516 0.181395 0.141042 rs4801756 0.001
19:48768620:G:A 19 48768620 0.308571 0.984089 rs11669615 0
19:48768755:G:A 19 48768755 0.314762 0.0188035 rs4802456 0.003
19:48769139:T:C 19 48769139 0.838223 0.0569665 rs10408430 0
19:48769412:C:A 19 48769412 0.814736 0.0572357 rs76156125 0
19:48769834:G:C 19 48769834 0.161297 0.134224 rs4801757 0.002
19:48770567:A:G 19 48770567 0.486093 0.751976 rs4802457 0.003
19:48770693:G:A 19 48770693 0.20386 0.606611 rs80127576 0
19:48770723:A:G 19 48770723 0.170107 0.14534 rs10415400 0.002
19:48770781:G:A 19 48770781 0.170107 0.14534 rs10416038 0.002
19:48770985:A:G 19 48770985 0.17128 0.15413 rs10420948 0.001
19:48771646:G:A 19 48771646 0.170229 0.154733 rs4802458 0.001
19:48771774:A:T 19 48771774 0.170329 0.154249 rs36064930 0.001
19:48771853:A:G 19 48771853 0.170329 0.154249 rs4802459 0.001
19:48771922:A:C 19 48771922 0.0915536 0.329909 rs75810588 0.004
19:48771925:A:C 19 48771925 0.181345 0.121521 rs115406034 0.001
19:48771927:A:C 19 48771927 0.181345 0.121521 rs114840500 0.001
19:48771929:A:C 19 48771929 0.181345 0.121521 rs116636705 NA
19:48772004:T:A 19 48772004 0.017855 0.650489 rs114327720 0.004
19:48772170:G:A 19 48772170 0.183305 0.14648 rs10416463 0.002
19:48772233:A:G 19 48772233 0.633838 0.0825356 rs10416115 0
19:48772799:G:A 19 48772799 0.821197 0.849574 rs28489914 0
19:48772962:CT:C 19 48772962 0.480754 0.135972 rs34074707 0
19:48773179:C:A 19 48773179 0.447303 0.0154938 rs10423410 0.002
19:48773208:T:G 19 48773208 0.112272 0.2078 rs57146478 0
19:48773264:A:G 19 48773264 0.34741 0.00580824 rs10423446 0.001
19:48773586:C:T 19 48773586 0.549841 0.794475 rs56039809 0.001
19:48773605:C:T 19 48773605 0.56105 0.606056 rs12982969 0.005
19:48773874:G:C 19 48773874 0.263055 0.020018 rs8101570 0.002
19:48774282:C:T 19 48774282 0.767395 0.677709 rs59575473 0.001
19:48774288:G:A 19 48774288 0.155546 0.602304 rs12461514 0
19:48774416:G:T 19 48774416 0.933597 0.0624138 rs78221305 0.002
19:48774422:G:C 19 48774422 0.0832062 0.0849466 rs57388607 0
19:48774683:G:A 19 48774683 0.764574 0.60954 rs55976836 0
19:48774834:T:C 19 48774834 0.623493 0.528867 rs11667463 0
19:48775233:G:A 19 48775233 0.0819662 0.381306 rs76655518 0
19:48775272:C:G 19 48775272 0.085844 0.320243 rs2161098 0
19:48775426:C:G 19 48775426 0.191321 0.212319 rs8106084 0
19:48775715:G:C 19 48775715 0.45396 0.961188 rs116842645 0
19:48776139:G:A 19 48776139 0.0147528 0.696446 rs60425059 0.002
19:48776207:C:T 19 48776207 0.811286 0.397244 rs8109697 0
19:48776795:A:G 19 48776795 0.552953 0.555399 rs11672699 0.001
19:48776847:T:C 19 48776847 0.166276 0.0196921 rs57024709 0
19:48777360:TAC:T 19 48777360 0.172338 0.0521473 rs35006676 0
19:48777824:T:C 19 48777824 0.941771 0.0442644 rs112586563 0.001
19:48778131:C:T 19 48778131 0.0175569 0.784731 rs116780578 0.001
19:48778198:G:A 19 48778198 0.266281 0.46573 rs6509371 0.003
19:48778203:C:T 19 48778203 0.917497 0.0646834 rs73045505 0.001
19:48778430:G:T 19 48778430 0.906127 0.067672 rs73045507 0.001
19:48778914:A:G 19 48778914 0.134458 0.0104363 rs117114076 0
19:48778923:G:A 19 48778923 0.385519 0.620647 rs66514352 0.002
19:48779075:T:C 19 48779075 0.385524 0.58409 rs12974275 0.002
19:48779171:A:G 19 48779171 0.586259 0.151692 rs10415342 0
19:48779214:G:A 19 48779214 0.859412 0.129864 rs10416107 0
19:48779448:T:C 19 48779448 0.933453 0.976737 rs10417697 0.003
19:48779618:A:G 19 48779618 0.542451 0.876945 rs28432325 0.001
19:48779621:C:T 19 48779621 0.452395 0.86652 rs8108219 0.001
19:48779676:G:T 19 48779676 0.527726 0.260944 rs10416999 0.002
19:48779693:C:T 19 48779693 0.23863 0.617997 rs116155994 0
19:48779736:G:A 19 48779736 0.456774 0.86652 rs8108549 0.001
19:48779771:T:C 19 48779771 0.823212 0.134608 rs28521563 0
19:48779925:C:T 19 48779925 0.187309 0.473868 rs113245531 0.004
19:48780431:T:G 19 48780431 0.895763 0.292786 rs34038076 0.001
19:48780466:G:A 19 48780466 0.895763 0.292786 rs34290123 0.001
19:48780656:G:T 19 48780656 0.942497 0.466088 rs75538939 0.001
19:48780693:A:C 19 48780693 0.903213 0.0528974 rs11880433 0
19:48780901:T:G 19 48780901 0.916905 0.925601 rs34994692 0.003
19:48780951:T:C 19 48780951 0.421246 0.367847 rs6509372 0
19:48780992:C:T 19 48780992 0.901624 0.283746 rs12974191 0.001
19:48781001:C:G 19 48781001 0.904319 0.284926 rs12974195 0.001
19:48781053:T:G 19 48781053 0.939079 0.677422 rs73942217 0
19:48781354:G:A 19 48781354 0.903452 0.285829 rs112924788 0.001
19:48781433:T:C 19 48781433 0.90304 0.284926 rs111595968 0.001
19:48781473:T:C 19 48781473 0.886399 0.284926 rs113582652 0.001
19:48781487:C:T 19 48781487 0.886399 0.284926 rs112752618 0.001
19:48781679:C:T 19 48781679 0.297998 0.758254 rs113458755 0.001
19:48781738:C:A 19 48781738 0.886399 0.284926 rs34645619 0.001
19:48781750:A:G 19 48781750 0.885572 0.284926 rs35932107 0.001
19:48781786:G:A 19 48781786 0.576928 0.654242 rs35422739 0.002
19:48781874:G:A 19 48781874 0.145925 0.656039 rs11673278 0.001
19:48781919:GC:G 19 48781919 0.886399 0.28495 rs112312379 0.001
19:48781921:C:T 19 48781921 0.886399 0.28495 rs114168279 NA
19:48781923:G:T 19 48781923 0.886399 0.284926 rs114751864 NA
19:48781924:G:T 19 48781924 0.886399 0.284926 rs115783429 NA
19:48781925:T:A 19 48781925 0.886399 0.284926 rs116241282 NA
19:48782010:C:A 19 48782010 0.497517 0.272185 rs12983046 0.002
19:48782557:A:G 19 48782557 0.8524 0.762715 rs12984212 0.004
19:48782599:G:T 19 48782599 0.8524 0.691826 rs12984916 0.004
19:48782898:A:T 19 48782898 0.0232218 0.198369 rs75933021 0
19:48783243:C:T 19 48783243 0.151892 0.572802 rs1504520 0.002
19:48783302:A:C 19 48783302 0.138275 0.724319 rs1504519 0.001
19:48783470:G:A 19 48783470 0.467301 0.645008 rs73583337 0
19:48783531:C:T 19 48783531 0.8524 0.691769 rs79939665 0.004
19:48783532:T:G 19 48783532 0.8524 0.691769 rs76752040 0.004
19:48783831:C:T 19 48783831 0.8933 0.671752 rs34095786 0.004
19:48783992:T:G 19 48783992 0.291417 0.84079 rs8107075 0
19:48784141:A:C 19 48784141 0.746525 0.397802 rs7252339 0
19:48784217:G:T 19 48784217 0.952036 0.908902 rs7252746 0.003
19:48784260:G:C 19 48784260 0.139966 0.71746 rs7252774 0.001
19:48784335:A:G 19 48784335 0.945562 0.691769 rs74174249 0.004
19:48784497:A:G 19 48784497 0.978278 0.691769 rs35054213 0.004
19:48784562:G:A 19 48784562 0.978278 0.691769 rs34379530 0.004
19:48784605:A:G 19 48784605 0.0799669 0.534616 rs73045523 0
19:48784622:T:C 19 48784622 0.987195 0.691769 rs35822859 0.004
19:48784730:T:G 19 48784730 0.982999 0.691769 rs74174250 0.004
19:48784844:G:C 19 48784844 0.982999 0.691769 rs36080665 0.004
19:48784914:G:C 19 48784914 0.870758 0.693818 rs71357813 0.003
19:48784970:C:A 19 48784970 0.956559 0.0730753 rs34440835 0.004
19:48785104:C:T 19 48785104 0.978543 0.691769 rs34392562 0.004
19:48785244:C:T 19 48785244 0.0589094 0.51393 rs113003182 0.002
19:48785580:A:G 19 48785580 0.978543 0.691769 rs34532606 0.004
19:48786299:G:T 19 48786299 0.971742 0.863297 rs11083928 0.002
19:48786953:C:T 19 48786953 0.860608 0.693818 rs35546344 0.003
19:48787001:T:C 19 48787001 0.918594 0.427868 rs114422298 0
19:48787284:C:G 19 48787284 0.843452 0.0901043 rs111778341 0.002
19:48787673:AT:A 19 48787673 0.845096 0.693818 rs34430413 0.003
19:48787698:A:G 19 48787698 0.845096 0.693818 rs35792801 0.003
19:48787809:C:T 19 48787809 0.845096 0.693818 rs77986780 0.003
19:48788626:G:A 19 48788626 0.0762963 0.518977 rs113462889 0.001
19:48788853:A:G 19 48788853 0.605426 0.0819195 rs4802462 0.002
19:48789176:C:A 19 48789176 0.846788 0.364222 rs35802964 0
19:48789501:T:C 19 48789501 0.944253 0.472836 rs16981956 0
19:48789595:A:G 19 48789595 0.66544 0.0811304 rs16981958 0.001
19:48790393:G:A 19 48790393 0.255447 0.906551 rs74460769 0
19:48790478:C:T 19 48790478 0.0786566 0.554866 rs12459413 0.002
19:48790670:T:C 19 48790670 0.275391 0.572047 rs4802463 0.001
19:48790685:T:C 19 48790685 0.275249 0.574035 rs4802464 0.001
19:48790968:G:A 19 48790968 0.482526 0.969361 rs11879282 0
19:48790983:CA:C 19 48790983 0.0479968 0.389215 rs35020142 0.001
19:48791032:C:T 19 48791032 0.811074 0.135313 rs115954588 NA
19:48791534:G:A 19 48791534 0.746546 0.85655 rs61480324 0
19:48791697:G:A 19 48791697 0.0274644 0.904826 rs34311437 0.002
19:48792132:C:T 19 48792132 0.00460293 0.376044 rs34463546 0
19:48792295:A:G 19 48792295 0.648308 0.0873002 rs111247921 0
19:48792387:T:C 19 48792387 0.268582 0.844869 rs8104133 0.001
19:48792490:T:C 19 48792490 0.050737 0.0121008 rs11878951 0
19:48792518:A:G 19 48792518 0.0409912 0.0104219 rs8103388 0
19:48793266:C:T 19 48793266 0.0970517 0.569591 rs111486577 0.002
19:48793540:C:A 19 48793540 0.460021 0.669271 rs115202326 0.005
19:48793690:G:T 19 48793690 0.696516 0.988838 rs2380123 0.004
19:48793950:C:A 19 48793950 0.43337 0.934098 rs60056362 0.001
19:48794174:G:C 19 48794174 0.404023 0.926021 rs6509374 0.005
19:48794183:T:C 19 48794183 0.371133 0.0983317 rs79706172 0
19:48794202:C:T 19 48794202 0.754584 0.0762708 rs12462913 0
19:48794246:A:T 19 48794246 0.620119 0.630773 rs11672883 0
19:48794277:G:A 19 48794277 0.10438 0.57575 rs112798860 0.002
19:48794288:G:C 19 48794288 0.846926 0.0159557 rs7257886 0
19:48794355:G:A 19 48794355 0.459598 0.297435 rs73583355 0.001
19:48794374:G:A 19 48794374 0.61163 0.630773 rs11673016 0
19:48794778:G:A 19 48794778 0.394207 0.151166 rs115993708 0
19:48794987:C:G 19 48794987 0.116148 0.5857 rs111515244 0
19:48795541:A:G 19 48795541 0.152623 0.655792 rs10403865 0.004
19:48795634:G:A 19 48795634 0.116312 0.575215 rs112928483 0
19:48795635:C:T 19 48795635 0.259814 0.678421 rs10404269 0
19:48795665:C:T 19 48795665 0.446558 0.581079 rs112312192 0.002
19:48796351:C:G 19 48796351 0.183933 0.708246 rs76653534 0
19:48796536:C:T 19 48796536 0.0922765 0.742709 rs111434506 0.002
19:48796623:C:T 19 48796623 0.145718 0.115836 rs1963835 0.001
19:48796628:G:A 19 48796628 0.379122 0.5802 rs8105697 0
19:48796641:T:C 19 48796641 0.188674 0.117214 rs1963834 0.001
19:48796748:C:A 19 48796748 0.379017 0.578978 rs1017196 0
19:48796775:A:G 19 48796775 0.218813 0.210896 rs8105548 0
19:48796872:C:T 19 48796872 0.206936 0.185917 rs8108627 0
19:48797007:G:A 19 48797007 0.184605 0.704123 rs74874257 0
19:48797108:C:T 19 48797108 0.0922765 0.742709 rs73583363 0.002
19:48797184:C:A 19 48797184 0.129361 0.4498 rs59531033 0.002
19:48797359:G:T 19 48797359 0.908851 0.495746 rs114732759 0.001
19:48797582:AC:A 19 48797582 0.0654152 0.187532 rs35954465 0.001
19:48798174:T:C 19 48798174 0.0631331 0.196774 rs9677033 0.001
19:48798455:T:A 19 48798455 0.05508 0.206079 rs8100022 0.001
19:48799020:A:G 19 48799020 0.483499 0.503223 rs76785094 0.002
19:48799027:A:C 19 48799027 0.217651 0.113995 rs10406217 0.001
19:48799083:A:C 19 48799083 0.180388 0.470344 rs73585328 0.002
19:48799605:C:T 19 48799605 0.217651 0.114062 rs4572515 0.001
19:48799640:T:C 19 48799640 0.00341636 0.517384 rs115478159 0.008
19:48799716:A:G 19 48799716 0.549715 0.898399 rs2292112 0
19:48799891:G:C 19 48799891 0.170834 0.45679 rs10413771 0.004
19:48799991:C:T 19 48799991 0.171283 0.328038 rs10413640 0.003
19:48800218:T:C 19 48800218 0.00152503 0.496156 rs10415825 0.008
19:48800333:G:A 19 48800333 0.102079 0.532764 rs74925056 0
19:48800338:A:G 19 48800338 0.0302409 0.364128 rs7252988 0.001
19:48800620:G:A 19 48800620 0.000842099 0.955223 rs13346323 0.018
19:48800685:C:T 19 48800685 0.786374 0.821129 rs115124604 0.001
19:48800721:C:T 19 48800721 0.00342549 0.512344 rs114111020 0.008
19:48800725:G:A 19 48800725 0.180388 0.470344 rs73585332 0.002
19:48800751:C:A 19 48800751 0.164709 0.126975 rs61747754 0
19:48800791:A:G 19 48800791 0.257303 0.1118 rs2292113 0.001
19:48800914:G:A 19 48800914 0.13552 0.449127 rs35461177 0.004
19:48801032:C:T 19 48801032 0.0765504 0.75711 rs113980572 0.002
19:48801047:T:C 19 48801047 0.0611464 0.3006 rs73047511 0
19:48801053:G:A 19 48801053 0.281812 0.976872 rs115942135 0.001
19:48801218:G:A 19 48801218 0.330184 0.515223 rs12104393 0
19:48801222:C:T 19 48801222 0.000371536 0.314242 rs74819209 0.018
19:48801414:G:T 19 48801414 0.309303 0.60707 rs8111297 0
19:48801426:T:C 19 48801426 0.09446 0.1951 rs8111947 0.001
19:48801563:G:A 19 48801563 0.160902 0.839072 rs35930441 0.002
19:48802144:G:A 19 48802144 0.0697607 0.303782 rs73585339 0.002
19:48802198:G:A 19 48802198 0.226745 0.367055 rs80186570 0
19:48802294:G:T 19 48802294 0.752727 0.818141 rs60582708 0
19:48802905:C:A 19 48802905 0.000474655 0.83609 rs10422525 0.017
19:48803005:C:T 19 48803005 0.181585 0.47143 rs112036931 0.002
19:48803062:T:A 19 48803062 0.304724 0.431273 rs10424516 0
19:48803124:G:A 19 48803124 0.0497481 0.208864 rs10423534 0.001
19:48803130:A:G 19 48803130 0.292543 0.430192 rs34544030 0
19:48803313:C:T 19 48803313 0.005741 0.508615 rs114494384 0.007
19:48803431:C:T 19 48803431 0.213247 0.242994 rs56329460 0
19:48803482:C:A 19 48803482 0.203319 0.127907 rs7258665 0.001
19:48803527:T:A 19 48803527 0.00553981 0.610294 rs28860013 0.012
19:48803532:C:G 19 48803532 0.267254 0.470916 rs10424069 NA
19:48803734:G:C 19 48803734 0.0768151 0.77485 rs73585348 0.002
19:48804088:T:C 19 48804088 0.235483 0.261984 rs8102288 0
19:48804251:G:A 19 48804251 0.0559709 0.208864 rs10405011 0.001
19:48804442:C:T 19 48804442 0.183484 0.470347 rs73585355 0.002
19:48804507:C:T 19 48804507 0.0598399 0.0895228 rs10405137 0.001
19:48804619:G:A 19 48804619 0.232928 0.367055 rs77393922 0
19:48804640:T:C 19 48804640 0.971787 0.249911 rs78383070 0
19:48804712:T:A 19 48804712 0.232928 0.367055 rs77913164 0
19:48804790:T:A 19 48804790 0.00044942 0.83609 rs80252053 0.017
19:48805150:A:G 19 48805150 0.061664 0.208864 rs11671263 0.001
19:48805345:G:A 19 48805345 0.0616494 0.208363 rs11671444 0.001
19:48805977:C:T 19 48805977 0.0767493 0.77485 rs73585360 0.002
19:48806270:C:T 19 48806270 0.000390995 0.784198 rs79967289 0.017
19:48806620:C:T 19 48806620 0.00238516 0.809435 rs77494976 0.016
19:48806866:G:A 19 48806866 0.00071618 0.843015 rs80151155 0.016
19:48806896:G:T 19 48806896 0.240578 0.329565 rs112569880 0
19:48806977:G:A 19 48806977 0.429631 0.527674 rs2242463 0
19:48807092:G:A 19 48807092 0.842341 0.366771 rs76727733 0.002
19:48807367:C:A 19 48807367 0.302222 0.516289 rs28582401 0
19:48807401:C:T 19 48807401 0.139729 0.495981 rs56177753 0.004
19:48807611:G:A 19 48807611 0.000433573 0.784198 rs10401859 0.017
19:48807917:G:A 19 48807917 0.676466 0.391809 rs115112635 0
19:48808021:G:T 19 48808021 0.0640723 0.251053 rs7249375 0.001
19:48808130:T:C 19 48808130 0.0640818 0.251053 rs10409472 0.001
19:48808149:GT:G 19 48808149 0.0637816 0.24126 rs34184893 0.001
19:48808244:G:A 19 48808244 0.00428924 0.537837 rs79833004 0.008
19:48808545:C:T 19 48808545 0.27868 0.937524 rs918371 0.001
19:48808747:C:T 19 48808747 9.10309e-05 0.927077 rs10409260 0.02
19:48808851:T:C 19 48808851 0.216469 0.152026 rs10416232 0.001
19:48808929:T:C 19 48808929 0.0692985 0.238596 rs12973703 0.001
19:48809182:G:A 19 48809182 0.0767493 0.771341 rs111461350 0.002
19:48809294:C:T 19 48809294 0.0692985 0.238596 rs11667862 0.001
19:48809585:G:T 19 48809585 4.64557e-05 0.709052 rs10416590 0.019
19:48809905:A:G 19 48809905 0.250786 0.316976 rs79741332 0
19:48809931:C:T 19 48809931 0.0560617 0.0545062 rs73585376 0
19:48810025:C:T 19 48810025 0.250786 0.316976 rs115337988 0
19:48810102:G:C 19 48810102 9.07478e-05 0.927614 rs28562218 0.02
19:48810366:G:A 19 48810366 0.000460659 0.424953 rs7258425 0.008
19:48810742:G:A 19 48810742 5.27006e-05 0.699105 rs10424338 0.019
19:48810847:C:T 19 48810847 0.0767493 0.771341 rs112710120 0.002
19:48810928:C:T 19 48810928 0.166589 0.217994 rs8101044 0
19:48810943:G:T 19 48810943 0.750271 0.384765 rs8101250 0.002
19:48810944:T:C 19 48810944 0.225321 0.15153 rs6509375 0.001
19:48811144:C:G 19 48811144 5.27006e-05 0.699105 rs10403863 0.019
19:48811599:T:C 19 48811599 0.0359226 0.292883 rs10406404 0.001
19:48811733:G:A 19 48811733 0.00435458 0.545405 rs115987003 0.007
19:48811766:TAA:T 19 48811766 0.0693095 0.238595 rs35411519 0.001
19:48811973:A:G 19 48811973 0.0309 0.796164 rs10423820 0.002
19:48812500:G:A 19 48812500 0.943644 0.144983 rs78666932 0
19:48813210:G:A 19 48813210 0.0536822 0.307684 rs10406280 0.001
19:48813270:A:T 19 48813270 0.0977008 0.239888 rs10405747 0.001
19:48813655:C:T 19 48813655 0.432514 0.392315 rs115218450 0
19:48813675:T:C 19 48813675 0.638082 0.353229 rs12979693 0.002
19:48814447:C:T 19 48814447 0.292808 0.317513 rs114224830 0
19:48814472:C:A 19 48814472 0.0997516 0.245486 rs34516095 0.001
19:48814737:G:A 19 48814737 0.840782 0.235324 rs76390522 0
19:48816069:T:C 19 48816069 0.293058 0.295465 rs116556391 0
19:48816082:C:T 19 48816082 0.341618 0.469551 rs12151135 0
19:48816309:C:T 19 48816309 0.810998 0.764466 rs76723010 0
19:48816661:G:T 19 48816661 3.45857e-05 0.653387 rs113930668 0.019
19:48816704:C:A 19 48816704 0.377953 0.152692 rs113193629 0.001
19:48816776:T:G 19 48816776 0.477284 0.53956 rs10404630 0
19:48816832:G:A 19 48816832 0.344235 0.469673 rs12980180 0
19:48816924:G:A 19 48816924 0.00430865 0.677778 rs56693015 0.008
19:48817186:C:T 19 48817186 3.45857e-05 0.653387 rs56775160 0.019
19:48817195:T:C 19 48817195 0.328546 0.119935 rs249368 0.001
19:48817238:G:A 19 48817238 3.45857e-05 0.653387 rs61439211 0.019
19:48817407:G:A 19 48817407 0.344235 0.469673 rs249369 0
19:48817461:G:A 19 48817461 0.00430865 0.676002 rs60218099 0.008
19:48817705:C:T 19 48817705 0.489498 0.00585075 rs75479282 0.003
19:48817893:A:G 19 48817893 0.344261 0.469581 rs249370 0
19:48817992:G:A 19 48817992 0.344235 0.469673 rs249371 0
19:48818072:A:C 19 48818072 0.313359 0.124152 rs249372 0.001
19:48818132:G:C 19 48818132 0.00430865 0.676002 rs115127062 0.008
19:48818487:C:T 19 48818487 0.00430865 0.676002 rs114112178 0.008
19:48818599:C:T 19 48818599 0.0441843 0.758088 rs113702431 0.002
19:48819102:C:T 19 48819102 0.00570754 0.852932 rs75495958 0.007
19:48819285:C:T 19 48819285 0.0901599 0.167417 rs55811213 0
19:48819577:C:T 19 48819577 0.324288 0.527017 rs62129856 0
19:48819614:G:A 19 48819614 0.136351 0.192531 rs62129857 0
19:48819645:A:C 19 48819645 2.51377e-05 0.653387 rs116743539 NA
19:48819648:C:A 19 48819648 0.427531 0.139039 rs249373 0.001
19:48819659:A:G 19 48819659 0.375961 0.120533 rs249374 0.001
19:48819696:C:T 19 48819696 0.000516869 0.99672 rs78053243 0.018
19:48819934:T:C 19 48819934 0.374215 0.469673 rs249375 0
19:48820018:G:A 19 48820018 0.370101 0.491608 rs115489398 0.002
19:48820447:T:C 19 48820447 0.375961 0.120603 rs249376 0.001
19:48820817:G:A 19 48820817 0.458242 0.017028 rs78761940 0
19:48820861:G:A 19 48820861 0.0901599 0.167417 rs62131978 0
19:48820934:C:A 19 48820934 0.258633 0.180348 rs249377 0.001
19:48821345:G:A 19 48821345 0.374267 0.125689 rs249378 0.001
19:48821757:G:A 19 48821757 0.464357 0.0169136 rs16981988 0
19:48821819:C:T 19 48821819 0.000502205 0.991358 rs7248372 0.018
19:48821896:C:A 19 48821896 0.137094 0.189995 rs73047547 0
19:48822081:G:A 19 48822081 0.000432645 0.610767 rs7248865 0.016
19:48822505:C:A 19 48822505 0.39146 0.470405 rs156673 0
19:48822529:T:C 19 48822529 0.549873 0.175473 rs156674 0.001
19:48822952:T:C 19 48822952 0.495269 0.673223 rs115773393 0
19:48823545:G:A 19 48823545 0.820776 0.230344 rs8107712 0.001
19:48824152:C:A 19 48824152 0.779834 0.118378 rs77833948 NA
19:48824553:A:G 19 48824553 0.000192564 0.234176 rs116744839 0.019
19:48824628:G:A 19 48824628 0.406415 0.29091 rs114414773 0.003
19:48825102:G:A 19 48825102 0.279378 0.0298041 rs116494151 0
19:48825103:G:C 19 48825103 0.610202 0.430721 rs10403090 0.002
19:48825135:C:T 19 48825135 0.0348747 0.745772 rs73585402 0.002
19:48825287:T:C 19 48825287 0.187223 0.665224 rs10404763 0.007
19:48825298:A:C 19 48825298 0.156821 0.591612 rs79963079 0
19:48826252:G:A 19 48826252 0.000299183 0.314403 rs115710694 0.022
19:48826490:C:T 19 48826490 0.515997 0.429164 rs8105159 0.002
19:48826586:ACTAAAAATACAAAAATTGG:A 19 48826586 0.295313 0.060347 rs35913110 0.001
19:48827110:T:C 19 48827110 0.0500104 0.29631 rs7255994 0.001
19:48827166:A:T 19 48827166 0.210451 0.650293 rs56158327 0.002
19:48827225:G:A 19 48827225 0.0685965 0.965588 rs115152287 0.003
19:48827288:T:C 19 48827288 0.514369 0.428571 rs35165995 0.002
19:48827882:T:G 19 48827882 0.0094414 0.65137 rs73587205 0
19:48828074:T:C 19 48828074 0.262276 0.0588069 rs3786751 0.001
19:48828095:G:T 19 48828095 0.0281678 0.352593 rs113793508 0.003
19:48828241:C:G 19 48828241 0.148381 0.696383 rs10425291 0.007
19:48828315:A:G 19 48828315 0.000309849 0.317993 rs78221813 0.022
19:48828825:G:A 19 48828825 0.978492 0.124434 rs80096621 0
19:48829131:T:C 19 48829131 0.0294871 0.12508 rs62131980 0
19:48829228:T:C 19 48829228 0.452949 0.394678 rs8182501 0.002
19:48829367:G:A 19 48829367 0.255106 0.0574799 rs75294017 0.001
19:48829630:C:T 19 48829630 0.290507 0.0751425 rs8182495 0.001
19:48829841:G:A 19 48829841 0.146088 0.609527 rs28707290 0.007
19:48830286:T:A 19 48830286 0.443404 0.412528 rs10415654 0.002
19:48830314:G:A 19 48830314 0.027113 0.349545 rs78616544 0.003
19:48830446:A:C 19 48830446 0.443404 0.412528 rs10414314 0.002
19:48830497:C:G 19 48830497 0.0356198 0.73873 rs112657558 0.002
19:48830749:C:T 19 48830749 0.229503 0.591444 rs75558953 0.004
19:48831264:T:C 19 48831264 0.0294871 0.12508 rs45570234 0
19:48831426:G:C 19 48831426 0.520543 0.13285 rs73047555 0.004
19:48831777:G:A 19 48831777 0.365596 0.513166 rs12463018 0
19:48831792:A:T 19 48831792 0.251938 0.399759 rs55876324 0.005
19:48831963:C:T 19 48831963 0.0386443 0.617345 rs57143359 0.005
19:48832554:A:G 19 48832554 0.443404 0.413028 rs8102349 0.002
19:48832826:G:A 19 48832826 0.0062412 0.34788 rs10412343 0.007
19:48832846:G:A 19 48832846 0.0174739 0.350005 rs71357818 0.003
19:48832970:G:A 19 48832970 0.0415883 0.817722 rs73587220 0.003
19:48833800:C:T 19 48833800 0.479463 0.421857 rs8355 0.002
19:48833806:C:G 19 48833806 0.852156 0.422049 rs11665 0
19:48833860:A:C 19 48833860 0.0411561 0.722326 rs73587225 0.002
19:48833934:C:G 19 48833934 0.518159 0.131362 rs2279851 0.004
19:48834142:C:T 19 48834142 0.852156 0.422049 rs73047562 0
19:48834428:C:T 19 48834428 0.014787 0.160879 rs114106890 0
19:48834457:T:C 19 48834457 0.848727 0.770939 rs113968628 0
19:48834996:C:T 19 48834996 0.390342 0.526714 rs73047565 0
19:48835668:G:C 19 48835668 0.518171 0.131607 rs73047568 0.004
19:48835953:C:G 19 48835953 0.0062412 0.34788 rs8103581 0.007
19:48836082:A:C 19 48836082 0.865438 0.422049 rs3745720 0
19:48836208:G:A 19 48836208 0.872372 0.449495 rs1062919 0
19:48836231:G:T 19 48836231 0.0961672 0.0514204 rs45448100 0
19:48836236:G:A 19 48836236 0.695614 0.449383 rs1062918 0
19:48836342:G:A 19 48836342 0.441903 0.0259155 rs78164713 0
19:48836673:G:T 19 48836673 0.684113 0.374639 rs3826828 0
19:48836932:G:A 19 48836932 0.000349302 0.289569 rs116543504 0.022
19:48837736:T:C 19 48837736 0.897656 0.079934 rs61227592 0
19:48837857:T:C 19 48837857 0.761218 0.710785 rs11883142 0
19:48837872:C:T 19 48837872 0.491003 0.42324 rs11880317 0.001
19:48837948:C:G 19 48837948 0.0450272 0.560902 rs12104251 0.004
19:48838758:A:G 19 48838758 0.519629 0.42149 rs7259095 0.001
19:48839687:C:T 19 48839687 0.0404544 0.00531545 rs62131984 0.001
19:48839884:G:A 19 48839884 0.0404544 0.00531108 rs62131985 0.001
19:48840049:A:G 19 48840049 0.519645 0.421624 rs35408498 0.001
19:48840327:C:T 19 48840327 0.936207 0.112175 rs116352913 0
19:48840447:T:G 19 48840447 0.519645 0.421624 rs6509377 0.001
19:48840576:C:T 19 48840576 0.826455 0.27427 rs6509378 0
19:48840628:A:G 19 48840628 0.0407072 0.00532214 rs62131987 0.001
19:48840797:C:T 19 48840797 0.260652 0.0573813 rs7252529 0.001
19:48841185:G:A 19 48841185 0.826455 0.273511 rs17295412 0
19:48841576:T:C 19 48841576 0.985186 0.569935 rs10421914 0.001
19:48841865:A:T 19 48841865 0.183423 0.739485 rs78786186 0.007
19:48841915:C:T 19 48841915 0.178134 0.491145 rs77413580 0.007
19:48842230:C:T 19 48842230 0.013891 0.0366208 rs62131989 0.001
19:48842343:G:C 19 48842343 0.125882 0.0931885 rs62131990 0.002
19:48842402:A:G 19 48842402 0.981419 0.561969 rs7252933 0.001
19:48842826:G:A 19 48842826 0.48318 0.0806058 rs73047581 0.003
19:48843266:A:G 19 48843266 0.856993 0.381376 rs1811527 0
19:48843753:C:T 19 48843753 0.0140815 0.339445 rs112572414 0.003
19:48843803:T:G 19 48843803 0.00298293 0.183817 rs116229383 0.018
19:48843944:C:T 19 48843944 0.478652 0.27835 rs73047586 0.002
19:48844029:G:A 19 48844029 0.211365 0.467184 rs115830766 0.002
19:48844261:T:C 19 48844261 0.262577 0.0281262 rs76193859 0
19:48844390:G:A 19 48844390 0.203926 0.52156 rs115490373 0.005
19:48845667:G:A 19 48845667 0.265886 0.470831 rs115993112 0.005
19:48846455:C:T 19 48846455 0.0280627 0.230965 rs114833886 0
19:48846476:G:A 19 48846476 0.31191 0.215942 rs3760790 0.002
19:48846646:C:T 19 48846646 0.0151752 0.510452 rs11672365 0.002
19:48846824:C:T 19 48846824 0.343007 0.577345 rs73942242 0
19:48847114:G:A 19 48847114 0.000474701 0.14271 rs76984961 0.021
19:48847190:C:T 19 48847190 0.226105 0.0601467 rs112525337 0
19:48847497:G:C 19 48847497 0.0203878 0.664408 rs34696388 0.003
19:48847519:G:T 19 48847519 0.592217 0.580553 rs275578 0
19:48847527:C:G 19 48847527 0.0461518 0.145212 rs114533532 0.019
19:48847750:C:T 19 48847750 0.263373 0.533871 rs115188822 0.006
19:48847798:G:A 19 48847798 0.590725 0.579758 rs275579 0.001
19:48847840:C:T 19 48847840 0.140781 0.691095 rs275580 0.001
19:48848274:C:A 19 48848274 0.150246 0.963932 rs275581 0.006
19:48848297:C:T 19 48848297 0.363941 0.0480166 rs16982010 0.001
19:48848708:T:C 19 48848708 0.706555 0.522152 rs111791335 0
19:48849017:C:G 19 48849017 0.250944 0.751688 rs8106307 0
19:48849145:G:A 19 48849145 0.363941 0.0480362 rs8106646 0.001
19:48849633:A:C 19 48849633 0.196781 0.447585 rs11879424 0.002
19:48850172:T:C 19 48850172 0.0349671 0.145162 rs16982014 0.02
19:48850185:A:G 19 48850185 0.52963 0.856841 rs73587254 0.001
19:48850295:T:C 19 48850295 0.0181484 0.540555 rs12980877 0.001
19:48850344:C:G 19 48850344 0.0788897 0.15816 rs275582 0.006
19:48850678:A:G 19 48850678 0.874827 0.997012 rs275583 0.003
19:48850684:T:C 19 48850684 0.712817 0.486913 rs111645139 0
19:48850708:G:A 19 48850708 0.50448 0.327837 rs10422225 0
19:48850913:A:G 19 48850913 0.373824 0.497714 rs275584 0.004
19:48851567:T:C 19 48851567 0.936558 0.898586 rs497775 0.004
19:48851962:G:A 19 48851962 0.990387 0.539165 rs556581 0.006
19:48852193:G:T 19 48852193 0.473987 0.53248 rs579466 0.003
19:48852440:C:T 19 48852440 0.850869 0.283557 rs471736 0.003
19:48852716:C:T 19 48852716 0.000602699 0.144303 rs115125754 0.021
19:48853025:T:C 19 48853025 0.235462 0.557423 rs28380031 0.006
19:48853399:A:G 19 48853399 0.0745641 0.376319 rs73049205 0
19:48853653:G:A 19 48853653 0.0632435 0.942174 rs504103 0
19:48853950:A:G 19 48853950 0.136228 0.592061 rs506867 0
19:48854172:A:G 19 48854172 0.139743 0.153934 rs1673152 0.002
19:48854378:A:G 19 48854378 0.710293 0.0111489 rs77028171 0.002
19:48854439:C:A 19 48854439 0.106567 0.588588 rs34603534 0.001
19:48854527:T:C 19 48854527 0.479305 0.0856173 rs80354418 0.001
19:48854541:C:T 19 48854541 0.0890679 0.0881667 rs78908500 0.016
19:48854804:C:T 19 48854804 0.153224 0.121813 rs76122265 0.002
19:48854846:C:A 19 48854846 0.106567 0.588588 rs34272609 0.001
19:48854956:G:A 19 48854956 0.899299 0.486109 rs113389532 0
19:48854960:A:G 19 48854960 0.139743 0.153934 rs537077 0.002
19:48855082:T:A 19 48855082 0.719998 0.632646 rs2690847 0.008
19:48855224:G:T 19 48855224 0.000665362 0.144303 rs116462267 0.021
19:48855225:C:T 19 48855225 0.000665362 0.144303 rs115812730 0.021
19:48855519:A:C 19 48855519 0.106567 0.588588 rs113033828 0.001
19:48855729:TA:T 19 48855729 0.691104 0.784699 rs34043899 0.003
19:48855798:G:A 19 48855798 0.0982623 0.62581 rs1673153 0
19:48855802:C:T 19 48855802 0.685675 0.69589 rs1673154 0.005
19:48855840:C:T 19 48855840 0.0991252 0.640595 rs1799260 0
19:48856175:C:T 19 48856175 0.0521815 0.273287 rs11083930 0.001
19:48856235:A:G 19 48856235 0.0615841 0.582819 rs11083931 0
19:48856284:G:A 19 48856284 0.198146 0.775885 rs73049215 0
19:48856633:T:C 19 48856633 0.0538692 0.528545 rs1799268 0
19:48856832:T:G 19 48856832 0.240379 0.557423 rs77978496 0.006
19:48857220:C:T 19 48857220 0.454872 0.674272 rs409988 0.005
19:48857239:A:G 19 48857239 0.572613 0.888884 rs8103065 0
19:48857888:C:G 19 48857888 0.105832 0.147897 rs379086 0.002
19:48858009:G:T 19 48858009 0.000800536 0.144303 rs79843018 0.021
19:48858304:T:C 19 48858304 0.0240396 0.425945 rs400615 0
19:48858455:C:T 19 48858455 0.0168695 0.413939 rs394025 0
19:48858652:T:C 19 48858652 0.0628559 0.697002 rs115601529 0.001
19:48858886:G:A 19 48858886 0.254962 0.557423 rs10421652 0.006
19:48859281:A:T 19 48859281 0.379918 0.509255 rs79714417 0.003
19:48859324:C:T 19 48859324 0.548228 0.467685 rs113430795 0.001
19:48859461:G:A 19 48859461 0.134322 0.631794 rs4393681 0.001
19:48859605:G:A 19 48859605 0.613589 0.011475 rs112076750 0
19:48859850:G:C 19 48859850 0.109383 0.468184 rs28874927 0
19:48860231:G:A 19 48860231 0.556064 0.957042 rs12608580 0
19:48860463:T:C 19 48860463 0.0168631 0.414849 rs8102113 0
19:48860470:A:C 19 48860470 0.0407579 0.496348 rs8101190 0
19:48860599:T:C 19 48860599 0.0168631 0.414849 rs420319 0
19:48860702:C:T 19 48860702 0.560612 0.5225 rs437358 0.003
19:48860767:C:T 19 48860767 0.626182 0.0751135 rs113057626 0
19:48860815:G:A 19 48860815 0.13898 0.588588 rs35669544 0.001
19:48860856:G:A 19 48860856 0.0722542 0.425857 rs421045 0
19:48861281:C:T 19 48861281 0.10569 0.12826 rs2569714 0.002
19:48861623:A:G 19 48861623 0.12265 0.136184 rs8105420 0.002
19:48861656:T:A 19 48861656 0.0454508 0.311943 rs8106424 0.004
19:48861658:T:A 19 48861658 0.00563728 0.924825 rs114296326 NA
19:48861953:C:A 19 48861953 0.254962 0.558123 rs10404550 0.005
19:48862501:C:T 19 48862501 0.000842598 0.144303 rs74548769 0.021
19:48862510:C:T 19 48862510 0.485933 0.0877808 rs116258405 0
19:48862643:C:T 19 48862643 0.0219809 0.95087 rs78972337 0.008
19:48862802:C:T 19 48862802 0.42198 0.135995 rs71357820 0.002
19:48863386:C:T 19 48863386 0.319949 0.58255 rs438767 0.002
19:48863436:G:A 19 48863436 0.456817 0.0460153 rs62619940 0.003
19:48864409:G:A 19 48864409 0.0423126 0.409857 rs409050 0
19:48864547:A:G 19 48864547 0.619208 0.105402 rs113183881 0
19:48864557:G:A 19 48864557 0.0964708 0.100907 rs441114 0.001
19:48864631:C:T 19 48864631 0.591453 0.105402 rs112999016 0
19:48864701:A:C 19 48864701 0.925654 0.550996 rs2655932 0.007
19:48865073:C:T 19 48865073 0.591453 0.101055 rs111578522 0
19:48865519:A:G 19 48865519 0.276101 0.880899 rs275840 0
19:48865965:C:T 19 48865965 0.0709148 0.353364 rs275839 0.001
19:48866214:C:A 19 48866214 0.999831 0.515491 rs275838 0.008
19:48866457:G:C 19 48866457 0.187326 0.716557 rs73049222 0
19:48866482:C:T 19 48866482 0.230147 0.0490162 rs3826824 0.001
19:48867199:G:A 19 48867199 0.000784717 0.0513761 rs78762143 0.02
19:48867832:C:T 19 48867832 0.189999 0.709489 rs77245928 0.003
19:48868136:C:T 19 48868136 0.25379 0.382917 rs74515488 0.005
19:48868213:G:A 19 48868213 0.369332 0.507771 rs112850428 0.004
19:48868282:C:A 19 48868282 0.878902 0.00305367 rs114087863 0.001
19:48868299:G:A 19 48868299 0.694826 0.105026 rs73049224 0.001
19:48868477:C:T 19 48868477 0.292548 0.0197823 rs75749710 0.002
19:48868558:T:C 19 48868558 0.843505 0.164952 rs114415083 0.002
19:48868602:T:A 19 48868602 0.000884739 0.0316328 rs74589642 0.02
19:48868625:C:G 19 48868625 0.00154329 0.0811153 rs76389345 0.016
19:48868637:T:C 19 48868637 0.860876 0.544179 rs79188309 0
19:48868679:C:T 19 48868679 0.755344 0.657317 rs2140627 0
19:48868892:AC:A 19 48868892 0.132383 0.587702 rs36115825 0.01
19:48869244:C:T 19 48869244 0.215977 0.755887 rs76242262 0.004
19:48869356:A:G 19 48869356 0.219703 0.33849 rs75109426 0.001
19:48869812:G:A 19 48869812 0.201648 0.472839 rs11881884 0
19:48869851:T:C 19 48869851 0.658236 0.307761 rs112005353 0
19:48869905:T:C 19 48869905 0.657519 0.308122 rs28475045 0
19:48870319:A:G 19 48870319 0.646915 0.306152 rs28401358 0
19:48870559:A:G 19 48870559 0.236621 0.534237 rs113259248 0
19:48870562:C:T 19 48870562 0.240025 0.452875 rs111565326 0
19:48870569:G:A 19 48870569 0.114442 0.443566 rs113646794 0
19:48870597:G:C 19 48870597 0.439131 0.953339 rs28450812 NA
19:48871239:C:T 19 48871239 0.42582 0.12223 rs76854416 NA
19:48871331:C:T 19 48871331 0.234103 0.755887 rs113902015 0.004
19:48871971:C:T 19 48871971 0.442388 0.942448 rs114536545 NA
19:48872085:T:C 19 48872085 0.852385 0.35236 rs78431799 0.001
19:48872319:C:T 19 48872319 0.00284395 0.0306364 rs114027464 0.014
19:48872356:C:T 19 48872356 0.180948 0.625734 rs116431111 0
19:48872387:C:G 19 48872387 0.00151684 0.119495 rs75571519 0.02
19:48872562:AT:A 19 48872562 0.447619 0.248443 rs11325391 0.001
19:48872667:G:C 19 48872667 0.599938 0.198984 rs57912402 0
19:48872856:A:C 19 48872856 0.483043 0.412187 rs28581938 0.003
19:48873011:C:T 19 48873011 0.303371 0.238721 rs275841 0
19:48873057:T:C 19 48873057 0.0462175 0.745693 rs190672 0
19:48873465:C:T 19 48873465 0.106068 0.593172 rs114642699 0.001
19:48873564:A:G 19 48873564 0.553169 0.406933 rs113193953 0
19:48873858:C:T 19 48873858 0.276176 0.939825 rs111894124 0.001
19:48873986:A:G 19 48873986 0.0500121 0.751747 rs275842 0
19:48874464:C:T 19 48874464 0.832489 0.704294 rs275843 0
19:48875641:G:A 19 48875641 0.928068 0.124748 rs111759921 0
19:48875835:G:C 19 48875835 0.303655 0.746325 rs113762263 0
19:48876190:C:A 19 48876190 0.125587 0.925829 rs275837 0.001
19:48876539:G:A 19 48876539 0.300662 0.474401 rs111926560 0
19:48876661:A:G 19 48876661 0.0478587 0.94135 rs2569713 0
19:48876888:G:A 19 48876888 0.244001 0.0989068 rs112088613 0
19:48879176:G:A 19 48879176 0.851431 0.334578 rs75670885 0.002
19:48879808:C:T 19 48879808 0.741412 0.0244484 rs9783953 0.003
19:48879818:T:A 19 48879818 0.192194 0.279334 rs74255046 0.002
19:48879911:T:G 19 48879911 0.223488 0.199102 rs34118929 0.001
19:48880183:C:T 19 48880183 0.0331422 0.497952 rs16982041 0.001
19:48880362:G:A 19 48880362 0.256708 0.746325 rs78160921 0
19:48880400:A:G 19 48880400 0.0165301 0.6744 rs422219 0
19:48881007:T:C 19 48881007 0.301053 0.496181 rs114936956 0
19:48881218:G:A 19 48881218 0.172585 0.932048 rs4802471 0.002
19:48881384:ATATTT:A 19 48881384 0.256708 0.614355 rs113369648 0
19:48881541:A:G 19 48881541 0.248208 0.0730745 rs116265840 0
19:48881616:G:A 19 48881616 0.30131 0.408623 rs115227682 0
19:48882016:T:A 19 48882016 0.483523 0.516126 rs113059413 0
19:48882481:A:G 19 48882481 0.00249902 0.0493824 rs116683195 0.021
19:48882679:A:C 19 48882679 0.186532 0.602675 rs114513025 0
19:48882821:T:G 19 48882821 0.0393371 0.429655 rs73049233 0.002
19:48882837:T:A 19 48882837 0.281011 0.0129559 rs34388885 0
19:48883003:T:C 19 48883003 0.217083 0.206198 rs62132010 0.002
19:48883177:T:C 19 48883177 0.00275511 0.0493824 rs114362615 0.021
19:48883562:C:T 19 48883562 0.236808 0.0631283 rs62132011 0.005
19:48884701:A:C 19 48884701 0.302005 0.392499 rs116005207 0
19:48884949:G:A 19 48884949 0.629633 0.93953 rs275844 0
19:48884977:G:C 19 48884977 0.312528 0.52482 rs59020642 0
19:48885143:G:A 19 48885143 0.39379 0.023318 rs116765589 0
19:48885210:G:A 19 48885210 0.297546 0.392499 rs114717412 0
19:48885607:A:G 19 48885607 0.270907 0.75244 rs275845 0.002
19:48885718:T:C 19 48885718 0.729707 0.705633 rs10421161 0.004
19:48885733:A:G 19 48885733 0.957819 0.367078 rs10419446 0.005
19:48886092:C:T 19 48886092 0.00285974 0.046161 rs116458191 0.021
19:48886435:G:T 19 48886435 0.398395 0.0229293 rs2230412 0
19:48886843:A:G 19 48886843 0.0391609 0.532447 rs275846 0.002
19:48887122:C:A 19 48887122 0.171562 0.0436884 rs10406961 0.004
19:48887244:T:C 19 48887244 0.206415 0.653842 rs275847 0.001
19:48888284:C:T 19 48888284 0.720958 0.848924 rs113025920 0.001
19:48888409:G:A 19 48888409 0.532281 0.0187671 rs10415270 0.007
19:48888531:C:T 19 48888531 0.73 0.0699632 rs275848 0.005
19:48888644:C:A 19 48888644 0.0936903 0.611705 rs73570242 0.005
19:48888797:C:G 19 48888797 0.463798 0.651478 rs275849 0.002
19:48889353:C:T 19 48889353 0.384882 0.0387965 rs114495645 0.001
19:48889393:C:T 19 48889393 0.0886243 0.982495 rs10422217 0
19:48889558:A:G 19 48889558 0.462827 0.596492 rs8111341 0.002
19:48889727:T:C 19 48889727 0.746266 0.0830988 rs8112483 0.006
19:48889731:G:A 19 48889731 0.200945 0.937935 rs7409291 0.002
19:48890755:A:G 19 48890755 0.367667 0.00966005 rs3786744 0
19:48891268:A:T 19 48891268 0.377542 0.386124 rs114861979 0.003
19:48891537:G:A 19 48891537 0.0297924 0.835969 rs433956 0
19:48891814:G:A 19 48891814 0.41748 0.805767 rs276705 0
19:48891853:G:C 19 48891853 0.109738 0.0982372 rs4531846 0.001
19:48891928:C:T 19 48891928 0.0683274 0.766851 rs28630587 0
19:48891939:C:T 19 48891939 0.830027 0.858446 rs115765092 0
19:48892432:T:C 19 48892432 0.950267 0.83195 rs276704 0.003
19:48893169:T:C 19 48893169 0.170723 0.515948 rs276703 0
19:48893317:T:C 19 48893317 0.183532 0.135004 rs276702 0.001
19:48893548:GC:G 19 48893548 0.265637 0.88015 rs36034010 0.001
19:48893554:G:A 19 48893554 0.276469 0.879468 rs34974640 0
19:48893611:T:C 19 48893611 0.0740823 0.849936 rs56759489 0.005
19:48893675:C:T 19 48893675 0.400445 0.852601 rs276701 0
19:48894321:T:A 19 48894321 0.689927 0.598842 rs112757532 0
19:48895957:A:G 19 48895957 0.936915 0.441566 rs276719 0.002
19:48896205:A:G 19 48896205 0.918477 0.443786 rs276718 0.002
19:48896520:G:C 19 48896520 0.721073 0.678265 rs12459689 0
19:48897243:C:A 19 48897243 0.422886 0.881949 rs276717 0
19:48897279:C:G 19 48897279 0.819176 0.913773 rs114718019 0
19:48897512:A:G 19 48897512 0.0577759 0.515578 rs276716 0
19:48897569:G:A 19 48897569 0.633191 0.244095 rs28625353 0
19:48897860:G:A 19 48897860 0.09812 0.88574 rs115323472 0.004
19:48898247:T:A 19 48898247 0.769206 0.16836 rs112904816 0
19:48898274:C:A 19 48898274 0.160153 0.611339 rs2304244 0.001
19:48898548:G:C 19 48898548 0.142507 0.471243 rs12460951 0.014
19:48898552:C:T 19 48898552 0.560298 0.37337 rs276715 NA
19:48898786:C:T 19 48898786 0.198008 0.210689 rs10424366 0.005
19:48899025:G:C 19 48899025 0.412656 0.377267 rs276714 0
19:48899297:T:C 19 48899297 0.761323 0.0934 rs76607635 0.009
19:48899448:G:A 19 48899448 0.744857 0.765844 rs276713 0
19:48899554:G:C 19 48899554 0.495042 0.432365 rs276712 0
19:48899625:G:A 19 48899625 0.545791 0.361102 rs77829781 0
19:48899680:G:C 19 48899680 0.534421 0.0930044 rs114045222 0.002
19:48900268:G:A 19 48900268 0.841107 0.009502 rs10412291 0.007
19:48900306:C:T 19 48900306 0.449056 0.345401 rs10411942 0.003
19:48900961:C:T 19 48900961 0.141179 0.674636 rs73570259 0.002
19:48904407:G:A 19 48904407 0.97214 0.614351 rs112405291 0.003
19:48904521:G:A 19 48904521 0.0377113 0.0714932 rs1699935 0
19:48904522:G:A 19 48904522 0.041277 0.0639474 rs78657033 0
19:48904689:C:G 19 48904689 0.00245846 0.369405 rs62132014 0
19:48904900:G:A 19 48904900 0.705068 0.000812853 rs76091988 0.007
19:48905145:G:A 19 48905145 0.00372376 0.0157336 rs12610429 0.022
19:48905292:G:A 19 48905292 0.00786214 0.162646 rs113264196 0.024
19:48905837:A:G 19 48905837 0.709807 0.000872399 rs10416075 0.008
19:48906487:A:G 19 48906487 0.0279019 0.109411 rs276723 0
19:48906519:T:C 19 48906519 0.644892 0.0157318 rs7255999 0.004
19:48906693:T:G 19 48906693 0.00553977 0.293779 rs11668470 0.001
19:48907283:G:T 19 48907283 0.0290464 0.549089 rs12983597 0.001
19:48907469:T:C 19 48907469 0.848753 0.31953 rs276722 0
19:48907821:G:C 19 48907821 0.00570323 0.295116 rs62132016 0.001
19:48908631:AG:A 19 48908631 0.145532 0.431764 rs34833452 0.003
19:48908871:G:A 19 48908871 0.107815 0.548454 rs78973392 0
19:48909343:T:C 19 48909343 0.931125 0.434741 rs276721 0.002
19:48909603:A:G 19 48909603 0.00127861 0.167263 rs79265166 0.02
19:48909614:A:T 19 48909614 0.098558 0.606335 rs11879372 NA
19:48909671:G:A 19 48909671 0.848563 0.468369 rs276720 0.002
19:48910078:G:A 19 48910078 0.82012 0.447139 rs1654669 0.002
19:48911590:CA:C 19 48911590 0.924938 0.240903 rs35238683 0
19:48911811:C:T 19 48911811 0.00127861 0.167263 rs116375613 0.02
19:48912076:TA:T 19 48912076 0.840791 0.665378 rs113489168 0
19:48912096:G:A 19 48912096 0.0480943 0.0375492 rs11083933 0
19:48912314:G:A 19 48912314 0.530801 0.354728 rs10422849 0.001
19:48912321:G:A 19 48912321 0.357782 0.115788 rs80033300 0.001
19:48912383:G:A 19 48912383 0.770784 0.910175 rs10422894 0.003
19:48912389:A:G 19 48912389 0.946643 0.731932 rs1121845 0.002
19:48912427:T:C 19 48912427 0.00127861 0.167263 rs77485774 0.02
19:48912481:T:G 19 48912481 0.102755 0.559897 rs115834059 0
19:48912486:C:A 19 48912486 0.0559427 0.729601 rs114531828 0.001
19:48912813:C:T 19 48912813 0.859735 0.00988018 rs10402569 0.007
19:48912864:A:G 19 48912864 0.0223981 0.227565 rs11665864 0
19:48912959:T:C 19 48912959 0.0281667 0.618048 rs76544315 0
19:48913828:C:T 19 48913828 0.419779 0.113682 rs115491179 0.001
19:48914178:G:C 19 48914178 0.0567097 0.499433 rs1654670 0.001
19:48914482:T:C 19 48914482 0.37893 0.0546258 rs113871167 0
19:48915042:A:C 19 48915042 0.907062 0.49449 rs7255050 0.001
19:48915203:A:G 19 48915203 0.216828 0.349379 rs114790393 0.001
19:48915605:C:A 19 48915605 0.45744 0.743625 rs7255860 0
19:48915939:G:C 19 48915939 0.401207 0.755003 rs11083934 0
19:48916474:G:T 19 48916474 0.0118402 0.871489 rs113141148 0.001
19:48916556:G:A 19 48916556 0.0200918 0.659745 rs113397258 0.001
19:48917916:C:T 19 48917916 0.191361 0.882944 rs77702826 0
19:48918051:A:G 19 48918051 0.0755408 0.51295 rs73570272 0.002
19:48919469:C:T 19 48919469 0.186746 0.421422 rs79808899 0.001
19:48919939:A:G 19 48919939 0.159359 0.0149403 rs276711 0.003
19:48920148:T:C 19 48920148 0.512595 0.103734 rs157067 0.001
19:48920298:G:A 19 48920298 0.0870015 0.892783 rs115647621 0
19:48921921:A:G 19 48921921 0.995498 0.127473 rs276710 0.003
19:48922338:C:G 19 48922338 0.0282274 0.602977 rs114574959 0
19:48922700:G:T 19 48922700 0.476098 0.476832 rs10406134 NA
19:48923101:C:A 19 48923101 0.258477 0.767599 rs276709 0
19:48923152:G:T 19 48923152 0.273883 0.945833 rs74905984 NA
19:48924405:T:G 19 48924405 0.115366 0.860259 rs276706 0.01
19:48924777:G:T 19 48924777 0.387901 0.420071 rs113429989 0.004
19:48924926:T:C 19 48924926 0.659074 0.263621 rs16982071 0.005
19:48924963:G:A 19 48924963 0.271645 0.776799 rs1654671 0
19:48925896:G:A 19 48925896 5.16626e-05 0.23093 rs115839872 0.009
19:48925936:C:T 19 48925936 0.0151556 0.147537 rs278061 0
19:48926336:C:T 19 48926336 0.468646 0.389441 rs10408504 0.002
19:48926565:T:C 19 48926565 0.020409 0.588172 rs892200 0.004
19:48926606:G:C 19 48926606 0.000237207 0.332829 rs10409355 0.006
19:48926618:G:C 19 48926618 0.401794 0.818033 rs10409537 0.004
19:48926723:C:T 19 48926723 0.122967 0.671131 rs77116713 0
19:48926850:C:G 19 48926850 0.957416 0.231972 rs75624060 0.002
19:48927020:G:A 19 48927020 0.000280011 0.968619 rs10415580 0.004
19:48927051:G:A 19 48927051 0.384913 0.614668 rs112409023 0
19:48927854:CCTAA:C 19 48927854 0.721814 0.313548 rs112229870 0.002
19:48928115:C:T 19 48928115 0.196291 0.640321 rs73588066 0.006
19:48928221:G:A 19 48928221 0.805125 0.320022 rs113956306 0.003
19:48928288:T:C 19 48928288 0.00133214 0.219026 rs3865434 0.019
19:48928477:T:C 19 48928477 0.503994 0.0917306 rs111676756 0.001
19:48928496:G:A 19 48928496 0.806741 0.31757 rs113734154 0.003
19:48928706:T:C 19 48928706 0.74554 0.0405919 rs66614163 0.001
19:48929013:C:T 19 48929013 0.942121 0.229018 rs76388636 0.001
19:48929097:G:A 19 48929097 0.530944 0.127897 rs77935146 0
19:48929166:C:T 19 48929166 0.610056 0.339675 rs76787232 0.001
19:48929791:T:C 19 48929791 0.0955551 0.662448 rs28398354 0.001
19:48930122:G:A 19 48930122 0.0264746 0.496897 rs112567683 0
19:48930359:T:C 19 48930359 0.0336497 0.496598 rs113347016 0
19:48930467:A:G 19 48930467 0.799078 0.324446 rs112167518 0.002
19:48930555:C:G 19 48930555 0.03369 0.497037 rs113816235 0
19:48930667:A:G 19 48930667 0.03369 0.497037 rs111270994 0
19:48930981:G:A 19 48930981 0.114957 0.662831 rs10418761 0.001
19:48930989:C:T 19 48930989 0.0337394 0.496632 rs10418411 0
19:48931221:G:C 19 48931221 0.034364 0.427042 rs59585807 0
19:48931222:C:T 19 48931222 0.0381758 0.427042 rs10419023 0
19:48931242:C:G 19 48931242 0.034364 0.427042 rs10419031 0
19:48931597:C:T 19 48931597 0.177244 0.0436516 rs112408161 0
19:48932079:A:C 19 48932079 0.0318505 0.641772 rs75220017 0
19:48933920:T:A 19 48933920 0.0929167 0.945538 rs115990320 0.002
19:48933971:A:G 19 48933971 0.95926 0.795444 rs28579585 0.001
19:48934145:T:G 19 48934145 0.788977 0.278739 rs113139896 0
19:48935649:C:T 19 48935649 0.431615 0.412136 rs111927454 0.001
19:48935954:G:A 19 48935954 0.691519 0.278739 rs113050924 0
19:48936045:T:A 19 48936045 0.643699 0.467156 rs113511345 0
19:48936806:C:T 19 48936806 0.649451 0.0252197 rs10407689 0
19:48936837:A:G 19 48936837 0.521112 0.197607 rs80257331 0.002
19:48936910:A:G 19 48936910 0.263652 0.413933 rs76239375 0
19:48936942:A:T 19 48936942 0.263798 0.406242 rs80038044 0
19:48937356:C:T 19 48937356 0.376479 0.89704 rs76653091 0
19:48937866:T:C 19 48937866 0.0688168 0.137923 rs61316319 0.001
19:48937902:G:A 19 48937902 0.613974 0.88283 rs7351100 0
19:48938087:C:T 19 48938087 0.351318 0.541941 rs12460671 0.009
19:48938382:G:C 19 48938382 0.0288416 0.133061 rs4009665 0.017
19:48938597:A:G 19 48938597 0.282021 0.756961 rs1799282 0
19:48938739:G:A 19 48938739 0.729379 0.63794 rs1799283 0
19:48938946:T:C 19 48938946 0.315522 0.517016 rs1643490 0.001
19:48939548:C:T 19 48939548 0.93509 0.370409 rs1799284 0.002
19:48940907:C:G 19 48940907 0.534057 0.154839 rs56125279 0.002
19:48941257:A:C 19 48941257 0.124793 0.962509 rs1559046 0.003
19:48943478:A:T 19 48943478 0.130829 0.654296 rs113074443 0
19:48943921:T:C 19 48943921 0.261377 0.818858 rs2380121 0
19:48943935:C:CCCCATTTCCCCTTCTAAG 19 48943935 0.504061 0.757833 rs72385415 NA
19:48944290:G:A 19 48944290 0.00537322 0.0604377 rs114476665 0.012
19:48944750:G:T 19 48944750 0.332486 0.0695552 rs117364706 0
19:48945880:T:C 19 48945880 0.19038 0.363662 rs62130268 0
19:48946325:T:C 19 48946325 0.103584 0.462969 rs111420822 0
19:48946405:A:G 19 48946405 0.163837 0.37291 rs112893228 0.001
19:48947326:G:T 19 48947326 0.775328 0.701604 rs8111684 0
19:48948296:A:G 19 48948296 0.252862 0.192403 rs1643489 0
19:48948390:TA:T 19 48948390 0.248096 0.650294 rs34982795 0
19:48948682:A:C 19 48948682 0.59889 0.17876 rs28403616 0.001
19:48948770:G:A 19 48948770 0.327946 0.222239 rs1799281 0
19:48948947:C:G 19 48948947 0.252861 0.651216 rs1799280 0
19:48948978:C:A 19 48948978 0.252861 0.651216 rs74644330 0
19:48949040:G:A 19 48949040 0.284742 0.0108957 rs114927397 0.006
19:48949286:G:T 19 48949286 0.252885 0.650294 rs1643487 0
19:48949764:G:A 19 48949764 0.443954 0.0899612 rs3760795 0
19:48949766:C:G 19 48949766 0.520711 0.785777 rs929743 0
19:48949848:C:G 19 48949848 0.110262 0.843541 rs73588089 0.005
19:48950126:C:G 19 48950126 0.84238 0.735201 rs73942276 0.002
19:48950259:C:T 19 48950259 0.252885 0.666159 rs1632101 0
19:48950526:T:C 19 48950526 0.252885 0.664161 rs1629664 0
19:48950864:C:A 19 48950864 0.28161 0.663359 rs8112719 0
19:48951297:C:T 19 48951297 0.28161 0.730706 rs1799287 0
19:48951450:T:C 19 48951450 0.28161 0.730706 rs1643486 0
19:48951461:G:A 19 48951461 0.64257 0.33318 rs60575717 0.001
19:48951558:T:G 19 48951558 0.590703 0.794764 rs77344668 0.002
19:48951567:C:A 19 48951567 0.28161 0.730706 rs3848540 0
19:48951618:G:A 19 48951618 0.0992237 0.964773 rs116763094 0.004
19:48951779:G:C 19 48951779 0.590703 0.794764 rs77141986 0.002
19:48951879:T:C 19 48951879 0.284374 0.725711 rs1799273 0
19:48952002:A:G 19 48952002 0.634893 0.173604 rs56263003 0.001
19:48952364:A:G 19 48952364 0.362892 0.830292 rs4802482 0.001
19:48952398:C:T 19 48952398 0.748524 0.803296 rs13346687 0.002
19:48952512:G:A 19 48952512 0.28161 0.730706 rs1629804 0
19:48952540:G:A 19 48952540 0.28161 0.730706 rs1629754 0
19:48952674:T:C 19 48952674 0.333355 0.831818 rs1628806 0.001
19:48952739:A:G 19 48952739 0.333419 0.832293 rs1643485 0.001
19:48952950:T:C 19 48952950 0.320461 0.839788 rs11083935 0.001
19:48952985:A:G 19 48952985 0.333355 0.831818 rs11083936 0.001
19:48953048:G:A 19 48953048 0.333355 0.831818 rs11083937 0.001
19:48953819:C:T 19 48953819 0.822559 0.776732 rs55916422 0.002
19:48954421:G:A 19 48954421 0.143145 0.624633 rs2302951 0.001
19:48954571:A:T 19 48954571 0.576984 0.580518 rs1799274 0
19:48954905:G:A 19 48954905 0.822788 0.778823 rs73942280 0.002
19:48955245:C:T 19 48955245 0.923166 0.0149751 rs78916212 0.001
19:48955352:T:C 19 48955352 0.832647 0.356979 rs60256890 0.001
19:48955759:G:A 19 48955759 0.324968 0.665927 rs79405399 0
19:48956329:C:T 19 48956329 0.365539 0.112654 rs77441781 0
19:48956757:G:A 19 48956757 0.107899 0.638345 rs3760797 0.01
19:48956986:A:C 19 48956986 0.356281 0.14866 rs56808867 0.007
19:48957497:T:C 19 48957497 0.0434306 0.972807 rs3760798 0
19:48957577:T:C 19 48957577 0.0284957 0.858786 rs1799272 0.001
19:48957591:C:G 19 48957591 0.768894 0.58885 rs116605696 NA
19:48958075:G:A 19 48958075 0.205828 0.523656 rs73942284 0
19:48958130:C:G 19 48958130 0.340187 0.90722 rs79363459 0
19:48958601:A:G 19 48958601 0.0123959 0.247063 rs75919785 0
19:48958616:G:A 19 48958616 0.0609647 0.170604 rs7252664 0.006
19:48959154:G:T 19 48959154 0.423128 0.161944 rs77586652 0
19:48959235:T:G 19 48959235 0.0753185 0.508636 rs10421340 0.005
19:48959278:C:G 19 48959278 0.0305506 0.469044 rs28709275 0.004
19:48959488:T:C 19 48959488 0.0275863 0.519623 rs28574697 0.003
19:48959642:G:A 19 48959642 0.445122 0.63965 rs7257118 0.001
19:48959869:G:A 19 48959869 0.0205977 0.233412 rs115577056 0.001
19:48960000:C:A 19 48960000 0.912161 0.207599 rs80004940 0
19:48960021:C:T 19 48960021 0.0768526 0.202432 rs7260387 0
19:48960048:G:A 19 48960048 0.939059 0.23385 rs115357234 0
19:48960248:CT:C 19 48960248 0.512735 0.514113 rs112781873 0.001
19:48961102:C:T 19 48961102 0.359025 0.165467 rs117861795 0
19:48962929:G:A 19 48962929 0.0233928 0.802187 rs10410041 0.005
19:48963245:C:A 19 48963245 0.0567511 0.720556 rs116488509 0.004
19:48963505:A:T 19 48963505 0.762834 0.370482 rs12461952 0.001
19:48963661:C:T 19 48963661 0.0210969 0.667297 rs12462003 0.005
19:48964305:C:T 19 48964305 0.957766 0.939407 rs3107911 0.001
19:48964336:G:T 19 48964336 0.0567511 0.833405 rs12462599 0.004
19:48966153:G:A 19 48966153 0.566764 0.616338 rs114024792 0.001
19:48966365:C:G 19 48966365 0.597476 0.485993 rs73571819 0
19:48968057:C:T 19 48968057 0.00159537 0.0381802 rs116465275 0.016
19:48968312:A:G 19 48968312 0.105479 0.670314 rs28648758 0
19:48968849:G:A 19 48968849 0.0535997 0.560161 rs8100222 0
19:48969009:T:C 19 48969009 0.0558146 0.180414 rs77307854 0
19:48969016:G:A 19 48969016 0.0158126 0.2039 rs78873884 0.002
19:48969018:G:A 19 48969018 0.434092 0.427043 rs113315621 0.006
19:48969613:G:A 19 48969613 0.0967838 0.670314 rs112147656 0
19:48969732:C:T 19 48969732 0.0541288 0.560161 rs79066158 0
19:48969879:T:C 19 48969879 0.500906 0.798648 rs1799270 0
19:48969904:G:T 19 48969904 0.60102 0.616338 rs114591660 0.001
19:48969936:A:G 19 48969936 0.0164519 0.646777 rs112046953 0
19:48970242:A:G 19 48970242 0.0967838 0.670314 rs76366441 0
19:48970627:G:C 19 48970627 0.0540704 0.555643 rs8105111 0
19:48971115:C:A 19 48971115 0.806119 0.569491 rs112776987 0.001
19:48971179:C:A 19 48971179 0.209426 0.0845457 rs1643483 0.003
19:48971471:G:A 19 48971471 0.0763276 0.72627 rs57425039 0
19:48971674:C:T 19 48971674 0.979986 0.55542 rs56788451 0.001
19:48972155:G:C 19 48972155 0.707771 0.321727 rs2241352 0.001
19:48972539:A:C 19 48972539 0.704381 0.322369 rs1799257 0.001
19:48972613:GA:G 19 48972613 0.330632 0.252059 rs11292058 0.002
19:48972740:T:C 19 48972740 0.256234 0.299594 rs8106937 0.002
19:48972890:C:T 19 48972890 0.00533419 0.0509699 rs116172436 0.003
19:48973096:G:A 19 48973096 0.223065 0.284148 rs115195625 0.003
19:48973531:C:T 19 48973531 0.811441 0.313902 rs10419554 0
19:48974239:A:G 19 48974239 0.0820261 0.173739 rs75213008 0
19:48974299:A:C 19 48974299 0.23678 0.218857 rs10426097 0.002
19:48974438:A:T 19 48974438 0.300157 0.224734 rs115822230 NA
19:48974704:T:C 19 48974704 0.307316 0.228284 rs74963118 0.002
19:48974923:C:A 19 48974923 0.0820261 0.173739 rs77082955 0
19:48975746:C:T 19 48975746 0.560415 0.419727 rs2287658 0.002
19:48975807:C:T 19 48975807 0.342403 0.215291 rs79525710 0.002
19:48976497:T:C 19 48976497 0.316369 0.169153 rs56297411 0.002
19:48976741:A:G 19 48976741 0.6796 0.199135 rs74699109 0.002
19:48976949:G:A 19 48976949 0.296627 0.121657 rs79232596 0
19:48976969:A:G 19 48976969 0.828571 0.201134 rs79385411 0
19:48977019:C:T 19 48977019 0.669306 0.316625 rs1799258 0
19:48977065:C:T 19 48977065 0.327833 0.783074 rs115462839 0
19:48977189:C:T 19 48977189 0.819675 0.313639 rs28582663 0
19:48977382:T:C 19 48977382 0.316488 0.1661 rs28433711 0.002
19:48977479:C:T 19 48977479 0.0666304 0.109568 rs61748773 0.003
19:48977701:C:T 19 48977701 0.0682043 0.106897 rs73942287 0.003
19:48977715:C:T 19 48977715 0.827395 0.259146 rs76341415 NA
19:48977824:G:C 19 48977824 0.31524 0.203854 rs2302950 0.002
19:48977884:G:T 19 48977884 0.0700712 0.906738 rs111368513 0.001
19:48978021:C:T 19 48978021 0.087045 0.171504 rs78430252 0
19:48978325:T:C 19 48978325 0.232283 0.215691 rs11083939 0.003
19:48978582:C:A 19 48978582 0.00161817 0.0407926 rs115189209 0.014
19:48978699:A:T 19 48978699 0.0836523 0.233612 rs11878475 0.004
19:48978817:A:G 19 48978817 0.52671 0.208754 rs114310617 0
19:48979148:G:A 19 48979148 0.0126716 0.452213 rs115251031 0.007
19:48979186:C:A 19 48979186 0.0918912 0.694365 rs12327611 0.003
19:48979741:G:A 19 48979741 0.951168 0.0231052 rs75441531 0.001
19:48980534:T:C 19 48980534 0.225688 0.649508 rs28541882 0.003
19:48980614:C:T 19 48980614 0.177245 0.102352 rs36093472 0.001
19:48980629:T:C 19 48980629 0.36111 0.940928 rs60507519 0
19:48981673:G:A 19 48981673 0.150414 0.725051 rs114924764 0.003
19:48981869:C:T 19 48981869 0.644024 0.383956 rs11882635 0.001
19:48981946:T:C 19 48981946 0.819591 0.261 rs1799289 0.005
19:48982042:A:G 19 48982042 0.191324 0.124817 rs1643482 0.002
19:48982092:G:A 19 48982092 0.464185 0.464784 rs7256517 0
19:48982750:C:G 19 48982750 0.892484 0.194038 rs116036991 0
19:48983468:C:T 19 48983468 0.941289 0.149052 rs115750935 NA
19:48983699:C:T 19 48983699 0.00426721 0.0272362 rs114030259 0.001
19:48983898:C:T 19 48983898 0.069282 0.162589 rs77932896 0
19:48984178:G:C 19 48984178 0.765696 0.905974 rs1643481 0
19:48985178:TA:T 19 48985178 0.831235 0.980849 rs34527214 0.001
19:48985579:A:G 19 48985579 0.882356 0.85242 rs1643480 0
19:48985894:T:C 19 48985894 0.0474938 0.171219 rs79421627 0
19:48988049:G:A 19 48988049 0.0122595 0.598674 rs74525832 0.001
19:48988082:C:T 19 48988082 0.164951 0.82594 rs116280800 0.001
19:48988255:G:A 19 48988255 0.0122595 0.598674 rs115575260 0.001
19:48988311:C:T 19 48988311 0.669176 0.363998 rs73942291 0.001
19:48988428:C:T 19 48988428 0.895688 0.842298 rs73942292 0.002
19:48989388:C:G 19 48989388 0.476085 0.52491 rs12462736 0.002
19:48989518:G:A 19 48989518 0.35599 0.903596 rs7256813 0.001
19:48989540:C:T 19 48989540 0.43078 0.670272 rs12462778 0.002
19:48989631:C:T 19 48989631 0.00443054 0.0114572 rs114087548 0.004
19:48990031:T:C 19 48990031 0.43891 0.395866 rs111828176 0
19:48990330:C:T 19 48990330 0.210759 0.0169019 rs11083940 0
19:48990580:C:T 19 48990580 0.632234 0.371206 rs116576348 0.001
19:48990679:G:A 19 48990679 0.430385 0.872677 rs116029028 0
19:48991035:C:T 19 48991035 0.729316 0.359824 rs116370982 0
19:48991121:C:T 19 48991121 0.0275255 0.0219918 rs77500809 0.001
19:48991853:G:T 19 48991853 0.00466431 0.0116497 rs75401499 0.004
19:48992327:C:T 19 48992327 0.0914218 0.991653 rs116177062 0.004
19:48992410:G:A 19 48992410 0.637072 0.0924546 rs55780038 0
19:48992550:G:A 19 48992550 0.279791 0.0209294 rs75877914 0
19:48992637:C:T 19 48992637 0.687555 0.0346112 rs3852862 0
19:48992799:C:T 19 48992799 0.280633 0.0211577 rs3865435 0
19:48992838:A:G 19 48992838 0.0264533 0.0187341 rs114610306 0.001
19:48993549:G:A 19 48993549 0.00466534 0.00629295 rs117928220 0.004
19:48993840:G:A 19 48993840 0.00679698 0.229666 rs8108419 0.001
19:48994849:T:A 19 48994849 0.456439 0.263386 rs111433173 0.011
19:48994898:T:C 19 48994898 0.771327 0.281118 rs79272013 0
19:48995080:G:A 19 48995080 0.133799 0.445212 rs116000940 0
19:48995228:T:A 19 48995228 0.439981 0.469131 rs75622673 0.002
19:48995432:T:C 19 48995432 0.627668 0.283201 rs75055121 0
19:48995516:G:T 19 48995516 0.125093 0.825768 rs116763079 0.002
19:48995522:T:C 19 48995522 0.669328 0.915012 rs76398023 0.002
19:48995590:T:C 19 48995590 0.460461 0.223434 rs112808340 0.007
19:48995623:T:C 19 48995623 0.0137997 0.00571621 rs114099636 0.004
19:48996546:A:G 19 48996546 0.776529 0.353201 rs115510753 NA
19:48997884:C:T 19 48997884 0.776529 0.353201 rs114550539 0
19:48998055:C:T 19 48998055 0.0482135 0.939111 rs115038136 0.004
19:48998147:A:G 19 48998147 0.236083 0.059759 rs8110240 0
19:48998335:C:G 19 48998335 0.0368827 0.203059 rs57295645 0.008
19:48998342:T:C 19 48998342 0.325782 0.00356523 rs8111432 0
19:48998567:T:C 19 48998567 0.246193 0.0505665 rs12463044 0
19:48999850:A:G 19 48999850 0.356435 0.0103182 rs10408497 0
19:49000341:C:T 19 49000341 0.389357 0.606473 rs74831762 0
19:49000438:G:T 19 49000438 0.778188 0.353201 rs75344689 0
19:49000508:C:G 19 49000508 0.322183 0.00356523 rs10410083 0
19:49001545:T:A 19 49001545 0.036957 0.237189 rs61743326 0
19:49001600:A:G 19 49001600 0.322183 0.00434608 rs61745738 0
19:49002268:C:G 19 49002268 0.614558 0.513491 rs8105308 0.003
19:49003259:G:A 19 49003259 0.642408 0.357002 rs116514531 0
19:49003280:T:G 19 49003280 0.586318 0.139182 rs111513753 0.001
19:49003751:G:A 19 49003751 0.0357432 0.900204 rs35641668 0.005
19:49003815:G:T 19 49003815 0.157148 0.352516 rs28562206 0.013
19:49004015:G:A 19 49004015 0.745594 0.081832 rs76483180 0
19:49004344:G:A 19 49004344 0.792281 0.346336 rs115496266 0.001
19:49004447:G:A 19 49004447 0.246728 0.302558 rs114536297 0.001
19:49005451:T:C 19 49005451 0.684864 0.0157009 rs10409417 0.008
19:49005610:C:G 19 49005610 0.794071 0.0373898 rs116767211 NA
19:49005931:T:C 19 49005931 0.199549 0.0509259 rs10415669 0.008
19:49006345:C:G 19 49006345 0.601033 0.0454239 rs117151636 0
19:49007083:G:C 19 49007083 0.422449 0.848797 rs114854058 0.002
19:49007423:C:A 19 49007423 0.610379 0.407046 rs75282573 0.001
19:49007704:T:C 19 49007704 0.0748303 0.385695 rs77709727 0.001
19:49007749:T:G 19 49007749 0.762331 0.081832 rs79573849 0.001
19:49007760:C:T 19 49007760 0.762962 0.081832 rs118018524 0.001
19:49008512:A:G 19 49008512 0.202122 0.835054 rs111613339 0.01
19:49009866:C:T 19 49009866 0.928731 0.38314 rs113290796 0.002
19:49009983:G:A 19 49009983 0.807017 0.00365726 rs10417886 0.001
19:49010590:A:T 19 49010590 0.0291738 0.245444 rs116205596 0
19:49010624:C:T 19 49010624 0.308345 0.942074 rs78716142 0.001
19:49010866:A:T 19 49010866 0.0291738 0.245444 rs75912145 0
19:49011166:C:T 19 49011166 0.0166232 0.0857285 rs7259516 0
19:49011323:C:T 19 49011323 0.308008 0.9556 rs77650236 0.001
19:49011574:C:A 19 49011574 0.995587 0.0068081 rs76799162 0
19:49011772:T:C 19 49011772 0.00599465 0.170727 rs59899370 0.002
19:49011974:T:C 19 49011974 0.0378323 0.429756 rs56131545 0
19:49012022:A:G 19 49012022 0.0378978 0.429052 rs59319018 0
19:49013013:C:T 19 49013013 0.0292537 0.228193 rs76743520 0
19:49013198:C:G 19 49013198 0.958548 0.0456561 rs10427064 0.002
19:49013451:G:T 19 49013451 0.0296167 0.228193 rs76269108 0
19:49013480:C:A 19 49013480 0.18895 0.672949 rs75441303 0.001
19:49014064:T:G 19 49014064 0.377966 0.993891 rs114729177 0.004
19:49014091:T:C 19 49014091 0.400094 0.472919 rs9989661 0
19:49014102:C:T 19 49014102 0.819234 0.341971 rs57339031 0.001
19:49014431:C:T 19 49014431 0.0507987 0.0595276 rs73942300 0.002
19:49014629:G:T 19 49014629 0.635615 0.0502916 rs1320401 0
19:49016015:T:A 19 49016015 0.450345 0.157633 rs113564020 0.001
19:49017083:G:A 19 49017083 0.786562 0.347365 rs114722489 0
19:49017142:A:G 19 49017142 0.114507 0.133554 rs58930703 0
19:49017268:C:T 19 49017268 0.0347572 0.119623 rs74782991 0
19:49017481:G:A 19 49017481 0.109538 0.224169 rs73942301 0
19:49017835:CT:C 19 49017835 0.431769 0.269999 rs112831579 0.001
19:49018216:C:T 19 49018216 0.113554 0.131267 rs79850836 0
19:49018268:A:G 19 49018268 0.188044 0.617859 rs73942302 0.002
19:49019734:CAA:C 19 49019734 0.414832 0.25185 rs111815416 0.001
19:49019750:G:A 19 49019750 0.0336151 0.189207 rs76431388 0
19:49019801:C:T 19 49019801 0.293306 0.542158 rs116044836 0.002
19:49020023:A:G 19 49020023 0.772557 0.0390561 rs73944803 0.003
19:49020327:C:T 19 49020327 0.104289 0.657196 rs116795632 0.001
19:49020415:C:T 19 49020415 0.0165166 0.375316 rs75154109 0
19:49021101:G:A 19 49021101 0.778597 0.367658 rs113263952 0.001
19:49021268:A:G 19 49021268 0.0528841 0.0833596 rs77663681 0.003
19:49021444:A:G 19 49021444 0.778597 0.367658 rs28636901 0.001
19:49021549:C:T 19 49021549 0.461791 0.563531 rs28478882 0
19:49021929:G:A 19 49021929 0.182641 0.464374 rs113215352 0.006
19:49022033:A:G 19 49022033 0.389327 0.946347 rs111753291 0.001
19:49022473:C:T 19 49022473 0.195902 0.162947 rs113344585 0.008
19:49022813:C:T 19 49022813 0.339592 0.53007 rs112161057 0.006
19:49022908:G:T 19 49022908 0.445113 0.743893 rs73573970 0.012
19:49022910:G:A 19 49022910 0.388951 0.222216 rs114098719 0
19:49022932:C:G 19 49022932 0.376668 0.962273 rs75816174 0
19:49023142:C:A 19 49023142 0.00557535 0.349638 rs73573971 0.012
19:49023610:G:A 19 49023610 0.198196 0.193235 rs9749208 0.009
19:49023723:G:A 19 49023723 0.216953 0.196933 rs9749216 0.01
19:49024380:TACACAC:T 19 49024380 0.193754 0.41012 rs113437561 NA
19:49024749:C:G 19 49024749 0.216953 0.196933 rs113016649 0.01
19:49025003:C:A 19 49025003 0.116344 0.892826 rs112913267 0.003
19:49025147:T:C 19 49025147 0.00680335 0.685355 rs78117085 0.013
19:49025230:C:T 19 49025230 0.00233971 0.0152062 rs115874494 NA
19:49025580:T:G 19 49025580 0.107946 0.898515 rs113896999 0.004
19:49025821:C:A 19 49025821 0.216953 0.196933 rs77517166 0.01
19:49026342:G:A 19 49026342 0.569041 0.999485 rs16982121 0.001
19:49026716:T:C 19 49026716 0.569041 0.999485 rs16982123 0.001
19:49027052:T:A 19 49027052 0.541087 0.625379 rs61224820 0.007
19:49027056:T:G 19 49027056 0.109111 0.361912 rs79451422 0.001
19:49027280:A:G 19 49027280 0.216953 0.196933 rs61183183 0.01
19:49027683:A:G 19 49027683 0.220004 0.0166874 rs10414050 0.002
19:49027949:C:G 19 49027949 0.00250931 0.0162271 rs75828080 0.021
19:49028160:T:C 19 49028160 0.410799 0.236194 rs73944807 0.007
19:49028306:G:A 19 49028306 0.337579 0.213503 rs113509487 0
19:49028451:C:T 19 49028451 0.221559 0.196933 rs112648784 0.01
19:49028501:A:G 19 49028501 0.221559 0.196933 rs113373758 0.01
19:49028590:A:G 19 49028590 0.358702 0.187003 rs112399547 0.017
19:49028983:A:G 19 49028983 0.221559 0.196933 rs58148711 0.01
19:49029005:T:C 19 49029005 0.221559 0.196933 rs75903358 0.01
19:49029027:T:C 19 49029027 0.235453 0.0110635 rs4350673 0.003
19:49029351:A:C 19 49029351 0.903897 0.750921 rs112233315 0.003
19:49029830:T:A 19 49029830 0.202612 0.952571 rs77895439 0
19:49029911:G:A 19 49029911 0.799682 0.371404 rs114307873 0.001
19:49029924:A:G 19 49029924 0.228967 0.196745 rs73944809 0.01
19:49030085:T:C 19 49030085 0.227863 0.196745 rs8104811 0.01
19:49030137:A:G 19 49030137 0.139766 0.100952 rs10408935 0.002
19:49030370:A:G 19 49030370 0.229107 0.196745 rs8104202 0.01
19:49031002:A:T 19 49031002 0.205569 0.133655 rs10415959 0.004
19:49031813:A:C 19 49031813 0.166315 0.914906 rs74409366 0.006
19:49031922:G:C 19 49031922 0.231502 0.199472 rs59765396 0.01
19:49031988:A:C 19 49031988 0.477572 0.849151 rs114792720 0
19:49032009:T:C 19 49032009 0.292847 0.615079 rs56696012 0
19:49032010:G:A 19 49032010 0.166315 0.914906 rs114536052 0.006
19:49032026:G:A 19 49032026 0.800099 0.370415 rs59323204 0.001
19:49032212:G:A 19 49032212 0.165994 0.0808005 rs75906447 0.002
19:49032242:G:A 19 49032242 0.116305 0.850438 rs28694542 0.005
19:49032290:A:T 19 49032290 0.261106 0.126252 rs58016388 0.009
19:49032315:A:C 19 49032315 0.131868 0.0967841 rs10426816 0.002
19:49032352:T:C 19 49032352 0.165774 0.0886885 rs10402449 0.002
19:49032924:C:T 19 49032924 0.0257239 0.15663 rs58995064 0.025
19:49032938:G:C 19 49032938 0.261899 0.202643 rs59662924 0.01
19:49033226:G:A 19 49033226 0.165774 0.0886885 rs7249659 0.002
19:49033469:T:C 19 49033469 0.0259227 0.156828 rs76083519 0.025
19:49033509:A:G 19 49033509 0.131868 0.0967841 rs116177576 0.002
19:49033549:G:A 19 49033549 0.331225 0.21617 rs75124005 0
19:49033595:A:G 19 49033595 0.611844 0.991914 rs16982125 0.001
19:49033633:G:A 19 49033633 0.261899 0.202643 rs16982128 0.01
19:49033684:T:C 19 49033684 0.95085 0.360677 rs7250881 0.001
19:49033852:T:A 19 49033852 0.8316 0.665031 rs56139425 0.003
19:49034011:A:G 19 49034011 0.287477 0.192363 rs12610714 0.017
19:49034024:T:C 19 49034024 0.141975 0.808144 rs116397793 NA
19:49034170:C:T 19 49034170 0.192125 0.0222428 rs79911450 0.001
19:49034263:G:T 19 49034263 0.212683 0.269509 rs79142398 0
19:49034520:G:A 19 49034520 0.192125 0.0222428 rs79585878 0.001
19:49034542:A:G 19 49034542 0.253231 0.92837 rs11882317 0.005
19:49034860:C:A 19 49034860 0.199731 0.227006 rs7257615 0.009
19:49034933:G:A 19 49034933 0.221465 0.955121 rs115227122 0.001
19:49034943:A:G 19 49034943 0.199833 0.228971 rs7257632 0.009
19:49035096:C:A 19 49035096 0.199833 0.228971 rs7257859 0.002
19:49035140:C:A 19 49035140 0.231074 0.227715 rs76470967 0.009
19:49035296:C:T 19 49035296 0.223728 0.782211 rs76680870 0.004
19:49035307:G:A 19 49035307 0.732934 0.366931 rs114809865 0.001
19:49035363:G:T 19 49035363 0.223026 0.266271 rs61385707 0.013
19:49035603:C:T 19 49035603 0.223728 0.782211 rs56801979 0.004
19:49035960:G:A 19 49035960 0.349612 0.801157 rs73944810 0
19:49036024:G:A 19 49036024 0.264213 0.139067 rs79576804 0.009
19:49036483:A:T 19 49036483 0.474794 0.162885 rs8101617 0.001
19:49036917:C:T 19 49036917 0.920015 0.681116 rs75407443 0.003
19:49036945:C:T 19 49036945 0.319299 0.139067 rs111513704 0.009
19:49037140:C:T 19 49037140 0.0315412 0.190467 rs79548663 0.024
19:49037473:C:T 19 49037473 0.183606 0.520872 rs112692483 0.013
19:49037564:G:A 19 49037564 0.920274 0.681156 rs28368469 0.003
19:49037672:C:A 19 49037672 0.318204 0.421658 rs28734782 0.005
19:49037759:G:A 19 49037759 0.191084 0.0195152 rs28521780 0.002
19:49037903:G:T 19 49037903 0.0942832 0.832989 rs112881907 0.001
19:49038099:C:T 19 49038099 0.944582 0.261076 rs9973288 0.006
19:49038116:G:C 19 49038116 0.210203 0.827372 rs10419060 0.004
19:49038989:T:A 19 49038989 0.307083 0.116605 rs116593398 0
19:49039148:G:A 19 49039148 0.971282 0.5808 rs11880740 0.004
19:49039191:T:C 19 49039191 0.216714 0.269151 rs111782690 0.013
19:49039239:T:C 19 49039239 0.541065 0.325245 rs7245767 0
19:49039699:A:G 19 49039699 0.97107 0.581587 rs7260559 0.004
19:49040006:G:C 19 49040006 0.125005 0.688009 rs10407332 0.006
19:49040098:G:T 19 49040098 0.495725 0.25112 rs8103233 0.011
19:49040104:T:A 19 49040104 0.833852 0.354063 rs10408792 0.009
19:49040108:A:T 19 49040108 0.151978 0.394848 rs10406999 0.013
19:49040151:G:C 19 49040151 0.954093 0.27088 rs10407745 0.011
19:49040313:C:G 19 49040313 0.0920076 0.133034 rs112883342 0
19:49040561:A:T 19 49040561 0.667152 0.171939 rs115570521 0
19:49041085:A:G 19 49041085 0.0793788 0.39061 rs77853708 0.003
19:49041171:A:T 19 49041171 0.644079 0.728101 rs79686100 0.002
19:49041773:A:G 19 49041773 0.535769 0.876473 rs279444 0
19:49042727:A:C 19 49042727 0.0868297 0.682077 rs75880807 0.002
19:49043138:G:A 19 49043138 0.810714 0.807068 rs116045088 0.002
19:49043259:G:C 19 49043259 0.0719637 0.506444 rs28633623 0.002
19:49043307:A:G 19 49043307 0.0720444 0.506363 rs28615105 0.002
19:49043477:C:T 19 49043477 0.0772011 0.5137 rs28709835 0.002
19:49043493:G:A 19 49043493 0.0530942 0.645266 rs116590816 0
19:49043693:T:C 19 49043693 0.0719637 0.5137 rs28501455 0.002
19:49043777:C:T 19 49043777 0.810714 0.807068 rs116362548 0.002
19:49044017:T:C 19 49044017 0.126471 0.590443 rs77128812 0.009
19:49044089:G:A 19 49044089 0.0623196 0.986409 rs10424103 0.004
19:49044101:G:A 19 49044101 0.274616 0.696957 rs10424119 0.009
19:49044126:C:T 19 49044126 0.863955 0.612932 rs1231245 0
19:49044209:TACAC:T 19 49044209 0.166722 0.654954 rs72275673 NA
19:49044313:TAC:T 19 49044313 0.574883 0.905152 rs113645990 0.001
19:49044351:T:C 19 49044351 0.861178 0.722786 rs1231243 0
19:49044927:T:C 19 49044927 0.0743612 0.623023 rs28731275 0.002
19:49044991:G:A 19 49044991 0.0676556 0.549269 rs28521549 0
19:49045182:C:T 19 49045182 0.82375 0.826298 rs114608453 0.002
19:49045269:A:T 19 49045269 0.280929 0.76662 rs76072947 0.003
19:49045327:T:C 19 49045327 0.191446 0.518881 rs114097803 NA
19:49045516:T:C 19 49045516 0.0815092 0.864499 rs115296006 0
19:49046302:C:G 19 49046302 0.0246173 0.811828 rs8106175 0.002
19:49046338:A:C 19 49046338 0.0121095 0.173101 rs8106171 0.018
19:49046348:C:T 19 49046348 0.802606 0.389901 rs114500794 0
19:49046562:G:A 19 49046562 0.0780419 0.623023 rs10413911 0.002
19:49047019:C:A 19 49047019 0.650585 0.651773 rs2665593 0
19:49047046:C:T 19 49047046 0.648471 0.651294 rs2544808 0
19:49047125:T:C 19 49047125 0.0684792 0.545671 rs111428616 0
19:49047131:C:T 19 49047131 0.0118495 0.1836 rs116282146 0.017
19:49047210:G:A 19 49047210 0.186408 0.856613 rs2544807 0
19:49048204:T:C 19 49048204 0.054669 0.729079 rs77515833 0.01
19:49048428:C:T 19 49048428 0.311501 0.794262 rs9807810 0.002
19:49048579:C:T 19 49048579 0.0102211 0.173101 rs60449644 0.018
19:49048587:C:T 19 49048587 0.931271 0.261511 rs116516103 0
19:49048955:T:C 19 49048955 0.242144 0.636404 rs2665591 0.002
19:49049003:C:A 19 49049003 0.252537 0.849272 rs115044742 0
19:49049324:T:G 19 49049324 0.832006 0.826298 rs116366642 0.002
19:49049629:G:T 19 49049629 0.905763 0.362033 rs77910340 0.001
19:49049764:C:T 19 49049764 0.236617 0.750799 rs113619251 0.004
19:49050026:C:T 19 49050026 0.692868 0.16257 rs12460223 0
19:49050110:G:A 19 49050110 0.0322656 0.0811685 rs73944813 0.015
19:49050145:C:A 19 49050145 0.817571 0.843181 rs115826394 0.001
19:49051053:G:A 19 49051053 0.97523 0.183117 rs56292468 0.003
19:49051136:T:A 19 49051136 0.470654 0.377859 rs35869676 0.005
19:49051224:T:C 19 49051224 0.791853 0.101749 rs111529664 0.006
19:49051265:C:T 19 49051265 0.140658 0.708842 rs8111964 0.01
19:49051314:T:C 19 49051314 0.433914 0.439471 rs115884750 0
19:49051326:A:G 19 49051326 0.134633 0.485412 rs75303089 0.002
19:49051443:T:A 19 49051443 0.791853 0.101749 rs113453050 0.006
19:49051479:T:C 19 49051479 0.668806 0.549376 rs8113025 0.005
19:49051613:T:C 19 49051613 0.888358 0.198369 rs114518757 0.001
19:49052021:G:T 19 49052021 0.881526 0.198369 rs113922065 0.001
19:49052160:A:G 19 49052160 0.306442 0.32537 rs73575855 0
19:49052535:A:C 19 49052535 0.489522 0.776647 rs279452 0
19:49052780:CAATT:C 19 49052780 0.447285 0.36852 rs35076505 0
19:49053006:G:T 19 49053006 0.129517 0.941493 rs73944820 0.003
19:49053050:C:A 19 49053050 0.568501 0.118106 rs76809437 0
19:49053067:G:A 19 49053067 0.44056 0.797818 rs78235923 0
19:49053248:G:A 19 49053248 0.798664 0.158506 rs12611321 0.003
19:49053306:A:C 19 49053306 0.766531 0.70368 rs279451 0
19:49053366:G:T 19 49053366 0.592942 0.74487 rs77286106 0
19:49053778:C:T 19 49053778 0.811473 0.852276 rs114590251 0.001
19:49054079:G:A 19 49054079 0.832158 0.917671 rs11878685 0
19:49054093:G:A 19 49054093 0.140444 0.628175 rs111346953 0.004
19:49054201:T:C 19 49054201 0.669211 0.67049 rs279449 0.002
19:49054385:G:A 19 49054385 0.879316 0.961828 rs114767580 0.001
19:49054800:G:A 19 49054800 0.777307 0.467693 rs114861426 0.001
19:49054857:A:G 19 49054857 0.678239 0.903134 rs279448 0.002
19:49054881:C:T 19 49054881 0.173593 0.624165 rs116289702 0
19:49054892:G:A 19 49054892 0.292203 0.902114 rs113314746 0.009
19:49055125:C:T 19 49055125 0.292203 0.902114 rs111440064 0.009
19:49055135:G:A 19 49055135 0.828144 0.426536 rs77907855 0
19:49055279:A:C 19 49055279 0.819905 0.101432 rs112314572 0.006
19:49055316:C:G 19 49055316 0.122618 0.588556 rs12609189 0.003
19:49055796:T:C 19 49055796 0.826401 0.787652 rs279447 0.003
19:49055821:G:C 19 49055821 0.242693 0.814768 rs74845313 0.002
19:49056170:G:C 19 49056170 0.285787 0.0462049 rs79949863 0
19:49056774:C:T 19 49056774 0.967663 0.676714 rs11880293 0
19:49056826:T:C 19 49056826 0.373321 0.750627 rs11878385 0.001
19:49056855:C:G 19 49056855 0.240963 0.0419411 rs11880900 0.001
19:49056912:C:T 19 49056912 0.0666135 0.0131322 rs74413734 0.015
19:49056932:T:A 19 49056932 0.417062 0.295811 rs28759208 0.002
19:49057789:C:A 19 49057789 0.368081 0.352149 rs79609488 0
19:49058177:C:T 19 49058177 0.42098 0.472863 rs116396584 0
19:49058326:G:A 19 49058326 0.618573 0.420794 rs115320571 0.001
19:49058564:T:G 19 49058564 0.892508 0.622967 rs58046741 0
19:49058801:G:A 19 49058801 0.98906 0.120006 rs114343239 NA
19:49059082:C:T 19 49059082 0.345498 0.347857 rs11882405 0
19:49059198:T:C 19 49059198 0.493712 0.213935 rs28366580 0.002
19:49059438:G:C 19 49059438 0.336754 0.575323 rs73944822 0.009
19:49059485:C:T 19 49059485 0.98906 0.0515215 rs111432999 0.011
19:49059525:T:G 19 49059525 0.0744209 0.960416 rs28626601 0.001
19:49059737:C:G 19 49059737 0.835963 0.508494 rs34373168 0.002
19:49060192:A:G 19 49060192 0.276236 0.23965 rs7409348 0
19:49060485:A:G 19 49060485 0.529182 0.244569 rs73575876 0.002
19:49060535:G:A 19 49060535 0.273675 0.515911 rs112377639 0.012
19:49060804:G:A 19 49060804 0.279292 0.66403 rs13347093 0.005
19:49061579:C:T 19 49061579 0.53166 0.508472 rs77663904 0
19:49061608:C:T 19 49061608 0.2705 0.389485 rs56278472 0.009
19:49061724:G:A 19 49061724 0.670758 0.458928 rs3848542 0.002
19:49062157:T:G 19 49062157 0.59882 0.73791 rs8100256 0.002
19:49062163:A:G 19 49062163 0.592667 0.736395 rs8113355 0.002
19:49062264:G:C 19 49062264 0.268824 0.464463 rs114177617 0
19:49062495:C:T 19 49062495 0.427083 0.705725 rs4801764 0
19:49062539:G:C 19 49062539 0.890004 0.0432066 rs112400086 0.011
19:49062563:G:A 19 49062563 0.427125 0.68748 rs4802489 0
19:49063392:G:A 19 49063392 0.20012 0.505228 rs79725161 0
19:49063628:A:G 19 49063628 0.605431 0.783072 rs116715519 0.001
19:49063691:C:A 19 49063691 0.467908 0.875286 rs114510169 0.005
19:49063908:T:C 19 49063908 0.605431 0.783072 rs115256880 0.001
19:49063926:C:T 19 49063926 0.0872651 0.767527 rs4801765 0
19:49064120:G:A 19 49064120 0.684453 0.452246 rs10415492 0.004
19:49064452:C:T 19 49064452 0.122644 0.789306 rs11882293 0.003
19:49064673:T:C 19 49064673 0.693354 0.882677 rs12975397 0.005
19:49064679:A:T 19 49064679 0.641845 0.954509 rs10416119 0.005
19:49064804:GA:G 19 49064804 0.562829 0.415754 rs36088037 0.001
19:49064959:C:T 19 49064959 0.400723 0.393813 rs12611137 0.001
19:49065009:C:T 19 49065009 0.517367 0.236001 rs11882923 0.009
19:49065052:C:T 19 49065052 0.447372 0.724516 rs79442104 0
19:49065059:C:A 19 49065059 0.0711779 0.0900308 rs12611151 0.008
19:49065162:G:A 19 49065162 0.416104 0.0460914 rs12611181 0.012
19:49065245:G:A 19 49065245 0.496044 0.0391698 rs12611192 0.011
19:49065294:A:G 19 49065294 0.519521 0.0389645 rs12611168 0.011
19:49065475:T:C 19 49065475 0.550043 0.428448 rs279445 0.004
19:49065632:A:G 19 49065632 0.378896 0.305386 rs112710368 0.023
19:49065890:T:C 19 49065890 0.352379 0.704326 rs175924 0.006
19:49065923:T:G 19 49065923 0.356539 0.944786 rs10404801 0.006
19:49066037:G:A 19 49066037 0.887457 0.643291 rs9304677 0
19:49066730:T:A 19 49066730 0.108605 0.754262 rs55940596 0.003
19:49066936:T:C 19 49066936 0.521717 0.185855 rs12462087 0
19:49066937:G:A 19 49066937 0.272228 0.769678 rs56359636 0.002
19:49066939:G:A 19 49066939 0.353633 0.646139 rs75171507 0.002
19:49067364:G:A 19 49067364 0.174205 0.800465 rs79700483 0.014
19:49067539:A:G 19 49067539 0.934653 0.061388 rs115235128 0
19:49068204:C:T 19 49068204 0.697159 0.550096 rs3909296 0
19:49068307:A:T 19 49068307 0.934778 0.0432791 rs2665598 0
19:49068592:G:T 19 49068592 0.65719 0.0619933 rs2544804 0.005
19:49068612:T:C 19 49068612 0.666665 0.126182 rs3909295 0.007
19:49068875:G:A 19 49068875 0.717168 0.0620076 rs2544803 0.001
19:49069161:A:G 19 49069161 0.757929 0.00445422 rs73050939 0
19:49069191:A:G 19 49069191 0.548208 0.563146 rs10425691 0.007
19:49069274:A:G 19 49069274 0.831124 0.0226706 rs74574000 0
19:49069318:C:T 19 49069318 0.357502 0.199504 rs56268756 0.004
19:49069332:G:A 19 49069332 0.357502 0.199504 rs55654096 0.004
19:49069357:C:T 19 49069357 0.529199 0.827229 rs10426286 0.003
19:49069359:G:A 19 49069359 0.357502 0.199504 rs55939133 0.004
19:49069416:G:C 19 49069416 0.357502 0.199504 rs56365212 0.004
19:49069485:A:T 19 49069485 0.397206 0.199504 rs74908627 0.004
19:49069534:G:A 19 49069534 0.124906 0.51966 rs10427068 0.002
19:49069623:G:A 19 49069623 0.418822 0.852072 rs116708639 0.003
19:49069639:G:C 19 49069639 0.397206 0.199504 rs77159152 0.004
19:49069888:C:T 19 49069888 0.0909264 0.473932 rs12104307 0.007
19:49069965:A:G 19 49069965 0.397206 0.199504 rs2665599 0.004
19:49070048:A:G 19 49070048 0.397206 0.199504 rs2544802 0.004
19:49070134:C:T 19 49070134 0.397206 0.199578 rs2665600 0.004
19:49070149:T:A 19 49070149 0.397206 0.199578 rs114985570 0.004
19:49070175:A:G 19 49070175 0.397206 0.199578 rs9676424 0.004
19:49070246:C:G 19 49070246 0.810905 0.0632687 rs111906352 0.001
19:49070259:T:C 19 49070259 0.390456 0.217933 rs9676485 NA
19:49070392:G:A 19 49070392 0.393699 0.198795 rs2665601 0.004
19:49070405:T:C 19 49070405 0.398291 0.198795 rs2665602 0.004
19:49070592:G:A 19 49070592 0.667132 0.525983 rs6509391 0.003
19:49070648:G:C 19 49070648 0.73851 0.441677 rs2665603 0.004
19:49070682:G:A 19 49070682 0.751132 0.441555 rs2665604 0.004
19:49070691:C:T 19 49070691 0.37746 0.84799 rs9676465 0.002
19:49070799:T:C 19 49070799 0.751132 0.441555 rs2544801 0.004
19:49070814:A:C 19 49070814 0.761755 0.364323 rs9973264 0
19:49070874:A:G 19 49070874 0.74087 0.43578 rs2665605 0.004
19:49070964:C:T 19 49070964 0.88922 0.291614 rs11671705 0.001
19:49071045:G:A 19 49071045 0.630094 0.562052 rs8107219 0.004
19:49071118:T:C 19 49071118 0.630094 0.562052 rs10416165 0.004
19:49071213:C:T 19 49071213 0.902642 0.48787 rs11083942 0.003
19:49071538:A:G 19 49071538 0.590376 0.54706 rs12610737 0.003
19:49071568:A:T 19 49071568 0.599609 0.561916 rs10415318 0.003
19:49071756:A:G 19 49071756 0.661103 0.0966259 rs2544800 0.002
19:49071874:C:G 19 49071874 0.800344 0.0560817 rs2665606 0.001
19:49071885:C:G 19 49071885 0.741334 0.562398 rs10408348 0
19:49072015:T:C 19 49072015 0.973921 0.0151709 rs115856303 0.002
19:49072025:C:T 19 49072025 0.972989 0.0171401 rs78935929 0.002
19:49072109:C:A 19 49072109 0.995359 0.287038 rs80063723 0.001
19:49072156:T:G 19 49072156 0.707598 0.347659 rs11083943 0
19:49072265:A:G 19 49072265 0.710477 0.356969 rs11083944 0
19:49072277:G:A 19 49072277 0.707371 0.348934 rs11083945 0
19:49072358:A:G 19 49072358 0.706357 0.3489 rs12980615 0
19:49072460:G:A 19 49072460 0.948103 0.299636 rs12608918 0.001
19:49072467:C:T 19 49072467 0.691425 0.351635 rs12608902 0
19:49072556:G:C 19 49072556 0.452209 0.177986 rs12981760 0.001
19:49072557:C:A 19 49072557 0.635262 0.238913 rs12981299 0.002
19:49072585:A:C 19 49072585 0.199012 0.675522 rs9676509 0
19:49072690:T:C 19 49072690 0.178345 0.652953 rs12983435 0
19:49072794:T:C 19 49072794 0.201347 0.668842 rs67039948 0
19:49072811:T:G 19 49072811 0.18971 0.672999 rs112094951 0
19:49072816:A:G 19 49072816 0.18971 0.672999 rs112617333 0
19:49072826:G:C 19 49072826 0.268367 0.960491 rs112418497 0
19:49072902:T:C 19 49072902 0.20865 0.70273 rs57055186 0
19:49072911:A:G 19 49072911 0.20865 0.70273 rs78148216 0
19:49072913:G:A 19 49072913 0.199177 0.714735 rs77181213 0
19:49072929:G:T 19 49072929 0.28047 0.889669 rs79760503 0
19:49072930:G:T 19 49072930 0.179779 0.618656 rs79359342 0
19:49072937:G:T 19 49072937 0.179779 0.618656 rs74694745 0
19:49073001:A:G 19 49073001 0.170825 0.759808 rs8107786 0
19:49073010:G:A 19 49073010 0.175738 0.616846 rs8108153 0
19:49073026:T:G 19 49073026 0.800075 0.0589478 rs8108788 0.001
19:49073169:T:C 19 49073169 0.278279 0.88405 rs8108917 0
19:49073205:G:A 19 49073205 0.986861 0.27857 rs114600583 0.001
19:49073412:G:A 19 49073412 0.358625 0.826964 rs111252729 0
19:49073427:C:T 19 49073427 0.358625 0.826964 rs113589878 0
19:49073637:T:C 19 49073637 0.683158 0.306469 rs11882607 0.003
19:49073679:G:C 19 49073679 0.254798 0.881279 rs2665574 0
19:49073731:C:T 19 49073731 0.416437 0.744496 rs118002181 0
19:49073799:A:G 19 49073799 0.25423 0.861889 rs2665575 0
19:49073874:G:A 19 49073874 0.870386 0.249295 rs115297526 0.006
19:49073974:C:T 19 49073974 0.248724 0.866545 rs8111787 0
19:49073987:GT:G 19 49073987 0.172054 0.665715 rs72229918 0.001
19:49074096:G:C 19 49074096 0.255827 0.890954 rs6509392 0
19:49074104:C:T 19 49074104 0.222413 0.866457 rs6509393 0.001
19:49074578:C:T 19 49074578 0.80077 0.0898081 rs2544799 0.001
19:49074614:C:T 19 49074614 0.137851 0.938035 rs2665576 0
19:49074764:G:A 19 49074764 0.226612 0.728665 rs2544798 0.001
19:49074898:G:A 19 49074898 0.151103 0.904312 rs2246836 0
19:49074906:C:A 19 49074906 0.125381 0.469475 rs2246837 0.001
19:49074912:AT:A 19 49074912 0.166422 0.904717 rs11286832 0
19:49074954:GAGA:G 19 49074954 0.186396 0.870053 rs67763467 0.001
19:49074963:G:T 19 49074963 0.309829 0.727559 rs2379089 0.001
19:49075082:G:C 19 49075082 0.313964 0.727271 rs2665577 0.001
19:49075161:T:C 19 49075161 0.230642 0.923379 rs2544797 0
19:49075277:T:C 19 49075277 0.219345 0.931392 rs2544796 0.001
19:49075337:G:C 19 49075337 0.517903 0.547792 rs11881295 0.001
19:49075341:G:A 19 49075341 0.309829 0.727326 rs4011542 0.001
19:49075356:T:G 19 49075356 0.686487 0.926113 rs75806763 0
19:49075393:A:G 19 49075393 0.367031 0.953032 rs113673162 0
19:49075454:T:G 19 49075454 0.324229 0.713795 rs62130286 0
19:49075465:G:A 19 49075465 0.0881762 0.532987 rs113739350 0.007
19:49075538:G:A 19 49075538 0.330847 0.707953 rs34578466 0.001
19:49075546:C:T 19 49075546 0.330847 0.707953 rs34107488 0.001
19:49075556:G:A 19 49075556 0.314217 0.742526 rs7248376 0.001
19:49075631:A:G 19 49075631 0.246479 0.88201 rs10405920 0.001
19:49075645:C:A 19 49075645 0.859714 0.32993 rs12976976 0.002
19:49075694:C:G 19 49075694 0.726242 0.328176 rs12977025 0.002
19:49075712:A:T 19 49075712 0.726665 0.330279 rs12977008 0.002
19:49075766:A:G 19 49075766 0.974643 0.347563 rs35172026 0.003
19:49075781:A:G 19 49075781 0.364996 0.496627 rs6509394 0
19:49075811:C:G 19 49075811 0.567052 0.476054 rs6509395 0
19:49076438:T:C 19 49076438 0.798078 0.0840582 rs2665578 0.001
19:49076602:G:A 19 49076602 0.759531 0.355765 rs3760800 0.001
19:49076631:G:A 19 49076631 0.994679 0.410429 rs115703666 0.006
19:49076687:G:A 19 49076687 0.791911 0.996656 rs3760802 0.002
19:49076785:C:T 19 49076785 0.79937 0.345476 rs3760803 0.001
19:49076822:G:A 19 49076822 0.630414 0.589542 rs8109679 0
19:49076923:C:G 19 49076923 0.814946 0.346438 rs3826827 0.001
19:49076929:T:G 19 49076929 0.807395 0.346438 rs4802490 0.001
19:49077026:G:C 19 49077026 0.803374 0.346042 rs4802491 0.001
19:49077057:G:A 19 49077057 0.714289 0.650439 rs3760804 0.001
19:49077064:T:C 19 49077064 0.808457 0.345855 rs7257121 0.001
19:49077122:C:G 19 49077122 0.725085 0.617928 rs3760805 0.001
19:49077231:C:T 19 49077231 0.651177 0.333423 rs3760806 0
19:49077276:G:C 19 49077276 0.483813 0.850983 rs3760807 0.001
19:49077452:A:G 19 49077452 0.743965 0.909889 rs2665579 0.002
19:49077525:A:C 19 49077525 0.652266 0.793502 rs76497984 0.001
19:49077667:C:T 19 49077667 0.47727 0.854809 rs3760808 0.001
19:49078141:G:A 19 49078141 0.815446 0.734566 rs2665580 0
19:49078207:T:C 19 49078207 0.966466 0.0310447 rs78092772 0.001
19:49078311:A:G 19 49078311 0.78333 0.498256 rs116506979 0.006
19:49078427:A:G 19 49078427 0.779446 0.663129 rs4801766 0.005
19:49078720:A:T 19 49078720 0.716431 0.108336 rs10402100 0
19:49078720:AATAT:A 19 49078720 0.880676 0.767867 rs71952245 0
19:49078839:A:G 19 49078839 0.563212 0.376444 rs7249118 0.005
19:49078897:C:T 19 49078897 0.162021 0.428347 rs117121483 0
19:49079246:C:T 19 49079246 0.976342 0.524418 rs2544794 0.008
19:49079462:G:A 19 49079462 0.68885 0.480276 rs2544793 0.002
19:49079603:A:C 19 49079603 0.71058 0.505597 rs2665589 0.002
19:49079614:C:T 19 49079614 0.956732 0.82682 rs2544792 0.001
19:49079616:C:T 19 49079616 0.151432 0.21302 rs12980918 0.003
19:49079651:G:A 19 49079651 0.15102 0.205972 rs8104499 0.004
19:49079790:T:C 19 49079790 0.238912 0.639393 rs112834946 0.015
19:49079922:G:A 19 49079922 0.603778 0.660601 rs116204657 0.002
19:49080054:T:C 19 49080054 0.924783 0.171509 rs58937410 0.013
19:49080176:G:A 19 49080176 0.120417 0.800809 rs8108022 0.005
19:49080732:C:T 19 49080732 0.105638 0.709987 rs10417160 0.005
19:49080768:G:T 19 49080768 0.107283 0.036793 rs76241470 0
19:49080826:C:T 19 49080826 0.107283 0.036793 rs76005986 0
19:49081308:TA:T 19 49081308 0.417781 0.0214206 rs34622126 0
19:49081395:G:T 19 49081395 0.106583 0.036793 rs7258739 0
19:49081484:G:C 19 49081484 0.123495 0.837788 rs10424237 0.004
19:49081512:G:A 19 49081512 0.272029 0.810673 rs74331737 0.001
19:49081747:G:A 19 49081747 0.817159 0.143153 rs79647759 0.014
19:49081751:A:T 19 49081751 0.986192 0.00517801 rs2544790 0
19:49081787:C:T 19 49081787 0.208797 0.773658 rs73050976 0.001
19:49082026:G:A 19 49082026 0.140382 0.430087 rs8108812 0
19:49082265:G:A 19 49082265 0.104915 0.0379108 rs8109054 0
19:49082406:A:T 19 49082406 0.106583 0.0364341 rs8108904 0
19:49082429:T:C 19 49082429 0.751422 0.0265204 rs116287418 0
19:49082600:C:A 19 49082600 0.187683 0.333759 rs7255533 0.001
19:49082650:T:C 19 49082650 0.106592 0.0356879 rs35747850 0
19:49083493:A:G 19 49083493 0.457268 0.67699 rs6509396 0
19:49083506:C:T 19 49083506 0.103876 0.45334 rs60099215 0
19:49083629:GC:G 19 49083629 0.34373 0.520682 rs79277925 0
19:49084056:G:A 19 49084056 0.674259 0.719967 rs6509397 0.006
19:49084088:G:A 19 49084088 0.530109 0.655737 rs114982234 0.002
19:49084114:C:T 19 49084114 0.161755 0.801057 rs11878647 0.003
19:49084356:C:T 19 49084356 0.999841 0.195136 rs7248627 0.022
19:49084464:AT:A 19 49084464 0.156915 0.713779 rs35186872 0
19:49084531:T:C 19 49084531 0.999841 0.195136 rs7249780 0.022
19:49084556:C:T 19 49084556 0.172281 0.822291 rs11878722 0.002
19:49084591:G:A 19 49084591 0.104056 0.442641 rs111524960 0
19:49084596:T:C 19 49084596 0.719887 0.0376919 rs4801767 0.001
19:49084655:G:A 19 49084655 0.595489 0.452621 rs2665584 0
19:49084675:G:A 19 49084675 0.404087 0.00355941 rs2544789 0.011
19:49084712:A:G 19 49084712 0.367954 0.00354916 rs2544788 0.011
19:49084839:C:T 19 49084839 0.367954 0.00356367 rs2544787 0.012
19:49085200:C:T 19 49085200 0.390623 0.00356367 rs2544786 0.012
19:49085425:G:C 19 49085425 0.390623 0.00343056 rs2665583 0.012
19:49085644:GTA:G 19 49085644 0.390623 0.00343211 rs66529713 0.011
19:49085710:C:T 19 49085710 0.226624 0.00403713 rs2544785 0.014
19:49085733:A:T 19 49085733 0.390499 0.00303328 rs2544784 0.012
19:49085840:A:C 19 49085840 0.390499 0.00303442 rs10420140 0.011
19:49085899:A:G 19 49085899 0.380715 0.00367156 rs10420172 0.011
19:49085911:A:C 19 49085911 0.390499 0.00303442 rs10420304 0.011
19:49085934:T:C 19 49085934 0.390905 0.00304153 rs10422117 0.011
19:49085968:T:C 19 49085968 0.390644 0.00304454 rs56302684 0.011
19:49085969:G:A 19 49085969 0.390644 0.00304454 rs10420892 0.011
19:49085993:G:A 19 49085993 0.0832051 0.0920282 rs61416619 0.003
19:49086055:G:A 19 49086055 0.408966 0.00236378 rs10421116 0.01
19:49086218:T:A 19 49086218 0.361929 0.00228613 rs113201478 0.013
19:49086797:G:A 19 49086797 0.506063 0.00248185 rs10422717 0.011
19:49087197:T:C 19 49087197 0.506063 0.00221987 rs4080470 0.011
19:49087292:C:T 19 49087292 0.505815 0.00234005 rs4080469 0.011
19:49087534:G:A 19 49087534 0.140673 0.803937 rs73944830 0.003
19:49087570:A:T 19 49087570 0.282333 0.0442754 rs7246557 0.021
19:49087756:G:A 19 49087756 0.38333 0.13103 rs73944831 0.014
19:49087798:C:G 19 49087798 0.69676 0.000388067 rs58265481 0.007
19:49088046:G:A 19 49088046 0.664113 0.424979 rs28446557 0.002
19:49088065:T:C 19 49088065 0.800593 0.137434 rs11083946 0.006
19:49088168:C:T 19 49088168 0.559757 0.372699 rs73053552 0.001
19:49088690:T:C 19 49088690 0.410676 0.000498713 rs111885481 0
19:49088922:G:A 19 49088922 0.399764 0.00393041 rs10416980 0
19:49088941:T:G 19 49088941 0.392269 0.000482462 rs10418193 0
19:49088992:T:C 19 49088992 0.477212 0.00180753 rs10418222 0.001
19:49089205:G:A 19 49089205 0.638569 0.0352314 rs73053558 0.001
19:49089564:T:G 19 49089564 0.979148 0.00359756 rs10419482 0
19:49089711:A:G 19 49089711 0.867853 0.0031706 rs8109050 0
19:49089929:C:T 19 49089929 0.13625 0.497929 rs77663787 0
19:49089932:C:G 19 49089932 0.89543 0.0036907 rs8112135 0
19:49090165:C:T 19 49090165 0.89543 0.0036907 rs10424430 0
19:49090224:A:G 19 49090224 0.992975 0.00477235 rs10424445 0.001
19:49090253:G:C 19 49090253 0.992975 0.00477235 rs10424976 0.001
19:49090306:T:C 19 49090306 0.992975 0.00477235 rs10426193 0.001
19:49090342:G:C 19 49090342 0.995571 0.00476176 rs10425172 0.001
19:49090348:A:G 19 49090348 0.862273 0.00478554 rs10424655 0.001
19:49090809:T:A 19 49090809 0.769933 0.00888025 rs11880831 0.001
19:49091495:C:T 19 49091495 0.179721 0.182306 rs116164952 0.002
19:49091515:C:A 19 49091515 0.318943 0.53392 rs115094053 0
19:49091753:A:G 19 49091753 0.422021 0.455744 rs56241787 0.004
19:49091757:A:G 19 49091757 0.421988 0.454346 rs61400743 0.004
19:49091862:C:T 19 49091862 0.617706 0.461132 rs56199427 0.001
19:49091894:C:T 19 49091894 0.14172 0.164881 rs57180832 0.004
19:49092142:A:G 19 49092142 0.222025 0.15046 rs59550816 0.021
19:49092551:G:A 19 49092551 0.00457275 0.52561 rs10401347 0.002
19:49092627:A:T 19 49092627 0.484031 0.588938 rs62130305 0
19:49092901:A:G 19 49092901 0.49325 0.589931 rs73944836 0.026
19:49093393:C:T 19 49093393 0.0276166 0.0387209 rs2890071 0.059
19:49093651:G:T 19 49093651 0.0578962 0.478993 rs62130306 0.032
19:49093847:A:G 19 49093847 0.630989 0.811869 rs111654006 0.052
19:49094470:T:C 19 49094470 0.722913 0.143141 rs78298080 0.006
19:49094770:G:A 19 49094770 0.679832 0.655359 rs76942736 0.008
19:49095278:T:C 19 49095278 0.0356499 0.0497514 rs3786749 0.051
19:49095463:G:C 19 49095463 0.0459869 0.287668 rs3786750 0.032
19:49095640:G:A 19 49095640 0.431145 0.0929603 rs10423750 0.062
19:49095775:C:A 19 49095775 0.476803 0.35857 rs3815692 0.004
19:49095805:G:C 19 49095805 0.554434 0.167596 rs59705399 0.011
19:49095871:G:A 19 49095871 0.473763 0.360074 rs2302949 0.004
19:49095898:G:A 19 49095898 0.0992043 0.0555948 rs10403171 0.054
19:49095908:C:T 19 49095908 0.698041 0.458818 rs75015301 0
19:49096065:C:T 19 49096065 0.0446721 0.282448 rs2302948 0.032
19:49096161:C:A 19 49096161 0.615011 0.340132 rs16982163 0.011
19:49096292:G:A 19 49096292 0.866729 0.448246 rs3859437 0.01
19:49096851:C:T 19 49096851 0.154023 0.140783 rs28439983 0.087
19:49096898:T:A 19 49096898 0.905668 0.995841 rs113948185 0
19:49097126:G:A 19 49097126 0.0185137 0.0942001 rs10411304 0.054
19:49097254:G:A 19 49097254 0.039448 0.133745 rs10411546 0.069
19:49097663:C:T 19 49097663 0.555737 0.522174 rs35450632 0.002
19:49097887:A:T 19 49097887 0.543451 0.210608 rs10417472 0.005
19:49097949:C:T 19 49097949 0.622757 0.499182 rs34698909 0.002
19:49098159:CCAG:C 19 49098159 0.586557 0.0755303 rs72370571 0.062
19:49098356:A:G 19 49098356 0.0152832 0.0286693 rs62130307 0.057
19:49098526:C:T 19 49098526 0.582906 0.535159 rs12460513 0.002
19:49098538:TA:T 19 49098538 0.610708 0.229964 rs35536990 0.02
19:49098562:CA:C 19 49098562 0.642223 0.0810482 rs35280795 0.065
19:49098750:A:G 19 49098750 0.228934 0.945244 rs12460535 0.003
19:49098775:C:T 19 49098775 0.652664 0.0991504 rs2379085 0.065
19:49098779:C:T 19 49098779 0.0161318 0.0334665 rs62130308 0.057
19:49099006:A:C 19 49099006 0.494681 0.0834403 rs2379081 0.099
19:49099190:A:G 19 49099190 0.703416 0.532189 rs2665585 0.011
19:49099312:G:C 19 49099312 0.895258 0.829138 rs78980897 0.002
19:49099381:A:G 19 49099381 0.50017 0.252241 rs2665586 0.004
19:49099447:G:A 19 49099447 0.0744036 0.0583484 rs79008751 0.081
19:49099491:T:C 19 49099491 0.527621 0.569095 rs2665587 0.011
19:49099665:C:G 19 49099665 0.760399 0.991954 rs3843745 0.015
19:49099727:C:G 19 49099727 0.682552 0.936492 rs3859438 0.016
19:49099730:T:G 19 49099730 0.664301 0.149795 rs2665588 0.056
19:49099955:C:T 19 49099955 0.374522 0.563319 rs3815691 0.001
19:49100663:C:T 19 49100663 0.329393 0.194117 rs8103525 0.002
19:49100703:T:C 19 49100703 0.426489 0.103023 rs7408540 0.002
19:49101336:A:G 19 49101336 0.489798 0.916148 rs73579540 0.022
19:49101402:C:T 19 49101402 0.918077 0.829138 rs115018887 0.002
19:49101548:A:G 19 49101548 0.530373 0.558807 rs12462337 0.003
19:49101577:C:T 19 49101577 0.408494 0.708194 rs59804739 0
19:49101956:C:T 19 49101956 0.729705 0.511555 rs4149455 0.015
19:49101990:G:A 19 49101990 0.0669369 0.112567 rs4149456 0.029
19:49102399:C:T 19 49102399 0.635798 0.92544 rs1132054 0.021
19:49102469:C:G 19 49102469 0.912443 0.829138 rs61748775 0.002
19:49102513:C:T 19 49102513 0.364553 0.774401 rs1052131 0
19:49102718:G:A 19 49102718 0.387552 0.727732 rs117988024 0
19:49102782:G:A 19 49102782 0.696404 0.605181 rs10410524 0.007
19:49102814:G:A 19 49102814 0.975837 0.735092 rs10415861 0.008
19:49103076:C:T 19 49103076 0.62958 0.0844189 rs113288212 0.002
19:49103165:A:G 19 49103165 0.530468 0.917394 rs111749968 0.022
19:49103243:C:T 19 49103243 0.555072 0.57141 rs34439264 0.003
19:49103364:G:C 19 49103364 0.529329 0.397735 rs115656155 0.02
19:49103447:C:T 19 49103447 0.0078442 0.76636 rs411482 0.017
19:49103705:G:A 19 49103705 0.361305 0.819939 rs58873477 0.032
19:49103737:C:T 19 49103737 0.0604781 0.0982662 rs62130309 0.052
19:49103741:C:T 19 49103741 0.511782 0.770963 rs395262 0.007
19:49103771:G:A 19 49103771 0.187402 0.262648 rs1236095 0.007
19:49104008:A:G 19 49104008 0.146885 0.299383 rs1236094 0
19:49104138:G:C 19 49104138 0.0700049 0.0967151 rs62130310 0.054
19:49104206:G:A 19 49104206 0.0361165 0.0669427 rs62130311 0.052
19:49104308:C:T 19 49104308 0.00405004 0.84887 rs1236093 0.001
19:49104466:C:T 19 49104466 0.533415 0.895083 rs73579553 0.022
19:49104739:C:T 19 49104739 0.490285 0.767518 rs390881 0.007
19:49104891:G:A 19 49104891 0.378118 0.602304 rs114922668 0.039
19:49104914:C:T 19 49104914 0.505044 0.845198 rs112163772 0.023
19:49105126:C:T 19 49105126 0.824385 0.970255 rs62130312 0.001
19:49106068:G:A 19 49106068 0.795726 0.699459 rs7251850 0.024
19:49106199:C:G 19 49106199 0.776565 0.629259 rs7251776 0.043
19:49107060:G:A 19 49107060 0.234364 0.752948 rs75363654 0.004
19:49107494:C:A 19 49107494 0.350894 0.444002 rs114841024 NA
19:49107617:C:T 19 49107617 0.275237 0.625786 rs71357834 0.001
19:49108496:C:T 19 49108496 0.181173 0.587935 rs77715378 0.005
19:49108642:C:A 19 49108642 0.230344 0.546976 rs34995875 0.002
19:49109809:C:T 19 49109809 0.0489094 0.0133173 rs76698783 0.049
19:49111237:A:G 19 49111237 0.0169237 0.0317665 rs12981419 0.051
19:49112605:G:A 19 49112605 0.201639 0.872085 rs59926280 0.002
19:49112993:G:A 19 49112993 0.209525 0.531931 rs35021560 0.003
19:49113103:G:A 19 49113103 0.0341945 0.00494043 rs75183944 0.053
19:49114288:G:T 19 49114288 0.252101 0.927777 rs59566152 0.001
19:49114383:T:C 19 49114383 0.0797712 0.793845 rs7249417 0.047
19:49114448:C:T 19 49114448 0.187323 0.132071 rs11878690 0.1
19:49114473:T:C 19 49114473 0.270225 0.93981 rs57055839 0.002
19:49114476:A:T 19 49114476 0.0225375 0.0331636 rs112383016 0.053
19:49114479:T:G 19 49114479 0.00793686 0.258037 rs2617802 0.068
19:49115213:C:T 19 49115213 0.0892951 0.643994 rs79886190 0.001
19:49116359:T:C 19 49116359 0.0699794 0.823622 rs447802 0.012
19:49116438:A:G 19 49116438 0.00567122 0.221958 rs376524 0.052
19:49116502:G:A 19 49116502 0.103881 0.0901291 rs34015877 0.005
19:49116760:C:G 19 49116760 0.0943916 0.775067 rs443527 0.012
19:49117104:C:T 19 49117104 0.00613397 0.251905 rs433852 0.055
19:49117175:G:A 19 49117175 0.112961 0.0147772 rs7246202 0.053
19:49117698:C:T 19 49117698 0.110893 0.0207013 rs74849397 0.051
19:49118115:G:A 19 49118115 0.359293 0.550785 rs115091616 0.015
19:49121307:G:A 19 49121307 0.130184 0.0340048 rs13343667 0.07
19:49121674:G:A 19 49121674 0.723694 0.111481 rs115360466 0.016
19:49121788:T:C 19 49121788 0.684373 0.992758 rs12610339 0.027
19:49122049:T:C 19 49122049 0.684373 0.992758 rs12608448 0.027
19:49122248:T:C 19 49122248 0.0590297 0.812342 rs3094287 0.012
19:49122274:G:A 19 49122274 0.331026 0.770298 rs116106704 0.02
19:49123638:T:G 19 49123638 0.173048 0.58424 rs111982400 0.006
19:49124965:G:A 19 49124965 0.0662405 0.00149083 rs111343257 0.074
19:49124991:G:C 19 49124991 0.240887 0.985994 rs4802496 0.002
19:49125065:T:A 19 49125065 0.633301 0.125937 rs78471723 0.015
19:49125249:A:G 19 49125249 0.152105 0.163295 rs4802497 0.089
19:49125283:T:C 19 49125283 0.416373 0.164279 rs10423867 0.107
19:49125536:A:T 19 49125536 0.429203 0.356724 rs60217620 0.033
19:49126251:C:T 19 49126251 0.176973 0.0242729 rs111252148 0.074
19:49126362:G:A 19 49126362 0.176973 0.0247857 rs115023884 0.072
19:49127490:C:T 19 49127490 0.057264 0.959461 rs386243 0.012
19:49128442:A:C 19 49128442 0.259882 0.566702 rs73944841 0
19:49128670:G:C 19 49128670 0.300897 0.621971 rs3760811 0.003
19:49128772:T:C 19 49128772 0.190278 0.0148852 rs11882812 0.08
19:49129133:C:T 19 49129133 0.46585 0.874614 rs76628003 0.014
19:49129169:G:A 19 49129169 0.190335 0.0148522 rs74494034 0.077
19:49129791:A:G 19 49129791 0.0414359 0.0834066 rs4801770 0.073
19:49130070:TC:T 19 49130070 0.136121 0.899655 rs71335811 0.003
19:49130342:G:A 19 49130342 0.228843 0.203136 rs111579309 0
19:49130717:A:T 19 49130717 0.187146 0.0145829 rs77921384 0.08
19:49132646:G:A 19 49132646 0.220925 0.0185187 rs75629654 0.075
19:49133020:G:A 19 49133020 0.191065 0.0181957 rs11881285 0.077
19:49133026:C:A 19 49133026 0.397686 0.624868 rs76913135 0.01
19:49134036:G:T 19 49134036 0.316842 0.09801 rs80273410 0.036
19:49134371:A:G 19 49134371 0.182478 0.0148861 rs57746326 0.077
19:49134388:G:C 19 49134388 0.351478 0.0709103 rs3745734 0.129
19:49134529:A:C 19 49134529 0.269404 0.568964 rs73944842 0.001
19:49134556:G:A 19 49134556 0.63944 0.130903 rs73944843 0.014
19:49135043:G:T 19 49135043 0.341464 0.0715821 rs28540190 0.129
19:49135250:C:T 19 49135250 0.176188 0.0148861 rs28625489 0.077
19:49135542:T:C 19 49135542 0.0372278 0.0774431 rs4801771 0.073
19:49135790:A:G 19 49135790 0.341464 0.0715821 rs8110785 0.129
19:49136386:T:C 19 49136386 0.222953 0.642907 rs10403580 0.01
19:49136515:T:C 19 49136515 0.120854 0.847902 rs550455 0.004
19:49136651:G:A 19 49136651 0.974751 0.990573 rs12608544 0.026
19:49137357:C:T 19 49137357 0.375537 0.875497 rs79101694 0.015
19:49138286:C:G 19 49138286 0.0802284 0.875059 rs386551 0.003
19:49138552:T:C 19 49138552 0.269887 0.566628 rs73944844 0.001
19:49138656:T:A 19 49138656 0.41979 0.08489 rs115375223 NA
19:49139935:G:C 19 49139935 0.201278 0.00549427 rs78451415 0.077
19:49140809:A:C 19 49140809 0.0106629 0.0188645 rs8102492 0.084
19:49141532:T:C 19 49141532 0.00230289 0.01088 rs3848543 0.075
19:49143025:T:C 19 49143025 0.00224709 0.0147404 rs2303147 0.075
19:49143692:C:T 19 49143692 0.348322 0.0675963 rs7253630 0.129
19:49143724:C:T 19 49143724 0.355286 0.074866 rs7253741 0.128
19:49144241:G:T 19 49144241 0.0741963 0.807061 rs55720021 0
19:49144245:T:TG 19 49144245 0.0180596 0.664656 rs67010371 NA
19:49144401:C:T 19 49144401 0.348354 0.0673021 rs28432259 0.129
19:49144790:C:T 19 49144790 0.41376 0.0787872 rs11880333 0.128
19:49144934:T:C 19 49144934 0.271538 0.0620234 rs11878449 0.133
19:49145513:C:T 19 49145513 0.0354165 0.970325 rs4365394 0.001
19:49145570:A:G 19 49145570 0.14481 0.753087 rs111488261 0.028
19:49145612:T:C 19 49145612 0.0527255 0.696695 rs59280817 0.028
19:49145868:TAGG:T 19 49145868 0.0126553 0.865852 rs35109175 0.019
19:49146694:TA:T 19 49146694 0.301357 0.0674237 rs112343510 0.13
19:49146954:C:T 19 49146954 0.218009 0.837152 rs80047887 0.02
19:49147494:G:C 19 49147494 0.639172 0.309441 rs7255644 0.031
19:49148143:C:T 19 49148143 0.251691 0.596697 rs34271003 0.003
19:49148496:G:A 19 49148496 0.310768 0.430457 rs73944846 0
19:49148781:C:T 19 49148781 0.0673079 0.938428 rs10426317 0.001
19:49149711:G:A 19 49149711 0.649346 0.0818477 rs114628700 0.014
19:49149937:T:G 19 49149937 0.28709 0.0678327 rs78123702 0.13
19:49150048:G:T 19 49150048 0.218343 0.0626325 rs73581711 0.134
19:49150130:G:T 19 49150130 0.243199 0.867302 rs73581714 NA
19:49150233:G:A 19 49150233 0.507752 0.820943 rs76696627 0.024
19:49151312:C:T 19 49151312 0.0745497 0.254191 rs56904063 0
19:49152061:G:A 19 49152061 0.538132 0.451096 rs3848544 0.004
19:49152292:T:G 19 49152292 0.145152 0.00532427 rs115458141 0.08
19:49152633:CA:C 19 49152633 0.109359 0.835853 rs35537963 0.009
19:49152708:G:C 19 49152708 0.0564586 0.00104074 rs35771957 0.093
19:49152944:G:A 19 49152944 0.760051 0.857177 rs8111492 0.027
19:49152955:G:A 19 49152955 0.0146601 0.01331 rs8111500 0.074
19:49153721:C:T 19 49153721 0.0795951 0.00303075 rs10424156 0.101
19:49153824:C:A 19 49153824 0.0307407 0.457869 rs12973839 0.012
19:49153928:A:G 19 49153928 0.219725 0.604863 rs73055560 0
19:49154198:C:T 19 49154198 0.0677782 0.00346363 rs111323449 0.103
19:49155012:T:C 19 49155012 0.000584457 0.118755 rs58739675 0.084
19:49155255:C:T 19 49155255 0.062998 0.362482 rs34488585 0
19:49155256:G:A 19 49155256 0.23965 0.612289 rs10412111 0
19:49155593:C:T 19 49155593 0.783247 0.130908 rs73944847 0.019
19:49155758:T:C 19 49155758 0.275583 0.451015 rs414299 0
19:49156076:ATCTGGTGTGT:A 19 49156076 0.459619 0.827924 rs71179027 0.031
19:49156308:C:T 19 49156308 0.000135918 0.0577422 rs423009 0.093
19:49156717:G:A 19 49156717 0.722226 0.00572513 rs10420497 0.007
19:49156968:T:A 19 49156968 0.0126523 0.000909428 rs10401259 0.139
19:49157135:G:A 19 49157135 0.475503 0.820194 rs62130318 0.003
19:49157255:C:T 19 49157255 0.475503 0.820194 rs62130319 0.003
19:49157438:G:T 19 49157438 0.0228807 0.491438 rs2353017 0.01
19:49157489:C:T 19 49157489 0.000151472 0.0134276 rs370489 0.097
19:49157820:C:A 19 49157820 0.0120982 0.000856375 rs10406821 0.138
19:49158099:C:T 19 49158099 0.892268 0.00920257 rs114675946 0.013
19:49158138:A:G 19 49158138 0.492535 0.809852 rs8103121 0.003
19:49158532:A:G 19 49158532 0.557628 0.12827 rs112593985 0.021
19:49159109:A:G 19 49159109 0.570803 0.468589 rs76968549 0.033
19:49159252:C:G 19 49159252 0.0120114 0.000848139 rs10415189 0.138
19:49160255:G:A 19 49160255 0.383721 0.810771 rs2892233 0.002
19:49160547:A:G 19 49160547 9.86597e-05 0.0134518 rs59530021 0.097
19:49160586:A:G 19 49160586 0.685397 0.0542158 rs78096676 0.025
19:49161019:G:A 19 49161019 0.550403 0.198152 rs115393775 0.021
19:49161031:C:A 19 49161031 0.405634 0.687686 rs116814954 0.015
19:49161084:G:A 19 49161084 0.273348 0.0699662 rs74367553 0.049
19:49161335:T:A 19 49161335 0.805149 0.415707 rs59902126 0.038
19:49161777:G:A 19 49161777 0.0189454 0.00112973 rs13343610 0.139
19:49162070:G:A 19 49162070 0.89927 0.0099824 rs115121387 0.037
19:49162498:G:C 19 49162498 0.101731 0.748143 rs113040517 0.001
19:49162501:G:A 19 49162501 0.21928 0.554468 rs62130338 0.008
19:49163021:G:A 19 49163021 0.191743 0.667459 rs116413646 0.026
19:49164219:G:A 19 49164219 0.515154 0.479958 rs8106430 0.029
19:49164740:T:C 19 49164740 0.675695 0.591096 rs281391 0.002
19:49164952:A:G 19 49164952 0.517002 0.965152 rs281392 0.004
19:49166290:T:C 19 49166290 0.580882 0.177777 rs114986443 0.022
19:49166543:C:T 19 49166543 0.616341 0.0150593 rs73944848 0.027
19:49166707:C:T 19 49166707 0.761314 0.729556 rs114679945 0.012
19:49166875:G:A 19 49166875 0.418158 0.98539 rs371690 0.006
19:49167133:C:A 19 49167133 0.0246293 0.00199045 rs74418433 0.17
19:49167361:G:A 19 49167361 0.119755 0.263847 rs73581795 0.057
19:49167851:G:A 19 49167851 0.773177 0.785021 rs114909456 0.013
19:49168182:T:C 19 49168182 0.0107505 0.0771236 rs373002 0.098
19:49168230:C:T 19 49168230 0.608837 0.928978 rs448198 0.005
19:49168428:C:T 19 49168428 0.0575809 0.439515 rs111935524 0.051
19:49168557:A:G 19 49168557 0.627314 0.856596 rs73581799 0.004
19:49168737:G:A 19 49168737 0.604529 0.856596 rs9676755 0.004
19:49168942:G:A 19 49168942 0.00654654 0.238875 rs8111874 0.057
19:49169216:TG:T 19 49169216 0.554474 0.394475 rs60455062 0
19:49170064:C:T 19 49170064 0.311439 0.42169 rs73944850 0.004
19:49170068:G:A 19 49170068 0.74623 0.431024 rs67824186 0.022
19:49170131:G:A 19 49170131 0.261491 0.42169 rs73944851 0.004
19:49170313:C:G 19 49170313 0.261491 0.42169 rs73944852 0.004
19:49170468:C:A 19 49170468 0.326367 0.597157 rs66514709 0.02
19:49171306:C:T 19 49171306 0.157284 0.266644 rs12462111 0.036
19:49171593:T:C 19 49171593 0.577966 0.394181 rs10414737 0
19:49172166:G:A 19 49172166 0.172335 0.201865 rs113196248 0.009
19:49172178:C:T 19 49172178 0.261491 0.42169 rs74908956 0.004
19:49172206:A:G 19 49172206 0.261491 0.42169 rs76674184 0.004
19:49173663:C:T 19 49173663 0.358402 0.898188 rs111252193 0
19:49174274:G:A 19 49174274 0.0249957 0.815105 rs115279562 0.012
19:49174735:A:G 19 49174735 0.748489 0.441481 rs11880281 0
19:49175269:C:T 19 49175269 0.0209866 0.515231 rs73583708 0.074
19:49175351:C:T 19 49175351 0.749463 0.427222 rs35761442 NA
19:49175408:C:T 19 49175408 0.348667 0.504647 rs11881024 0.003
19:49175686:C:T 19 49175686 0.0356562 0.00189509 rs115542541 0.168
19:49176888:C:A 19 49176888 0.259346 0.210347 rs281397 0.01
19:49176954:C:T 19 49176954 0.393965 0.647099 rs7254623 0.023
19:49177030:C:T 19 49177030 0.782912 0.737726 rs281398 0.001
19:49177034:G:A 19 49177034 0.00107254 0.120808 rs75134379 0.073
19:49177262:G:A 19 49177262 0.847372 0.410353 rs10418036 0
19:49177664:C:G 19 49177664 0.962528 0.875246 rs281400 0.001
19:49177696:AG:A 19 49177696 0.792774 0.180656 rs34427684 0.032
19:49177794:C:A 19 49177794 0.0388142 0.00199045 rs77364468 0.17
19:49178048:T:G 19 49178048 0.668784 0.819265 rs281401 0.004
19:49178692:G:A 19 49178692 0.00937139 0.572043 rs73583715 0.068
19:49179481:C:T 19 49179481 0.628786 0.899339 rs281402 0.005
19:49179763:A:G 19 49179763 0.168411 0.189645 rs281403 0.009
19:49180328:A:G 19 49180328 0.619673 0.989821 rs281404 0.005
19:49181945:A:G 19 49181945 0.431378 0.989821 rs73583718 0.005
19:49182278:A:G 19 49182278 0.431378 0.989821 rs67515376 0.005
19:49182784:C:T 19 49182784 0.191087 0.0377278 rs281373 0.123
19:49182900:T:A 19 49182900 0.431681 0.314431 rs281374 0.006
19:49183249:G:C 19 49183249 0.313178 0.388745 rs56330548 0
19:49183284:G:A 19 49183284 0.216513 0.071136 rs3826838 0.081
19:49183383:G:A 19 49183383 0.152495 0.81705 rs115439718 0.041
19:49183705:G:A 19 49183705 0.174999 0.326784 rs3826846 0.028
19:49183970:G:A 19 49183970 0.137435 0.215637 rs281375 0.01
19:49184053:G:A 19 49184053 0.0554011 0.12864 rs28362810 0.018
19:49184178:C:G 19 49184178 0.289949 0.0700768 rs8101298 0.083
19:49184296:G:A 19 49184296 0.0073785 0.256161 rs3848545 0.029
19:49184380:G:A 19 49184380 0.0359218 0.00217962 rs28362811 0.173
19:49184415:T:C 19 49184415 0.663687 0.863163 rs116196504 0.013
19:49185950:G:A 19 49185950 0.280956 0.068447 rs28362812 0.081
19:49186141:C:G 19 49186141 0.918266 0.0038482 rs67681054 0.095
19:49186717:T:C 19 49186717 0.42044 0.166045 rs10421500 0.021
19:49186769:C:G 19 49186769 0.279895 0.071788 rs28746168 0.082
19:49187235:C:G 19 49187235 0.823037 0.0339748 rs57893495 0.096
19:49187267:G:A 19 49187267 0.823037 0.0339878 rs111953330 0.096
19:49187324:G:T 19 49187324 0.823037 0.0340676 rs112557324 0.097
19:49187541:C:T 19 49187541 0.555141 0.0310703 rs7260497 0.095
19:49187611:G:A 19 49187611 0.647308 0.0337303 rs7245536 0.097
19:49187668:C:G 19 49187668 0.0289612 0.00530684 rs74775076 0.022
19:49187669:G:A 19 49187669 0.224791 0.269014 rs2098709 0.034
19:49187717:G:A 19 49187717 0.0291684 0.00544104 rs115867686 0.022
19:49187961:C:A 19 49187961 0.35193 0.120208 rs6509400 0.079
19:49188258:C:T 19 49188258 0.067306 0.870313 rs2003972 0.003
19:49188393:G:A 19 49188393 0.596389 0.0433006 rs2011239 0.046
19:49188481:T:C 19 49188481 0.0648661 0.893989 rs3889000 0.004
19:49188627:G:A 19 49188627 0.0608436 0.895086 rs3888999 0.003
19:49188818:G:A 19 49188818 0.0428244 0.130722 rs28362813 0.019
19:49188824:T:C 19 49188824 0.564413 0.0539847 rs28362814 0.004
19:49189026:G:A 19 49189026 0.125552 0.949888 rs10414887 0.003
19:49189110:T:G 19 49189110 0.15169 0.655444 rs10416304 0.007
19:49189131:A:G 19 49189131 0.059046 0.718124 rs10414562 0.001
19:49189196:C:T 19 49189196 0.247771 0.502441 rs10414791 0
19:49189400:G:A 19 49189400 0.0599726 0.728651 rs10415594 0.001
19:49189415:A:G 19 49189415 0.0493077 0.72541 rs10415215 0.001
19:49189529:T:C 19 49189529 0.158994 0.688644 rs10417167 0
19:49189763:G:C 19 49189763 0.25727 0.721259 rs10416482 0
19:49189899:T:C 19 49189899 0.582786 0.045663 rs7258161 0.049
19:49190021:T:C 19 49190021 0.323781 0.837248 rs10423396 0
19:49190123:C:T 19 49190123 0.000745376 0.0440633 rs71370193 0.045
19:49190246:C:A 19 49190246 0.0202976 0.0332433 rs113674897 0.083
19:49190365:A:G 19 49190365 0.000646244 0.0227386 rs35228311 0.047
19:49191076:G:A 19 49191076 0.594529 0.326657 rs77894142 0.001
19:49191127:T:C 19 49191127 0.252933 0.905579 rs10404857 0.001
19:49191136:A:G 19 49191136 0.252933 0.905579 rs10403075 0.001
19:49191144:C:A 19 49191144 0.222146 0.889869 rs10403262 0.001
19:49191225:T:C 19 49191225 0.252933 0.905579 rs10405097 0.001
19:49191356:G:A 19 49191356 0.570389 0.0482838 rs28362820 0.049
19:49191542:C:A 19 49191542 0.735114 0.57851 rs28362821 0.001
19:49191633:G:A 19 49191633 0.0394455 0.151283 rs28362822 0.023
19:49191691:C:T 19 49191691 0.282273 0.91801 rs28746169 0.001
19:49191800:G:A 19 49191800 0.282273 0.922523 rs10405073 0.001
19:49191921:A:G 19 49191921 0.282708 0.917475 rs10423204 0.001
19:49192003:G:T 19 49192003 0.282273 0.91801 rs10423837 0.001
19:49192049:C:T 19 49192049 0.214444 0.955612 rs10423653 0
19:49192734:C:T 19 49192734 0.648997 0.26682 rs12984035 0.004
19:49192772:G:A 19 49192772 0.184483 0.593379 rs74381481 0.004
19:49192856:A:G 19 49192856 0.185722 0.59265 rs57133293 0.004
19:49193094:A:G 19 49193094 0.342958 0.82257 rs34404429 0.003
19:49193474:T:C 19 49193474 0.184483 0.59639 rs116788394 NA
19:49193475:G:T 19 49193475 0.184483 0.59639 rs114473217 NA
19:49193478:C:T 19 49193478 0.184483 0.59639 rs74589403 0.004
19:49193585:G:A 19 49193585 0.167446 0.617141 rs73583754 0.004
19:49193592:T:A 19 49193592 0.180648 0.60887 rs78273240 0.004
19:49193661:A:T 19 49193661 0.180699 0.600636 rs78634051 0.004
19:49193749:C:T 19 49193749 0.0542418 0.119691 rs115546618 0.023
19:49193806:T:C 19 49193806 0.199312 0.599688 rs28746170 0.005
19:49193813:C:A 19 49193813 0.199312 0.599688 rs28746171 0.005
19:49193852:A:T 19 49193852 0.199312 0.599688 rs28362824 0.005
19:49193858:G:A 19 49193858 0.199312 0.599688 rs28746172 0.005
19:49193889:C:T 19 49193889 0.199312 0.599688 rs28746173 0.005
19:49193937:G:A 19 49193937 0.694989 0.508719 rs28746174 0.009
19:49193957:T:A 19 49193957 0.199312 0.599688 rs28746175 0.005
19:49193958:T:A 19 49193958 0.199312 0.599688 rs28746176 0.005
19:49194105:C:G 19 49194105 0.157668 0.550106 rs10412386 0.004
19:49194216:T:G 19 49194216 0.334825 0.853854 rs10414330 0.003
19:49194227:G:A 19 49194227 0.139655 0.559566 rs10413164 0.004
19:49194379:G:A 19 49194379 0.165069 0.602579 rs10413425 0.004
19:49194408:C:G 19 49194408 0.0529959 0.112463 rs76671844 0.023
19:49194423:C:T 19 49194423 0.150275 0.618957 rs10413246 0.004
19:49194440:C:T 19 49194440 0.150275 0.619237 rs13346149 0.004
19:49194526:T:C 19 49194526 0.166063 0.598028 rs10415038 0.005
19:49194762:T:A 19 49194762 0.313218 0.383841 rs10415490 0.007
19:49194770:A:T 19 49194770 0.00419789 0.0843435 rs28746178 0.096
19:49194812:C:T 19 49194812 0.16502 0.578865 rs10419189 0.005
19:49194876:T:C 19 49194876 0.192186 0.502511 rs10420767 0.004
19:49194880:C:T 19 49194880 0.192093 0.50258 rs10419224 0.004
19:49194892:T:C 19 49194892 0.192186 0.502511 rs10420777 0.004
19:49194908:C:T 19 49194908 0.192186 0.502511 rs10419241 0.004
19:49194909:G:A 19 49194909 0.0877436 0.485834 rs10419615 0.003
19:49195090:A:G 19 49195090 0.165409 0.599623 rs10419499 0.005
19:49195242:TTGTA:T 19 49195242 0.166691 0.618482 rs72049177 0.009
19:49195275:C:G 19 49195275 0.550117 0.0747732 rs75601409 0.052
19:49195308:T:C 19 49195308 0.166691 0.618482 rs10421710 0.009
19:49195358:C:T 19 49195358 0.166691 0.618482 rs10420310 0.009
19:49195411:C:T 19 49195411 0.847343 0.146519 rs71370194 0.005
19:49195681:C:T 19 49195681 0.165662 0.618482 rs10421000 0.009
19:49195682:A:G 19 49195682 0.166691 0.618482 rs10420816 0.009
19:49195762:C:T 19 49195762 0.698828 0.343176 rs58446482 0.023
19:49195767:C:T 19 49195767 0.165762 0.624742 rs77568743 0.009
19:49195785:T:C 19 49195785 0.166691 0.618482 rs10422825 0.009
19:49195873:A:G 19 49195873 0.0655496 0.855738 rs10426394 0.003
19:49196255:G:A 19 49196255 0.167202 0.544126 rs10401708 0.025
19:49196463:G:A 19 49196463 0.156336 0.618482 rs10402139 0.009
19:49196663:G:A 19 49196663 0.0535752 0.178862 rs77055457 0.024
19:49196722:G:A 19 49196722 0.0530886 0.897172 rs10402785 0.002
19:49196976:C:T 19 49196976 0.123818 0.13044 rs77070051 0.017
19:49197058:C:T 19 49197058 0.00745803 0.00117864 rs10408379 0.199
19:49197086:C:T 19 49197086 0.634178 0.68955 rs10408409 0.002
19:49197213:A:G 19 49197213 0.019637 0.137588 rs28362825 0.099
19:49197592:G:A 19 49197592 0.93726 0.124669 rs28746179 0.001
19:49197681:T:A 19 49197681 0.00630292 0.00132023 rs2548456 NA
19:49197704:G:A 19 49197704 0.353916 0.116059 rs28362826 0.04
19:49197985:C:A 19 49197985 0.0526564 0.193101 rs73942307 0.025
19:49198336:T:C 19 49198336 0.0692112 0.839208 rs2548457 0.006
19:49198676:C:T 19 49198676 0.0219884 0.134919 rs28362828 0.099
19:49198872:G:A 19 49198872 0.00340375 0.0714081 rs113074356 0.116
19:49198964:C:T 19 49198964 0.119273 0.903214 rs28362829 0.013
19:49199007:T:C 19 49199007 0.0947411 0.55821 rs480133 0.023
19:49199122:T:G 19 49199122 0.617512 0.0953386 rs481104 0.056
19:49199433:T:C 19 49199433 0.036721 0.72509 rs538940 0.022
19:49199826:G:C 19 49199826 0.00170326 0.264881 rs28362830 0.031
19:49199915:C:A 19 49199915 0.383967 0.102979 rs590017 0.034
19:49200265:T:C 19 49200265 0.386037 0.346842 rs115390532 NA
19:49200338:G:C 19 49200338 0.0313387 0.163308 rs112015904 0.129
19:49201025:C:T 19 49201025 0.0649074 0.600294 rs113808905 0.032
19:49201217:C:T 19 49201217 0.358776 0.223485 rs368565 0.003
19:49202125:G:A 19 49202125 0.451152 0.129832 rs80021641 0.052
19:49202771:T:G 19 49202771 2.43856e-05 0.00378626 rs2638278 0.309
19:49202859:G:A 19 49202859 0.0220466 0.0254318 rs16982241 0.141
19:49203590:A:T 19 49203590 2.78627e-05 0.0136701 rs80016036 0.324
19:49203660:C:T 19 49203660 7.58983e-06 0.000398061 rs111299903 0.317
19:49203733:A:G 19 49203733 7.60958e-06 0.000396441 rs111311275 0.317
19:49203790:G:A 19 49203790 4.61985e-05 0.000569115 rs78430926 0.268
19:49203878:G:A 19 49203878 1.54983e-06 0.000174861 rs58935689 0.325
19:49203992:G:A 19 49203992 0.0178371 0.0410768 rs60686256 0.157
19:49204021:A:C 19 49204021 7.2875e-06 0.000389173 rs57940795 0.325
19:49204056:CA:C 19 49204056 4.74162e-06 0.00152646 rs61524388 0.316
19:49206005:C:G 19 49206005 0.288115 0.00628785 rs28362834 0.029
19:49206108:C:G 19 49206108 2.03771e-15 6.11075e-08 rs679574 1
19:49206145:G:C 19 49206145 2.0245e-15 5.7884e-08 rs516316 1
19:49206172:C:T 19 49206172 1.74223e-15 5.80539e-08 rs516246 0.991
19:49206286:A:G 19 49206286 5.62218e-05 0.035578 rs1800021 0.127
19:49206359:C:T 19 49206359 0.0244562 0.130319 rs114018037 0.016
19:49206417:A:G 19 49206417 1.30703e-15 5.85905e-08 rs492602 1
19:49206462:C:T 19 49206462 1.30645e-15 5.72389e-08 rs681343 1
19:49206561:C:T 19 49206561 0.437468 0.13242 rs28362836 0.052
19:49206603:C:T 19 49206603 1.71122e-06 0.0554266 rs281377 0.353
19:49206621:A:G 19 49206621 0.152313 0.0475845 rs1800026 0.013
19:49206674:G:A 19 49206674 1.46307e-15 5.7233e-08 rs601338 1
19:49206726:C:T 19 49206726 0.273259 0.00977569 rs1800027 0.029
19:49206727:G:A 19 49206727 0.0541252 0.166135 rs1800025 0.095
19:49206985:G:A 19 49206985 1.13979e-15 3.0738e-08 rs602662 0.994
19:49207206:A:G 19 49207206 6.31734e-16 3.25366e-07 rs485186 0.976
19:49207255:A:G 19 49207255 2.252e-16 6.23828e-07 rs485073 0.921
19:49207257:T:C 19 49207257 7.45009e-16 3.28732e-07 rs603985 0.976
19:49207432:A:G 19 49207432 0.00469958 0.0362082 rs28362840 0.057
19:49207554:C:T 19 49207554 8.32848e-11 0.000544573 rs571689 0.782
19:49207651:T:C 19 49207651 8.32848e-11 0.000540785 rs570794 0.771
19:49207792:G:A 19 49207792 6.8464e-16 5.23848e-06 rs2251034 0.796
19:49208040:C:A 19 49208040 0.00594762 0.0278561 rs28362841 0.055
19:49208048:A:G 19 49208048 0.00596942 0.0279076 rs28362842 0.055
19:49208052:G:A 19 49208052 0.000488938 0.00233301 rs567037 0.263
19:49208250:G:A 19 49208250 0.05431 0.0431857 rs28362843 0.006
19:49208344:AC:A 19 49208344 1.08538e-11 0.00557557 rs28362844 0.569
19:49208368:C:T 19 49208368 8.61185e-10 0.00724691 rs2432132 0.494
19:49208380:T:C 19 49208380 0.0448914 0.168885 rs112820994 0.096
19:49208471:G:A 19 49208471 0.443808 0.132313 rs28362845 0.051
19:49208501:A:G 19 49208501 8.72523e-12 0.00566678 rs507855 0.563
19:49208543:T:C 19 49208543 8.87944e-12 0.00555759 rs507766 0.569
19:49208564:C:T 19 49208564 8.84265e-12 0.00555419 rs507711 0.569
19:49208629:G:C 19 49208629 8.89288e-12 0.00543978 rs506897 0.565
19:49208671:GCTCA:G 19 49208671 0.0161517 0.996416 rs28746183 0.027
19:49208741:G:C 19 49208741 0.0161517 0.827575 rs28362846 0.027
19:49208865:G:A 19 49208865 1.18162e-11 0.00570722 rs504963 0.565
19:49208978:A:G 19 49208978 7.02225e-15 2.29658e-06 rs632111 0.793
19:49209010:T:C 19 49209010 7.51442e-12 0.00503395 rs503279 0.565
19:49209226:G:A 19 49209226 6.64042e-16 4.8482e-06 rs633372 0.791
19:49209318:G:A 19 49209318 1.05016e-15 5.9432e-06 rs2638280 0.774
19:49209325:C:T 19 49209325 1.26082e-15 6.19189e-06 rs2548458 0.775
19:49209339:T:C 19 49209339 1.24396e-15 6.1901e-06 rs2548459 0.777
19:49209443:C:T 19 49209443 0.0274122 0.0366031 rs114151398 0.06
19:49209464:C:A 19 49209464 8.03909e-12 0.0054593 rs692854 0.567
19:49209560:T:G 19 49209560 1.61877e-15 6.39979e-06 rs1688264 0.776
19:49209566:A:G 19 49209566 1.61877e-15 5.94658e-06 rs1704773 0.779
19:49209851:A:G 19 49209851 8.80768e-12 0.00520619 rs646327 0.565
19:49210142:G:T 19 49210142 0.0493371 0.0372921 rs116185898 0.055
19:49210383:G:A 19 49210383 7.12178e-06 0.000173505 rs648644 0.326
19:49210671:A:G 19 49210671 0.208561 0.0434672 rs12104218 0.032
19:49210869:A:G 19 49210869 3.37657e-10 0.000270705 rs2638281 0.488
19:49210992:A:G 19 49210992 0.0406964 0.0640576 rs116738409 NA
19:49211154:A:G 19 49211154 1.18357e-05 0.0211017 rs78736419 0.223
19:49211158:A:G 19 49211158 1.18357e-05 0.0211017 rs76195787 0.223
19:49211707:A:G 19 49211707 0.0100073 0.0437069 rs80214367 0.048
19:49211711:A:C 19 49211711 0.00986764 0.0437069 rs76144168 0.048
19:49211969:T:C 19 49211969 2.01971e-09 0.000826862 rs676388 0.605
19:49212035:G:C 19 49212035 0.0100074 0.0507808 rs79104243 0.048
19:49212110:T:G 19 49212110 0.0100106 0.0413934 rs116495628 0.047
19:49212205:G:C 19 49212205 0.00988196 0.0507808 rs79699031 0.048
19:49212492:G:A 19 49212492 0.0517929 0.175313 rs113968868 0.095
19:49212866:C:T 19 49212866 0.00988196 0.0500962 rs76641025 0.047
19:49213065:C:A 19 49213065 0.00988196 0.0500962 rs79891889 0.047
19:49213271:C:G 19 49213271 0.0195317 0.25071 rs111518382 0.095
19:49213284:G:A 19 49213284 1.72309e-13 5.94817e-07 rs584768 0.78
19:49213504:G:A 19 49213504 6.0059e-12 6.09248e-07 rs2452170 0.782
19:49213531:A:T 19 49213531 1.05895e-08 0.000926101 rs28894750 0.603
19:49213560:T:G 19 49213560 0.0593689 0.0904995 rs113860076 0.024
19:49213833:G:A 19 49213833 2.77088e-09 5.40358e-06 rs2638282 0.677
19:49213853:AT:A 19 49213853 5.0076e-05 0.151171 rs35728097 0.227
19:49213941:C:T 19 49213941 0.119981 0.302815 rs112550119 0.039
19:49214052:G:T 19 49214052 0.00339211 0.0133211 rs113183694 0.142
19:49214065:C:T 19 49214065 0.00339211 0.0133211 rs112572520 0.142
19:49214066:G:A 19 49214066 0.00266565 0.00393909 rs281378 0.206
19:49214133:C:T 19 49214133 0.0300969 4.44063e-06 rs478950 0.152
19:49214140:G:A 19 49214140 0.46007 0.161361 rs114401229 0.049
19:49214274:G:A 19 49214274 0.0209051 0.487202 rs281379 0.014
19:49214363:C:T 19 49214363 0.0231723 0.0857998 rs79207793 0.013
19:49214470:T:C 19 49214470 0.0420775 0.00145636 rs281380 0.244
19:49214471:G:C 19 49214471 0.156855 0.126303 rs116589492 0.023
19:49214748:T:C 19 49214748 0.505949 0.00119527 rs281381 0.147
19:49215095:C:T 19 49215095 0.00111266 0.0185854 rs4002471 0.134
19:49215194:AGGGTTTCACC:A 19 49215194 0.568629 0.103259 rs5828359 0.058
19:49215235:G:A 19 49215235 0.267759 0.279814 rs281382 0.021
19:49215302:C:T 19 49215302 0.267863 0.279661 rs281383 0.021
19:49215339:T:C 19 49215339 0.226504 0.412596 rs111897954 0.007
19:49215648:T:C 19 49215648 0.222592 0.408557 rs75820816 0.007
19:49215672:T:C 19 49215672 0.0106429 0.0002127 rs535153 0.188
19:49215682:C:T 19 49215682 0.0247751 0.0175922 rs8105773 0.081
19:49215853:T:G 19 49215853 0.837657 0.852771 rs117062744 0.004
19:49216224:G:C 19 49216224 0.107029 0.00151137 rs204248 0.196
19:49216926:A:G 19 49216926 0.100492 0.0531879 rs281384 0.024
19:49217093:C:T 19 49217093 0.280994 0.0425678 rs116626237 0.033
19:49217261:A:G 19 49217261 0.0201562 0.0583339 rs281385 0.093
19:49217305:A:G 19 49217305 0.358687 0.000595803 rs281386 0.152
19:49217440:T:C 19 49217440 0.0231539 0.766021 rs78556799 0.011
19:49217520:T:C 19 49217520 0.0582045 0.0511194 rs281387 0.023
19:49217605:T:G 19 49217605 0.0636862 0.0516859 rs281388 0.024
19:49218060:C:T 19 49218060 0.0023708 0.0881578 rs35866622 0.05
19:49218111:G:T 19 49218111 0.000744138 0.0180149 rs33988101 0.135
19:49218342:G:A 19 49218342 0.278513 0.0370782 rs10407910 0.036
19:49218430:A:G 19 49218430 0.000768752 0.0177924 rs12978750 0.134
19:49218437:A:C 19 49218437 0.000805415 0.0177924 rs12978752 0.134
19:49218602:C:T 19 49218602 0.00651221 0.0063595 rs12979278 0.098
19:49219191:G:T 19 49219191 0.155733 0.265455 rs79113474 0.059
19:49219459:T:C 19 49219459 0.000279146 6.28712e-06 rs660745 0.408
19:49220323:A:G 19 49220323 0.00152112 0.0183443 rs11672900 0.134
19:49220554:T:C 19 49220554 0.0877466 0.0858577 rs55990506 0.012
19:49220663:C:G 19 49220663 0.00402261 0.171399 rs281396 0.026
19:49220791:CT:C 19 49220791 0.0484686 0.00135229 rs34694985 0.274
19:49221204:C:T 19 49221204 0.0287099 0.0591635 rs381254 0.025
19:49221209:G:A 19 49221209 0.0321371 0.0612316 rs62130349 0.025
19:49221213:T:C 19 49221213 0.0321371 0.0612316 rs56033061 0.025
19:49221214:G:A 19 49221214 0.0321371 0.0612316 rs56379390 0.025
19:49221266:T:G 19 49221266 0.540431 0.0883969 rs114886169 0.046
19:49221886:C:A 19 49221886 0.940962 0.141532 rs115738123 0.01
19:49222065:G:A 19 49222065 0.504983 0.125489 rs112642599 0.003
19:49222082:G:A 19 49222082 0.120984 0.0927649 rs56736082 0.017
19:49222345:A:G 19 49222345 0.141949 0.0926488 rs73942312 0.014
19:49222483:C:G 19 49222483 0.0253331 0.000967639 rs281395 0.194
19:49223019:C:G 19 49223019 0.108676 0.000628836 rs281394 0.172
19:49223185:T:G 19 49223185 0.558918 0.0732605 rs115073154 NA
19:49223570:G:A 19 49223570 0.114792 0.00511706 rs546308 0.098
19:49223633:C:G 19 49223633 0.111511 0.00517382 rs629504 0.097
19:49223817:C:A 19 49223817 0.545246 0.0739644 rs74798852 0.042
19:49223941:A:G 19 49223941 0.532264 0.0938854 rs77294797 0.041
19:49224389:T:C 19 49224389 0.104893 0.00520202 rs3859439 0.096
19:49224484:C:T 19 49224484 0.073544 5.45152e-05 rs281393 0.149
19:49224714:A:G 19 49224714 0.00532246 0.000147227 rs521729 0.2
19:49224966:A:C 19 49224966 0.0250626 0.0026271 rs519757 0.105
19:49225543:G:T 19 49225543 0.0667909 0.0522276 rs76451837 0.017
19:49225766:A:T 19 49225766 0.0809924 0.0099383 rs11882796 0.104
19:49227043:G:A 19 49227043 0.0973019 0.0150303 rs11666792 0.1
19:49227256:C:T 19 49227256 0.0808591 0.0139137 rs12979891 0.101
19:49227443:C:T 19 49227443 0.100654 0.01363 rs11878908 0.095
19:49227836:C:G 19 49227836 0.560362 0.0665427 rs79562636 0.044
19:49228005:G:A 19 49228005 0.0798962 0.778344 rs114251138 0.007
19:49228272:T:C 19 49228272 0.0504824 0.0135252 rs2287921 0.094
19:49229231:T:C 19 49229231 0.613699 0.373058 rs609064 0.023
19:49229323:G:A 19 49229323 0.566775 0.00362027 rs479486 0.123
19:49229525:T:C 19 49229525 0.107436 0.00581363 rs8112983 0.072
19:49229740:C:T 19 49229740 0.149228 0.203247 rs111892853 0.006
19:49229959:G:T 19 49229959 0.0799372 0.769359 rs114643374 0.007
19:49230379:A:G 19 49230379 0.563782 0.357608 rs640794 0.024
19:49230570:T:A 19 49230570 0.111098 0.633649 rs116305088 0.018
19:49230934:G:A 19 49230934 0.55515 0.0708237 rs115042212 0.044
19:49230951:T:G 19 49230951 0.0948199 0.0158862 rs10412946 0.132
19:49230956:T:G 19 49230956 0.762184 0.424362 rs537291 0.036
19:49231212:C:T 19 49231212 0.441053 0.789275 rs281406 0
19:49231250:G:A 19 49231250 0.186557 0.362595 rs113499544 0.005
19:49232200:G:A 19 49232200 0.342391 0.791985 rs116090298 0.01
19:49232226:G:A 19 49232226 0.0523968 0.0160199 rs2287922 0.106
19:49233335:G:A 19 49233335 0.472598 0.00380071 rs281407 0.101
19:49233406:C:A 19 49233406 0.0670471 0.00250438 rs281408 0.169
19:49233438:C:T 19 49233438 0.415621 0.928236 rs281409 0
19:49233825:T:C 19 49233825 0.0404328 0.151206 rs73942313 0.006
19:49234048:C:T 19 49234048 0.469241 0.145345 rs59381413 0.038
19:49234281:C:T 19 49234281 0.22131 0.98034 rs58968427 0.053
19:49234299:A:T 19 49234299 0.280907 0.00357932 rs412712 0.131
19:49234559:A:C 19 49234559 0.0493093 0.802148 rs115102729 0.007
19:49234568:A:G 19 49234568 0.614501 0.323538 rs114177399 0
19:49234624:G:C 19 49234624 0.0212789 0.395586 rs62132778 0.044
19:49234692:A:G 19 49234692 0.414062 0.925773 rs463631 0
19:49235304:C:T 19 49235304 0.00414095 0.000261362 rs543254 0.187
19:49235487:A:G 19 49235487 0.0457315 0.774822 rs115921836 0.007
19:49235497:A:T 19 49235497 0.404531 0.173855 rs114275835 0.033
19:49236102:T:C 19 49236102 0.229261 0.0163155 rs439523 0.158
19:49236178:A:G 19 49236178 0.00400372 0.000258633 rs535123 0.187
19:49236465:G:A 19 49236465 0.0398412 0.408756 rs60068692 0.025
19:49237253:C:T 19 49237253 0.492018 0.934537 rs402900 0
19:49237547:G:A 19 49237547 0.118195 0.00318566 rs12979144 0.168
19:49237552:A:C 19 49237552 0.118195 0.00318566 rs12978499 0.168
19:49237747:C:T 19 49237747 0.717574 0.832936 rs837717 0
19:49237930:T:G 19 49237930 0.478864 0.940267 rs391381 0
19:49238351:G:A 19 49238351 0.558888 0.0786996 rs78847565 0.044
19:49239026:T:C 19 49239026 0.0333537 0.0265271 rs418464 0.106
19:49239200:G:A 19 49239200 0.04551 0.0218036 rs1231281 0.003
19:49239274:G:A 19 49239274 0.50781 0.951646 rs62132780 0
19:49239392:G:A 19 49239392 0.943776 0.505885 rs115528973 0.061
19:49239616:T:C 19 49239616 0.554722 0.815899 rs1231282 0
19:49239832:A:G 19 49239832 0.00468779 0.000245042 rs10401740 0.186
19:49239857:T:A 19 49239857 0.50781 0.96699 rs392775 0
19:49240499:T:C 19 49240499 0.0358779 0.45509 rs77723730 0.018
19:49240691:G:C 19 49240691 0.956446 0.568703 rs74591809 0.059
19:49241006:C:G 19 49241006 0.227244 0.00417298 rs12981072 0.138
19:49241014:G:A 19 49241014 0.0181441 0.0246395 rs380743 0.089
19:49241015:C:T 19 49241015 0.0181441 0.0246395 rs427248 0.089
19:49241151:C:T 19 49241151 0.727736 0.823529 rs2638283 0.044
19:49241400:C:T 19 49241400 0.234443 0.00428689 rs56066508 0.136
19:49241976:A:G 19 49241976 0.0341124 0.0256258 rs973579 0.104
19:49244219:C:A 19 49244219 0.879055 0.0232454 rs2307018 0.09
19:49244220:G:A 19 49244220 0.879065 0.0238059 rs2307019 0.09
19:49244808:C:G 19 49244808 0.0767772 0.520065 rs78811131 0.035
19:49245459:C:G 19 49245459 0.283761 0.858406 rs114817513 0.007
19:49245896:C:T 19 49245896 0.552311 0.0889182 rs115420618 0.044
19:49246378:G:A 19 49246378 0.345908 0.0676137 rs838148 0.023
19:49246866:A:G 19 49246866 0.467847 0.2022 rs838147 0.041
19:49247086:A:G 19 49247086 0.652615 0.0150427 rs12462324 0.121
19:49247124:T:G 19 49247124 0.652615 0.0150427 rs12460295 0.121
19:49247601:C:T 19 49247601 0.652615 0.0150427 rs11672046 0.121
19:49247693:C:T 19 49247693 0.650958 0.0150427 rs8108136 0.121
19:49247786:G:A 19 49247786 0.650982 0.0151629 rs8108468 0.121
19:49247900:G:A 19 49247900 0.652943 0.0148044 rs8111288 0.121
19:49247941:G:A 19 49247941 0.528901 0.115279 rs115743107 0.044
19:49247963:G:T 19 49247963 0.652687 0.0150427 rs8111399 0.121
19:49247999:T:A 19 49247999 0.653316 0.0148971 rs56098615 0.122
19:49248022:A:C 19 49248022 0.652687 0.0150427 rs8111208 0.121
19:49248052:C:T 19 49248052 0.0702724 0.113661 rs838146 0.081
19:49248120:A:G 19 49248120 0.652687 0.0150427 rs11083948 0.121
19:49248255:G:A 19 49248255 0.652687 0.0150427 rs12611201 0.121
19:49248295:G:A 19 49248295 0.652687 0.0150427 rs12611203 0.121
19:49248331:G:A 19 49248331 0.652888 0.0151344 rs12611211 0.121
19:49248640:A:G 19 49248640 0.465048 0.00970464 rs12982115 0.114
19:49249443:A:T 19 49249443 0.471332 0.00995318 rs12975033 0.111
19:49249446:A:G 19 49249446 0.0423909 0.428222 rs56168689 0.013
19:49249548:C:T 19 49249548 0.399019 0.774347 rs28400018 0.009
19:49249636:C:G 19 49249636 0.745754 0.715311 rs78666923 0.003
19:49249698:C:T 19 49249698 0.491239 0.00932291 rs12975781 0.11
19:49249795:C:T 19 49249795 0.6902 0.00894941 rs8102032 0.079
19:49249814:C:A 19 49249814 0.774856 0.00977452 rs8104897 0.078
19:49249888:G:A 19 49249888 0.690114 0.00895781 rs8105137 0.079
19:49250027:G:C 19 49250027 0.85921 0.581728 rs75493092 0.001
19:49250190:C:G 19 49250190 0.477553 0.52255 rs113752324 0.032
19:49250197:T:C 19 49250197 0.0385617 0.000677837 rs8106205 0.142
19:49250239:C:T 19 49250239 0.213866 0.0750515 rs838144 0.003
19:49250408:C:A 19 49250408 0.0128842 0.306629 rs57375248 0.006
19:49250538:A:G 19 49250538 0.0597748 0.000710258 rs11667321 0.15
19:49250633:G:A 19 49250633 0.451477 0.0095955 rs28400015 0.109
19:49250657:C:G 19 49250657 0.000398251 3.49282e-05 rs28400014 0.116
19:49251208:C:A 19 49251208 0.0705828 0.0204455 rs55761453 0.048
19:49251210:C:A 19 49251210 0.299001 0.211614 rs56151905 0.011
19:49251653:G:A 19 49251653 0.016202 0.146643 rs73942316 0.007
19:49251755:G:A 19 49251755 0.344903 0.0539836 rs838143 0
19:49251774:C:T 19 49251774 0.00353354 0.015872 rs45575036 0.007
19:49251888:C:T 19 49251888 0.527917 0.890716 rs77728773 0.002
19:49252151:A:G 19 49252151 0.541767 0.331279 rs838142 0.001
19:49252575:A:T 19 49252575 0.371664 0.433253 rs113362438 0.001
19:49252576:A:T 19 49252576 0.836165 0.28597 rs28745909 0.009
19:49252679:T:C 19 49252679 0.498201 0.00844133 rs12327653 0.089
19:49252698:C:T 19 49252698 0.456346 0.324712 rs838140 0.001
19:49252989:C:T 19 49252989 0.0128915 0.122667 rs12611028 0
19:49253051:C:T 19 49253051 0.697545 0.0916667 rs16982283 0.04
19:49253261:A:G 19 49253261 0.427192 0.334459 rs4021 0.001
19:49253389:C:T 19 49253389 0.150506 0.943361 rs4015 0.006
19:49253717:G:T 19 49253717 0.00587623 0.000289887 rs838138 0.121
19:49254955:C:T 19 49254955 0.365811 0.0572625 rs8103840 0.015
19:49255722:A:G 19 49255722 0.0965493 0.37207 rs28400010 0.015
19:49256388:T:C 19 49256388 0.56353 0.665743 rs838136 0.006
19:49256452:G:T 19 49256452 0.893914 0.691168 rs28400007 0.005
19:49256461:A:G 19 49256461 0.0298783 0.387892 rs28400006 0.032
19:49256463:G:C 19 49256463 0.192806 0.020964 rs838135 0.067
19:49256587:C:T 19 49256587 0.425137 0.678199 rs28400005 0
19:49257242:C:A 19 49257242 0.979459 0.221293 rs28745906 0.032
19:49257739:A:C 19 49257739 0.0959181 0.462031 rs838134 0.053
19:49258423:G:C 19 49258423 0.762903 0.590027 rs115173757 0.037
19:49258560:G:C 19 49258560 0.0421268 0.495456 rs41308762 0.016
19:49259375:C:T 19 49259375 0.0370505 0.471253 rs2231862 0.037
19:49260633:G:A 19 49260633 0.448973 0.195131 rs623588 0.011
19:49260677:A:C 19 49260677 0.0431719 0.779633 rs838131 0
19:49261038:A:G 19 49261038 0.94651 0.671403 rs1688263 0.008
19:49261142:G:A 19 49261142 0.512403 0.509528 rs73585716 0.015
19:49261468:C:T 19 49261468 0.693778 0.0219634 rs838130 0.009
19:49261654:T:C 19 49261654 0.152283 0.253812 rs3826820 0.005
19:49261683:G:T 19 49261683 0.281507 0.662761 rs11665896 0.009
19:49261701:C:T 19 49261701 0.0769133 0.724006 rs11665841 0.005
19:49261728:CT:C 19 49261728 0.36936 0.902427 rs67407831 0.002
19:49262245:G:T 19 49262245 0.0595009 0.936107 rs58907155 0.011
19:49262500:G:A 19 49262500 0.440315 0.71509 rs2548957 0.001
19:49262932:C:T 19 49262932 0.46167 0.348214 rs4802501 0.001
19:49263066:C:A 19 49263066 0.646097 0.945523 rs4801773 0.005
19:49263128:C:T 19 49263128 0.462401 0.359807 rs74458570 0
19:49263470:C:A 19 49263470 0.87506 0.00249955 rs115700217 0.011
19:49263477:G:C 19 49263477 0.267031 0.219702 rs2081194 0
19:49263870:G:A 19 49263870 0.94105 0.000365037 rs116214122 0.017
19:49264232:T:C 19 49264232 0.00844424 0.861878 rs79390987 0.014
19:49264250:C:G 19 49264250 0.841368 0.0962983 rs10410671 0.009
19:49264365:G:A 19 49264365 0.891013 0.078306 rs78208401 0.003
19:49265585:A:G 19 49265585 0.151062 0.0109433 rs10418515 0.048
19:49265819:C:T 19 49265819 0.333191 0.433737 rs73585730 0.006
19:49266236:C:T 19 49266236 0.259292 0.172782 rs73585732 0.01
19:49266260:A:G 19 49266260 0.532128 0.0292983 rs116469591 NA
19:49266382:G:A 19 49266382 0.649051 0.0662028 rs7259930 0
19:49266390:C:G 19 49266390 0.38359 0.425683 rs499765 0
19:49266612:CA:C 19 49266612 0.128232 0.0129627 rs11324204 0.034
19:49266806:C:T 19 49266806 0.651468 0.0113121 rs62132800 0.033
19:49266936:G:A 19 49266936 0.460277 0.230213 rs637174 0.002
19:49267464:C:T 19 49267464 0.621816 0.288272 rs639819 0.018
19:49267711:C:T 19 49267711 0.621816 0.288272 rs640803 0.018
19:49267737:G:C 19 49267737 0.547398 0.735464 rs116617472 0.006
19:49267738:G:A 19 49267738 0.404348 0.897832 rs114178883 0.005
19:49267963:C:G 19 49267963 0.0698421 0.00227907 rs114779505 NA
19:49268194:G:A 19 49268194 0.997985 0.730662 rs653395 0.012
19:49268852:C:G 19 49268852 0.997857 0.713407 rs837629 0.012
19:49269497:G:T 19 49269497 0.12083 0.834329 rs60852029 0
19:49269559:T:C 19 49269559 0.885651 0.909422 rs669789 0.004
19:49270088:G:A 19 49270088 0.996188 0.00799852 rs79120670 0.014
19:49270230:G:A 19 49270230 0.620399 0.747669 rs76576741 0.005
19:49270635:T:G 19 49270635 0.476822 0.281999 rs28567372 0.004
19:49270734:G:A 19 49270734 0.906107 0.875174 rs1976430 0.001
19:49270872:C:T 19 49270872 0.892245 0.333703 rs62132802 0.013
19:49270949:A:T 19 49270949 0.22416 0.21185 rs28712793 0.008
19:49271246:G:A 19 49271246 0.541601 0.376013 rs837636 0.017
19:49271483:T:C 19 49271483 0.996481 0.00796685 rs114707750 0.013
19:49271707:A:C 19 49271707 0.297968 0.192828 rs73585739 0
19:49271909:G:C 19 49271909 0.954969 0.123983 rs112611552 0.013
19:49272293:C:T 19 49272293 0.535357 0.288272 rs837637 0.018
19:49272484:G:T 19 49272484 0.500697 0.128808 rs504215 0
19:49272927:G:A 19 49272927 0.0731596 0.825373 rs77200264 0.004
19:49273150:G:A 19 49273150 0.847574 0.41289 rs60409578 0.028
19:49273213:T:C 19 49273213 0.716899 0.636948 rs604740 0.015
19:49273784:G:A 19 49273784 0.133468 0.786975 rs560343 0.001
19:49274017:C:T 19 49274017 0.637902 0.654913 rs111277780 0.007
19:49274100:C:T 19 49274100 0.0212202 0.00107246 rs10418833 0.032
19:49274107:T:G 19 49274107 0.0909517 0.0102988 rs115973460 0.022
19:49274712:T:C 19 49274712 0.426129 0.850164 rs79289746 0.003
19:49274876:G:A 19 49274876 0.349517 0.00214838 rs73585742 0.003
19:49274975:C:T 19 49274975 0.423032 0.904548 rs633236 0.003
19:49276225:A:G 19 49276225 0.849266 0.731472 rs80206894 0.006
19:49276287:C:G 19 49276287 0.262385 0.919896 rs495315 0.001
19:49276632:A:G 19 49276632 0.656227 0.0062922 rs60648832 0.001
19:49277753:G:T 19 49277753 0.0811497 0.513001 rs62132808 0.001
19:49278082:T:C 19 49278082 0.302918 0.252709 rs678042 0.014
19:49278303:G:A 19 49278303 0.118824 0.609277 rs58150062 0.014
19:49278450:C:T 19 49278450 0.347138 0.00744129 rs111396221 0
19:49279612:C:T 19 49279612 0.150707 0.268601 rs4801774 0.001
19:49279628:G:A 19 49279628 0.0111954 0.813545 rs4802503 0.003
19:49280035:C:T 19 49280035 0.238352 0.679053 rs599486 0.008
19:49280140:C:T 19 49280140 0.100562 0.911278 rs599951 0.001
19:49280240:C:T 19 49280240 0.485247 0.131812 rs8105301 0.005
19:49280715:A:G 19 49280715 0.801776 0.995667 rs602617 0
19:49282803:G:C 19 49282803 0.576271 0.652724 rs9749331 0.003
19:49282885:A:G 19 49282885 0.111367 0.00772755 rs34197159 0.016
19:49283249:C:T 19 49283249 0.0755277 0.0343344 rs10420432 0.013
19:49283520:T:C 19 49283520 0.00660332 0.922634 rs112554750 0.016
19:49283533:C:G 19 49283533 0.22308 0.27163 rs73585751 0.002
19:49284011:A:G 19 49284011 0.934362 0.200374 rs74744375 0.022
19:49284196:CA:C 19 49284196 0.803624 0.405727 rs35227076 0
19:49284825:T:C 19 49284825 0.36845 0.574306 rs678625 0.002
19:49284929:C:G 19 49284929 0.922105 0.216539 rs689431 0.003
19:49285448:T:A 19 49285448 0.554683 0.964022 rs583783 0.002
19:49285487:C:T 19 49285487 0.238418 0.350255 rs518388 0.011
19:49285518:A:C 19 49285518 0.431894 0.31059 rs518315 0.012
19:49285995:T:C 19 49285995 0.511744 0.0242996 rs492734 0.001
19:49286258:A:G 19 49286258 0.672188 0.242042 rs12609308 0.001
19:49286622:G:A 19 49286622 0.431124 0.250948 rs4290569 0.001
19:49286662:C:T 19 49286662 0.431124 0.250935 rs4430859 0.001
19:49286704:A:C 19 49286704 0.188964 0.353351 rs113351906 0.001
19:49286707:C:A 19 49286707 0.454796 0.824628 rs2387343 0.001
19:49286722:C:T 19 49286722 0.50789 0.259552 rs116761839 0
19:49287023:C:T 19 49287023 0.503634 0.351639 rs115107656 0
19:49287032:C:T 19 49287032 0.503634 0.351639 rs114394171 0
19:49287170:A:T 19 49287170 0.888899 0.290191 rs12982042 0.004
19:49287211:C:T 19 49287211 0.122713 0.581801 rs626722 0
19:49287231:A:G 19 49287231 0.122713 0.581801 rs570317 0
19:49287427:C:T 19 49287427 0.592516 0.351639 rs2892275 0
19:49287492:C:T 19 49287492 0.580741 0.282386 rs114636109 0
19:49287781:T:C 19 49287781 0.910243 0.0380376 rs12985718 0.003
19:49288412:G:A 19 49288412 0.477333 0.109936 rs11670428 0.006
19:49288634:T:G 19 49288634 0.176205 0.298283 rs56125186 0
19:49288662:G:C 19 49288662 0.310638 0.346088 rs11670491 0.006
19:49288888:C:T 19 49288888 0.742997 0.161985 rs11881904 0.003
19:49289076:A:G 19 49289076 0.729335 0.139441 rs12983793 0.004
19:49289102:C:T 19 49289102 0.117403 0.427521 rs655772 0
19:49289769:T:C 19 49289769 0.162567 0.661342 rs560515 0
19:49289883:T:C 19 49289883 0.890202 0.193243 rs35920592 0
19:49289905:C:T 19 49289905 0.658264 0.317172 rs78126172 0
19:49289983:T:C 19 49289983 0.561358 0.470597 rs115784099 0
19:49290285:T:C 19 49290285 0.892091 0.184 rs74174260 0
19:49290586:T:A 19 49290586 0.694561 0.783596 rs11880245 0
19:49290734:A:G 19 49290734 0.949541 0.188561 rs11672736 0
19:49291663:A:T 19 49291663 0.174736 0.792065 rs80340580 NA
19:49291664:T:A 19 49291664 0.173214 0.792065 rs75037201 NA
19:49291753:G:A 19 49291753 0.856066 0.328903 rs73059532 0
19:49291798:C:G 19 49291798 0.935661 0.229411 rs112636346 0
19:49292195:A:G 19 49292195 0.973677 0.216107 rs11668745 0
19:49292197:A:G 19 49292197 0.86798 0.379816 rs11668746 0
19:49292242:A:G 19 49292242 0.662327 0.156805 rs11668781 0
19:49292646:T:C 19 49292646 0.224946 0.0888291 rs11883128 0.005
19:49292705:T:G 19 49292705 0.334049 0.0922664 rs11883129 0.005
19:49292954:C:A 19 49292954 0.816599 0.848963 rs73585777 0.001
19:49293024:T:C 19 49293024 0.767982 0.434303 rs112137233 0
19:49293102:C:G 19 49293102 0.600508 0.174525 rs11880987 0
19:49293489:T:C 19 49293489 0.274953 0.947185 rs13343588 0.003
19:49293490:G:A 19 49293490 0.6959 0.359257 rs13345469 0.01
19:49293596:C:T 19 49293596 0.81236 0.80861 rs111861172 0.003
19:49293624:G:A 19 49293624 0.277483 0.359494 rs112107760 0
19:49293777:GA:G 19 49293777 0.730994 0.092366 rs34509326 0
19:49294058:C:A 19 49294058 0.699763 0.10583 rs11881731 0
19:49294171:G:A 19 49294171 0.771929 0.077947 rs11881790 0
19:49294177:C:T 19 49294177 0.774508 0.0792757 rs11881758 0
19:49294194:T:A 19 49294194 0.639964 0.180822 rs11879198 0.001
19:49294195:A:T 19 49294195 0.639964 0.180822 rs11881742 0.001
19:49294224:A:G 19 49294224 0.762893 0.081197 rs11881759 0
19:49294333:T:C 19 49294333 0.762893 0.081197 rs11879236 0
19:49294474:A:G 19 49294474 0.142839 0.77192 rs76099441 0.008
19:49294700:G:T 19 49294700 0.322795 0.16662 rs11881903 0.001
19:49294715:C:T 19 49294715 0.128382 0.141946 rs115846085 0.005
19:49294759:T:C 19 49294759 0.988386 0.101347 rs12985193 0.001
19:49294842:G:A 19 49294842 0.1771 0.199524 rs71370202 0
19:49294853:T:C 19 49294853 0.955121 0.805417 rs12976142 0.002
19:49294862:G:A 19 49294862 0.897296 0.0915977 rs12974796 0.001
19:49294886:T:A 19 49294886 0.896138 0.119835 rs12976167 0.001
19:49294917:T:C 19 49294917 0.896138 0.119835 rs12976367 0.001
19:49294948:G:A 19 49294948 0.880319 0.120092 rs12975040 0.001
19:49294958:G:A 19 49294958 0.880319 0.120092 rs12975054 0.001
19:49294999:G:A 19 49294999 0.880319 0.119988 rs12975086 0.001
19:49295101:T:C 19 49295101 0.896138 0.119835 rs12976705 0.001
19:49295174:GATTCAAACA:G 19 49295174 0.881844 0.11443 rs112222074 0.001
19:49295340:G:C 19 49295340 0.0114013 0.515029 rs113497471 0
19:49295396:A:C 19 49295396 0.54023 0.0364542 rs514080 0.001
19:49295422:C:A 19 49295422 0.197947 0.237512 rs111915176 0.001
19:49295730:T:C 19 49295730 0.425371 0.378064 rs111413492 0
19:49295820:G:A 19 49295820 0.640469 0.317889 rs12983317 0.003
19:49295830:G:A 19 49295830 0.640469 0.317889 rs12983326 0.003
19:49295853:A:G 19 49295853 0.0841426 0.397429 rs863277 0
19:49296088:G:C 19 49296088 0.346946 0.719453 rs837647 0.002
19:49296229:C:T 19 49296229 0.025645 0.465979 rs114824255 0.001
19:49296654:C:T 19 49296654 0.154082 0.730142 rs684959 0.004
19:49296977:T:C 19 49296977 0.452097 0.62836 rs71352703 0
19:49297736:C:A 19 49297736 0.833827 0.815398 rs114897264 0.002
19:49297794:C:T 19 49297794 0.0831014 0.0153412 rs7249134 0.001
19:49298013:G:A 19 49298013 0.876672 0.775239 rs79209767 0.002
19:49298839:T:C 19 49298839 0.378582 0.956879 rs7257533 0
19:49299071:C:A 19 49299071 0.574429 0.598867 rs71352704 0.001
19:49299533:A:G 19 49299533 0.868407 0.198999 rs557106 0
19:49299827:C:T 19 49299827 0.453128 0.590597 rs35829476 0.005
19:49300605:T:C 19 49300605 0.253997 0.501356 rs526744 0
19:49300913:T:C 19 49300913 0.222724 0.905551 rs34867589 0.007
19:49300933:T:C 19 49300933 0.853399 0.835909 rs114996969 0.002
19:49301251:C:T 19 49301251 0.336265 0.848574 rs6509405 0.002
19:49301545:G:C 19 49301545 0.435555 0.427545 rs7251049 0.005
19:49301624:A:G 19 49301624 0.935821 0.708127 rs11881788 0.001
19:49301669:A:G 19 49301669 0.279455 0.158726 rs4802504 0.005
19:49301877:C:T 19 49301877 0.912243 0.31449 rs493841 0.001
19:49303138:G:C 19 49303138 0.917946 0.315321 rs79924510 0
19:49303740:G:A 19 49303740 0.146857 0.349638 rs56333767 0
19:49304215:C:T 19 49304215 0.0794415 0.114704 rs4801776 0
19:49304265:G:A 19 49304265 0.279369 0.20888 rs34189956 0.007
19:49304400:A:G 19 49304400 0.226737 0.176364 rs57976323 0
19:49304550:A:C 19 49304550 0.246229 0.316857 rs57192930 0
19:49304824:T:A 19 49304824 0.882865 0.744357 rs114361389 0.002
19:49304826:T:A 19 49304826 0.882865 0.744357 rs115283589 0.002
19:49305421:C:T 19 49305421 0.320361 0.340832 rs12985962 0.007
19:49306242:A:T 19 49306242 0.321822 0.201891 rs34860510 0.008
19:49306615:A:T 19 49306615 0.21486 0.34061 rs112545305 0
19:49306621:A:T 19 49306621 0.480991 0.162805 rs114670197 0
19:49307617:A:G 19 49307617 0.50704 0.331283 rs4802509 0.004
19:49307658:G:A 19 49307658 0.210999 0.31753 rs111578040 0
19:49307848:G:A 19 49307848 0.476391 0.168636 rs41347145 0
19:49307982:T:C 19 49307982 0.135941 0.189016 rs73587823 0.001
19:49307999:G:A 19 49307999 0.81175 0.636497 rs837642 0.002
19:49309299:G:A 19 49309299 0.272254 0.384337 rs857526 0.001
19:49309385:G:A 19 49309385 0.213878 0.0148713 rs115344600 NA
19:49310617:G:A 19 49310617 0.399661 0.511991 rs521398 0
19:49310765:C:T 19 49310765 0.23163 0.448642 rs4802510 0.006
19:49311530:C:G 19 49311530 0.75103 0.489801 rs491459 0.003
19:49311944:G:A 19 49311944 0.590066 0.29238 rs487703 0.007
19:49312779:C:T 19 49312779 0.244856 0.546924 rs7252854 0.006
19:49313993:CT:C 19 49313993 0.323637 0.977603 rs35945446 0.006
19:49314746:C:T 19 49314746 0.241894 0.545103 rs112148533 0.006
19:49315046:G:T 19 49315046 0.123475 0.226815 rs10408884 0.003
19:49315701:G:A 19 49315701 0.266174 0.544759 rs112805450 0.006
19:49315781:CT:C 19 49315781 0.798207 0.643281 rs3834629 0.001
19:49315985:C:T 19 49315985 0.155298 0.145048 rs58129411 0.001
19:49315992:C:T 19 49315992 0.674202 0.912813 rs3760788 0.003
19:49316128:T:A 19 49316128 0.782052 0.322583 rs624028 0.006
19:49317098:C:T 19 49317098 0.271391 0.54961 rs78535883 0.006
19:49317195:G:A 19 49317195 0.788526 0.393093 rs555165 0.001
19:49317400:T:G 19 49317400 0.232133 0.225919 rs113359641 0.001
19:49317401:G:T 19 49317401 0.232133 0.225919 rs112203175 0.001
19:49317459:A:AAAG 19 49317459 0.554385 0.775755 rs68106928 NA
19:49317516:C:T 19 49317516 0.00969614 0.698969 rs111558953 0.001
19:49317766:C:T 19 49317766 0.520662 0.461842 rs7409368 0.001
19:49317825:G:A 19 49317825 0.807686 0.267728 rs837626 0.001
19:49317881:G:A 19 49317881 0.791327 0.355837 rs527723 0.001
19:49317926:G:A 19 49317926 0.791327 0.355837 rs526937 0.001
19:49318168:G:A 19 49318168 0.438767 0.483718 rs524942 0.007
19:49318479:T:C 19 49318479 0.796388 0.355837 rs592985 0.001
19:49318914:C:T 19 49318914 0.791822 0.359775 rs688712 0.001
19:49319273:G:A 19 49319273 0.791349 0.355837 rs686947 0.001
19:49319487:C:T 19 49319487 0.5668 0.51601 rs686059 0
19:49319496:T:A 19 49319496 0.0440014 0.180456 rs12609200 0.002
19:49319664:A:C 19 49319664 0.795299 0.50788 rs545587 0
19:49320213:T:C 19 49320213 0.996756 0.913853 rs655689 0.001
19:49320232:A:T 19 49320232 0.117331 0.933464 rs540241 0.004
19:49320565:G:C 19 49320565 0.149735 0.582076 rs74422182 0.002
19:49320656:G:C 19 49320656 0.118365 0.190627 rs8110511 0.003
19:49321007:A:C 19 49321007 0.11843 0.190627 rs2098684 0.003
19:49321026:T:C 19 49321026 0.560747 0.660626 rs79705543 0.011
19:49321060:A:G 19 49321060 0.712036 0.374238 rs511779 0.001
19:49321425:G:A 19 49321425 0.319502 0.534735 rs77954385 0.006
19:49321575:G:A 19 49321575 0.931943 0.889689 rs485953 0.001
19:49321678:G:A 19 49321678 0.205973 0.308466 rs113915018 0.002
19:49321701:G:C 19 49321701 0.464495 0.414166 rs76459550 NA
19:49321976:G:T 19 49321976 0.944931 0.25817 rs482226 0.001
19:49322117:G:A 19 49322117 0.123825 0.537995 rs28445671 0.003
19:49323263:A:C 19 49323263 0.105324 0.532934 rs34745852 0.002
19:49323599:T:C 19 49323599 0.953308 0.273748 rs535797 0.001
19:49323640:C:T 19 49323640 0.661221 0.588698 rs694232 0
19:49323716:G:C 19 49323716 0.960373 0.278246 rs693254 0
19:49323874:C:T 19 49323874 0.387284 0.477245 rs55946016 0.003
19:49323935:T:C 19 49323935 0.0805724 0.87617 rs61476702 0.002
19:49324374:A:G 19 49324374 0.970938 0.279057 rs10410310 0.001
19:49324401:G:C 19 49324401 0.0705578 0.860637 rs10410853 0.002
19:49324560:G:A 19 49324560 0.379398 0.567662 rs35941009 0.005
19:49324679:T:C 19 49324679 0.277039 0.216351 rs77732388 0.002
19:49325035:C:T 19 49325035 0.980633 0.8725 rs4459651 0.001
19:49326457:G:A 19 49326457 0.0457455 0.374356 rs79162942 0.007
19:49326851:G:A 19 49326851 0.395457 0.22068 rs115847085 0.001
19:49327056:C:A 19 49327056 0.633686 0.0298898 rs111410375 0
19:49327196:T:C 19 49327196 0.140028 0.305324 rs73059594 0.006
19:49327197:C:G 19 49327197 0.493493 0.692056 rs77470318 0.006
19:49327200:T:A 19 49327200 0.654701 0.0909376 rs112288439 0
19:49327330:G:A 19 49327330 0.407811 0.63523 rs113268822 0.007
19:49327969:G:A 19 49327969 0.126201 0.108701 rs8106434 0.004
19:49328085:C:T 19 49328085 0.895612 0.335005 rs1698112 0.001
19:49328385:T:C 19 49328385 0.0874215 0.368687 rs1688267 0.004
19:49328875:G:C 19 49328875 0.278902 0.441879 rs7256714 0.005
19:49329374:G:C 19 49329374 0.195659 0.375973 rs114961547 0
19:49329403:C:G 19 49329403 0.111688 0.448594 rs36014601 0
19:49329433:C:T 19 49329433 0.0101267 0.340222 rs632115 0
19:49329498:C:T 19 49329498 0.547853 0.63133 rs632191 0
19:49329529:C:T 19 49329529 0.691335 0.851642 rs632543 0
19:49329612:G:A 19 49329612 0.567444 0.70741 rs632955 0
19:49330252:C:T 19 49330252 0.248037 0.459725 rs115748121 0.001
19:49330331:G:A 19 49330331 0.552544 0.460386 rs636091 0
19:49330582:G:A 19 49330582 0.558052 0.461316 rs1688268 0
19:49330919:C:A 19 49330919 0.662177 0.72623 rs115005996 NA
19:49331591:A:G 19 49331591 0.5309 0.446805 rs662512 0
19:49331625:T:C 19 49331625 0.526305 0.461321 rs496961 0
19:49332335:A:C 19 49332335 0.782767 0.367095 rs114480573 0.001
19:49332670:A:G 19 49332670 0.536165 0.444293 rs10420490 0
19:49333798:G:A 19 49333798 0.815566 0.348006 rs115358857 0.001
19:49334191:G:A 19 49334191 0.501463 0.59043 rs113013739 0
19:49334290:G:A 19 49334290 0.208548 0.49361 rs76237074 0
19:49335294:C:T 19 49335294 0.301762 0.590895 rs590406 0.003
19:49335619:G:A 19 49335619 0.436296 0.207784 rs507618 0
19:49336881:C:T 19 49336881 0.95971 0.415656 rs12459187 0.003
19:49337237:A:G 19 49337237 0.963594 0.250203 rs7247312 0.005
19:49337311:G:T 19 49337311 0.595117 0.46133 rs77382652 0.001
19:49339098:T:C 19 49339098 0.321309 0.744008 rs8110220 0.003
19:49340517:G:C 19 49340517 0.25962 0.398148 rs113190207 0
19:49340543:G:A 19 49340543 0.338038 0.457422 rs73587865 0.002
19:49340661:C:A 19 49340661 0.344792 0.457636 rs35965411 0.002
19:49340746:T:C 19 49340746 0.337906 0.451527 rs34460869 0.002
19:49340998:T:C 19 49340998 0.469283 0.524479 rs10408888 0.001
19:49341748:C:T 19 49341748 0.857736 0.969473 rs114486053 0.001
19:49342145:T:G 19 49342145 0.234649 0.774652 rs55869333 0.001
19:49342188:C:T 19 49342188 0.404673 0.4162 rs16982311 0.002
19:49342269:T:C 19 49342269 0.572835 0.486679 rs3745705 0.02
19:49342366:C:G 19 49342366 0.370608 0.994554 rs17272645 0.001
19:49342400:C:T 19 49342400 0.426231 0.963499 rs111244743 0.003
19:49342410:C:T 19 49342410 0.284497 0.414572 rs59513694 0.002
19:49342981:T:C 19 49342981 0.0953242 0.293203 rs116635958 0.001
19:49343289:T:C 19 49343289 0.240174 0.790719 rs73061614 0.002
19:49343329:T:C 19 49343329 0.389826 0.446559 rs67286688 0.002
19:49343470:G:A 19 49343470 0.0851793 0.293203 rs115084739 0.001
19:49345113:G:T 19 49345113 0.359107 0.519151 rs60959570 0.002
19:49345486:C:T 19 49345486 0.0228038 0.329502 rs112659011 0
19:49346248:G:C 19 49346248 0.0147097 0.356015 rs73587883 0.016
19:49346249:G:A 19 49346249 0.167318 0.782214 rs76338224 0.001
19:49346592:C:T 19 49346592 0.0042045 0.386544 rs112035126 0.016
19:49347061:C:G 19 49347061 0.422632 0.271906 rs62127971 0.006
19:49347170:A:C 19 49347170 0.371244 0.549947 rs4801777 0.002
19:49347204:T:C 19 49347204 0.449473 0.378029 rs10414582 0.007
19:49347708:A:G 19 49347708 0.00151763 0.632482 rs10413941 0.012
19:49348542:A:G 19 49348542 0.565742 0.4806 rs34740957 0.02
19:49348895:G:A 19 49348895 0.723738 0.723751 rs28455995 0.001
19:49349477:G:A 19 49349477 0.724075 0.727914 rs10402542 0.001
19:49349482:A:C 19 49349482 0.735689 0.722363 rs10402012 0.001
19:49349624:T:C 19 49349624 0.72204 0.26993 rs10404196 0.003
19:49350008:G:C 19 49350008 0.723738 0.723751 rs10408963 0.001
19:49350384:T:A 19 49350384 0.424616 0.53019 rs35017447 0.022
19:49350415:G:A 19 49350415 0.0800973 0.253814 rs78490767 0.01
19:49350440:G:A 19 49350440 0.723738 0.723751 rs10410072 0.001
19:49350693:A:T 19 49350693 0.697461 0.361187 rs2131093 0.002
19:49350773:A:G 19 49350773 0.330531 0.583951 rs28488463 0.002
19:49351135:G:A 19 49351135 0.723738 0.723751 rs28532291 0.001
19:49351149:C:T 19 49351149 0.505072 0.532368 rs28556985 0.001
19:49351374:G:T 19 49351374 0.735689 0.722363 rs79929184 0.001
19:49351603:C:A 19 49351603 0.483701 0.463808 rs4994603 0
19:49351816:G:A 19 49351816 0.685462 0.922968 rs10410481 0.001
19:49352242:G:A 19 49352242 0.535014 0.585375 rs35948270 0.013
19:49352301:C:T 19 49352301 0.500316 0.57645 rs34079307 0.013
19:49352302:G:A 19 49352302 0.48229 0.3767 rs34879789 0
19:49352465:G:T 19 49352465 0.452403 0.662907 rs34265013 0.015
19:49353480:C:T 19 49353480 0.509239 0.564999 rs12976589 0.012
19:49353529:G:A 19 49353529 0.311574 0.33901 rs12977257 0.002
19:49353538:G:A 19 49353538 0.33631 0.695555 rs837620 0.003
19:49353767:C:A 19 49353767 0.0580023 0.593689 rs115914100 0
19:49354023:G:A 19 49354023 0.103801 0.534934 rs114339483 0
19:49354381:A:G 19 49354381 0.753426 0.212679 rs8113104 0.001
19:49354522:A:G 19 49354522 0.503023 0.561361 rs8113324 0.011
19:49355961:G:A 19 49355961 0.89317 0.27632 rs112119045 0.003
19:49357197:G:A 19 49357197 0.242186 0.508329 rs79047370 0
19:49357342:C:T 19 49357342 0.974694 0.387131 rs16982323 0.001
19:49357652:G:T 19 49357652 0.738049 0.645296 rs115595925 0.001
19:49357676:T:C 19 49357676 0.483318 0.191888 rs4802514 0.001
19:49358319:C:G 19 49358319 0.247274 0.565071 rs6509406 0.015
19:49358796:G:A 19 49358796 0.268468 0.53589 rs12461455 0.015
19:49359504:A:G 19 49359504 0.335447 0.759014 rs73061624 0.001
19:49359941:A:C 19 49359941 0.284594 0.657068 rs112536714 0.001
19:49360024:C:T 19 49360024 0.181272 0.433333 rs113334389 0
19:49360174:G:A 19 49360174 0.0012639 0.618518 rs67486022 0.016
19:49360418:C:T 19 49360418 0.522423 0.300366 rs73061627 0.003
19:49360429:C:T 19 49360429 0.38965 0.616728 rs62127975 0.01
19:49360648:C:T 19 49360648 0.586097 0.315133 rs10418715 0.001
19:49360902:T:C 19 49360902 0.466589 0.0671518 rs112889572 0.002
19:49361297:A:G 19 49361297 0.300837 0.534139 rs10425000 0.004
19:49361771:C:T 19 49361771 0.196529 0.42236 rs634620 0.011
19:49363515:C:T 19 49363515 0.936423 0.245721 rs116240942 0.006
19:49363551:A:G 19 49363551 0.604858 0.559002 rs113413515 0
19:49363956:G:A 19 49363956 0.228036 0.770217 rs546244 0.007
19:49364110:A:G 19 49364110 0.375449 0.767987 rs837617 0.01
19:49364511:G:A 19 49364511 0.829079 0.293449 rs17272680 0.006
19:49364625:C:T 19 49364625 0.319116 0.844541 rs518822 0.008
19:49364643:G:C 19 49364643 0.240749 0.239281 rs16982342 0.002
19:49365048:A:C 19 49365048 0.285812 0.440831 rs78104737 0
19:49365588:A:G 19 49365588 0.016076 0.52931 rs837616 0.004
19:49366146:G:C 19 49366146 0.31619 0.556687 rs16982344 0
19:49366170:T:C 19 49366170 0.795823 0.314123 rs4802516 0.006
19:49366864:T:C 19 49366864 0.0521442 0.185612 rs113148838 0
19:49367256:C:T 19 49367256 0.215514 0.147919 rs28370980 0
19:49367384:G:A 19 49367384 0.0525896 0.185312 rs73587894 0
19:49367575:A:G 19 49367575 0.0367961 0.537368 rs664914 0.005
19:49367672:G:A 19 49367672 0.38005 0.897034 rs538372 0.008
19:49367739:C:T 19 49367739 0.371675 0.8812 rs653905 0.008
19:49367959:A:G 19 49367959 0.915141 0.0856555 rs117227130 0.006
19:49368151:A:G 19 49368151 0.914738 0.0884715 rs73061643 0.006
19:49368397:T:C 19 49368397 0.0468122 0.185641 rs111431470 0
19:49368465:A:G 19 49368465 0.0468122 0.185641 rs111743656 0
19:49368613:T:C 19 49368613 0.812643 0.323245 rs12151238 0.006
19:49368843:T:C 19 49368843 0.063502 0.491618 rs506425 0.003
19:49369154:C:T 19 49369154 0.109523 0.547544 rs55973465 0.002
19:49369284:A:G 19 49369284 0.0714816 0.191235 rs111243579 0
19:49369943:A:G 19 49369943 0.408927 0.108269 rs623520 0.004
19:49370310:C:T 19 49370310 0.387147 0.479993 rs56104184 0.002
19:49370584:T:A 19 49370584 0.113744 0.896457 rs114624057 0.002
19:49370609:G:T 19 49370609 0.387389 0.49325 rs4801778 0.002
19:49370648:T:C 19 49370648 0.0389346 0.422547 rs609985 0.005
19:49370819:G:T 19 49370819 0.930796 0.471585 rs62127976 0
19:49371173:G:A 19 49371173 0.696416 0.495266 rs607801 0.007
19:49371188:A:G 19 49371188 0.335218 0.54982 rs77664054 0
19:49371216:G:T 19 49371216 0.489772 0.474604 rs113105695 0
19:49371230:G:A 19 49371230 0.641434 0.663641 rs111924082 0
19:49371241:T:C 19 49371241 0.84568 0.163145 rs607356 0.008
19:49371498:T:C 19 49371498 0.0271559 0.517748 rs606400 0.005
19:49371535:C:T 19 49371535 0.729626 0.630444 rs115490078 0.012
19:49371999:G:A 19 49371999 0.367094 0.916162 rs57394322 0.002
19:49372106:G:A 19 49372106 0.371491 0.941078 rs77003522 0.003
19:49372244:G:A 19 49372244 0.70445 0.487703 rs488463 0.008
19:49372994:C:T 19 49372994 0.613678 0.0555813 rs111609683 0.001
19:49372999:C:A 19 49372999 0.231025 0.718125 rs111339785 0.006
19:49373424:T:C 19 49373424 0.723733 0.523973 rs837613 0.008
19:49373425:T:C 19 49373425 0.897777 0.56037 rs80119342 0.007
19:49373632:A:G 19 49373632 0.0214998 0.463714 rs657008 0.006
19:49374081:C:T 19 49374081 0.861389 0.883202 rs540039 0.012
19:49374108:C:T 19 49374108 0.724123 0.526168 rs837611 0.008
19:49374121:A:G 19 49374121 0.223052 0.804062 rs837610 0.002
19:49374346:G:A 19 49374346 0.771077 0.507115 rs837609 0.008
19:49374541:C:T 19 49374541 0.227421 0.799407 rs837608 0.001
19:49374688:G:A 19 49374688 0.848437 0.454489 rs62127977 0
19:49374946:T:C 19 49374946 0.398143 0.602894 rs116430909 0.007
19:49375391:A:C 19 49375391 0.962806 0.51407 rs28569441 0.006
19:49375676:T:C 19 49375676 0.230176 0.788187 rs638050 0.001
19:49375900:T:C 19 49375900 0.227705 0.798067 rs626974 0.001
19:49376006:A:C 19 49376006 0.35563 0.30302 rs56697799 0.002
19:49376012:G:C 19 49376012 0.35563 0.30302 rs60927724 0.002
19:49376086:A:G 19 49376086 0.861254 0.504575 rs626140 0.008
19:49376312:G:C 19 49376312 0.337568 0.30302 rs57362374 0.002
19:49376407:T:A 19 49376407 0.0778261 0.600734 rs73589816 0.001
19:49376582:G:A 19 49376582 0.867642 0.480331 rs564196 0.008
19:49377086:T:C 19 49377086 0.715625 0.0517387 rs611251 0.008
19:49377120:C:T 19 49377120 0.0685141 0.389027 rs34899467 0.003
19:49377212:A:G 19 49377212 0.385402 0.473761 rs114477690 0
19:49377242:G:C 19 49377242 0.946504 0.103724 rs557806 0
19:49377319:A:G 19 49377319 0.0276987 0.452314 rs610308 0.003
19:49377424:G:A 19 49377424 0.0158558 0.2203 rs11541192 0.003
19:49377436:G:C 19 49377436 0.0385045 0.735668 rs556052 0.002
19:49377873:G:A 19 49377873 0.0646738 0.715834 rs35023389 0
19:49378091:G:A 19 49378091 0.387467 0.476313 rs114326964 0
19:49378124:C:T 19 49378124 0.500914 0.0283218 rs116429715 0.006
19:49378245:T:C 19 49378245 0.234556 0.538345 rs595982 0.006
19:49378308:A:G 19 49378308 0.236021 0.537675 rs595516 0.006
19:49378328:C:T 19 49378328 0.397302 0.96852 rs595474 0.006
19:49378408:A:G 19 49378408 0.00349584 0.850415 rs595051 0.005
19:49378514:A:G 19 49378514 0.103199 0.209248 rs594600 0.005
19:49378517:A:G 19 49378517 0.327617 0.533253 rs594597 0.006
19:49378699:CAGAT:C 19 49378699 0.0811752 0.225474 rs112392180 0.003
19:49378875:G:A 19 49378875 0.458883 0.499559 rs77919834 0.007
19:49378994:A:G 19 49378994 0.211919 0.229824 rs500079 0.001
19:49379167:C:T 19 49379167 0.183317 0.278443 rs524 0.001
19:49379182:G:C 19 49379182 0.187554 0.277311 rs527 0.001
19:49379326:T:C 19 49379326 0.618988 0.291829 rs688644 0.007
19:49379357:C:T 19 49379357 0.0156852 0.0425795 rs73589818 0.003
19:49379424:C:T 19 49379424 0.456563 0.497691 rs113181686 0.007
19:49379551:T:C 19 49379551 0.0292362 0.250547 rs687384 0.001
19:49379866:A:G 19 49379866 0.0292474 0.250773 rs580907 0.001
19:49379877:C:T 19 49379877 0.0354409 0.24987 rs675590 0.001
19:49379902:C:T 19 49379902 0.0354417 0.249877 rs580811 0.001
19:49379962:T:C 19 49379962 0.196624 0.271433 rs675151 0.001
19:49379988:C:T 19 49379988 0.00117055 0.793729 rs675125 0.003
19:49380353:C:A 19 49380353 0.00136603 0.935854 rs576530 0.001
19:49380647:C:T 19 49380647 0.52584 0.906905 rs112278578 0.012
19:49380836:G:C 19 49380836 0.00136603 0.788893 rs661186 0.001
19:49380865:G:A 19 49380865 0.651323 0.176651 rs516983 0.005
19:49381089:C:T 19 49381089 0.636464 0.249077 rs659926 0.005
19:49381268:TCTC:T 19 49381268 0.00274168 0.896401 rs66808476 0.006
19:49381365:A:G 19 49381365 0.0394708 0.0920463 rs10416475 0.002
19:49381632:G:A 19 49381632 0.487784 0.844193 rs113471747 0.012
19:49382156:C:T 19 49382156 0.715081 0.283508 rs77238866 0.005
19:49382171:T:C 19 49382171 0.00617766 0.800404 rs4802517 0
19:49382197:C:T 19 49382197 0.420604 0.666139 rs114266482 0
19:49382418:G:A 19 49382418 0.000519473 0.89844 rs7251410 0.001
19:49382437:T:C 19 49382437 0.00072826 0.874158 rs7252122 0.003
19:49382529:T:G 19 49382529 0.165315 0.0867995 rs7252248 0.001
19:49383070:C:A 19 49383070 0.807854 0.568009 rs112459149 0.011
19:49383269:C:T 19 49383269 0.730465 0.132934 rs2017135 0.004
19:49383652:T:C 19 49383652 0.882566 0.617569 rs117717973 0.002
19:49383686:C:G 19 49383686 0.700895 0.130432 rs10419055 0.003
19:49384074:T:A 19 49384074 0.483323 0.0924606 rs9973310 0.004
19:49384272:T:C 19 49384272 0.251409 0.711845 rs115388116 0.001
19:49384786:C:A 19 49384786 0.254479 0.553539 rs7260346 0.001
19:49385479:G:A 19 49385479 0.287572 0.691503 rs79673670 0.002
19:49386747:T:G 19 49386747 0.0614757 0.0347429 rs10416886 0.004
19:49386798:T:C 19 49386798 0.815592 0.0325226 rs10416922 0
19:49386802:A:C 19 49386802 0.057663 0.249307 rs115544427 0
19:49387558:T:C 19 49387558 0.0214631 0.257868 rs115534517 NA
19:49388309:C:T 19 49388309 0.22906 0.648006 rs7246494 0.001
19:49388462:A:T 19 49388462 0.719137 0.0178305 rs8100882 0
19:49388571:C:T 19 49388571 0.0402773 0.257868 rs114790337 0
19:49388654:C:A 19 49388654 0.209737 0.650008 rs3826818 0.001
19:49389009:G:A 19 49389009 0.0254301 0.470357 rs112037374 0
19:49389069:G:C 19 49389069 0.243012 0.655792 rs1967200 0.001
19:49389294:T:C 19 49389294 0.0854723 0.0374944 rs10411850 0.004
19:49389424:G:A 19 49389424 0.279144 0.652888 rs57385810 0.001
19:49389512:G:A 19 49389512 0.182648 0.366709 rs59420041 0.001
19:49389621:C:T 19 49389621 0.0420057 0.407633 rs116110997 NA
19:49389716:G:A 19 49389716 0.502125 0.34598 rs114667679 0
19:49389841:C:T 19 49389841 0.0420057 0.26159 rs115665519 0
19:49389934:A:G 19 49389934 0.838959 0.0226947 rs10416780 0
19:49390738:T:C 19 49390738 0.860579 0.0239706 rs10420239 0.001
19:49390801:T:C 19 49390801 0.713254 0.803527 rs57184823 0.001
19:49390878:A:G 19 49390878 0.857211 0.0227604 rs10423931 0
19:49391285:G:A 19 49391285 0.189298 0.791984 rs112361528 0.001
19:49391315:C:A 19 49391315 0.327242 0.766246 rs34903808 0
19:49391370:C:T 19 49391370 0.189298 0.791984 rs113182131 0.001
19:49391404:C:T 19 49391404 0.190209 0.387129 rs8112811 0.001
19:49391585:A:G 19 49391585 0.0358356 0.847585 rs8112951 0.002
19:49391735:T:C 19 49391735 0.0333495 0.506403 rs78423192 0
19:49392382:C:T 19 49392382 0.0332591 0.505691 rs111928121 0
19:49392429:C:T 19 49392429 0.934808 0.84525 rs112149380 0.001
19:49392548:C:T 19 49392548 0.185955 0.403372 rs10420053 0.001
19:49393727:A:T 19 49393727 0.582029 0.511389 rs4802519 0
19:49394015:A:G 19 49394015 0.0429169 0.407633 rs115203511 0
19:49394597:T:A 19 49394597 0.219903 0.432406 rs28514541 0.001
19:49394796:A:G 19 49394796 0.198278 0.730774 rs111395494 0.001
19:49394900:C:T 19 49394900 0.235072 0.331715 rs9676670 0
19:49394932:A:G 19 49394932 0.167399 0.399025 rs9676669 0.001
19:49394982:A:G 19 49394982 0.198278 0.730774 rs113332254 0.001
19:49395267:A:G 19 49395267 0.167527 0.372225 rs9941471 0.001
19:49395673:A:C 19 49395673 0.167072 0.411819 rs7254122 0.001
19:49395773:G:T 19 49395773 0.485807 0.527784 rs117525122 0.003
19:49395774:G:T 19 49395774 0.454455 0.190248 rs7254608 NA
19:49395789:C:T 19 49395789 0.0756759 0.502172 rs7254372 0
19:49395791:T:C 19 49395791 0.0756759 0.502172 rs7255322 0
19:49395918:A:G 19 49395918 0.0760892 0.425496 rs58905315 0.001
19:49395933:T:C 19 49395933 0.0707333 0.655699 rs56312501 0.001
19:49396123:G:T 19 49396123 0.102015 0.34779 rs10422914 0.002
19:49396500:G:T 19 49396500 0.608258 0.7962 rs78968006 0
19:49396623:C:T 19 49396623 0.207082 0.326212 rs112370206 0
19:49396737:G:A 19 49396737 0.206958 0.365341 rs9941490 0
19:49396851:C:T 19 49396851 0.0954302 0.387752 rs9941449 0.001
19:49396924:C:A 19 49396924 0.102015 0.347463 rs9941450 0.001
19:49397214:C:T 19 49397214 0.63765 0.512247 rs73061689 0
19:49397504:C:G 19 49397504 0.0865897 0.411917 rs28787645 0.001
19:49397523:G:C 19 49397523 0.982285 0.0322348 rs36046381 0
19:49397580:T:A 19 49397580 0.405595 0.79266 rs77012329 0.001
19:49397632:G:T 19 49397632 0.0677088 0.378841 rs28877052 0.001
19:49397765:A:G 19 49397765 0.448491 0.606 rs62128048 0
19:49398254:C:T 19 49398254 0.029624 0.506403 rs76100543 0
19:49398838:C:G 19 49398838 0.817837 0.0756175 rs111233080 0.002
19:49398847:A:G 19 49398847 0.137408 0.465489 rs56146968 0
19:49398935:G:A 19 49398935 0.130304 0.715514 rs112604103 0.001
19:49399087:T:G 19 49399087 0.911801 0.937151 rs7256430 0.001
19:49399676:T:C 19 49399676 0.631758 0.513856 rs73061692 0.001
19:49399821:G:A 19 49399821 0.114321 0.428045 rs12461075 0.001
19:49399934:G:A 19 49399934 0.122719 0.426693 rs77109247 0.003
19:49399941:C:A 19 49399941 0.631758 0.513856 rs73061693 0.001
19:49399978:T:C 19 49399978 0.631758 0.513856 rs73061694 0.001
19:49399988:T:C 19 49399988 0.631758 0.513856 rs73061695 0.001
19:49400000:C:T 19 49400000 0.631758 0.513856 rs73061697 0.001
19:49400216:C:T 19 49400216 0.589963 0.516187 rs117016425 0
19:49400336:G:A 19 49400336 0.122321 0.583557 rs10426739 0
19:49400511:T:C 19 49400511 0.638008 0.510102 rs73061699 0.001
19:49400634:C:T 19 49400634 0.252856 0.479275 rs7260579 0
19:49400775:G:A 19 49400775 0.13924 0.554048 rs6509407 0
19:49400802:C:T 19 49400802 0.0636092 0.406493 rs116727081 0.001
19:49400991:C:G 19 49400991 0.156915 0.52969 rs6650758 0.001
19:49401040:C:T 19 49401040 0.737074 0.84546 rs111754289 0.001
19:49401056:T:G 19 49401056 0.0501774 0.964841 rs112370059 0
19:49401095:C:G 19 49401095 0.144857 0.39425 rs115772362 0
19:49401100:A:G 19 49401100 0.0636111 0.406493 rs114380487 0.001
19:49401384:C:A 19 49401384 0.63197 0.513856 rs56149557 0.001
19:49401444:C:T 19 49401444 0.136425 0.0510877 rs3826817 0.001
19:49401940:T:C 19 49401940 0.701685 0.028266 rs10402713 0
19:49401952:A:C 19 49401952 0.749962 0.528385 rs55981795 0.001
19:49402059:C:A 19 49402059 0.130356 0.051037 rs10401443 0.001
19:49402148:C:T 19 49402148 0.761694 0.406586 rs56147696 0.002
19:49402231:C:T 19 49402231 0.771087 0.264555 rs59511500 0.003
19:49402332:C:T 19 49402332 0.421931 0.0872422 rs57301724 0
19:49402593:GA:G 19 49402593 0.129135 0.378083 rs113587416 0.001
19:49402686:G:T 19 49402686 0.633793 0.514651 rs117744769 0.001
19:49402765:T:C 19 49402765 0.633695 0.513856 rs73063505 0.001
19:49403009:T:A 19 49403009 0.635615 0.513856 rs56349331 0.001
19:49403055:A:G 19 49403055 0.635615 0.513856 rs55756106 0.001
19:49403141:A:G 19 49403141 0.635615 0.513856 rs55737338 0.001
19:49403178:G:T 19 49403178 0.600078 0.346906 rs3760785 0
19:49403536:G:T 19 49403536 0.624981 0.337509 rs116778343 0
19:49403565:A:C 19 49403565 0.132309 0.554966 rs10409867 0.001
19:49403677:G:C 19 49403677 0.173743 0.594434 rs3745697 0.001
19:49404393:C:T 19 49404393 0.173614 0.614108 rs10416967 0.001
19:49404448:A:T 19 49404448 0.126852 0.88809 rs113800419 0.001
19:49404535:T:G 19 49404535 0.113968 0.671179 rs17272707 0
19:49404584:C:T 19 49404584 0.254227 0.825599 rs58731305 0
19:49405215:C:T 19 49405215 0.122202 0.474773 rs114359301 0
19:49405670:C:T 19 49405670 0.188124 0.203917 rs28520944 0
19:49405695:T:G 19 49405695 0.372727 0.128021 rs10426479 0
19:49406175:A:T 19 49406175 0.161325 0.225846 rs10404905 0
19:49406213:T:C 19 49406213 0.433907 0.767304 rs112547859 0.001
19:49406651:T:G 19 49406651 0.167915 0.209899 rs4801779 0
19:49406707:A:G 19 49406707 0.0953401 0.582934 rs113611446 0.001
19:49407239:T:C 19 49407239 0.128741 0.385898 rs112948981 0
19:49407733:C:T 19 49407733 0.0884655 0.715514 rs116909499 0
19:49408015:G:A 19 49408015 0.142237 0.615707 rs28450126 0.001
19:49408022:T:G 19 49408022 0.601792 0.618882 rs28627697 0
19:49408229:TG:T 19 49408229 0.142237 0.615707 rs35874958 0.001
19:49408245:C:T 19 49408245 0.84868 0.916744 rs115073769 0
19:49408358:C:G 19 49408358 0.0843638 0.715514 rs73063522 0
19:49409004:T:C 19 49409004 0.0843638 0.715514 rs73063524 0
19:49409197:TCACTC:T 19 49409197 0.0963552 0.495248 rs71903082 0.001
19:49409221:TGTGCTAGGCAG:T 19 49409221 0.0963552 0.495248 rs113033245 0.001
19:49409453:G:A 19 49409453 0.69709 0.450387 rs116552981 0
19:49409468:T:C 19 49409468 0.756019 0.963379 rs10403298 0
19:49410186:C:T 19 49410186 0.0778337 0.473907 rs114252650 0.001
19:49410191:G:T 19 49410191 0.586732 0.63322 rs4802522 0.001
19:49410297:T:C 19 49410297 0.134926 0.383048 rs111903015 0
19:49410473:G:T 19 49410473 0.500862 0.695013 rs4801781 0.002
19:49410595:C:T 19 49410595 0.135226 0.379148 rs112299301 0
19:49410920:G:A 19 49410920 0.136859 0.589271 rs10415881 0.001
19:49410970:T:C 19 49410970 0.725244 0.712529 rs10417068 0
19:49411032:A:G 19 49411032 0.135677 0.381174 rs76470840 0
19:49411098:G:C 19 49411098 0.500248 0.986822 rs10416167 0
19:49411290:G:T 19 49411290 0.718474 0.441887 rs114843352 0
19:49413236:T:C 19 49413236 0.859273 0.535248 rs78904191 0.005
19:49413259:T:C 19 49413259 0.971555 0.524031 rs28880605 0
19:49413662:G:A 19 49413662 0.657824 0.900988 rs117525243 0
19:49413819:T:C 19 49413819 0.723992 0.867948 rs113360897 0
19:49414585:G:A 19 49414585 0.360546 0.505009 rs114905119 0
19:49414732:G:A 19 49414732 0.978169 0.908103 rs111960681 0.001
19:49415131:C:T 19 49415131 0.346117 0.635905 rs56076766 0
19:49415436:C:T 19 49415436 0.350098 0.644465 rs55969947 0
19:49417074:G:A 19 49417074 0.551144 0.872619 rs77772024 0
19:49417325:C:T 19 49417325 0.0812829 0.125857 rs76676914 0.001
19:49417487:A:C 19 49417487 0.399408 0.199757 rs11880190 0.001
19:49417689:C:G 19 49417689 0.024523 0.114405 rs73942339 0.005
19:49417873:G:A 19 49417873 0.146642 0.120639 rs16982390 0.003
19:49417941:T:C 19 49417941 0.663176 0.313668 rs10403434 0.001
19:49418054:T:A 19 49418054 0.135818 0.753385 rs10403687 0.006
19:49418368:G:A 19 49418368 0.187816 0.208761 rs77756833 0.005
19:49418660:T:C 19 49418660 0.302255 0.526128 rs4802523 0.001
19:49418708:G:C 19 49418708 0.376503 0.858581 rs113180143 0
19:49419018:G:A 19 49419018 0.747659 0.460225 rs12981368 0
19:49419267:A:G 19 49419267 0.0741141 0.473936 rs12981274 0.002
19:49419650:G:A 19 49419650 0.187816 0.193376 rs60165410 0.005
19:49419840:GC:G 19 49419840 0.905846 0.457236 rs112078304 0
19:49419903:A:G 19 49419903 0.406497 0.786561 rs71352710 0.002
19:49419911:A:C 19 49419911 0.159309 0.770052 rs8108196 0.006
19:49419933:C:T 19 49419933 0.560023 0.205345 rs67961014 0.002
19:49420234:T:G 19 49420234 0.251638 0.926293 rs4801782 0.006
19:49420755:AT:A 19 49420755 0.161907 0.162156 rs34434500 NA
19:49420941:C:T 19 49420941 0.178891 0.172062 rs60597126 0.005
19:49421054:A:G 19 49421054 0.378857 0.8835 rs10424134 0.007
19:49421082:A:G 19 49421082 0.235182 0.173559 rs56190816 0.005
19:49421091:G:T 19 49421091 0.164681 0.181345 rs55811210 0.005
19:49421151:C:T 19 49421151 0.397143 0.730901 rs111823350 0.002
19:49421728:A:T 19 49421728 0.448464 0.369186 rs2287833 0.006
19:49421829:A:G 19 49421829 0.888088 0.615072 rs2287834 0.002
19:49421903:A:G 19 49421903 0.272352 0.963926 rs2287835 0.002
19:49421966:T:C 19 49421966 0.513425 0.968908 rs2287836 0.01
19:49422171:CA:C 19 49422171 0.932608 0.286275 rs34975127 0.002
19:49422218:G:C 19 49422218 0.592455 0.685826 rs13344642 0.006
19:49422437:A:T 19 49422437 0.560461 0.389939 rs12460533 0
19:49422652:C:T 19 49422652 0.830939 0.453834 rs73063535 0
19:49422771:A:G 19 49422771 0.171948 0.593618 rs11668551 0
19:49423071:G:T 19 49423071 0.2899 0.643658 rs73573657 0
19:49423095:G:A 19 49423095 0.756608 0.769546 rs112852717 0.004
19:49423132:C:T 19 49423132 0.702777 0.484045 rs4619510 0
19:49423315:C:T 19 49423315 0.640962 0.914585 rs73573658 0
19:49423705:T:G 19 49423705 0.414157 0.337232 rs113614853 0.001
19:49424639:C:T 19 49424639 0.0205577 0.58675 rs114208291 0.004
19:49425258:G:A 19 49425258 0.889523 0.832533 rs116429405 0
19:49425264:G:C 19 49425264 0.889523 0.832533 rs115900307 0
19:49425421:T:G 19 49425421 0.0226194 0.578178 rs75497237 0.006
19:49425576:C:T 19 49425576 0.245905 0.686517 rs62641719 0.001
19:49426022:T:C 19 49426022 0.0190215 0.537272 rs59040968 0.006
19:49426080:G:T 19 49426080 0.712005 0.783789 rs111400103 0.007
19:49426661:A:G 19 49426661 0.637192 0.945025 rs8111800 0.002
19:49427050:G:A 19 49427050 0.358923 0.624424 rs8101225 0.004
19:49430974:G:A 19 49430974 0.617791 0.441298 rs113544079 0
19:49431839:A:G 19 49431839 0.473074 0.429115 rs4801783 0
19:49433247:C:T 19 49433247 0.133635 0.498755 rs76496137 0.005
19:49435574:G:A 19 49435574 0.682343 0.33411 rs113562963 0.002
19:49435896:T:C 19 49435896 0.855341 0.946686 rs111387116 0.007
19:49436493:T:G 19 49436493 0.424782 0.970854 rs73942356 0
19:49436562:A:G 19 49436562 0.49514 0.35761 rs73573682 0.001
19:49437906:C:T 19 49437906 0.154871 0.28496 rs11878869 0
19:49437986:CTCTT:C 19 49437986 0.279533 0.405438 rs112494366 0
19:49438001:A:G 19 49438001 0.203886 0.402106 rs2270942 0
19:49438363:G:A 19 49438363 0.247739 0.587797 rs2270941 0.001
19:49438433:C:G 19 49438433 0.273707 0.524831 rs4987162 0.001
19:49438580:G:A 19 49438580 0.924333 0.696012 rs75697898 0.002
19:49439808:C:T 19 49439808 0.280389 0.466405 rs57924669 0
19:49439910:G:A 19 49439910 0.962028 0.71063 rs7258720 0.003
19:49439972:C:A 19 49439972 0.603652 0.764653 rs6509411 0
19:49440185:C:T 19 49440185 0.274654 0.470079 rs76335080 0
19:49440261:A:G 19 49440261 0.276109 0.471685 rs113775233 0
19:49440420:GATC:G 19 49440420 0.276109 0.471685 rs77581317 0
19:49440800:T:G 19 49440800 0.276592 0.470964 rs11883411 0
19:49440829:A:G 19 49440829 0.214592 0.47128 rs76835332 0
19:49440896:C:T 19 49440896 0.292149 0.34074 rs11881175 0
19:49440940:G:A 19 49440940 0.099702 0.202784 rs28375355 0.001
19:49440949:G:A 19 49440949 0.211351 0.403754 rs11881232 0
19:49440962:G:A 19 49440962 0.571649 0.215842 rs13345570 0
19:49440964:G:A 19 49440964 0.570241 0.210917 rs79492274 0
19:49440976:G:A 19 49440976 0.571831 0.215875 rs11881235 0
19:49440983:G:C 19 49440983 0.571831 0.215875 rs11881236 0
19:49440986:G:T 19 49440986 0.571327 0.212711 rs11881237 0
19:49441051:A:G 19 49441051 0.636249 0.245714 rs11881198 0
19:49441394:G:A 19 49441394 0.955129 0.656764 rs12461595 0.002
19:49441650:A:G 19 49441650 0.618261 0.264418 rs11083955 0
19:49441784:G:A 19 49441784 0.202287 0.477744 rs7248853 0.001
19:49441793:G:A 19 49441793 0.633002 0.512862 rs10853803 0
19:49441845:C:A 19 49441845 0.144717 0.258712 rs114061167 0
19:49442933:T:C 19 49442933 0.896019 0.190776 rs2270939 0
19:49443312:A:T 19 49443312 0.952317 0.193354 rs13343744 0
19:49443477:C:T 19 49443477 0.775175 0.976771 rs114176402 NA
19:49443570:T:C 19 49443570 0.952317 0.193354 rs13345887 0
19:49443599:G:A 19 49443599 0.984363 0.639897 rs7249632 0.002
19:49443671:C:G 19 49443671 0.123355 0.258712 rs34420660 0
19:49444295:T:C 19 49444295 0.938431 0.191078 rs10416423 0
19:49445342:T:G 19 49445342 0.941831 0.213809 rs75554012 0
19:49445512:C:T 19 49445512 0.948396 0.214004 rs7258049 0
19:49445774:C:T 19 49445774 0.992935 0.637484 rs10423255 0.002
19:49445812:C:T 19 49445812 0.63895 0.570488 rs113464792 0.003
19:49445817:T:C 19 49445817 0.982167 0.21341 rs11666105 0
19:49446269:G:A 19 49446269 0.489931 0.355655 rs73575959 0.002
19:49446356:C:G 19 49446356 0.377226 0.68429 rs112371236 0.003
19:49447389:TG:T 19 49447389 0.683174 0.120168 rs67144298 0
19:49447577:G:A 19 49447577 0.321689 0.438484 rs79545002 0.001
19:49447713:G:A 19 49447713 0.347197 0.440724 rs3765148 0.001
19:49447908:G:C 19 49447908 0.256035 0.615166 rs112802500 0.003
19:49448624:A:T 19 49448624 0.0908467 0.094968 rs116323811 0.002
19:49450227:G:C 19 49450227 0.760967 0.667701 rs73942378 0.004
19:49450663:A:G 19 49450663 0.624852 0.895206 rs73575961 0
19:49450722:C:T 19 49450722 0.058609 0.337689 rs61328719 0.001
19:49450784:A:G 19 49450784 0.33813 0.709451 rs61515781 0.001
19:49451292:T:C 19 49451292 0.14992 0.386399 rs57724609 0
19:49451653:G:A 19 49451653 0.361082 0.319889 rs113014161 0
19:49451683:T:C 19 49451683 0.213821 0.167302 rs113407174 0
19:49452064:G:A 19 49452064 0.0198073 0.312218 rs12979859 0
19:49452462:A:G 19 49452462 0.64992 0.72286 rs11083956 0.002
19:49452930:C:A 19 49452930 0.484295 0.484282 rs112669884 0
19:49453164:C:T 19 49453164 0.2155 0.261801 rs115440855 0.001
19:49454287:C:G 19 49454287 0.769359 0.554235 rs12981897 0.001
19:49454643:C:T 19 49454643 0.954069 0.804518 rs114179272 0
19:49456001:C:T 19 49456001 0.667097 0.537131 rs11667229 0.001
19:49456280:T:A 19 49456280 0.86511 0.833172 rs11671610 0
19:49456297:A:G 19 49456297 0.161237 0.927605 rs12983717 0
19:49456952:C:T 19 49456952 0.890077 0.57959 rs62125961 0.001
19:49457039:C:T 19 49457039 0.869077 0.57959 rs75377779 0.001
19:49457040:G:A 19 49457040 0.704556 0.517425 rs11668424 0.001
19:49458262:C:T 19 49458262 0.632719 0.952452 rs4645881 0
19:49458454:C:G 19 49458454 0.159868 0.226908 rs1009315 0
19:49458570:T:C 19 49458570 0.774456 0.868588 rs1009316 0
19:49459104:A:G 19 49459104 0.901328 0.826816 rs1805419 0
19:49459876:T:A 19 49459876 0.704573 0.542574 rs4645887 0.001
19:49460780:C:T 19 49460780 0.0874786 0.297072 rs1985882 0
19:49460915:C:A 19 49460915 0.0986244 0.718994 rs1010104 0
19:49461166:T:A 19 49461166 0.0811624 0.349504 rs4645893 0
19:49461211:T:G 19 49461211 0.774198 0.857602 rs1010103 0
19:49461305:T:C 19 49461305 0.728611 0.952418 rs2387583 0
19:49462275:C:T 19 49462275 0.874797 0.339214 rs115818004 0
19:49462482:T:C 19 49462482 0.980633 0.805857 rs7255991 0.001
19:49462708:G:A 19 49462708 0.270383 0.718766 rs7255559 0.001
19:49463040:A:G 19 49463040 0.979352 0.654477 rs11669164 0.002
19:49463284:A:C 19 49463284 0.810622 0.506636 rs7259013 0.003
19:49464520:T:C 19 49464520 0.796173 0.448804 rs57028628 0
19:49465384:G:A 19 49465384 0.579815 0.987196 rs905238 0.004
19:49465469:T:G 19 49465469 0.56731 0.685824 rs4645903 0
19:49467211:C:T 19 49467211 0.135015 0.580991 rs114554784 0.003
19:49467998:C:G 19 49467998 0.559348 0.220629 rs73577717 0
19:49468644:C:T 19 49468644 0.204768 0.726076 rs11553228 0.001
19:49469087:T:C 19 49469087 0.17978 0.752484 rs2230267 0.002
19:49469412:G:A 19 49469412 0.154099 0.601267 rs77396842 0.001
19:49470200:G:A 19 49470200 0.551905 0.789894 rs55945473 0
19:49471235:T:C 19 49471235 0.0310594 0.181303 rs116439814 0.001
19:49471704:T:C 19 49471704 0.0309884 0.181303 rs75797604 0.001
19:49471820:G:A 19 49471820 0.626352 0.888916 rs1042265 0
19:49472746:G:A 19 49472746 0.612693 0.6415 rs5452 0.001
19:49472833:C:T 19 49472833 0.0901866 0.266169 rs5451 0.002
19:49473235:A:G 19 49473235 0.612693 0.6415 rs113167571 0.001
19:49474027:A:T 19 49474027 0.601285 0.701596 rs2270938 0
19:49474042:G:A 19 49474042 0.438391 0.518445 rs112732511 0.001
19:49475860:C:T 19 49475860 0.134261 0.5339 rs115640173 0.003
19:49476360:T:A 19 49476360 0.056357 0.54693 rs115985781 0.001
19:49476678:G:A 19 49476678 0.0482297 0.403825 rs78058750 0.001
19:49476903:G:A 19 49476903 0.396553 0.549595 rs112307848 0.001
19:49477249:G:A 19 49477249 0.0566591 0.546466 rs77585762 0.001
19:49477463:C:T 19 49477463 0.056357 0.54693 rs5449 0.001
19:49478377:C:T 19 49478377 0.0168804 0.220208 rs1862493 0
19:49478434:T:C 19 49478434 0.40544 0.59483 rs1862492 0
19:49478923:G:A 19 49478923 0.282363 0.539353 rs28491935 0.001
19:49479515:T:C 19 49479515 0.73677 0.550581 rs113272360 0.001
19:49479628:C:A 19 49479628 0.353305 0.344488 rs75355733 0
19:49479747:G:A 19 49479747 0.335178 0.344485 rs78400026 0
19:49479892:G:A 19 49479892 0.269105 0.383739 rs112692001 0.001
19:49479977:A:T 19 49479977 0.737733 0.550581 rs113388715 0.001
19:49480194:T:C 19 49480194 0.255139 0.344488 rs112611004 0
19:49480330:G:A 19 49480330 0.0164448 0.119091 rs11878729 0
19:49480936:G:A 19 49480936 0.045579 0.477348 rs80021209 0
19:49480942:G:A 19 49480942 0.183254 0.487152 rs111299296 0
19:49481293:G:A 19 49481293 0.333802 0.400903 rs28579553 0.001
19:49481631:A:C 19 49481631 0.0125238 0.167179 rs8107231 0
19:49481633:C:T 19 49481633 0.326934 0.381948 rs28648585 0
19:49481899:C:A 19 49481899 0.376104 0.338074 rs28658342 0.001
19:49482098:A:G 19 49482098 0.0863415 0.208276 rs75018930 0.001
19:49482101:T:A 19 49482101 0.287538 0.897135 rs75138607 0.004
19:49482204:G:A 19 49482204 0.00589194 0.152604 rs57693449 0
19:49482205:A:T 19 49482205 0.00589194 0.152604 rs61016164 0
19:49482317:C:T 19 49482317 0.867535 0.591358 rs113547949 0.001
19:49482522:C:T 19 49482522 0.00196148 0.163426 rs12980441 0
19:49482676:G:A 19 49482676 0.00189699 0.178504 rs4801785 0
19:49483068:G:A 19 49483068 0.00228633 0.189046 rs11882285 0
19:49483086:G:T 19 49483086 0.00228633 0.189046 rs11882289 0
19:49483340:C:T 19 49483340 0.0736327 0.31916 rs79670122 0
19:49483346:A:C 19 49483346 0.758416 0.992345 rs116574618 0.001
19:49483348:C:T 19 49483348 0.877527 0.591358 rs112018756 0.001
19:49483571:C:T 19 49483571 0.877527 0.591358 rs113770628 0.001
19:49484169:C:A 19 49484169 0.00254269 0.137115 rs11673052 0
19:49484302:A:G 19 49484302 0.200367 0.35999 rs10423011 0
19:49484409:T:C 19 49484409 0.817118 0.374183 rs10424949 0.001
19:49484704:A:G 19 49484704 0.285135 0.689265 rs16959677 0
19:49485548:G:A 19 49485548 0.10519 0.0842078 rs5464 0
19:49485719:G:T 19 49485719 0.656265 0.0105887 rs74893260 0
19:49485758:C:T 19 49485758 0.3412 0.185327 rs2270937 0
19:49488848:C:T 19 49488848 0.794184 0.213806 rs5460 0
19:49489314:C:A 19 49489314 0.451587 0.344027 rs111792937 0
19:49489989:C:G 19 49489989 0.891162 0.32104 rs112599002 0.004
19:49490278:C:T 19 49490278 0.738567 0.547085 rs115161766 0.003
19:49490523:T:C 19 49490523 0.730128 0.540798 rs5458 0.003
19:49490925:A:G 19 49490925 0.999223 0.189346 rs7257480 0.002
19:49491981:T:C 19 49491981 0.574325 0.479251 rs7255204 0.003
19:49492978:G:A 19 49492978 0.465127 0.589111 rs113324447 0
19:49494771:C:T 19 49494771 0.618673 0.489837 rs76843656 0
19:49495887:T:C 19 49495887 0.618673 0.489837 rs74658507 0
19:49496551:A:C 19 49496551 0.551423 0.245629 rs2287755 0.003
19:49496998:G:A 19 49496998 0.464369 0.0907336 rs115137682 0
19:49497022:A:C 19 49497022 0.510034 0.259489 rs3764616 0.003
19:49497277:G:A 19 49497277 0.50959 0.259 rs3764619 0.003
19:49497453:A:C 19 49497453 0.50959 0.259 rs16981031 0.003
19:49498427:T:G 19 49498427 0.505725 0.444588 rs114933712 0
19:49500366:G:A 19 49500366 0.475025 0.221237 rs79502742 0.002
19:49500570:G:A 19 49500570 0.502698 0.444588 rs115314759 0
19:49501338:G:A 19 49501338 0.505217 0.429345 rs79391930 0
19:49501429:C:G 19 49501429 0.502563 0.444588 rs115986262 0
19:49502394:G:A 19 49502394 0.738134 0.600626 rs76091104 0
19:49502751:A:C 19 49502751 0.0382298 0.706652 rs116116303 0
19:49503024:T:A 19 49503024 0.49196 0.090178 rs112758658 0
19:49503050:C:T 19 49503050 0.827435 0.537919 rs111532761 0.002
19:49503138:A:G 19 49503138 0.524773 0.305531 rs79001752 0
19:49505080:G:A 19 49505080 0.539759 0.319182 rs111713718 0.003
19:49505739:C:G 19 49505739 0.604213 0.551058 rs116689253 0
19:49506198:G:A 19 49506198 0.50633 0.069568 rs111856338 0
19:49506390:T:C 19 49506390 0.532779 0.316188 rs3764622 0.003
19:49506658:T:C 19 49506658 0.733238 0.666932 rs114409441 NA
19:49506722:A:G 19 49506722 0.733238 0.666932 rs115452754 0
19:49506947:A:G 19 49506947 0.552576 0.257187 rs116128488 0
19:49507518:C:T 19 49507518 0.555633 0.256037 rs77827131 0
19:49507542:A:G 19 49507542 0.572746 0.314769 rs11558800 0.003
19:49508265:A:G 19 49508265 0.571103 0.317088 rs75205862 0.003
19:49509762:G:T 19 49509762 0.672517 0.666932 rs114099947 0
19:49509914:C:T 19 49509914 0.50089 0.319339 rs114740578 0
19:49510156:A:G 19 49510156 0.505318 0.314191 rs77189609 0
19:49510690:T:C 19 49510690 0.565146 0.551058 rs75090278 0
19:49511397:G:C 19 49511397 0.48463 0.216578 rs77078012 0.003
19:49512613:G:T 19 49512613 0.542888 0.197781 rs112499078 0.003
19:49512700:T:C 19 49512700 0.282873 0.325839 rs113328808 0.006
19:49513004:C:T 19 49513004 0.668157 0.573744 rs115058775 0
19:49513022:C:T 19 49513022 0.676843 0.928428 rs78163914 0.002
19:49516625:G:C 19 49516625 0.552657 0.517282 rs78487142 0
19:49517561:G:A 19 49517561 0.516198 0.23962 rs74705107 0
19:49519518:G:T 19 49519518 0.650985 0.648996 rs116437960 0
19:49520481:C:T 19 49520481 0.55965 0.547328 rs114717203 0
19:49521999:G:T 19 49521999 0.549069 0.517282 rs116271072 0
19:49522957:A:G 19 49522957 0.579179 0.627859 rs114718587 NA
19:49524622:G:C 19 49524622 0.549069 0.517282 rs114131464 0
19:49524634:C:T 19 49524634 0.821321 0.428661 rs8102594 0
19:49525809:A:G 19 49525809 0.0907462 0.262698 rs79417005 0.001
19:49528899:C:T 19 49528899 0.627634 0.287156 rs6509413 0
19:49529719:G:C 19 49529719 0.352149 0.701116 rs113237298 0.001
19:49530658:T:A 19 49530658 0.868048 0.56555 rs111300912 0
19:49531834:A:G 19 49531834 0.116476 0.557346 rs112097283 0
19:49532276:G:T 19 49532276 0.883748 0.417767 rs116358293 0
19:49534483:C:A 19 49534483 0.87978 0.174525 rs8101494 0.001
19:49535120:G:C 19 49535120 0.115896 0.551657 rs112270826 0
19:49535191:T:C 19 49535191 0.914078 0.0938568 rs113072693 0
19:49535657:C:G 19 49535657 0.158718 0.153222 rs28493937 0.001
19:49536766:C:G 19 49536766 0.764398 0.666003 rs115926182 0
19:49539378:C:T 19 49539378 0.327817 0.219459 rs114431938 0.001
19:49539582:A:G 19 49539582 0.631533 0.92082 rs114491735 0
19:49539629:A:G 19 49539629 0.345396 0.227499 rs116550138 NA
19:49539799:G:C 19 49539799 0.102264 0.198445 rs112028365 0.001
19:49540102:G:A 19 49540102 0.353778 0.220021 rs34291483 0.001
19:49540305:A:C 19 49540305 0.105481 0.202443 rs112449679 0.001
19:49543187:G:A 19 49543187 0.633512 0.921889 rs58515331 0
19:49545007:T:A 19 49545007 0.024814 0.395915 rs113681655 0
19:49545179:T:C 19 49545179 0.0217643 0.405041 rs113177379 0
19:49545761:C:G 19 49545761 0.396138 0.897388 rs111998230 0
19:49545801:G:C 19 49545801 0.060436 0.804699 rs73945413 0.001
19:49545820:G:T 19 49545820 0.332352 0.190021 rs115161421 0
19:49546218:T:C 19 49546218 0.984192 0.997157 rs112668267 0.001
19:49546876:G:A 19 49546876 0.659941 0.368501 rs11881515 0
19:49548810:C:T 19 49548810 0.0415548 0.20675 rs79393602 0.002
19:49549003:C:T 19 49549003 0.0284644 0.203739 rs74846038 0.001
19:49549009:T:G 19 49549009 0.0286741 0.203263 rs76682510 0.001
19:49549197:A:C 19 49549197 0.0316455 0.197167 rs114467616 0.001
19:49553175:T:C 19 49553175 0.209075 0.260946 rs7253436 0.001
19:49553226:G:C 19 49553226 0.0501311 0.408411 rs7252829 0
19:49553380:A:C 19 49553380 0.0501554 0.404964 rs28553919 0
19:49553482:G:A 19 49553482 0.50841 0.968087 rs56824100 0
19:49554596:T:C 19 49554596 0.626365 0.806092 rs112259565 0
19:49555377:T:G 19 49555377 0.633145 0.693526 rs113546447 0.001
19:49557408:C:T 19 49557408 0.338877 0.978205 rs35594769 0.002
19:49558332:C:G 19 49558332 0.369523 0.958096 rs36058973 0.002
19:49558334:A:G 19 49558334 0.212047 0.946218 rs35012175 NA
19:49558335:G:T 19 49558335 0.126406 0.946264 rs35821804 NA
19:49558627:C:T 19 49558627 0.781402 0.774764 rs113249727 0
19:49563218:C:T 19 49563218 0.627293 0.665135 rs112694812 0
19:49564102:C:T 19 49564102 0.915932 0.955791 rs79835931 0.001
19:49564124:A:G 19 49564124 0.18853 0.99284 rs11669977 0.001
19:49564512:T:C 19 49564512 0.471469 0.842655 rs115969617 0.002
19:49569498:T:G 19 49569498 0.486963 0.568863 rs11672068 0
19:49569502:G:C 19 49569502 0.578787 0.398023 rs78576453 NA
19:49569504:T:G 19 49569504 0.637096 0.313067 rs11672070 NA
19:49569618:CTCTAGCT:C 19 49569618 0.776461 0.227816 rs111591938 0
19:49570686:C:T 19 49570686 0.38745 0.320232 rs4802546 0
19:49571113:C:T 19 49571113 0.611122 0.61738 rs17206784 0
19:49571148:T:TTTTTC 19 49571148 0.780924 0.468557 rs71955798 NA
19:49571399:T:G 19 49571399 0.374965 0.313072 rs11666224 0
19:49571425:G:C 19 49571425 0.888028 0.706184 rs62127899 0.001
19:49571552:C:T 19 49571552 0.374965 0.313072 rs35203905 0
19:49571566:T:C 19 49571566 0.387088 0.268066 rs35430308 0
19:49571957:A:G 19 49571957 0.367511 0.297984 rs11673003 0
19:49572457:C:G 19 49572457 0.570685 0.624817 rs59756469 0.001
19:49572547:C:T 19 49572547 0.429937 0.313072 rs4802547 0
19:49572761:T:C 19 49572761 0.620864 0.738808 rs116835540 0.006
19:49573012:C:T 19 49573012 0.501872 0.589671 rs3810186 0.001
19:49573105:A:G 19 49573105 0.64276 0.317272 rs36060191 0
19:49573206:C:T 19 49573206 0.645273 0.97764 rs11083959 0.001
19:49573314:T:C 19 49573314 0.896059 0.513524 rs58259114 0.002
19:49573438:A:G 19 49573438 0.574755 0.505409 rs1017219 0.001
19:49573518:G:A 19 49573518 0.431058 0.306639 rs3810188 0
19:49574125:G:C 19 49574125 0.764291 0.54026 rs1611775 0.001
19:49574247:G:A 19 49574247 0.436083 0.317568 rs11667411 0
19:49574262:G:A 19 49574262 0.587312 0.638676 rs77158508 0.001
19:49575049:C:A 19 49575049 0.547874 0.299213 rs4802548 0
19:49575304:G:A 19 49575304 0.552438 0.352117 rs77059600 0
19:49575618:A:G 19 49575618 0.551912 0.349189 rs71352730 0
19:49576155:C:T 19 49576155 0.83569 0.604542 rs79890392 0
19:49576324:G:A 19 49576324 0.504106 0.334354 rs35622785 0
19:49576411:G:A 19 49576411 0.538965 0.336371 rs12971902 0
19:49576823:T:C 19 49576823 0.573364 0.628096 rs79002410 0.001
19:49576946:T:C 19 49576946 0.675553 0.428524 rs8104083 0
19:49577576:T:C 19 49577576 0.417374 0.60203 rs56658221 0
19:49577630:T:C 19 49577630 0.240653 0.870177 rs36125083 0.001
19:49578263:C:T 19 49578263 0.444191 0.486249 rs34452344 0
19:49578779:C:T 19 49578779 0.731198 0.826734 rs55733173 0.003
19:49578955:C:A 19 49578955 0.857721 0.87446 rs55951837 0.003
19:49578960:G:A 19 49578960 0.85618 0.931197 rs61475024 0.001
19:49579254:T:C 19 49579254 0.177352 0.753751 rs114468719 0.001
19:49579896:G:T 19 49579896 0.830042 0.670667 rs73046772 0.003
19:49580039:T:C 19 49580039 0.395538 0.311284 rs35828463 0
19:49581326:T:C 19 49581326 0.321585 0.505506 rs34651293 0
19:49581510:T:C 19 49581510 0.382566 0.367479 rs112924105 0
19:49582284:A:G 19 49582284 0.313926 0.671467 rs78945815 0.001
19:49582913:C:T 19 49582913 0.855056 0.840062 rs73046775 0.001
19:49583156:G:C 19 49583156 0.044212 0.542491 rs113875347 0
19:49584045:C:T 19 49584045 0.1196 0.842191 rs60460452 0
19:49584171:T:G 19 49584171 0.802604 0.658654 rs76266387 0.002
19:49584288:T:C 19 49584288 0.882171 0.897555 rs12980752 0
19:49585052:T:G 19 49585052 0.624776 0.900032 rs4802549 0
19:49585244:T:A 19 49585244 0.777936 0.878438 rs114714348 0.001
19:49585393:G:A 19 49585393 0.972726 0.991945 rs115392852 0.002
19:49585394:C:G 19 49585394 0.605314 0.408693 rs114348510 0
19:49585497:G:C 19 49585497 0.802586 0.660985 rs12973332 0.001
19:49586376:G:A 19 49586376 0.754487 0.335721 rs111542306 0.001
19:49586556:C:T 19 49586556 0.485686 0.966016 rs11667069 0
19:49586561:C:A 19 49586561 0.627242 0.795152 rs11667072 0
19:49587515:A:G 19 49587515 0.754487 0.335721 rs112343050 0.001
19:49588420:T:G 19 49588420 0.344234 0.871732 rs4802550 0
19:49589122:TC:T 19 49589122 0.298478 0.990395 rs58328233 NA
19:49589401:C:A 19 49589401 0.439088 0.97083 rs60775335 0
19:49590555:T:C 19 49590555 0.723899 0.388778 rs78011121 0
19:49590938:C:T 19 49590938 0.530093 0.536462 rs4802552 0
19:49591231:A:G 19 49591231 0.0198062 0.518887 rs111851782 0
19:49591979:C:T 19 49591979 0.537209 0.531039 rs7252855 0.001
19:49592980:T:C 19 49592980 0.664592 0.974296 rs4802553 0
19:49593024:A:G 19 49593024 0.596267 0.396293 rs112850157 0.001
19:49593241:A:G 19 49593241 0.442999 0.955413 rs116454912 0
19:49593995:C:T 19 49593995 0.711971 0.375439 rs117886162 0
19:49595007:A:G 19 49595007 0.577475 0.820831 rs7250446 0
19:49597304:A:G 19 49597304 0.708608 0.83887 rs58655983 0
19:49597730:G:T 19 49597730 0.636688 0.754871 rs12611410 0
19:49598280:G:A 19 49598280 0.786352 0.32214 rs74436870 0.003
19:49598756:T:G 19 49598756 0.953716 0.136489 rs116550972 0.001
19:49599010:T:C 19 49599010 0.651332 0.862753 rs7253574 0
19:49599232:CA:C 19 49599232 0.902652 0.948671 rs34894204 0
19:49599662:T:G 19 49599662 0.215114 0.293773 rs12974005 0.001
19:49600592:G:A 19 49600592 0.424937 0.777023 rs1806713 0.001
19:49600738:G:T 19 49600738 0.0742016 0.334201 rs78685900 0
19:49600777:A:G 19 49600777 0.433786 0.780232 rs2387768 0.001
19:49600801:G:A 19 49600801 0.326262 0.72297 rs79501876 0.001
19:49600845:G:A 19 49600845 0.91586 0.132956 rs116763716 0.001
19:49600910:C:T 19 49600910 0.37675 0.481236 rs8100358 0.001
19:49602287:T:C 19 49602287 0.711188 0.344095 rs117167710 0
19:49604200:G:A 19 49604200 0.631356 0.994272 rs114560964 0.001
19:49604529:G:A 19 49604529 0.558124 0.951051 rs115015017 0
19:49606449:C:T 19 49606449 0.334772 0.866377 rs734570 0
19:49606578:G:A 19 49606578 0.422726 0.664032 rs114921285 0.001
19:49606680:G:A 19 49606680 0.276406 0.910298 rs1062250 0
19:49606981:A:G 19 49606981 0.374097 0.667072 rs79574807 0
19:49608156:C:G 19 49608156 0.702491 0.754513 rs113599802 0
19:49608998:CA:C 19 49608998 0.821746 0.931944 rs11351015 0.001
19:49609182:A:G 19 49609182 0.117942 0.137706 rs111245626 0.001
19:49609857:C:A 19 49609857 0.219569 0.769457 rs112065611 0
19:49610389:T:C 19 49610389 0.459223 0.741473 rs3795055 0
19:49610413:C:T 19 49610413 0.826503 0.935577 rs3795056 0.001
19:49610562:C:G 19 49610562 0.0859406 0.698277 rs111370375 0
19:49611319:C:T 19 49611319 0.911643 0.881175 rs1058882 0
19:49611956:C:G 19 49611956 0.971239 0.152423 rs115371245 0
19:49613028:T:G 19 49613028 0.0593285 0.45454 rs73576247 0.001
19:49613241:C:G 19 49613241 0.729192 0.750629 rs79096545 0
19:49613526:G:C 19 49613526 0.299902 0.875292 rs112782597 0
19:49613813:T:C 19 49613813 0.881467 0.569235 rs4802556 0
19:49613961:C:T 19 49613961 0.149198 0.121349 rs112480126 0.001
19:49614521:T:G 19 49614521 0.703791 0.701901 rs111687085 0
19:49615592:C:A 19 49615592 0.628787 0.408048 rs4802557 0
19:49615995:C:T 19 49615995 0.809246 0.810647 rs4802558 0
19:49616401:C:T 19 49616401 0.547974 0.875042 rs4802559 0
19:49617076:T:G 19 49617076 0.693502 0.697766 rs4802560 0
19:49617114:G:A 19 49617114 0.303421 0.874865 rs114205431 0
19:49617130:C:T 19 49617130 0.272181 0.695626 rs4802561 0
19:49617238:A:G 19 49617238 0.693078 0.731857 rs4802562 0
19:49617706:T:C 19 49617706 0.950444 0.799815 rs10419132 0
19:49617787:C:T 19 49617787 0.569309 0.879478 rs35767922 0
19:49617889:G:T 19 49617889 0.458582 0.973178 rs35234762 0
19:49617901:A:C 19 49617901 0.622444 0.699065 rs35903102 0
19:49618002:C:T 19 49618002 0.437269 0.240639 rs115946941 NA
19:49618457:C:T 19 49618457 0.437852 0.962309 rs1009212 0.001
19:49618681:CATG:C 19 49618681 0.457841 0.994121 rs5828374 0
19:49618778:A:G 19 49618778 0.462267 0.97229 rs1009213 0
19:49619481:G:C 19 49619481 0.452357 0.496066 rs114549348 0.001
19:49619561:T:C 19 49619561 0.317094 0.988831 rs28446007 0
19:49620236:C:A 19 49620236 0.910491 0.655315 rs4802563 0
19:49620328:T:C 19 49620328 0.870388 0.725901 rs4802564 0
19:49620386:C:G 19 49620386 0.348896 0.146352 rs57708405 0
19:49620462:C:T 19 49620462 0.912335 0.636892 rs6509417 0
19:49620520:AC:A 19 49620520 0.159267 0.598747 rs58697022 0.003
19:49620521:C:A 19 49620521 0.226547 0.669473 rs28394227 0.003
19:49620632:C:T 19 49620632 0.445079 0.918504 rs7252599 0
19:49620865:G:A 19 49620865 0.348896 0.153601 rs111620014 0
19:49621021:C:G 19 49621021 0.693948 0.687596 rs111534680 0
19:49621355:C:A 19 49621355 0.436535 0.919182 rs1009214 0
19:49621423:C:T 19 49621423 0.350286 0.774161 rs4801794 0.001
19:49621592:G:C 19 49621592 0.720715 0.836692 rs1060967 0
19:49621964:T:C 19 49621964 0.140589 0.589738 rs2232003 0.002
19:49622677:G:C 19 49622677 0.407254 0.576255 rs2231999 0.001
19:49622938:C:T 19 49622938 0.231299 0.842728 rs116781562 0
19:49623246:C:T 19 49623246 0.064832 0.526046 rs73576267 0.001
19:49623365:C:T 19 49623365 0.459202 0.867138 rs10422092 0
19:49623935:T:C 19 49623935 0.90399 0.617548 rs7247125 0
19:49624419:C:T 19 49624419 0.402202 0.893323 rs8101098 0
19:49624688:G:T 19 49624688 0.908688 0.608311 rs8101590 0
19:49624807:G:A 19 49624807 0.855431 0.854035 rs112629080 0.001
19:49624964:C:T 19 49624964 0.515495 0.656526 rs112177779 0
19:49624977:G:C 19 49624977 0.402202 0.893323 rs62127932 0
19:49625379:T:C 19 49625379 0.362012 0.893323 rs1812498 0
19:49625483:G:A 19 49625483 0.362012 0.886922 rs1812499 0
19:49625667:C:T 19 49625667 0.339791 0.854032 rs7251335 0
19:49625669:C:T 19 49625669 0.307716 0.346959 rs111518556 0.002
19:49625966:T:G 19 49625966 0.373875 0.861472 rs10418803 0
19:49625972:T:G 19 49625972 0.762829 0.579126 rs10418807 0
19:49626147:A:T 19 49626147 0.362592 0.868274 rs34832724 0
19:49626318:C:A 19 49626318 0.419958 0.555968 rs76435231 0.001
19:49626387:A:G 19 49626387 0.349778 0.849379 rs12975592 0
19:49626593:G:T 19 49626593 0.338583 0.88027 rs10418960 NA
19:49627550:G:A 19 49627550 0.981899 0.531557 rs114731684 0.002
19:49627979:G:C 19 49627979 0.478131 0.967544 rs3764623 0.003
19:49628331:A:T 19 49628331 0.668058 0.745322 rs112314355 0
19:49629486:T:C 19 49629486 0.782639 0.823743 rs12973302 0
19:49629598:C:G 19 49629598 0.477202 0.922617 rs28682918 0.003
19:49629738:C:G 19 49629738 0.581502 0.8416 rs28605919 0.005
19:49629846:G:A 19 49629846 0.750544 0.425817 rs7256909 0
19:49629989:G:T 19 49629989 0.558512 0.680579 rs12979213 0
19:49632079:C:A 19 49632079 0.874834 0.548751 rs4802565 0.001
19:49632230:A:G 19 49632230 0.227575 0.344095 rs35298280 0
19:49632454:C:T 19 49632454 0.81944 0.73646 rs113149226 0
19:49632500:C:T 19 49632500 0.709988 0.549661 rs4802567 0.001
19:49635400:T:C 19 49635400 0.296169 0.133803 rs10410681 0.002
19:49636633:G:C 19 49636633 0.23827 0.627032 rs2287761 0.002
19:49636898:G:C 19 49636898 0.619914 0.918036 rs58971998 0
19:49637725:C:T 19 49637725 0.441148 0.645376 rs113765465 0.001
19:49638296:G:T 19 49638296 0.318832 0.0558209 rs28567986 0
19:49638956:C:G 19 49638956 0.505769 0.811482 rs745124 0.001
19:49639399:C:G 19 49639399 0.418041 0.618088 rs11879263 0
19:49639948:A:G 19 49639948 0.643627 0.125008 rs2303052 0.002
19:49639968:C:G 19 49639968 0.0974195 0.551021 rs76387132 0
19:49640002:G:T 19 49640002 0.366449 0.322511 rs2303053 0
19:49640294:C:T 19 49640294 0.658321 0.2628 rs2303054 0.001
19:49640411:G:A 19 49640411 0.604612 0.988691 rs111716252 0.001
19:49640617:C:T 19 49640617 0.783392 0.821779 rs7256715 0
19:49640835:C:T 19 49640835 0.218687 0.930019 rs7259991 0
19:49641579:C:T 19 49641579 0.689996 0.268779 rs79454633 0.001
19:49641954:C:T 19 49641954 0.264138 0.433552 rs1971512 0.001
19:49642121:G:A 19 49642121 0.847374 0.785478 rs111614463 0
19:49642155:G:A 19 49642155 0.105069 0.846282 rs73588164 0.001
19:49642227:CAA:C 19 49642227 0.239974 0.422664 rs36111399 0
19:49642264:A:G 19 49642264 0.769326 0.335247 rs17272756 0
19:49643096:G:T 19 49643096 0.750598 0.724721 rs45475799 0.001
19:49643404:T:C 19 49643404 0.820633 0.763081 rs3764624 0
19:49643537:A:G 19 49643537 0.492799 0.716005 rs7246646 0
19:49644012:T:C 19 49644012 0.697091 0.959251 rs1808390 0
19:49644480:C:A 19 49644480 0.357438 0.873464 rs7250825 0
19:49644593:C:T 19 49644593 0.413544 0.938152 rs7250958 0
19:49645023:A:T 19 49645023 0.257779 0.669607 rs10416830 0.001
19:49645024:A:T 19 49645024 0.260829 0.70391 rs10416831 0
19:49645176:C:G 19 49645176 0.41247 0.666826 rs10417260 0
19:49645841:C:A 19 49645841 0.942439 0.568598 rs112656974 0.002
19:49646006:A:G 19 49646006 0.0531812 0.189197 rs4545921 0.002
19:49646476:C:G 19 49646476 0.196177 0.102789 rs4802570 0
19:49646831:C:T 19 49646831 0.108503 0.0895818 rs4802571 0.001
19:49647058:G:A 19 49647058 0.191998 0.0950281 rs7248236 0
19:49647135:T:G 19 49647135 0.0655935 0.0325615 rs57527373 0.002
19:49647206:C:T 19 49647206 0.0109678 0.230333 rs4802572 0
19:49647284:TG:T 19 49647284 0.107926 0.0886239 rs35843667 0.001
19:49647459:G:A 19 49647459 0.84266 0.542056 rs8102884 0.003
19:49647618:T:A 19 49647618 0.124376 0.20062 rs2892354 0.001
19:49647747:G:A 19 49647747 0.846369 0.546632 rs73048828 0.004
19:49648064:A:G 19 49648064 0.654534 0.497769 rs1559156 0.001
19:49648530:A:G 19 49648530 0.491018 0.522513 rs4802574 0.001
19:49648670:C:T 19 49648670 0.00188336 0.328595 rs4802575 0.002
19:49648693:G:T 19 49648693 0.840428 0.311698 rs79389765 NA
19:49648822:A:C 19 49648822 0.291387 0.805238 rs113078769 0
19:49649051:T:G 19 49649051 0.0695252 0.160244 rs3764625 0.001
19:49649498:C:T 19 49649498 0.997656 0.676693 rs10421292 0.002
19:49649893:G:A 19 49649893 0.967819 0.71523 rs10401584 0
19:49650168:T:C 19 49650168 0.384395 0.0736187 rs1972655 0.001
19:49650319:G:A 19 49650319 0.952731 0.50365 rs6509418 0.001
19:49650471:T:G 19 49650471 0.2947 0.164286 rs11670142 0.002
19:49650545:A:G 19 49650545 0.910044 0.714347 rs4566285 0.001
19:49650558:C:T 19 49650558 0.570128 0.779205 rs115150070 0
19:49650710:A:C 19 49650710 0.654571 0.758581 rs8100839 0
19:49651002:AATGTAT:A 19 49651002 0.235194 0.0728535 rs72497063 0.001
19:49651042:C:A 19 49651042 0.143494 0.189328 rs9304680 0.003
19:49651115:C:T 19 49651115 0.922394 0.878988 rs112592092 0
19:49651619:C:T 19 49651619 0.610331 0.817162 rs114623322 0.004
19:49651790:G:A 19 49651790 0.151314 0.203701 rs4802576 0.003
19:49652616:C:T 19 49652616 0.865932 0.302219 rs56795135 0
19:49652654:CCTGA:C 19 49652654 0.572656 0.776322 rs72523918 NA
19:49652691:G:A 19 49652691 0.572656 0.776322 rs11881225 0
19:49652714:G:A 19 49652714 0.572656 0.776322 rs11881247 0
19:49654006:T:G 19 49654006 0.161508 0.190006 rs8044 0.003
19:49654300:AT:A 19 49654300 0.117431 0.191772 rs35044286 0.003
19:49654421:C:T 19 49654421 0.431307 0.536774 rs2278004 0.002
19:49654703:T:A 19 49654703 0.559184 0.776322 rs113875688 0
19:49654852:G:A 19 49654852 0.398752 0.932713 rs117333642 0.001
19:49655091:C:G 19 49655091 0.559184 0.776322 rs111458305 0
19:49655106:G:T 19 49655106 0.559184 0.776322 rs113567893 0
19:49655273:C:T 19 49655273 0.559184 0.776322 rs111621046 0
19:49655983:C:T 19 49655983 0.160047 0.0359295 rs12977714 0
19:49656200:C:T 19 49656200 0.144265 0.594709 rs73588193 0.001
19:49656358:T:TTCA 19 49656358 0.107307 0.041509 rs66523329 NA
19:49656592:C:T 19 49656592 0.849285 0.461286 rs76146490 0.001
19:49656688:C:T 19 49656688 0.0853436 0.995097 rs61732829 0.002
19:49657138:C:T 19 49657138 0.325674 0.733566 rs77728314 0
19:49657582:T:C 19 49657582 0.511575 0.479197 rs114040533 0
19:49657710:ACAT:A 19 49657710 0.827699 0.0224417 rs66501117 0
19:49658084:G:A 19 49658084 0.542874 0.785476 rs57897109 0.008
19:49658209:A:C 19 49658209 0.584574 0.186867 rs3745297 0.001
19:49658367:C:T 19 49658367 0.258977 0.39853 rs3745298 0
19:49658390:T:C 19 49658390 0.792869 0.180989 rs3745299 0
19:49658424:G:A 19 49658424 0.311583 0.084776 rs61585939 0.002
19:49658467:C:T 19 49658467 0.0843986 0.543858 rs61732827 0.001
19:49658548:C:T 19 49658548 0.707147 0.217265 rs114734866 0.001
19:49658875:T:G 19 49658875 0.882881 0.644547 rs3745300 0.003
19:49659014:T:C 19 49659014 0.873858 0.689008 rs6509419 0.002
19:49659389:T:C 19 49659389 0.855744 0.1603 rs8101966 0
19:49659752:C:G 19 49659752 0.740082 0.921999 rs113355046 0.003
19:49660092:C:A 19 49660092 0.453799 0.78985 rs116014295 0
19:49660665:C:A 19 49660665 0.213934 0.224591 rs60877783 0
19:49660889:A:G 19 49660889 0.638903 0.488488 rs3760662 0.005
19:49661547:A:G 19 49661547 0.160506 0.817904 rs11882563 0.001
19:49661582:T:C 19 49661582 0.259521 0.872191 rs3760664 0.001
19:49661678:G:C 19 49661678 0.0706092 0.542798 rs3760665 0
19:49661840:G:A 19 49661840 0.665131 0.967364 rs4802577 0.005
19:49662027:G:A 19 49662027 0.785015 0.749173 rs11667393 0.005
19:49662040:G:T 19 49662040 0.57491 0.474752 rs114162796 0.001
19:49662955:G:A 19 49662955 0.483596 0.637743 rs1833879 0.002
19:49662972:T:A 19 49662972 0.205035 0.521612 rs116147477 0
19:49663073:C:T 19 49663073 0.118042 0.804525 rs11879962 0.003
19:49663331:G:A 19 49663331 0.279705 0.428248 rs112500907 0
19:49663476:T:G 19 49663476 0.401028 0.783983 rs11083962 0
19:49663513:C:T 19 49663513 0.854761 0.12266 rs113511535 0.003
19:49663754:A:G 19 49663754 0.0449463 0.343017 rs116674914 NA
19:49664135:A:G 19 49664135 0.886334 0.0289065 rs114523357 0.001
19:49664224:C:G 19 49664224 0.475498 0.96433 rs12461216 0.004
19:49664332:C:T 19 49664332 0.659117 0.438572 rs7245555 0
19:49664362:A:G 19 49664362 0.262627 0.45498 rs7245448 0.002
19:49664517:G:T 19 49664517 0.385502 0.430208 rs12461291 0.001
19:49664770:G:A 19 49664770 0.247905 0.640781 rs116007710 0.001
19:49665340:G:A 19 49665340 0.538557 0.518369 rs11083963 0.001
19:49665451:A:C 19 49665451 0.560629 0.764487 rs12980226 0
19:49665502:A:G 19 49665502 0.605462 0.895226 rs12980257 0.001
19:49665517:C:T 19 49665517 0.577716 0.700465 rs12980625 0.001
19:49665822:C:A 19 49665822 0.611361 0.21394 rs7359926 0
19:49666082:A:G 19 49666082 0.565275 0.687367 rs12972647 0
19:49666400:T:C 19 49666400 0.0825206 0.188139 rs114094610 0.001
19:49666458:T:A 19 49666458 0.252502 0.0915608 rs11879800 0.003
19:49666555:T:C 19 49666555 0.934838 0.728743 rs4802580 0.002
19:49666573:C:T 19 49666573 0.583957 0.309186 rs4802581 0.001
19:49666705:C:T 19 49666705 0.454188 0.616314 rs11882392 0.001
19:49666944:G:A 19 49666944 0.494241 0.623784 rs73590077 0.001
19:49667007:C:A 19 49667007 0.957905 0.231921 rs73590080 0
19:49667036:G:A 19 49667036 0.807369 0.824243 rs112595387 0.003
19:49667351:T:C 19 49667351 0.818398 0.687824 rs3760666 0.001
19:49667451:T:C 19 49667451 0.603662 0.971046 rs74592015 0.004
19:49667554:T:C 19 49667554 0.684718 0.965606 rs111895285 0.005
19:49667588:T:C 19 49667588 0.875612 0.574523 rs12984522 0.001
19:49667678:T:G 19 49667678 0.99799 0.513708 rs12461084 0.001
19:49667939:TCTTG:T 19 49667939 0.229983 0.487678 rs113888558 NA
19:49668796:C:G 19 49668796 0.43738 0.368394 rs78542168 0
19:49668943:G:A 19 49668943 0.952968 0.820452 rs77752436 0.003
19:49669188:T:C 19 49669188 0.150466 0.771676 rs7252493 0.001
19:49669486:C:G 19 49669486 0.740767 0.978513 rs113040724 0.002
19:49669561:C:G 19 49669561 0.206802 0.0889655 rs73048855 0.001
19:49669577:A:G 19 49669577 0.323994 0.718531 rs73590084 0.002
19:49669931:G:C 19 49669931 0.588043 0.988066 rs117984787 0.003
19:49671118:C:T 19 49671118 0.620034 0.933736 rs113428020 0.003
19:49671151:G:A 19 49671151 0.661936 0.97424 rs68004247 0.003
19:49671228:C:T 19 49671228 0.982221 0.81799 rs115335683 0
19:49671281:G:A 19 49671281 0.350661 0.173182 rs34333830 0
19:49671360:C:T 19 49671360 0.737606 0.17592 rs78051297 0.002
19:49673026:G:A 19 49673026 0.559864 0.186204 rs115443892 0.001
19:49673239:T:G 19 49673239 0.472501 0.185999 rs116596715 0.001
19:49673352:T:G 19 49673352 0.559099 0.186472 rs114223816 0.001
19:49673395:C:T 19 49673395 0.850185 0.448342 rs113739478 0.002
19:49673797:G:A 19 49673797 0.72718 0.938272 rs116468377 0
19:49674489:A:G 19 49674489 0.558819 0.951182 rs78397546 0.002
19:49674495:C:A 19 49674495 0.0301769 0.339028 rs1477363 0
19:49674563:C:G 19 49674563 0.861329 0.574772 rs7250823 0.001
19:49674771:T:C 19 49674771 0.780473 0.0972344 rs112651228 0
19:49675177:G:A 19 49675177 0.620591 0.706171 rs76083751 0.003
19:49675233:C:T 19 49675233 0.303763 0.199624 rs2287923 0.001
19:49675739:G:A 19 49675739 0.719072 0.648649 rs11083964 0.003
19:49676332:C:A 19 49676332 0.311282 0.195131 rs80017716 0.001
19:49676762:C:T 19 49676762 0.835641 0.0985019 rs116567060 0
19:49676770:A:G 19 49676770 0.680136 0.235799 rs7259663 0
19:49676871:G:A 19 49676871 0.737905 0.14899 rs7247894 0.001
19:49676928:T:C 19 49676928 0.0360009 0.339626 rs34090877 0
19:49677037:T:C 19 49677037 0.722675 0.164008 rs7248786 0.001
19:49677097:A:T 19 49677097 0.0325417 0.324651 rs35587859 0
19:49677145:A:G 19 49677145 0.660216 0.935116 rs7247960 0.003
19:49677444:C:T 19 49677444 0.0398829 0.338785 rs67279015 0
19:49677556:C:T 19 49677556 0.911087 0.500723 rs7248537 0.003
19:49678047:C:A 19 49678047 0.353211 0.700615 rs16981121 0.001
19:49678085:C:T 19 49678085 0.737804 0.14899 rs73574404 0.001
19:49678192:G:T 19 49678192 0.59672 0.436961 rs112238237 0.002
19:49678319:C:G 19 49678319 0.61579 0.91078 rs113906210 0
19:49678362:C:T 19 49678362 0.593316 0.445656 rs111515431 0.002
19:49678414:C:A 19 49678414 0.740605 0.154791 rs111656994 0.001
19:49679075:G:A 19 49679075 0.592852 0.116279 rs7256778 0
19:49679185:CT:C 19 49679185 0.249535 0.889849 rs34213157 NA
19:49679657:A:G 19 49679657 0.276297 0.941536 rs10421317 0.004
19:49679785:T:C 19 49679785 0.526062 0.856207 rs73574407 0.003
19:49679859:C:T 19 49679859 0.726108 0.946077 rs10427053 0
19:49679928:G:T 19 49679928 0.741571 0.797302 rs10401546 0
19:49680053:A:T 19 49680053 0.508975 0.657263 rs112347969 0.002
19:49680169:G:A 19 49680169 0.454881 0.800513 rs73574411 0.004
19:49680204:C:A 19 49680204 0.590657 0.904989 rs111845486 0.001
19:49680219:A:G 19 49680219 0.592852 0.117948 rs79830937 0
19:49680269:G:A 19 49680269 0.629192 0.593858 rs77823702 0.002
19:49680623:G:A 19 49680623 0.330175 0.804256 rs112296988 0.005
19:49680739:T:C 19 49680739 0.330175 0.804256 rs112369378 0.005
19:49680873:A:G 19 49680873 0.204861 0.942024 rs10408260 0.004
19:49680965:C:T 19 49680965 0.726054 0.360669 rs73574415 0.002
19:49681138:C:T 19 49681138 0.918751 0.0897248 rs114342518 0
19:49681139:G:T 19 49681139 0.336571 0.840144 rs114805214 0.002
19:49681224:A:G 19 49681224 0.857615 0.824634 rs115468902 0.005
19:49681281:G:A 19 49681281 0.204006 0.964224 rs3786557 0.001
19:49681418:T:C 19 49681418 0.195758 0.871666 rs3786558 0.005
19:49681943:C:T 19 49681943 0.181846 0.975432 rs8100835 0.004
19:49681978:C:T 19 49681978 0.183717 0.984717 rs8100850 0.004
19:49682014:T:A 19 49682014 0.206584 0.969316 rs116045827 0.006
19:49682054:C:T 19 49682054 0.183717 0.984717 rs8100949 0.004
19:49682172:T:A 19 49682172 0.808716 0.15253 rs111848770 0.001
19:49682416:G:A 19 49682416 0.183717 0.984717 rs8101632 0.004
19:49682531:C:T 19 49682531 0.358198 0.051917 rs35540236 0.003
19:49682546:A:C 19 49682546 0.183789 0.984814 rs10404145 0.004
19:49682574:G:A 19 49682574 0.184151 0.984315 rs10404729 0.004
19:49682601:A:C 19 49682601 0.184178 0.98364 rs10404184 0.004
19:49682755:T:C 19 49682755 0.184143 0.984717 rs10406392 0.004
19:49682898:C:T 19 49682898 0.18194 0.844582 rs10410299 0.002
19:49682991:G:A 19 49682991 0.181615 0.950175 rs10410857 0.004
19:49682994:G:A 19 49682994 0.602217 0.3354 rs77390472 0.003
19:49683132:G:A 19 49683132 0.58192 0.901139 rs112169722 0.001
19:49683217:G:A 19 49683217 0.53112 0.774836 rs12462018 0
19:49683223:G:A 19 49683223 0.181871 0.841551 rs7251351 0.002
19:49683266:C:T 19 49683266 0.181719 0.842858 rs7251160 0.002
19:49683320:T:C 19 49683320 0.179503 0.872948 rs7252170 0.002
19:49683513:C:A 19 49683513 0.178704 0.888416 rs7251517 0.004
19:49684359:A:G 19 49684359 0.181466 0.846811 rs7255532 0.002
19:49684812:G:A 19 49684812 0.810763 0.148329 rs111832103 0.001
19:49685382:C:T 19 49685382 0.192396 0.718995 rs112191012 0.001
19:49686962:G:A 19 49686962 0.154806 0.755088 rs10414251 0.001
19:49686966:C:A 19 49686966 0.154806 0.755088 rs10413898 0.001
19:49687099:C:T 19 49687099 0.90927 0.141859 rs11879406 0.001
19:49687278:G:A 19 49687278 0.16483 0.981957 rs10414959 0.003
19:49687283:G:T 19 49687283 0.155605 0.78573 rs10414964 0.002
19:49689016:G:T 19 49689016 0.229424 0.680698 rs1175789 0.003
19:49689674:G:A 19 49689674 0.135819 0.885708 rs35301859 0.002
19:49689854:T:C 19 49689854 0.150369 0.881103 rs34719929 0.002
19:49689867:A:G 19 49689867 0.151062 0.893092 rs34271662 0.002
19:49689937:T:C 19 49689937 0.117762 0.482325 rs34762916 0.002
19:49689999:G:A 19 49689999 0.138536 0.9084 rs12981817 0.002
19:49690376:G:A 19 49690376 0.465844 0.760371 rs1625586 0.001
19:49690514:A:G 19 49690514 0.67235 0.859793 rs78850012 0
19:49690847:C:G 19 49690847 0.485449 0.403585 rs76379675 0.001
19:49690879:G:A 19 49690879 0.868825 0.564811 rs59404317 0.001
19:49691369:T:A 19 49691369 0.190052 0.712856 rs1175790 0.004
19:49691427:G:A 19 49691427 0.908062 0.564811 rs7255667 0.001
19:49691592:G:T 19 49691592 0.464697 0.778987 rs909011 0
19:49692373:C:G 19 49692373 0.414778 0.63966 rs1175791 0.003
19:49692938:A:G 19 49692938 0.897284 0.0226825 rs79419052 0.002
19:49693118:A:G 19 49693118 0.202574 0.539886 rs1175792 0.003
19:49693178:A:G 19 49693178 0.558316 0.221399 rs1175793 0
19:49693668:G:A 19 49693668 0.781399 0.718334 rs79488090 0.001
19:49693751:T:C 19 49693751 0.511691 0.760371 rs1175794 0.001
19:49693824:A:G 19 49693824 0.175857 0.776661 rs1175795 0.006
19:49694041:C:G 19 49694041 0.691318 0.982742 rs1175796 0.004
19:49694391:A:G 19 49694391 0.133975 0.880835 rs58980020 0.004
19:49694565:A:G 19 49694565 0.612427 0.248125 rs1175797 0.001
19:49695007:A:G 19 49695007 0.652872 0.297955 rs4621082 0.004
19:49695147:C:T 19 49695147 0.292342 0.676347 rs80091175 0
19:49695302:T:C 19 49695302 0.981251 0.333631 rs76636671 NA
19:49695304:C:G 19 49695304 0.981251 0.333631 rs77535600 NA
19:49695486:G:A 19 49695486 0.612427 0.248125 rs1175798 0.001
19:49695771:T:C 19 49695771 0.519456 0.113716 rs73574501 0.001
19:49696021:A:G 19 49696021 0.996391 0.80036 rs1175800 0.001
19:49696239:C:G 19 49696239 0.0458002 0.521284 rs76997232 0.002
19:49696827:C:G 19 49696827 0.93406 0.227303 rs73048884 0.001
19:49696865:C:T 19 49696865 0.40105 0.587034 rs76440201 0
19:49696869:A:G 19 49696869 0.899899 0.735808 rs1175801 0.001
19:49697020:A:G 19 49697020 0.868026 0.723093 rs1175802 0.001
19:49697057:T:C 19 49697057 0.747296 0.40956 rs1175803 0.005
19:49697111:C:T 19 49697111 0.684604 0.854845 rs113792194 0
19:49697634:T:C 19 49697634 0.916952 0.738489 rs1645379 0.001
19:49697730:A:G 19 49697730 0.678495 0.44155 rs1716270 0.001
19:49697896:T:C 19 49697896 0.655454 0.199816 rs1716269 0.001
19:49697912:C:T 19 49697912 0.327992 0.152875 rs116027768 NA
19:49697960:C:T 19 49697960 0.256908 0.585075 rs12974254 0
19:49698046:G:A 19 49698046 0.0817828 0.391397 rs1645380 0.001
19:49698172:C:T 19 49698172 0.351792 0.594304 rs10404155 0
19:49698340:T:A 19 49698340 0.682832 0.22542 rs1716267 0.001
19:49698380:C:A 19 49698380 0.0814618 0.391397 rs1716266 0.001
19:49698508:G:T 19 49698508 0.904135 0.403122 rs74490841 0
19:49698650:C:T 19 49698650 0.972683 0.250114 rs113269544 0.002
19:49698690:C:T 19 49698690 0.264296 0.279185 rs115277799 0.002
19:49698697:A:G 19 49698697 0.649876 0.256466 rs2682603 0.001
19:49698737:C:T 19 49698737 0.081824 0.391397 rs2682602 0.001
19:49699009:T:C 19 49699009 0.200755 0.556448 rs73048891 0
19:49699351:G:T 19 49699351 0.204417 0.955312 rs2682601 0
19:49699362:C:G 19 49699362 0.0842816 0.37863 rs2090769 0.001
19:49699866:C:T 19 49699866 0.172715 0.524721 rs3745301 0
19:49700971:G:A 19 49700971 0.0477345 0.252614 rs12151119 0.002
19:49701571:A:G 19 49701571 0.589585 0.928749 rs2548479 0.001
19:49701621:G:A 19 49701621 0.922607 0.252981 rs112339014 0.002
19:49701723:G:A 19 49701723 0.924709 0.252981 rs112070230 0.002
19:49701844:G:T 19 49701844 0.0562845 0.73186 rs67605147 0.001
19:49702083:A:T 19 49702083 0.924709 0.253967 rs111971613 0.002
19:49702320:G:C 19 49702320 0.111971 0.761706 rs34639121 0.001
19:49702515:T:G 19 49702515 0.106741 0.611867 rs114831123 NA
19:49702634:G:T 19 49702634 0.175325 0.358271 rs34624185 0.003
19:49702964:A:G 19 49702964 0.19919 0.801236 rs1175805 0
19:49703311:C:T 19 49703311 0.922602 0.252981 rs16981146 0.002
19:49703401:T:C 19 49703401 0.253619 0.380357 rs1175806 0.001
19:49703472:C:T 19 49703472 0.807197 0.252038 rs1175807 0
19:49703540:A:T 19 49703540 0.448943 0.185251 rs116370720 0.002
19:49703747:G:C 19 49703747 0.921989 0.279594 rs73576320 0.002
19:49703764:A:G 19 49703764 0.0609945 0.985836 rs10403114 0.002
19:49704023:T:C 19 49704023 0.721387 0.630452 rs35516880 0.002
19:49704057:G:A 19 49704057 0.164539 0.124036 rs115274216 0.001
19:49704429:G:A 19 49704429 0.111137 0.736749 rs12981989 0.001
19:49704516:T:A 19 49704516 0.217038 0.828576 rs1175808 0
19:49704629:G:A 19 49704629 0.605278 0.0383395 rs112289773 0.003
19:49704708:A:G 19 49704708 0.675434 0.488852 rs1175809 0.006
19:49705085:C:G 19 49705085 0.584184 0.00148037 rs115231227 0.001
19:49705249:G:A 19 49705249 0.259716 0.396823 rs1175810 0
19:49705291:G:A 19 49705291 0.566082 0.00168729 rs35145363 0.001
19:49705349:C:T 19 49705349 0.00771806 0.96261 rs79286201 0.006
19:49705453:T:G 19 49705453 0.0077201 0.973796 rs77308325 0.007
19:49705470:C:T 19 49705470 0.516321 0.934129 rs1175811 0.001
19:49705496:C:T 19 49705496 0.152356 0.00677419 rs73942812 0
19:49705503:C:G 19 49705503 0.152356 0.00673488 rs73942813 0
19:49705640:G:A 19 49705640 0.381159 0.819671 rs56166107 0.005
19:49705934:C:T 19 49705934 0.157069 0.0598106 rs78053288 0.001
19:49705984:T:C 19 49705984 0.157069 0.0598106 rs114224043 0.001
19:49706050:G:A 19 49706050 0.311487 0.155196 rs1177824 0
19:49706532:G:A 19 49706532 0.280507 0.483494 rs10425357 0
